EntityId,TeamId,Name,ShortName,RowId,TeamAbbreviation,SecondsPlayed,GamesPlayed,Minutes,PlusMinus,OffPoss,DefPoss,PenaltyOffPoss,PenaltyDefPoss,SecondChanceOffPoss,TotalPoss,AtRimFGM,AtRimFGA,SecondChanceAtRimFGM,SecondChanceAtRimFGA,PenaltyAtRimFGM,PenaltyAtRimFGA,ShortMidRangeFGM,ShortMidRangeFGA,Corner3FGM,Corner3FGA,Arc3FGA,PenaltyArc3FGA,FG2M,FG2A,FG3M,FG3A,FtPoints,Points,OpponentPoints,SecondChanceFG2M,SecondChanceFG2A,SecondChancePoints,PenaltyFG2M,PenaltyFG2A,PenaltyFG3A,PenaltyFtPoints,PenaltyPoints,PtsAssisted2s,PtsUnassisted2s,PtsAssisted3s,PtsPutbacks,NonHeaveArc3FGA,Fg2aBlocked,TwoPtAssists,ThreePtAssists,Assists,Corner3Assists,AtRimAssists,ShortMidRangeAssists,AssistPoints,OffThreePtRebounds,OffTwoPtRebounds,DefTwoPtRebounds,DefRebounds,OffRebounds,Rebounds,Steals,BadPassSteals,LiveBallTurnovers,BadPassTurnovers,DeadBallTurnovers,Turnovers,ShootingFouls,Fouls,Offensive Fouls,FoulsDrawn,FTA,2pt And 1 Free Throw Trips,3pt And 1 Free Throw Trips,TwoPtShootingFoulsDrawn,ThreePtShootingFoulsDrawn,FirstChancePoints,PenaltyPointsExcludingTakeFouls,PenaltyOffPossExcludingTakeFouls,NonShootingPenaltyNonTakeFouls,Assisted2sPct,NonPutbacksAssisted2sPct,Assisted3sPct,Fg3Pct,NonHeaveFg3Pct,Fg2Pct,SecondChanceFg2Pct,PenaltyFg2Pct,EfgPct,SecondChanceEfgPct,PenaltyEfgPct,TsPct,SecondChanceTsPct,PenaltyTsPct,FG3APct,FG2APctBlocked,ShortMidRangePctBlocked,LiveBallTurnoverPct,DefTwoPtReboundPct,OffTwoPtReboundPct,OffThreePtReboundPct,DefFGReboundPct,OffFGReboundPct,OffShortMidRangeReboundPct,OffArc3ReboundPct,DefShortMidRangeReboundPct,DefLongMidRangeReboundPct,Pace,SecondsPerPossOff,SecondsPerPossDef,SecondsExcludingORebsPerPossOff,SecondsExcludingORebsPerPossDef,AtRimFrequency,AtRimAccuracy,UnblockedAtRimAccuracy,AtRimPctAssisted,ShortMidRangeFrequency,ShortMidRangeAccuracy,UnblockedShortMidRangeAccuracy,ShortMidRangePctAssisted,Corner3Frequency,Corner3Accuracy,UnblockedCorner3Accuracy,Corner3PctAssisted,Arc3Frequency,SecondChanceAtRimFrequency,SecondChanceAtRimAccuracy,PenaltyAtRimFrequency,PenaltyAtRimAccuracy,PenaltyArc3Frequency,AtRimFG3AFrequency,ShotQualityAvg,SecondChanceShotQualityAvg,PenaltyShotQualityAvg,ShootingFoulsDrawnPct,TwoPtShootingFoulsDrawnPct,ThreePtShootingFoulsDrawnPct,SecondChancePointsPct,PenaltyPointsPct,Avg2ptShotDistance,Avg3ptShotDistance,PenaltyOffPossPct,DefThreePtRebounds,LostBallTurnovers,PenaltyTurnovers,DefThreePtReboundPct,DefArc3ReboundPct,Arc3FGM,PenaltyArc3FGM,PenaltyFG3M,NonHeaveArc3FGM,Arc3Assists,Blocked2s,BlockedShortMidRange,Blocks,RecoveredBlocks,PenaltyFg3Pct,BlocksRecoveredPct,Arc3Accuracy,UnblockedArc3Accuracy,Arc3PctAssisted,PenaltyArc3Accuracy,NonHeaveArc3Accuracy,LongMidRangeFGM,LongMidRangeFGA,SecondChanceCorner3FGM,SecondChanceCorner3FGA,SecondChanceArc3FGM,SecondChanceArc3FGA,SecondChanceFG3M,SecondChanceFG3A,SecondChanceFtPoints,PtsUnassisted3s,Fg3aBlocked,SelfOReb,LostBallSteals,BadPassOutOfBoundsTurnovers,SecondChanceTurnovers,Loose Ball Fouls,Charge Fouls Drawn,Loose Ball Fouls Drawn,Offensive Fouls Drawn,NonShootingFoulsDrawn,DefensiveGoaltends,NonShootingPenaltyNonTakeFoulsDrawn,SecondChanceFg3Pct,FG3APctBlocked,AtRimPctBlocked,Arc3PctBlocked,OffAtRimReboundPct,OffLongMidRangeReboundPct,DefAtRimReboundPct,DefCorner3ReboundPct,SelfORebPct,LongMidRangeFrequency,LongMidRangeAccuracy,UnblockedLongMidRangeAccuracy,SecondChanceAtRimPctAssisted,SecondChanceCorner3Frequency,SecondChanceCorner3Accuracy,SecondChanceCorner3PctAssisted,SecondChanceArc3Frequency,SecondChanceArc3Accuracy,SecondChanceArc3PctAssisted,BlockedAtRim,PenaltyCorner3FGM,PenaltyCorner3FGA,PenaltyCorner3Frequency,PenaltyCorner3Accuracy,StepOutOfBoundsTurnovers,Technical Free Throw Trips,OffCorner3ReboundPct,FTDefRebounds,DefFTReboundPct,LostBallOutOfBoundsTurnovers,Defensive 3 Seconds Violations,LongMidRangeAssists,LongMidRangePctAssisted,Charge Fouls,BlockedLongMidRange,Travels,FTOffRebounds,OffFTReboundPct,LongMidRangePctBlocked,team_id,year,season,team_vs
1628374-1629004-1631117-1641707-1641718,1610612762,"Lauri Markkanen, Svi Mykhailiuk, Walker Kessler, Taylor Hendricks, Keyonte George","Markkanen, Mykhailiuk, Kessler, Hendricks, George",1628374-1629004-1631117-1641707-1641718,UTA,423.9,2,7.0,5.0,15.0,12.0,5.0,4.0,2.0,27.0,3.0,3.0,1.0,1.0,2.0,2.0,5.0,8.0,1.0,1.0,3.0,1.0,8.0,11.0,1.0,4.0,2.0,21.0,16.0,2.0,3.0,4.0,4.0,7.0,1.0,1.0,9.0,12.0,4.0,3.0,2.0,3.0,2.0,6.0,1.0,7.0,1.0,2.0,4.0,15.0,1.0,2.0,3.0,3.0,3.0,6.0,1.0,1.0,1.0,1.0,2.0,3.0,1.0,5.0,2.0,2.0,2.0,1.0,1.0,1.0,1.0,17.0,9.0,5.0,1.0,0.75,0.8571428571428571,1.0,0.25,0.25,0.7272727272727273,0.6666666666666666,0.5714285714285714,0.6333333333333333,0.6666666666666666,0.5,0.7,0.6666666666666666,0.5625,0.26666666666666666,0.18181818181818182,0.25,0.3333333333333333,0.6,0.6666666666666666,0.3333333333333333,0.5,0.5,0.6666666666666666,0.3333333333333333,0.6666666666666666,1.0,91.71974522292994,15.126666666666667,16.416666666666668,13.860000000000001,15.166666666666666,0.2,1.0,1.0,0.6666666666666666,0.5333333333333333,0.625,0.8333333333333334,0.8,0.06666666666666667,1.0,1.0,1.0,0.2,0.3333333333333333,1.0,0.25,1.0,0.125,0.4666666666666667,0.4954633333333333,0.56525,0.49800625,0.13333333333333333,0.09090909090909091,0.25,0.19047619047619047,0.42857142857142855,5.3545454545454545,26.35,0.3333333333333333,,,,,,,,,,,,,,,,,,,,,,,,,,,,,,,,,,,,,,,,,,,,,,,,,,,,,,,,,,,,,,,,,,,,,,,,,,,,,,,,,,,1610612762,2026,2025-26,False
1628374-1629004-1631117-1641707-1642383,1610612762,"Lauri Markkanen, Svi Mykhailiuk, Walker Kessler, Taylor Hendricks, Walter Clayton Jr.","Markkanen, Mykhailiuk, Kessler, Hendricks, Clayton Jr.",1628374-1629004-1631117-1641707-1642383,UTA,54.1,1,1.0,,2.0,2.0,2.0,2.0,,4.0,,,,,,,,1.0,,,,,,1.0,,,,,,,,,,1.0,,,,,,,,,,,,,,,,,,,1.0,2.0,,2.0,,,1.0,,,1.0,,,,,,,,,,,,2.0,,,,,,,,,,,,,,,,,,,1.0,1.0,,,0.6666666666666666,,,,1.0,,106.46950092421442,7.3,19.75,7.3,16.6,,,,,1.0,,,,,,,,,,,,,,,0.3898,,0.3898,,,,,,6.0,,1.0,1.0,1.0,1.0,0.5,0.5,,,,,,,,,,,,,,,,,,,,,,,,,,,,,,,,,,,,,,,,,,,,,,,,,,,,,,,,,,,,,,,,,,,,,,,,,,,,,,1610612762,2026,2025-26,False
1628374-1629004-1631117-1641718-1641729,1610612762,"Lauri Markkanen, Svi Mykhailiuk, Walker Kessler, Keyonte George, Brice Sensabaugh","Markkanen, Mykhailiuk, Kessler, George, Sensabaugh",1628374-1629004-1631117-1641718-1641729,UTA,171.0,1,3.0,11.0,7.0,6.0,7.0,6.0,,13.0,,,,,,,3.0,3.0,,,3.0,3.0,3.0,3.0,2.0,3.0,1.0,13.0,2.0,,,,3.0,3.0,3.0,1.0,13.0,4.0,2.0,6.0,,3.0,,2.0,2.0,4.0,,,2.0,10.0,,,3.0,4.0,,4.0,,,,,,,,,,1.0,2.0,,,1.0,,13.0,13.0,7.0,,0.6666666666666666,0.6666666666666666,1.0,0.6666666666666666,0.6666666666666666,1.0,,1.0,1.0,,1.0,0.9285714285714286,,0.9285714285714286,0.5,,,,1.0,,,1.0,,,,1.0,,109.47368421052632,11.4,15.200000000000001,11.4,15.200000000000001,,,,,0.5,1.0,1.0,0.6666666666666666,,,,,0.5,,,,,0.5,0.5,0.4499916666666666,,0.4499916666666666,0.14285714285714285,0.25,,,1.0,9.1,27.7,1.0,1.0,,,1.0,1.0,2.0,2.0,2.0,2.0,2.0,2.0,2.0,2.0,2.0,0.6666666666666666,1.0,0.6666666666666666,0.6666666666666666,1.0,0.6666666666666666,0.6666666666666666,,,,,,,,,,,,,,,,,,,,,,,,,,,,,,,,,,,,,,,,,,,,,,,,,,,,,,,,,,,,,,1610612762,2026,2025-26,False
1628374-1629004-1631117-1641718-1642271,1610612762,"Lauri Markkanen, Svi Mykhailiuk, Walker Kessler, Keyonte George, Kyle Filipowski","Markkanen, Mykhailiuk, Kessler, George, Filipowski",1628374-1629004-1631117-1641718-1642271,UTA,3056.3,5,51.0,34.0,103.0,100.0,13.0,5.0,21.0,203.0,17.0,21.0,7.0,9.0,3.0,3.0,12.0,20.0,5.0,9.0,41.0,2.0,30.0,44.0,19.0,50.0,24.0,141.0,107.0,9.0,12.0,37.0,4.0,7.0,2.0,7.0,15.0,32.0,28.0,48.0,12.0,41.0,4.0,16.0,16.0,32.0,5.0,8.0,8.0,80.0,15.0,9.0,10.0,31.0,24.0,55.0,10.0,8.0,10.0,8.0,10.0,20.0,5.0,23.0,6.0,21.0,28.0,,,10.0,1.0,104.0,15.0,13.0,,0.5333333333333333,0.6666666666666666,0.8421052631578947,0.38,0.38,0.6818181818181818,0.75,0.5714285714285714,0.6223404255319149,0.7894736842105263,0.4444444444444444,0.6588785046728972,0.8409090909090909,0.5769230769230769,0.5319148936170213,0.09090909090909091,0.1,0.5,0.625,0.6428571428571429,0.5,0.62,0.5454545454545454,0.75,0.5769230769230769,0.8571428571428571,0.42857142857142855,95.64506102149657,15.199029126213592,14.908,14.228155339805825,14.208,0.22340425531914893,0.8095238095238095,0.8947368421052632,0.47058823529411764,0.2127659574468085,0.6,0.6666666666666666,0.6666666666666666,0.09574468085106383,0.5555555555555556,0.5555555555555556,1.0,0.43617021276595747,0.47368421052631576,0.7777777777777778,0.3333333333333333,1.0,0.2222222222222222,0.7553191489361702,0.5357736559139784,0.6018,0.4855625,0.10476190476190476,0.18518518518518517,0.0196078431372549,0.2624113475177305,0.10638297872340426,4.956818181818182,25.546938775510203,0.1262135922330097,21.0,2.0,3.0,0.6176470588235294,0.6818181818181818,14.0,,,14.0,11.0,1.0,1.0,1.0,1.0,,1.0,0.34146341463414637,0.35,0.7857142857142857,,0.34146341463414637,1.0,3.0,1.0,2.0,3.0,5.0,4.0,7.0,7.0,9.0,1.0,2.0,2.0,2.0,2.0,2.0,1.0,1.0,1.0,2.0,1.0,2.0,0.5714285714285714,0.02,0.09523809523809523,0.024390243902439025,0.5,0.5,0.5,0.5,0.05128205128205128,0.031914893617021274,0.3333333333333333,0.3333333333333333,0.14285714285714285,0.10526315789473684,0.5,1.0,0.2631578947368421,0.6,0.6666666666666666,,,,,,,,,,,,,,,,,,,,,1610612762,2026,2025-26,False
1628374-1629004-1631117-1641718-1642383,1610612762,"Lauri Markkanen, Svi Mykhailiuk, Walker Kessler, Keyonte George, Walter Clayton Jr.","Markkanen, Mykhailiuk, Kessler, George, Clayton Jr.",1628374-1629004-1631117-1641718-1642383,UTA,437.8,1,7.0,-10.0,18.0,18.0,10.0,4.0,3.0,36.0,1.0,3.0,1.0,3.0,1.0,2.0,1.0,3.0,,,5.0,1.0,2.0,6.0,2.0,5.0,11.0,21.0,31.0,1.0,3.0,5.0,2.0,4.0,1.0,8.0,12.0,,4.0,6.0,2.0,5.0,,,2.0,2.0,,,,6.0,2.0,2.0,1.0,3.0,4.0,7.0,1.0,1.0,4.0,,,4.0,4.0,5.0,,7.0,12.0,,,3.0,,16.0,12.0,10.0,1.0,,,1.0,0.4,0.4,0.3333333333333333,0.3333333333333333,0.5,0.45454545454545453,0.625,0.4,0.6176470588235294,0.625,0.6666666666666666,0.45454545454545453,,,1.0,0.25,0.5,0.6666666666666666,0.375,0.5714285714285714,0.5,0.6666666666666666,,,118.4102329830973,13.377777777777778,10.944444444444445,13.100000000000001,10.588888888888889,0.2727272727272727,0.3333333333333333,0.3333333333333333,,0.2727272727272727,0.3333333333333333,0.3333333333333333,,,,,,0.45454545454545453,0.75,0.3333333333333333,0.4,0.5,0.2,0.7272727272727273,0.5272863636363637,0.6851,0.53464,0.21428571428571427,0.3333333333333333,,0.23809523809523808,0.5714285714285714,3.85,25.8,0.5555555555555556,2.0,4.0,2.0,0.5,0.3333333333333333,2.0,,,2.0,2.0,2.0,,2.0,1.0,,0.5,0.4,0.4,1.0,,0.4,,,,,1.0,1.0,1.0,1.0,,,,1.0,,,,,,,,3.0,,3.0,1.0,,,,0.5,,0.3333333333333333,1.0,0.14285714285714285,,,,,,,,0.25,1.0,1.0,2.0,,,,,,,,,,,,,,,,,,,,1610612762,2026,2025-26,False
1628374-1629004-1631117-1641718-1642846,1610612762,"Lauri Markkanen, Svi Mykhailiuk, Walker Kessler, Keyonte George, Ace Bailey","Markkanen, Mykhailiuk, Kessler, George, Bailey",1628374-1629004-1631117-1641718-1642846,UTA,396.0,2,7.0,-6.0,14.0,14.0,6.0,4.0,4.0,28.0,2.0,2.0,1.0,1.0,1.0,1.0,1.0,4.0,2.0,4.0,4.0,2.0,3.0,7.0,3.0,8.0,4.0,19.0,25.0,1.0,2.0,7.0,1.0,2.0,3.0,4.0,9.0,2.0,4.0,9.0,2.0,4.0,,1.0,3.0,4.0,2.0,1.0,,11.0,1.0,3.0,2.0,3.0,4.0,7.0,,,1.0,1.0,,1.0,1.0,3.0,,3.0,4.0,,,1.0,,12.0,9.0,6.0,1.0,0.3333333333333333,0.5,1.0,0.375,0.375,0.42857142857142855,0.5,0.5,0.5,0.8333333333333334,0.5,0.5588235294117647,0.875,0.6428571428571429,0.5333333333333333,,,1.0,1.0,0.75,0.2,1.0,0.4444444444444444,1.0,0.3333333333333333,1.0,,101.81818181818183,15.642857142857142,12.642857142857142,14.285714285714286,12.642857142857142,0.13333333333333333,1.0,1.0,0.5,0.26666666666666666,0.25,0.25,,0.26666666666666666,0.5,0.5,1.0,0.26666666666666666,0.3333333333333333,1.0,0.2,1.0,0.4,0.6666666666666666,0.5437366666666666,0.5457,0.54006,0.0625,0.125,,0.3684210526315789,0.47368421052631576,7.3999999999999995,24.4625,0.42857142857142855,1.0,,1.0,1.0,1.0,1.0,,1.0,1.0,1.0,1.0,1.0,1.0,1.0,0.3333333333333333,1.0,0.25,0.25,1.0,,0.25,,1.0,1.0,1.0,,,1.0,1.0,2.0,,,,,,,1.0,,,,1.0,,1.0,1.0,,,,,,,,,0.06666666666666667,,,,0.3333333333333333,1.0,1.0,,,,,1.0,1.0,0.2,1.0,,,,,,,,,,,,,,,,1610612762,2026,2025-26,False
1628374-1629004-1631117-1641718-203937,1610612762,"Lauri Markkanen, Svi Mykhailiuk, Walker Kessler, Keyonte George, Kyle Anderson","Markkanen, Mykhailiuk, Kessler, George, Anderson",1628374-1629004-1631117-1641718-203937,UTA,571.0,1,10.0,4.0,21.0,21.0,13.0,5.0,1.0,42.0,3.0,4.0,,,1.0,2.0,,,,3.0,2.0,,3.0,7.0,1.0,5.0,11.0,20.0,16.0,,,1.0,1.0,4.0,3.0,8.0,10.0,6.0,,3.0,,2.0,,3.0,1.0,4.0,,3.0,,9.0,1.0,,5.0,10.0,1.0,11.0,,,1.0,,2.0,3.0,2.0,3.0,,7.0,14.0,1.0,,4.0,,19.0,10.0,13.0,,1.0,1.0,1.0,0.2,0.2,0.42857142857142855,,0.25,0.375,,0.14285714285714285,0.5277777777777778,0.5,0.4090909090909091,0.4166666666666667,,,0.3333333333333333,0.8333333333333334,,0.25,0.8333333333333334,0.125,,,0.75,,105.91943957968475,12.614285714285714,14.576190476190478,12.614285714285714,14.52857142857143,0.3333333333333333,0.75,0.75,1.0,,,,,0.25,,,,0.16666666666666666,,,0.2857142857142857,0.5,,0.75,0.5933,,0.5965999999999999,0.26666666666666666,0.4,,0.05,0.5,9.257142857142856,24.06,0.6190476190476191,5.0,1.0,2.0,0.8333333333333334,0.75,1.0,,,1.0,1.0,1.0,1.0,1.0,1.0,,1.0,0.5,0.5,1.0,,0.5,,3.0,,,,,,,1.0,,,,,1.0,,,,1.0,,3.0,,3.0,,,,,,,1.0,1.0,,0.25,,,,,,,,,,,,3.0,0.42857142857142855,,1.0,1.0,0.3333333333333333,,,,,,,,,,,,,1610612762,2026,2025-26,False
1628374-1629004-1631117-1642846-203937,1610612762,"Lauri Markkanen, Svi Mykhailiuk, Walker Kessler, Ace Bailey, Kyle Anderson","Markkanen, Mykhailiuk, Kessler, Bailey, Anderson",1628374-1629004-1631117-1642846-203937,UTA,205.0,1,3.0,2.0,6.0,5.0,,,2.0,11.0,1.0,4.0,1.0,3.0,,,,1.0,,,6.0,,1.0,5.0,1.0,6.0,,5.0,3.0,1.0,4.0,2.0,,,,,,2.0,,3.0,,6.0,1.0,1.0,1.0,2.0,,1.0,,5.0,4.0,2.0,2.0,3.0,6.0,9.0,1.0,1.0,,,1.0,1.0,1.0,3.0,1.0,1.0,,,,,,3.0,,,,1.0,1.0,1.0,0.16666666666666666,0.16666666666666666,0.2,0.25,,0.22727272727272727,0.16666666666666666,,0.22727272727272727,0.16666666666666666,,0.5454545454545454,0.2,1.0,,1.0,0.5,0.8,1.0,0.6666666666666666,1.0,0.8,1.0,1.0,77.26829268292683,17.833333333333332,19.6,12.666666666666666,19.6,0.36363636363636365,0.25,0.25,1.0,0.09090909090909091,,,,,,,,0.5454545454545454,0.5,0.3333333333333333,,,,0.9090909090909091,0.5958863636363637,0.61735,,,,,0.4,,2.18,26.849999999999998,,1.0,,,1.0,,1.0,,,1.0,1.0,,,,,,,0.16666666666666666,0.16666666666666666,1.0,,0.16666666666666666,,,,,,2.0,,2.0,,,,,,,,,,,,,,,,,,,0.3333333333333333,,,1.0,,,,,1.0,,,,0.3333333333333333,,,,,,,,,,,,,,,,,,,,,,,1610612762,2026,2025-26,False
1628374-1629004-1641707-1641718-1641989,1610612762,"Lauri Markkanen, Svi Mykhailiuk, Taylor Hendricks, Keyonte George, Elijah Harkless","Markkanen, Mykhailiuk, Hendricks, George, Harkless",1628374-1629004-1641707-1641718-1641989,UTA,,1,,,,,,,,,,,,,,,,,,,,,,,,,,,,,,,,,,,,,,,,,,,,,,,,,,,,,,,,,,,,,,,,1.0,,,,,,,,,,,,,,,,,,,,,,,,,,,,,,,,,,,,,,,,,,,,,,,,,,,,,,,,,,,,,,,,,,,,,,,,,,,,,,,,,,,,,,,,,,,,,,,,,,,,,,,,,,,,,,,1.0,,,,,,,,,,,,,,,,,,,,,,,,,,,,,,,,,,,,,,,,,,,1610612762,2026,2025-26,False
1628374-1629004-1641707-1641718-201567,1610612762,"Lauri Markkanen, Svi Mykhailiuk, Taylor Hendricks, Keyonte George, Kevin Love","Markkanen, Mykhailiuk, Hendricks, George, Love",1628374-1629004-1641707-1641718-201567,UTA,289.0,2,5.0,-2.0,10.0,9.0,,,5.0,19.0,4.0,5.0,,,,,,1.0,1.0,1.0,3.0,,4.0,7.0,2.0,4.0,2.0,16.0,18.0,,,5.0,,,,,,6.0,2.0,6.0,,3.0,1.0,3.0,2.0,5.0,1.0,3.0,,12.0,1.0,3.0,2.0,2.0,4.0,6.0,,,2.0,2.0,,2.0,,,,1.0,2.0,,,,,11.0,,,,0.75,0.75,1.0,0.5,0.5,0.5714285714285714,,,0.6363636363636364,0.75,,0.6666666666666666,0.8333333333333334,,0.36363636363636365,0.14285714285714285,1.0,1.0,0.6666666666666666,1.0,0.5,0.5,0.8,1.0,0.5,0.5,1.0,94.67128027681662,16.0,14.333333333333334,14.0,12.222222222222221,0.45454545454545453,0.8,0.8,0.75,0.09090909090909091,,,,0.09090909090909091,1.0,1.0,1.0,0.2727272727272727,,,,,,0.8181818181818182,0.5920090909090909,0.5646,,,,,0.3125,,4.171428571428572,25.175,,,,,,,1.0,,,1.0,1.0,,,,,,,0.3333333333333333,0.3333333333333333,1.0,,0.3333333333333333,,1.0,,,1.0,2.0,1.0,2.0,2.0,,,1.0,,,2.0,,,,,1.0,,,0.5,,,,1.0,1.0,,,0.25,0.09090909090909091,,,,,,,1.0,0.5,1.0,,,,,,,,,,,,,,,,,,,,,1610612762,2026,2025-26,False
1628374-1629004-1641707-1641718-203937,1610612762,"Lauri Markkanen, Svi Mykhailiuk, Taylor Hendricks, Keyonte George, Kyle Anderson","Markkanen, Mykhailiuk, Hendricks, George, Anderson",1628374-1629004-1641707-1641718-203937,UTA,142.0,1,2.0,2.0,5.0,4.0,,,1.0,9.0,2.0,3.0,1.0,1.0,,,,1.0,,,2.0,,2.0,4.0,,2.0,,4.0,2.0,1.0,1.0,2.0,,,,,,2.0,2.0,,2.0,2.0,1.0,1.0,,1.0,,1.0,,2.0,,1.0,1.0,3.0,1.0,4.0,,,,,,,,1.0,,,,,,,,2.0,,,,0.5,1.0,,,,0.5,1.0,,0.3333333333333333,1.0,,0.3333333333333333,1.0,,0.3333333333333333,0.25,,,1.0,0.5,,0.75,0.25,1.0,,,,91.26760563380282,13.2,19.0,13.2,15.75,0.5,0.6666666666666666,1.0,0.5,0.16666666666666666,,,,,,,,0.3333333333333333,1.0,1.0,,,,0.8333333333333334,0.5127583333333333,0.59,,,,,0.5,,3.125,26.65,,2.0,,,0.6666666666666666,0.6666666666666666,,,,,,,,,,,,,,,,,,,,,,,,,,,,1.0,,,,1.0,,,,,,,,,0.3333333333333333,,,,1.0,,0.3333333333333333,,,,,,,,,,,,,,,,,,,,,,,,,,,,,,,1610612762,2026,2025-26,False
1628374-1629004-1641707-1641718-203994,1610612762,"Lauri Markkanen, Svi Mykhailiuk, Taylor Hendricks, Keyonte George, Jusuf Nurkić","Markkanen, Mykhailiuk, Hendricks, George, Nurkić",1628374-1629004-1641707-1641718-203994,UTA,2407.8,5,40.0,-11.0,81.0,83.0,4.0,5.0,12.0,164.0,12.0,22.0,4.0,9.0,,1.0,10.0,24.0,2.0,4.0,27.0,2.0,22.0,51.0,5.0,31.0,17.0,76.0,87.0,4.0,11.0,15.0,1.0,4.0,2.0,1.0,6.0,26.0,18.0,15.0,6.0,27.0,3.0,13.0,5.0,18.0,2.0,8.0,5.0,41.0,6.0,12.0,15.0,34.0,18.0,52.0,6.0,6.0,7.0,4.0,2.0,9.0,5.0,10.0,1.0,23.0,19.0,2.0,,9.0,1.0,61.0,6.0,4.0,,0.5909090909090909,0.6842105263157895,1.0,0.16129032258064516,0.16129032258064516,0.43137254901960786,0.36363636363636365,0.25,0.3597560975609756,0.4666666666666667,0.4166666666666667,0.4222222222222222,0.46875,0.5,0.3780487804878049,0.058823529411764705,0.125,0.7777777777777778,0.7142857142857143,0.41379310344827586,0.24,0.7333333333333333,0.3333333333333333,0.5,0.2608695652173913,1.0,0.6666666666666666,98.08123598305507,15.188888888888888,14.186746987951807,14.267901234567901,13.26024096385542,0.2682926829268293,0.5454545454545454,0.5454545454545454,0.6666666666666666,0.2926829268292683,0.4166666666666667,0.47619047619047616,0.5,0.04878048780487805,0.5,0.5,1.0,0.32926829268292684,0.6,0.4444444444444444,0.16666666666666666,,0.3333333333333333,0.6463414634146342,0.5113456790123456,0.5561666666666667,0.49256,0.1111111111111111,0.15517241379310345,0.03125,0.19736842105263158,0.07894736842105263,5.772549019607843,25.776666666666664,0.04938271604938271,18.0,3.0,,0.75,0.7647058823529411,3.0,1.0,1.0,3.0,3.0,2.0,,2.0,1.0,0.5,0.5,0.1111111111111111,0.11538461538461539,1.0,0.5,0.1111111111111111,,5.0,,,2.0,4.0,2.0,4.0,1.0,,1.0,4.0,,,1.0,1.0,,3.0,2.0,,,,0.5,0.03225806451612903,,0.037037037037037035,0.4,0.2,0.5454545454545454,0.7142857142857143,0.08,0.06097560975609756,,,0.25,,,,0.26666666666666666,0.5,1.0,2.0,,,,,,,,1.0,1.0,,,,,,,,,,,1610612762,2026,2025-26,False
1628374-1629004-1641707-1642271-1642383,1610612762,"Lauri Markkanen, Svi Mykhailiuk, Taylor Hendricks, Kyle Filipowski, Walter Clayton Jr.","Markkanen, Mykhailiuk, Hendricks, Filipowski, Clayton Jr.",1628374-1629004-1641707-1642271-1642383,UTA,30.0,1,,1.0,1.0,1.0,,,,2.0,1.0,1.0,,,,,,,,,,,1.0,1.0,,,1.0,3.0,2.0,,,,,,,,,,2.0,,,,,,,,,,,,,,,,,,,,,,,,,,,1.0,1.0,1.0,,1.0,,3.0,,,,,,,,,1.0,,,1.0,,,1.5,,,,,,,,,,,,,,,,96.0,17.0,13.0,17.0,13.0,1.0,1.0,1.0,,,,,,,,,,,,,,,,1.0,0.4665,,,1.0,1.0,,,,3.7,,,,,,,,,,,,,,,,,,,,,,,,,,,,,,,,,,,,,,,,,,,,,,,,,,,,,,,,,,,,,,,,,,,,,,,,,,,,,,,,,,,,,1610612762,2026,2025-26,False
1628374-1629004-1641707-1642383-203994,1610612762,"Lauri Markkanen, Svi Mykhailiuk, Taylor Hendricks, Walter Clayton Jr., Jusuf Nurkić","Markkanen, Mykhailiuk, Hendricks, Clayton Jr., Nurkić",1628374-1629004-1641707-1642383-203994,UTA,379.6,3,6.0,12.0,16.0,18.0,6.0,1.0,3.0,34.0,3.0,3.0,1.0,1.0,2.0,2.0,2.0,6.0,1.0,3.0,4.0,1.0,5.0,9.0,3.0,7.0,,19.0,7.0,1.0,2.0,2.0,3.0,5.0,2.0,,9.0,6.0,4.0,9.0,2.0,4.0,2.0,3.0,3.0,6.0,1.0,1.0,2.0,15.0,1.0,3.0,7.0,13.0,4.0,17.0,2.0,1.0,3.0,2.0,1.0,4.0,,1.0,,1.0,,,,,,17.0,9.0,6.0,,0.6,0.75,1.0,0.42857142857142855,0.42857142857142855,0.5555555555555556,0.5,0.6,0.59375,0.3333333333333333,0.6428571428571429,0.59375,0.3333333333333333,0.6428571428571429,0.4375,0.2222222222222222,0.3333333333333333,0.75,1.0,0.75,0.25,0.9285714285714286,0.5,0.75,,1.0,,128.97787144362485,9.1625,12.944444444444445,7.9875,12.916666666666666,0.1875,1.0,1.0,0.3333333333333333,0.375,0.3333333333333333,0.5,1.0,0.1875,0.3333333333333333,0.3333333333333333,1.0,0.25,0.3333333333333333,1.0,0.2857142857142857,1.0,0.14285714285714285,0.625,0.512521875,0.410425,0.5068,,,,0.10526315789473684,0.47368421052631576,4.0,25.414285714285715,0.375,6.0,1.0,2.0,0.8571428571428571,0.8333333333333334,2.0,1.0,1.0,2.0,2.0,,,,,0.5,,0.5,0.5,1.0,1.0,0.5,,,,1.0,,,,1.0,,,,1.0,1.0,1.0,1.0,1.0,,,,,,,,,,,,,1.0,1.0,0.16666666666666666,,,,,0.3333333333333333,,,,,,,,1.0,0.14285714285714285,,,,0.5,,,,,,,,,,,,,1610612762,2026,2025-26,False
1628374-1629004-1641718-1641989-1642271,1610612762,"Lauri Markkanen, Svi Mykhailiuk, Keyonte George, Elijah Harkless, Kyle Filipowski","Markkanen, Mykhailiuk, George, Harkless, Filipowski",1628374-1629004-1641718-1641989-1642271,UTA,9.0,1,,,1.0,1.0,1.0,1.0,,2.0,,,,,,,,,,,,,,,,,,,,,,,,,,,,,,,,,,,,,,,,,,,,1.0,,1.0,,,,,,,,,,,,,,,,,,1.0,,,,,,,,,,,,,,,,,,,,,,,1.0,,,,,,320.0,2.7,6.3,2.7,6.3,,,,,,,,,,,,,,,,,,,,,,,,,,,,,,1.0,1.0,,,1.0,1.0,,,,,,,,,,,,,,,,,,,,,,,,,,,,,,,,,,,,,,,,,,,,,,,,,,,,,,,,,,,,,,,,,,,,,,,,,,,,,,1610612762,2026,2025-26,False
1628374-1629004-1641718-1641989-1642846,1610612762,"Lauri Markkanen, Svi Mykhailiuk, Keyonte George, Elijah Harkless, Ace Bailey","Markkanen, Mykhailiuk, George, Harkless, Bailey",1628374-1629004-1641718-1641989-1642846,UTA,34.7,1,1.0,-2.0,1.0,2.0,1.0,2.0,,3.0,,,,,,,,,,,2.0,2.0,,,,2.0,,,2.0,,,,,,2.0,,,,,,,2.0,,,,,,,,,1.0,,,,1.0,1.0,,,,,,,,2.0,,,,,,,,,,1.0,1.0,,,,,,,,,,,,,,,1.0,,,,,,0.5,,0.5,,0.5,,,124.49567723342939,10.6,12.05,10.5,12.05,,,,,,,,,,,,,1.0,,,,,1.0,1.0,0.3816,,0.3816,,,,,,,28.4,1.0,,,,,,,,,,,,,,,,,,,,,,,,,,,,,,,,,1.0,,,,,,,,,,,,,,,,,,,0.5,,,,,,,,,,,,,,,,,,,,,,,,,,,,,,,1610612762,2026,2025-26,False
1628374-1629004-1641718-1641989-203994,1610612762,"Lauri Markkanen, Svi Mykhailiuk, Keyonte George, Elijah Harkless, Jusuf Nurkić","Markkanen, Mykhailiuk, George, Harkless, Nurkić",1628374-1629004-1641718-1641989-203994,UTA,187.0,1,3.0,-3.0,8.0,7.0,8.0,2.0,,15.0,,,,,,,1.0,1.0,,,2.0,2.0,1.0,1.0,,2.0,1.0,3.0,6.0,,,,1.0,1.0,2.0,1.0,3.0,2.0,,,,2.0,,1.0,,1.0,,,1.0,2.0,,,,4.0,,4.0,,,2.0,1.0,2.0,4.0,1.0,3.0,2.0,2.0,2.0,,,1.0,,3.0,3.0,8.0,,1.0,1.0,,,,1.0,,1.0,0.3333333333333333,,0.3333333333333333,0.375,,0.375,0.6666666666666666,,,0.5,,,,0.8,,,,,,115.50802139037432,13.75,11.0,13.75,11.0,,,,,0.3333333333333333,1.0,1.0,1.0,,,,,0.6666666666666666,,,,,0.6666666666666666,0.6666666666666666,0.4984166666666667,,0.4984166666666667,0.25,0.5,,,1.0,13.4,25.45,1.0,4.0,1.0,4.0,0.8,0.8,,,,,,,,,,,,,,,,,,,,,,,,,,,,,,,,,,,,,,,,,,,,,,,,,,,,,,,,,,,,,,,,,,,,,,,,,,,,,,1610612762,2026,2025-26,False
1628374-1629004-1641718-1642271-1642383,1610612762,"Lauri Markkanen, Svi Mykhailiuk, Keyonte George, Kyle Filipowski, Walter Clayton Jr.","Markkanen, Mykhailiuk, George, Filipowski, Clayton Jr.",1628374-1629004-1641718-1642271-1642383,UTA,1.9,1,,,,,,,,,,,,,,,,1.0,,,,,,1.0,,,,,,,,,,1.0,,,,,,,,,,,,,,,,,,,,,,,,,,,,,,,,,,,,,,,,,,,,,,,,,,,,,,,,,,,,,,,,,,,,,,,,,,,,,,1.0,,,,,,,,,,,,,,,0.2159,,0.2159,,,,,,11.8,,,,,,,,,,,,,,,,,,,,,,,,,,,,,,,,,,,,,,,,,,,,,,,,,,,,,,,,,,,,,,,,,,,,,,,,,,,,,,,,,,,,,1610612762,2026,2025-26,False
1628374-1629004-1641718-1642271-203994,1610612762,"Lauri Markkanen, Svi Mykhailiuk, Keyonte George, Kyle Filipowski, Jusuf Nurkić","Markkanen, Mykhailiuk, George, Filipowski, Nurkić",1628374-1629004-1641718-1642271-203994,UTA,567.5,2,9.0,8.0,19.0,17.0,19.0,6.0,4.0,36.0,2.0,3.0,2.0,3.0,2.0,3.0,5.0,8.0,2.0,5.0,4.0,4.0,7.0,12.0,4.0,9.0,5.0,31.0,23.0,3.0,4.0,8.0,7.0,12.0,9.0,5.0,31.0,8.0,6.0,12.0,2.0,4.0,1.0,4.0,4.0,8.0,2.0,1.0,3.0,20.0,2.0,3.0,5.0,8.0,5.0,13.0,,,,,1.0,1.0,1.0,1.0,,4.0,7.0,1.0,1.0,1.0,2.0,23.0,31.0,19.0,,0.5714285714285714,0.6666666666666666,1.0,0.4444444444444444,0.4444444444444444,0.5833333333333334,0.75,0.5833333333333334,0.6190476190476191,0.75,0.6190476190476191,0.6739130434782609,0.8,0.6739130434782609,0.42857142857142855,0.08333333333333333,0.125,,1.0,0.6,0.4,0.7777777777777778,0.5,0.3333333333333333,0.5,1.0,,91.34801762114537,13.88421052631579,17.86470588235294,12.836842105263159,16.33529411764706,0.14285714285714285,0.6666666666666666,0.6666666666666666,0.5,0.38095238095238093,0.625,0.7142857142857143,0.6,0.23809523809523808,0.4,0.4,1.0,0.19047619047619047,0.75,0.6666666666666666,0.14285714285714285,0.6666666666666666,0.19047619047619047,0.5714285714285714,0.5018642857142857,0.5684333333333333,0.5018642857142857,0.13636363636363635,0.08333333333333333,0.2,0.25806451612903225,1.0,6.033333333333334,24.944444444444443,1.0,2.0,,1.0,0.5,0.5,2.0,2.0,4.0,2.0,2.0,2.0,1.0,2.0,2.0,0.4444444444444444,1.0,0.5,0.5,1.0,0.5,0.5,,1.0,,,,,,,2.0,,,,,,,,,,,1.0,,1.0,,,,,1.0,1.0,1.0,,,0.047619047619047616,,,0.5,,,,,,,1.0,2.0,5.0,0.23809523809523808,0.4,,,0.3333333333333333,1.0,1.0,1.0,,,,,,,,,,1610612762,2026,2025-26,False
1628374-1629004-1641718-1642383-203994,1610612762,"Lauri Markkanen, Svi Mykhailiuk, Keyonte George, Walter Clayton Jr., Jusuf Nurkić","Markkanen, Mykhailiuk, George, Clayton Jr., Nurkić",1628374-1629004-1641718-1642383-203994,UTA,256.8,2,4.0,5.0,8.0,8.0,3.0,3.0,1.0,16.0,,,,,,,2.0,4.0,,1.0,,,2.0,4.0,,1.0,8.0,12.0,7.0,,1.0,,1.0,1.0,,3.0,5.0,2.0,2.0,,,,,1.0,,1.0,,,1.0,2.0,1.0,1.0,1.0,2.0,2.0,4.0,3.0,1.0,1.0,1.0,,1.0,1.0,1.0,,5.0,9.0,1.0,,5.0,,12.0,5.0,3.0,,0.5,0.5,,,,0.5,,1.0,0.4,,1.0,0.6666666666666666,,0.8333333333333334,0.2,,,1.0,1.0,0.5,1.0,1.0,0.6666666666666666,0.5,,1.0,,89.7196261682243,14.525,17.575,10.025,17.575,,,,,0.8,0.5,0.5,0.5,0.2,,,,,,,,,,0.2,0.47462,0.4626,0.6396,0.5555555555555556,0.625,,,0.4166666666666667,6.725,23.5,0.375,1.0,,,1.0,1.0,,,,,,,,,,,,,,,,,,,,1.0,,,,1.0,,,,,2.0,,,,,,,,,,,,,,,,,,,,,,,0.5,,,,,,,,,,,,,1.0,,,,1.0,,,,,,,,,1610612762,2026,2025-26,False
1628374-1629004-1641718-1642846-201567,1610612762,"Lauri Markkanen, Svi Mykhailiuk, Keyonte George, Ace Bailey, Kevin Love","Markkanen, Mykhailiuk, George, Bailey, Love",1628374-1629004-1641718-1642846-201567,UTA,118.0,1,2.0,-3.0,4.0,4.0,,,,8.0,,,,,,,,1.0,1.0,2.0,1.0,,,1.0,1.0,3.0,,3.0,6.0,,,,,,,,,,,3.0,,1.0,,,1.0,1.0,1.0,,,3.0,,,1.0,1.0,,1.0,,,,,,,,1.0,,,,,,,,3.0,,,,,,1.0,0.3333333333333333,0.3333333333333333,,,,0.375,,,0.375,,,0.75,,,,0.5,,,0.3333333333333333,,,,,,97.6271186440678,16.25,13.25,16.25,13.0,,,,,0.25,,,,0.5,0.5,0.5,1.0,0.25,,,,,,0.75,0.55515,,,,,,,,11.5,24.5,,,,,,,,,,,,,,,,,,,,,,,,,,,,,,,,,,,,,,,,,,,,,,,,,,,0.5,,,,,,,,,,,,,,,,,,,,,,,,,,,,,,,,,1610612762,2026,2025-26,False
1628374-1629004-1641718-1642846-203994,1610612762,"Lauri Markkanen, Svi Mykhailiuk, Keyonte George, Ace Bailey, Jusuf Nurkić","Markkanen, Mykhailiuk, George, Bailey, Nurkić",1628374-1629004-1641718-1642846-203994,UTA,347.2,1,6.0,-4.0,13.0,13.0,4.0,7.0,3.0,26.0,1.0,1.0,1.0,1.0,,,1.0,7.0,,1.0,3.0,1.0,2.0,9.0,,4.0,4.0,8.0,12.0,1.0,2.0,4.0,,2.0,1.0,2.0,2.0,2.0,2.0,,,3.0,2.0,1.0,,1.0,,1.0,,2.0,2.0,2.0,1.0,5.0,4.0,9.0,2.0,1.0,,,2.0,2.0,2.0,2.0,,3.0,4.0,,,1.0,,4.0,2.0,4.0,,0.5,0.5,,,,0.2222222222222222,0.5,,0.15384615384615385,0.3333333333333333,,0.26666666666666666,0.5,0.25,0.3076923076923077,0.2222222222222222,0.2857142857142857,,0.5,0.2857142857142857,0.5,0.6666666666666666,0.36363636363636365,0.3333333333333333,0.3333333333333333,0.5,,107.83410138248848,16.315384615384616,10.392307692307693,15.492307692307692,9.776923076923076,0.07692307692307693,1.0,1.0,1.0,0.5384615384615384,0.14285714285714285,0.2,,0.07692307692307693,,,,0.23076923076923078,0.3333333333333333,1.0,,,0.3333333333333333,0.38461538461538464,0.4695615384615385,0.418775,0.3392833333333333,0.07142857142857142,0.1,,0.5,0.25,6.088888888888889,25.775,0.3076923076923077,1.0,,2.0,1.0,1.0,,,,,,,,,,,,,,,,,,1.0,,1.0,,,,1.0,2.0,,,,1.0,1.0,,,,1.0,,1.0,,1.0,,,,,,,,,,0.07692307692307693,,,1.0,0.3333333333333333,,,,,,,,,,,,,1.0,3.0,1.0,1.0,,,,,,,,,,1610612762,2026,2025-26,False
1628374-1629004-1641729-1642383-203994,1610612762,"Lauri Markkanen, Svi Mykhailiuk, Brice Sensabaugh, Walter Clayton Jr., Jusuf Nurkić","Markkanen, Mykhailiuk, Sensabaugh, Clayton Jr., Nurkić",1628374-1629004-1641729-1642383-203994,UTA,79.0,1,1.0,-3.0,4.0,5.0,,,,9.0,1.0,1.0,,,,,,1.0,,1.0,,,1.0,2.0,,1.0,,2.0,5.0,,,,,,,,,,2.0,,,,,,,,,,,,,,2.0,2.0,,2.0,1.0,,1.0,1.0,,1.0,,,,,,,,,,2.0,,,,,,,,,0.5,,,0.3333333333333333,,,0.3333333333333333,,,0.3333333333333333,,,1.0,1.0,,,1.0,,,,1.0,1.0,164.0506329113924,7.5,9.8,7.5,9.8,0.3333333333333333,1.0,1.0,,0.3333333333333333,,,,0.3333333333333333,,,,,,,,,,0.6666666666666666,0.5177666666666666,,,,,,,,3.9,22.8,,,,,,,,,,,,,,,,,,,,,,,,,,,,,,,,,,,1.0,,,,,,,,,,,,,,,,,,,,,,,,,,,,,,,,,,,,,,,,,,,,,,,,,1610612762,2026,2025-26,False
1628374-1629004-1642271-1642383-203994,1610612762,"Lauri Markkanen, Svi Mykhailiuk, Kyle Filipowski, Walter Clayton Jr., Jusuf Nurkić","Markkanen, Mykhailiuk, Filipowski, Clayton Jr., Nurkić",1628374-1629004-1642271-1642383-203994,UTA,1486.8,6,25.0,4.0,47.0,47.0,5.0,2.0,7.0,94.0,7.0,12.0,4.0,7.0,1.0,1.0,3.0,9.0,,1.0,25.0,1.0,11.0,24.0,10.0,26.0,1.0,53.0,49.0,4.0,8.0,11.0,2.0,2.0,1.0,,4.0,8.0,14.0,27.0,6.0,25.0,2.0,4.0,9.0,13.0,,3.0,1.0,35.0,8.0,5.0,10.0,22.0,13.0,35.0,2.0,2.0,4.0,2.0,5.0,9.0,3.0,10.0,2.0,7.0,2.0,,,1.0,,42.0,4.0,5.0,,0.36363636363636365,0.5,0.9,0.38461538461538464,0.38461538461538464,0.4583333333333333,0.5,1.0,0.52,0.5,0.6666666666666666,0.5196078431372549,0.5,0.6666666666666666,0.52,0.08333333333333333,0.2222222222222222,0.4444444444444444,1.0,0.38461538461538464,0.5,0.8076923076923077,0.4482758620689655,0.16666666666666666,0.4666666666666667,1.0,1.0,91.04116222760291,16.074468085106382,15.559574468085106,15.308510638297872,15.236170212765956,0.24,0.5833333333333334,0.5833333333333334,0.42857142857142855,0.18,0.3333333333333333,0.42857142857142855,0.3333333333333333,0.02,,,,0.5,0.6363636363636364,0.5714285714285714,0.3333333333333333,1.0,0.3333333333333333,0.76,0.529508,0.5977125,0.4661,0.0196078431372549,0.04,,0.20754716981132076,0.07547169811320754,5.741666666666667,26.023076923076925,0.10638297872340426,11.0,2.0,2.0,0.6875,0.7142857142857143,10.0,,,10.0,9.0,1.0,1.0,1.0,1.0,,1.0,0.4,0.4,0.9,,0.4,1.0,3.0,,,1.0,3.0,1.0,3.0,,3.0,,2.0,,2.0,,,,2.0,2.0,,,,0.3333333333333333,,,,0.8,,1.0,0.5,0.07407407407407407,0.06,0.3333333333333333,0.3333333333333333,,,,,0.2727272727272727,0.3333333333333333,1.0,,,,,,,,1.0,1.0,1.0,1.0,,,,,,,,,,1610612762,2026,2025-26,False
1628374-1629004-1642383-1642846-203994,1610612762,"Lauri Markkanen, Svi Mykhailiuk, Walter Clayton Jr., Ace Bailey, Jusuf Nurkić","Markkanen, Mykhailiuk, Clayton Jr., Bailey, Nurkić",1628374-1629004-1642383-1642846-203994,UTA,5.0,1,,,,,,,,,,,,,,,,,,,,,,,,,,,,,,,,,,,,,,,,,,,,,,,,,,,,,,,,,,,,,1.0,1.0,,,,,,,,,,,,,,,,,,,,,,,,,,,,,,,,,,,,,,,,,,,,,,,,,,,,,,,,,,,,,,,,,,,,,,,,,,,,,,,,,,,,,,,,,,,,,,,,,,,,,,,,,,,,,,,,,,,,,,,,,,,,,,,,,,,,,,,,,,,,,,,,,,,,,,,,,,,,1610612762,2026,2025-26,False
1628374-1631117-1641707-1641718-1641729,1610612762,"Lauri Markkanen, Walker Kessler, Taylor Hendricks, Keyonte George, Brice Sensabaugh","Markkanen, Kessler, Hendricks, George, Sensabaugh",1628374-1631117-1641707-1641718-1641729,UTA,256.0,3,4.0,-3.0,6.0,7.0,2.0,,1.0,13.0,,,,,,,2.0,3.0,,,3.0,,2.0,3.0,1.0,3.0,,7.0,10.0,,,,1.0,1.0,,,2.0,2.0,2.0,,,3.0,1.0,1.0,,1.0,,,1.0,2.0,,1.0,1.0,3.0,1.0,4.0,,,1.0,1.0,,1.0,1.0,2.0,,1.0,,,,,,7.0,2.0,2.0,,0.5,0.5,,0.3333333333333333,0.3333333333333333,0.6666666666666666,,1.0,0.5833333333333334,,1.0,0.5833333333333334,,1.0,0.5,0.3333333333333333,0.3333333333333333,1.0,1.0,1.0,,0.5,0.3333333333333333,1.0,,,1.0,73.125,19.333333333333332,20.0,17.5,18.142857142857142,,,,,0.5,0.6666666666666666,1.0,0.5,,,,,0.5,,,,,,0.5,0.4756833333333333,0.4896,0.4034,,,,,0.2857142857142857,6.133333333333333,24.900000000000002,0.3333333333333333,2.0,,1.0,0.4,0.5,1.0,,,1.0,,,,,,,,0.3333333333333333,0.3333333333333333,,,0.3333333333333333,,,,,,1.0,,1.0,,3.0,,,,,,1.0,,,,,,,,,,,,,,,,,,,,,,,1.0,,,,,,,,,,,,,,,,,,,,,,,1610612762,2026,2025-26,False
1628374-1631117-1641707-1641718-1642846,1610612762,"Lauri Markkanen, Walker Kessler, Taylor Hendricks, Keyonte George, Ace Bailey","Markkanen, Kessler, Hendricks, George, Bailey",1628374-1631117-1641707-1641718-1642846,UTA,214.0,2,4.0,-2.0,7.0,7.0,,,1.0,14.0,,,,,,,1.0,1.0,1.0,1.0,3.0,,1.0,2.0,2.0,4.0,2.0,10.0,12.0,,1.0,,,,,,,2.0,,6.0,,3.0,,1.0,2.0,3.0,1.0,,1.0,8.0,1.0,,,1.0,1.0,2.0,1.0,1.0,1.0,,,1.0,,1.0,,2.0,2.0,,,1.0,,10.0,,,,1.0,1.0,1.0,0.5,0.5,0.5,,,0.6666666666666666,,,0.7142857142857143,,,0.6666666666666666,,,1.0,,,0.5,1.0,0.3333333333333333,,0.5,,,94.2056074766355,16.571428571428573,14.0,16.0,14.0,,,,,0.16666666666666666,1.0,1.0,1.0,0.16666666666666666,1.0,1.0,1.0,0.5,,,,,,0.6666666666666666,0.5061916666666667,,,0.14285714285714285,0.3333333333333333,,,,14.7,26.25,,1.0,1.0,,1.0,1.0,1.0,,,1.0,1.0,,,,,,,0.3333333333333333,0.3333333333333333,1.0,,0.3333333333333333,,1.0,,,,,,,,,,,,,,,,,,,,,,,,,,,,,,0.16666666666666666,,,,,,,,,,,,,,,,,,,,,,,,,,,,,,1610612762,2026,2025-26,False
1628374-1631117-1641718-1641729-1642271,1610612762,"Lauri Markkanen, Walker Kessler, Keyonte George, Brice Sensabaugh, Kyle Filipowski","Markkanen, Kessler, George, Sensabaugh, Filipowski",1628374-1631117-1641718-1641729-1642271,UTA,57.0,2,1.0,,1.0,1.0,,,,2.0,1.0,1.0,,,,,,,,,,,1.0,1.0,,,,2.0,2.0,,,,,,,,,,2.0,,,,,,,,,,,,,,,,,,,,,,,,1.0,1.0,,1.0,,,,,,2.0,,,,,,,,,1.0,,,1.0,,,1.0,,,,,,,,,,,,,,,,50.526315789473685,17.0,40.0,17.0,37.0,1.0,1.0,1.0,,,,,,,,,,,,,,,,1.0,0.5304,,,,,,,,2.6,,,,,,,,,,,,,1.0,,1.0,,,,,,,,,,,,,,,,,,,,,,,,,,,,,,,,,,,,,,,,,,,,,,,,,,1.0,,,,,,,,,,,,,,,,,,,,1610612762,2026,2025-26,False
1628374-1631117-1641718-1641729-1642383,1610612762,"Lauri Markkanen, Walker Kessler, Keyonte George, Brice Sensabaugh, Walter Clayton Jr.","Markkanen, Kessler, George, Sensabaugh, Clayton Jr.",1628374-1631117-1641718-1641729-1642383,UTA,157.0,1,3.0,-4.0,5.0,6.0,,,,11.0,,,,,,,,,,,3.0,,,1.0,2.0,3.0,,6.0,10.0,,,,,,,,,,,6.0,,3.0,,,2.0,2.0,,,,6.0,,,,2.0,,2.0,,,1.0,1.0,,1.0,,,,,,,,,,6.0,,,,,,1.0,0.6666666666666666,0.6666666666666666,,,,0.75,,,0.75,,,0.75,,,1.0,,,,1.0,,,,,,100.89171974522293,18.6,10.666666666666666,18.6,10.666666666666666,,,,,,,,,,,,,0.75,,,,,,0.75,0.49405,,,,,,,,17.0,26.866666666666664,,1.0,,,1.0,1.0,2.0,,,2.0,2.0,,,,,,,0.6666666666666666,0.6666666666666666,1.0,,0.6666666666666666,,1.0,,,,,,,,,,,,,,,,,,,,,,,,,,,,,,0.25,,,,,,,,,,,,,,,,,,1.0,1.0,,,,,,,,,,,1610612762,2026,2025-26,False
1628374-1631117-1641718-1641729-1642846,1610612762,"Lauri Markkanen, Walker Kessler, Keyonte George, Brice Sensabaugh, Ace Bailey","Markkanen, Kessler, George, Sensabaugh, Bailey",1628374-1631117-1641718-1641729-1642846,UTA,463.0,4,8.0,,14.0,15.0,3.0,,1.0,29.0,,,,,,,3.0,4.0,1.0,1.0,6.0,1.0,4.0,5.0,2.0,7.0,3.0,17.0,17.0,1.0,1.0,2.0,2.0,2.0,1.0,1.0,5.0,8.0,,6.0,,6.0,1.0,4.0,2.0,6.0,1.0,,3.0,14.0,1.0,,5.0,8.0,1.0,9.0,1.0,,,,1.0,1.0,3.0,5.0,,8.0,3.0,1.0,,2.0,,15.0,5.0,3.0,,1.0,1.0,1.0,0.2857142857142857,0.2857142857142857,0.8,1.0,1.0,0.5833333333333334,1.0,0.6666666666666666,0.6538461538461539,1.0,0.8333333333333334,0.5833333333333334,0.2,0.25,,0.8333333333333334,,0.2,0.5833333333333334,0.16666666666666666,,0.2,0.75,1.0,90.19438444924405,15.285714285714286,16.6,13.928571428571429,14.933333333333334,,,,,0.3333333333333333,0.75,1.0,1.0,0.08333333333333333,1.0,1.0,1.0,0.5,,,,,0.3333333333333333,0.5833333333333334,0.5068583333333333,,0.41795,0.15384615384615385,0.3333333333333333,,0.11764705882352941,0.29411764705882354,7.62,26.32857142857143,0.21428571428571427,2.0,,,0.3333333333333333,0.4,1.0,,,1.0,1.0,1.0,1.0,1.0,,,,0.16666666666666666,0.16666666666666666,1.0,,0.16666666666666666,1.0,1.0,,,,,,,,,,,1.0,1.0,,1.0,,,,,,,,,,,,,1.0,,,0.08333333333333333,1.0,1.0,,,,,,,,,,,,,,,,1.0,1.0,,,1.0,1.0,,,,,,,1610612762,2026,2025-26,False
1628374-1631117-1641718-1641989-1642262,1610612762,"Lauri Markkanen, Walker Kessler, Keyonte George, Elijah Harkless, Cody Williams","Markkanen, Kessler, George, Harkless, Williams",1628374-1631117-1641718-1641989-1642262,UTA,464.9,2,8.0,18.0,16.0,18.0,8.0,10.0,1.0,34.0,,,,,,,7.0,7.0,,,3.0,,7.0,7.0,1.0,3.0,10.0,27.0,9.0,,,,5.0,5.0,,4.0,14.0,10.0,4.0,3.0,,3.0,,5.0,1.0,6.0,,,5.0,13.0,1.0,,2.0,5.0,1.0,6.0,4.0,2.0,2.0,,1.0,3.0,1.0,5.0,,6.0,10.0,2.0,,5.0,,27.0,14.0,8.0,2.0,0.7142857142857143,0.7142857142857143,1.0,0.3333333333333333,0.3333333333333333,1.0,,1.0,0.85,,1.0,0.9642857142857143,,1.0,0.3,,,0.6666666666666666,0.6666666666666666,,0.5,0.5555555555555556,0.5,,0.5,1.0,,105.31297053129705,11.55625,15.555555555555555,11.18125,14.644444444444446,,,,,0.7,1.0,1.0,0.7142857142857143,,,,,0.3,,,,,,0.3,0.46202,,0.42767999999999995,0.38461538461538464,0.5,,,0.5185185185185185,6.257142857142857,25.833333333333332,0.5,3.0,2.0,1.0,0.5,0.4,1.0,,,1.0,1.0,2.0,1.0,2.0,1.0,,0.5,0.3333333333333333,0.3333333333333333,1.0,,0.3333333333333333,,,,,,,,,,,,,2.0,,1.0,,,,,1.0,,1.0,,,,,,,1.0,1.0,,,,,,,,,,,,,,,,,,,,,,,,,,1.0,1.0,,,,,1610612762,2026,2025-26,False
1628374-1631117-1641718-1641989-203937,1610612762,"Lauri Markkanen, Walker Kessler, Keyonte George, Elijah Harkless, Kyle Anderson","Markkanen, Kessler, George, Harkless, Anderson",1628374-1631117-1641718-1641989-203937,UTA,133.0,1,2.0,-6.0,5.0,6.0,5.0,5.0,,11.0,,,,,,,,1.0,,,2.0,2.0,,1.0,,2.0,2.0,2.0,8.0,,,,,1.0,2.0,2.0,2.0,,,,,2.0,,,,,,,,,,,1.0,3.0,,3.0,,,1.0,1.0,,1.0,2.0,2.0,,2.0,2.0,,,1.0,,2.0,2.0,5.0,,,,,,,,,,,,,0.25,,0.25,0.6666666666666666,,,1.0,1.0,,,1.0,,,,,,119.09774436090225,12.4,11.833333333333334,12.4,11.833333333333334,,,,,0.3333333333333333,,,,,,,,0.6666666666666666,,,,,0.6666666666666666,0.6666666666666666,0.4748833333333333,,0.4748833333333333,0.25,0.5,,,1.0,9.6,26.8,1.0,1.0,,1.0,1.0,1.0,,,,,,,,,,,,,,,,,,,,,,,,,,,,,,,,,,,,,,,,,,,,,1.0,,,,,,,,,,,,,,,,,,,,,1.0,1.0,,,,,,,,,,,1610612762,2026,2025-26,False
1628374-1631117-1641718-1642262-1642271,1610612762,"Lauri Markkanen, Walker Kessler, Keyonte George, Cody Williams, Kyle Filipowski","Markkanen, Kessler, George, Williams, Filipowski",1628374-1631117-1641718-1642262-1642271,UTA,29.0,1,,-2.0,1.0,1.0,,,,2.0,,1.0,,,,,,,,,,,,1.0,,,,,2.0,,,,,,,,,,,,,,1.0,,,,,,,,,,,,,,,,,,,,1.0,1.0,,,,,,,,,,,,,,,,,,,,,,,,,,,1.0,,,,,,,,,,,,99.3103448275862,20.0,9.0,20.0,9.0,1.0,,,,,,,,,,,,,,,,,,1.0,0.7482,,,,,,,,1.6,,,,,,,,,,,,,,,,,,,,,,,,,,,,,,,,,,,,,,,,,,,,,,,,1.0,,,,,,,,,,,,,,,,,,,,,,,,,,,,,,,,,,,,,1610612762,2026,2025-26,False
1628374-1631117-1641718-1642271-1642383,1610612762,"Lauri Markkanen, Walker Kessler, Keyonte George, Kyle Filipowski, Walter Clayton Jr.","Markkanen, Kessler, George, Filipowski, Clayton Jr.",1628374-1631117-1641718-1642271-1642383,UTA,192.9,1,3.0,2.0,6.0,6.0,3.0,,1.0,12.0,,,,,,,2.0,3.0,,,2.0,,2.0,3.0,,2.0,4.0,8.0,6.0,,1.0,,2.0,2.0,,2.0,6.0,2.0,2.0,,,2.0,1.0,1.0,,1.0,,,1.0,2.0,1.0,,1.0,3.0,1.0,4.0,,,,,,,,1.0,,3.0,4.0,,,1.0,,8.0,6.0,3.0,,0.5,0.5,,,,0.6666666666666666,,1.0,0.4,,1.0,0.5714285714285714,,1.0,0.4,0.3333333333333333,0.3333333333333333,,0.5,,0.5,0.6666666666666666,0.3333333333333333,,0.5,1.0,,89.58009331259719,15.15,17.0,14.65,16.95,,,,,0.6,0.6666666666666666,1.0,0.5,,,,,0.4,,,,,,0.4,0.4686,,0.4347,0.16666666666666666,0.25,,,0.75,9.366666666666667,25.85,0.5,1.0,,,1.0,1.0,,,,,,,,,,,,,,,,,,,,,,,,,,,,,,,,,1.0,,,1.0,,1.0,,,,,,,,,,,,,,,,,,,,,,,,,,,,1.0,1.0,,,,,,,,,,,1610612762,2026,2025-26,False
1628374-1631117-1641718-1642271-203994,1610612762,"Lauri Markkanen, Walker Kessler, Keyonte George, Kyle Filipowski, Jusuf Nurkić","Markkanen, Kessler, George, Filipowski, Nurkić",1628374-1631117-1641718-1642271-203994,UTA,3.9,1,,,1.0,,1.0,,,1.0,,,,,,,,,,,,,,,,,,,,,,,,,,,,,,,,,,,,,,,,,,,,,,,,,,,,,,,,,,,,,,,,1.0,,,,,,,,,,,,,,,,,,,,,,,,,,,,,369.2307692307692,2.4,,2.4,,,,,,,,,,,,,,,,,,,,,,,,,,,,,,,1.0,,,,,,,,,,,,,,,,,,,,,,,,,,,,,,,,,,,,,,,,,,,,,,,,,,,,,,,,,,,,,,,,,,,,,,,,,,,,,,,,,,,1610612762,2026,2025-26,False
1628374-1631117-1641989-1642262-1642383,1610612762,"Lauri Markkanen, Walker Kessler, Elijah Harkless, Cody Williams, Walter Clayton Jr.","Markkanen, Kessler, Harkless, Williams, Clayton Jr.",1628374-1631117-1641989-1642262-1642383,UTA,267.0,1,4.0,-4.0,9.0,9.0,3.0,,1.0,18.0,1.0,1.0,,,,,,1.0,1.0,1.0,4.0,1.0,1.0,2.0,1.0,5.0,1.0,6.0,10.0,,,3.0,,1.0,2.0,1.0,4.0,2.0,,3.0,,4.0,,1.0,1.0,2.0,1.0,1.0,,5.0,1.0,,,4.0,1.0,5.0,,,2.0,1.0,,2.0,1.0,3.0,,2.0,2.0,,,,,3.0,4.0,3.0,,1.0,1.0,1.0,0.2,0.2,0.5,,,0.35714285714285715,1.5,0.5,0.375,1.5,0.5,0.7142857142857143,,,1.0,,,0.25,0.8,0.2,,0.25,,,97.07865168539325,13.666666666666666,16.0,12.666666666666666,15.333333333333334,0.14285714285714285,1.0,1.0,1.0,0.14285714285714285,,,,0.14285714285714285,1.0,1.0,1.0,0.5714285714285714,,,,,0.3333333333333333,0.8571428571428571,0.497,,0.498,,,,0.5,0.6666666666666666,5.0,25.7,0.3333333333333333,4.0,1.0,,1.0,1.0,,,1.0,,,1.0,1.0,1.0,,0.5,,,,,,,,,1.0,1.0,,,1.0,1.0,,,,,,,,1.0,,,1.0,1.0,,1.0,1.0,,,,,,,1.0,,,,,,1.0,1.0,1.0,,,,,1.0,1.0,0.3333333333333333,1.0,,,,,,,,,,,,,,,,1610612762,2026,2025-26,False
1628374-1631117-1642271-1642383-1642846,1610612762,"Lauri Markkanen, Walker Kessler, Kyle Filipowski, Walter Clayton Jr., Ace Bailey","Markkanen, Kessler, Filipowski, Clayton Jr., Bailey",1628374-1631117-1642271-1642383-1642846,UTA,233.0,1,4.0,-6.0,7.0,8.0,,,2.0,15.0,1.0,1.0,,,,,1.0,2.0,1.0,3.0,,,2.0,3.0,1.0,3.0,2.0,9.0,15.0,,,2.0,,,,,,4.0,,3.0,,,1.0,2.0,1.0,3.0,1.0,1.0,1.0,7.0,1.0,1.0,2.0,2.0,2.0,4.0,,,1.0,1.0,1.0,2.0,,,,3.0,4.0,1.0,,1.0,1.0,7.0,,,,1.0,1.0,1.0,0.3333333333333333,0.3333333333333333,0.6666666666666666,,,0.5833333333333334,,,0.6428571428571429,1.0,,0.5,0.3333333333333333,0.5,0.5,1.0,1.0,0.5,0.5,0.6666666666666666,1.0,,1.0,1.0,92.70386266094421,17.428571428571427,13.875,17.142857142857142,12.625,0.16666666666666666,1.0,1.0,1.0,0.3333333333333333,0.5,1.0,1.0,0.5,0.3333333333333333,0.3333333333333333,1.0,,,,,,,0.6666666666666666,0.5192249999999999,,,0.2857142857142857,0.3333333333333333,0.25,0.2222222222222222,,5.466666666666666,22.96666666666667,,,,,,,,,,,,1.0,1.0,1.0,1.0,,1.0,,,,,,,,,,,,,,2.0,,,,,,1.0,,,,,,,,,,,,,,,,,,,,,,,,,,,,,,,,,,0.5,,,,,,,,,,,,,1610612762,2026,2025-26,False
1628374-1641707-1641718-1641729-203994,1610612762,"Lauri Markkanen, Taylor Hendricks, Keyonte George, Brice Sensabaugh, Jusuf Nurkić","Markkanen, Hendricks, George, Sensabaugh, Nurkić",1628374-1641707-1641718-1641729-203994,UTA,82.0,1,1.0,-6.0,4.0,3.0,4.0,,1.0,7.0,,,,,,,,,,,2.0,2.0,,,,2.0,2.0,2.0,8.0,,,2.0,,,2.0,2.0,2.0,,,,,2.0,,,,,,,,,1.0,,,,1.0,1.0,,,1.0,1.0,1.0,2.0,,,,1.0,2.0,,,1.0,,,2.0,4.0,,,,,,,,,,,,,0.3333333333333333,1.0,0.3333333333333333,1.0,,,0.5,,,0.5,,0.5,,0.5,,,122.92682926829268,14.5,8.0,14.5,8.0,,,,,,,,,,,,,1.0,,,,,1.0,1.0,0.552525,,0.552525,0.3333333333333333,1.0,,1.0,1.0,,25.3,1.0,,,2.0,,,,,,,,,,,,,,,,,,,,,,,,,,,2.0,,,,,,,,,,,,,,,,,,,,,,,,,,,,,,,,,,,,,,,,,,,1.0,,,,,,,,,,1610612762,2026,2025-26,False
1628374-1641707-1641718-1642383-203994,1610612762,"Lauri Markkanen, Taylor Hendricks, Keyonte George, Walter Clayton Jr., Jusuf Nurkić","Markkanen, Hendricks, George, Clayton Jr., Nurkić",1628374-1641707-1641718-1642383-203994,UTA,119.3,2,2.0,1.0,6.0,4.0,1.0,,,10.0,1.0,1.0,,,,,1.0,1.0,,,2.0,1.0,2.0,2.0,,2.0,2.0,6.0,5.0,,,,,,1.0,,,4.0,,,,2.0,,2.0,,2.0,,1.0,1.0,4.0,,,1.0,1.0,,1.0,1.0,1.0,,,1.0,1.0,,1.0,,1.0,2.0,,,1.0,,6.0,,1.0,,1.0,1.0,,,,1.0,,,0.5,,,0.6,,,0.5,,,,0.5,,,0.5,,,,,,120.70410729253982,12.049999999999999,11.75,12.049999999999999,10.0,0.25,1.0,1.0,1.0,0.25,1.0,1.0,1.0,,,,,0.5,,,,,1.0,0.75,0.5236999999999999,,,0.2,0.3333333333333333,,,,3.25,26.8,0.16666666666666666,,,,,,,,,,,,,,,,,,,,,,,,,,,,,,,,,,,,,,,,,,,,,,,,,,1.0,,,,,,,,,,,,,,,,,,,,,,,1.0,,,,,,,,,,1610612762,2026,2025-26,False
1628374-1641707-1641718-1642846-201567,1610612762,"Lauri Markkanen, Taylor Hendricks, Keyonte George, Ace Bailey, Kevin Love","Markkanen, Hendricks, George, Bailey, Love",1628374-1641707-1641718-1642846-201567,UTA,75.0,1,1.0,-2.0,2.0,2.0,,,1.0,4.0,,,,,,,,1.0,,,1.0,,,1.0,,1.0,,,2.0,,,,,,,,,,,,,1.0,,,,,,,,,,,,1.0,,1.0,,,,,,,,,,,,,,,,,,,,,,,,,,,,,,,,,,0.5,,,,,,,0.3333333333333333,,,,,,76.8,18.5,19.0,10.0,14.0,,,,,0.5,,,,,,,,0.5,,,,,,0.5,0.43465,0.4869,,,,,,,6.8,25.7,,1.0,,,1.0,1.0,,,,,,,,,,,,,,,,,,,,,,1.0,,1.0,,,,,,,,,,,,,,,,,,,,,,,,,,,,,,,1.0,,,,,,,,,,,,,,,,,,,,,,,1610612762,2026,2025-26,False
1628374-1641707-1641718-1642846-203994,1610612762,"Lauri Markkanen, Taylor Hendricks, Keyonte George, Ace Bailey, Jusuf Nurkić","Markkanen, Hendricks, George, Bailey, Nurkić",1628374-1641707-1641718-1642846-203994,UTA,154.0,2,3.0,-1.0,5.0,5.0,,,1.0,10.0,,,,,,,2.0,3.0,,,1.0,,2.0,3.0,,1.0,2.0,6.0,7.0,,,,,,,,,4.0,,,,1.0,1.0,2.0,,2.0,,,2.0,4.0,,1.0,,2.0,1.0,3.0,,,1.0,,,1.0,1.0,1.0,,2.0,2.0,,,1.0,,6.0,,,,1.0,1.0,,,,0.6666666666666666,,,0.5,,,0.6,,,0.25,0.3333333333333333,0.3333333333333333,1.0,,1.0,,0.6666666666666666,0.5,1.0,,,,93.5064935064935,13.4,17.4,12.4,16.4,,,,,0.75,0.6666666666666666,1.0,1.0,,,,,0.25,,,,,,0.25,0.4682,0.5733,,0.2,0.25,,,,8.4,25.1,,2.0,1.0,,0.6666666666666666,0.6666666666666666,,,,,,,,,,,,,,,,,,,,,,1.0,,1.0,,,,,,,,,,,,,,,,,,,,,,,,,,,,,,,1.0,,,,,,,,,,,,,,,,,,,,,,,1610612762,2026,2025-26,False
1628374-1641707-1641729-1642383-203994,1610612762,"Lauri Markkanen, Taylor Hendricks, Brice Sensabaugh, Walter Clayton Jr., Jusuf Nurkić","Markkanen, Hendricks, Sensabaugh, Clayton Jr., Nurkić",1628374-1641707-1641729-1642383-203994,UTA,329.1,2,5.0,-5.0,12.0,14.0,8.0,14.0,1.0,26.0,,2.0,,,,1.0,3.0,3.0,,,5.0,2.0,3.0,5.0,2.0,5.0,3.0,15.0,20.0,,,3.0,2.0,3.0,2.0,3.0,10.0,4.0,2.0,6.0,,5.0,1.0,2.0,2.0,4.0,,,2.0,10.0,1.0,,1.0,5.0,1.0,6.0,1.0,1.0,1.0,,,1.0,2.0,4.0,,2.0,4.0,,,1.0,,12.0,10.0,8.0,1.0,0.6666666666666666,0.6666666666666666,1.0,0.4,0.4,0.6,,0.6666666666666666,0.6,1.5,0.7,0.625,1.5,0.7142857142857143,0.5,0.2,,1.0,1.0,,0.3333333333333333,0.8333333333333334,0.2,,0.3333333333333333,1.0,,113.7648131267092,12.666666666666666,12.65,12.583333333333334,12.435714285714285,0.2,,,,0.3,1.0,1.0,0.6666666666666666,,,,,0.5,,,0.2,,0.4,0.7,0.502405,,0.48327,0.09090909090909091,0.16666666666666666,,0.2,0.6666666666666666,5.04,26.54,0.6666666666666666,4.0,1.0,1.0,0.8,1.0,2.0,1.0,1.0,2.0,2.0,,,,,0.5,,0.4,0.4,1.0,0.5,0.4,,,,,1.0,1.0,1.0,1.0,,,,,,,,,,,,1.0,,1.0,1.0,,0.5,,,,,,,,,,,,,,1.0,1.0,1.0,,,,,,,,,,,,,,,,,,,,,1610612762,2026,2025-26,False
1628374-1641707-1641989-1642271-1642383,1610612762,"Lauri Markkanen, Taylor Hendricks, Elijah Harkless, Kyle Filipowski, Walter Clayton Jr.","Markkanen, Hendricks, Harkless, Filipowski, Clayton Jr.",1628374-1641707-1641989-1642271-1642383,UTA,19.1,1,,,,,,,,,,,,,,,,,,,,,,,,,,,,,,,,,,,,,,,,,,,,,,,,,,,,,,,,,,,,,,1.0,,,,,,,,,,,1.0,,,,,,,,,,,,,,,,,,,,,,,,,,,,,,,,,,,,,,,,,,,,,,,,,,,,,,,,,,,,,,,,,,,,,,,,,,,,,,,,,,,,,,,,,,,,,,,,,,,,,,,,,,,,,,,,,,,,,,,,,,,,,,,,,,,,,,,,,,,,,,,,,1610612762,2026,2025-26,False
1628374-1641707-1642262-1642383-203994,1610612762,"Lauri Markkanen, Taylor Hendricks, Cody Williams, Walter Clayton Jr., Jusuf Nurkić","Markkanen, Hendricks, Williams, Clayton Jr., Nurkić",1628374-1641707-1642262-1642383-203994,UTA,15.8,1,,-3.0,2.0,1.0,1.0,,1.0,3.0,,,,,,,,,,,1.0,1.0,,,,1.0,,,3.0,,,,,,1.0,,,,,,,1.0,,,,,,,,,,,,,,,,,,,,,,,,,,,,,,,,1.0,,,,,,,,,,,,,,,,1.0,,,,,,,,,,,,,273.4177215189873,2.85,10.1,2.249999999999999,10.1,,,,,,,,,,,,,1.0,,,,,1.0,1.0,,,,,,,,,,,0.5,,,,,,,,,,,,,,,,,,,,,,,,,,,,,,,,,,,,,,,,,,,,,,,,,,,,,,,,,,,,,,,,,,,,,,,,,,,,,,,,,,,1610612762,2026,2025-26,False
1628374-1641707-1642383-1642846-203994,1610612762,"Lauri Markkanen, Taylor Hendricks, Walter Clayton Jr., Ace Bailey, Jusuf Nurkić","Markkanen, Hendricks, Clayton Jr., Bailey, Nurkić",1628374-1641707-1642383-1642846-203994,UTA,348.20000000000005,3,6.0,-5.0,14.0,12.0,8.0,9.0,4.0,26.0,,2.0,,,,1.0,1.0,2.0,,,5.0,3.0,2.0,7.0,1.0,5.0,3.0,10.0,15.0,2.0,3.0,4.0,1.0,4.0,3.0,3.0,5.0,2.0,2.0,3.0,2.0,5.0,1.0,1.0,1.0,2.0,,,,5.0,,3.0,2.0,5.0,3.0,8.0,,,2.0,1.0,2.0,4.0,,1.0,,3.0,5.0,,,2.0,,6.0,5.0,8.0,1.0,0.5,1.0,1.0,0.2,0.2,0.2857142857142857,0.6666666666666666,0.25,0.2916666666666667,0.6666666666666666,0.14285714285714285,0.3333333333333333,0.5,0.2777777777777778,0.4166666666666667,0.14285714285714285,,0.5,1.0,0.6,,0.8333333333333334,0.375,1.0,,1.0,,107.52441125789775,13.700000000000001,13.033333333333333,12.235714285714286,12.616666666666667,0.16666666666666666,,,,0.16666666666666666,0.5,0.5,,,,,,0.4166666666666667,,,0.14285714285714285,,0.42857142857142855,0.5833333333333334,0.4876772727272727,0.4203333333333333,0.46893333333333337,0.14285714285714285,0.2222222222222222,,0.4,0.5,10.571428571428571,26.2,0.5714285714285714,3.0,1.0,1.0,0.75,0.6666666666666666,1.0,,,1.0,1.0,,,,,,,0.2,0.2,1.0,,0.2,1.0,3.0,,,,,,,,,,,,,1.0,,,,,1.0,,1.0,,,0.5,,0.5,0.5,,1.0,,0.25,0.3333333333333333,0.3333333333333333,,,,,,,,,,,,,,,,,,,,1.0,1.0,,,2.0,,,,1610612762,2026,2025-26,False
1628374-1641718-1641729-1642271-1642383,1610612762,"Lauri Markkanen, Keyonte George, Brice Sensabaugh, Kyle Filipowski, Walter Clayton Jr.","Markkanen, George, Sensabaugh, Filipowski, Clayton Jr.",1628374-1641718-1641729-1642271-1642383,UTA,13.1,2,,2.0,1.0,2.0,1.0,2.0,,3.0,,,,,,,1.0,1.0,,,,,1.0,2.0,,,,2.0,,,,,1.0,2.0,,,2.0,2.0,,,,,,1.0,,1.0,,,1.0,2.0,,,,1.0,,1.0,,,,,,,,,,,,,,,,2.0,2.0,1.0,,1.0,1.0,,,,0.5,,0.5,0.5,,0.5,0.5,,0.5,,,,,,,,,,,,,,329.7709923664122,11.0,1.05,11.0,1.05,,,,,0.5,1.0,1.0,1.0,,,,,,,,,,,,0.2502,,0.2502,,,,,1.0,12.95,,1.0,,,,,,,,,,,,,,,,,,,,,,,1.0,,,,,,,,,,,,,,,,,,,,,,,,,,,,,,0.5,,,,,,,,,,,,,,,,,,1.0,1.0,,,,,,,,,,,1610612762,2026,2025-26,False
1628374-1641718-1641729-1642271-203994,1610612762,"Lauri Markkanen, Keyonte George, Brice Sensabaugh, Kyle Filipowski, Jusuf Nurkić","Markkanen, George, Sensabaugh, Filipowski, Nurkić",1628374-1641718-1641729-1642271-203994,UTA,67.0,1,1.0,-7.0,2.0,3.0,,,1.0,5.0,,1.0,,1.0,,,,,,,,,,3.0,,,,,7.0,,1.0,,,,,,,,,,,,,,,,,,,,,1.0,,,1.0,1.0,,,,,,,,,,,,,,,,,,,,,,,,,,,,,,,,,,,,,,,0.3333333333333333,,,0.3333333333333333,,,,,107.46268656716417,22.5,7.333333333333333,22.0,5.666666666666667,0.3333333333333333,,,,,,,,,,,,,1.0,,,,,0.3333333333333333,0.5142333333333333,0.623,,,,,,,9.366666666666667,,,,,,,,,,,,,,,,,,,,,,,,,2.0,,,,,,,,,,,,,,,,,,,,,,,,,,0.5,,,,0.6666666666666666,,,,,,,,,,,,,,,,,,,,,,,,,,,,,,1610612762,2026,2025-26,False
1628374-1641718-1641729-1642846-203994,1610612762,"Lauri Markkanen, Keyonte George, Brice Sensabaugh, Ace Bailey, Jusuf Nurkić","Markkanen, George, Sensabaugh, Bailey, Nurkić",1628374-1641718-1641729-1642846-203994,UTA,124.0,1,2.0,-3.0,4.0,3.0,,3.0,2.0,7.0,,,,,,,,2.0,,,1.0,,,2.0,,1.0,2.0,2.0,5.0,,1.0,,,,,,,,,,,1.0,,,,,,,,,1.0,1.0,1.0,1.0,2.0,3.0,,,1.0,1.0,1.0,2.0,,,,2.0,2.0,,,1.0,,2.0,,,,,,,,,,,,,,,0.25,,,0.3333333333333333,,,0.5,0.5,0.5,1.0,0.5,0.6666666666666666,0.5,1.0,,,81.29032258064515,20.0,14.666666666666666,15.25,14.666666666666666,,,,,0.6666666666666666,,,,,,,,0.3333333333333333,,,,,,0.3333333333333333,0.47295,0.4063,,0.25,0.3333333333333333,,,,9.15,25.0,,,,,,,,,,,,2.0,1.0,2.0,1.0,,0.5,,,,,,,,,,,,,,,,,,,,1.0,,,1.0,,,,,,,,,,,1.0,,,,,,,,,,,,,1.0,,,,,1.0,,,,,,,,,,,,,,,1610612762,2026,2025-26,False
1628374-1641718-1641989-1642262-1642271,1610612762,"Lauri Markkanen, Keyonte George, Elijah Harkless, Cody Williams, Kyle Filipowski","Markkanen, George, Harkless, Williams, Filipowski",1628374-1641718-1641989-1642262-1642271,UTA,2.0,1,,1.0,,,,,,,,,,,,,,,,,,,,,,,1.0,1.0,,,,,,,,1.0,1.0,,,,,,,,,,,,,,,,,,,,,,,,,,,,,1.0,2.0,,,,,1.0,,-1.0,,,,,,,,,,,,,0.5,,0.5,,,,,,,,,,,,,,,,,,,,,,,,,,,,,,,,,,,,,,,,,,,,,1.0,,,,,,,,,,,,,,,,,,,,,,,,,,,,,,,,,,,,,,,,,,,,1.0,,,,,,,,,,,,,,,,,,,,,,,,,,,,,,,,,,,,,,,,,,1610612762,2026,2025-26,False
1628374-1641718-1641989-1642262-203994,1610612762,"Lauri Markkanen, Keyonte George, Elijah Harkless, Cody Williams, Jusuf Nurkić","Markkanen, George, Harkless, Williams, Nurkić",1628374-1641718-1641989-1642262-203994,UTA,317.7,1,5.0,5.0,12.0,10.0,2.0,8.0,,22.0,3.0,5.0,,,1.0,1.0,2.0,2.0,1.0,1.0,1.0,,5.0,7.0,1.0,2.0,2.0,15.0,10.0,,,,1.0,1.0,,1.0,3.0,8.0,2.0,3.0,,1.0,,4.0,1.0,5.0,1.0,3.0,1.0,11.0,,,1.0,3.0,,3.0,1.0,,,,2.0,2.0,,2.0,2.0,4.0,3.0,1.0,,2.0,,15.0,3.0,2.0,,0.8,0.8,1.0,0.5,0.5,0.7142857142857143,,1.0,0.7222222222222222,,1.0,0.75,,1.5,0.2222222222222222,,,,0.5,,,0.75,,,,,1.0,99.71671388101983,11.458333333333334,18.02,11.458333333333334,17.72,0.5555555555555556,0.6,0.6,1.0,0.2222222222222222,1.0,1.0,0.5,0.1111111111111111,1.0,1.0,1.0,0.1111111111111111,,,1.0,1.0,,0.7777777777777778,0.6080833333333333,,0.6317,0.2,0.25,,,0.2,4.128571428571428,24.25,0.16666666666666666,2.0,,1.0,1.0,1.0,,,,,,1.0,,1.0,,,,,,,,,,,,,,,,,,,,,1.0,,,,,1.0,1.0,,,,,,,,,,,1.0,,,,,,,,,,,,1.0,,,,,,,,,,,,,,,,,,,,1610612762,2026,2025-26,False
1628374-1641718-1641989-1642271-203994,1610612762,"Lauri Markkanen, Keyonte George, Elijah Harkless, Kyle Filipowski, Jusuf Nurkić","Markkanen, George, Harkless, Filipowski, Nurkić",1628374-1641718-1641989-1642271-203994,UTA,0.5,1,,2.0,1.0,,1.0,,,1.0,,,,,,,,,,,,,,,,,2.0,2.0,,,,,,,,2.0,2.0,,,,,,,,,,,,,,,,,,,,,,,,,,,,,1.0,2.0,,,,,2.0,,,,,,,,,,,,,,,1.0,,1.0,,,,,,,,,,,,,,2880.0,0.5,,0.5,,,,,,,,,,,,,,,,,,,,,,,,,,,,1.0,,,1.0,,,,,,,,,,,,,,,,,,,,,,,,,,,,,,,,,,,,,,,,,1.0,,,,,,,,,,,,,,,,,,,,,,,,,,,,,,,,,,,,,,,,,,1610612762,2026,2025-26,False
1628374-1641718-1641989-1642383-201567,1610612762,"Lauri Markkanen, Keyonte George, Elijah Harkless, Walter Clayton Jr., Kevin Love","Markkanen, George, Harkless, Clayton Jr., Love",1628374-1641718-1641989-1642383-201567,UTA,144.0,1,2.0,-4.0,4.0,4.0,,,,8.0,,,,,,,1.0,1.0,,,2.0,,1.0,1.0,1.0,2.0,2.0,7.0,11.0,,,,,,,,,2.0,,3.0,,2.0,,1.0,1.0,2.0,,,1.0,5.0,,,,,,,,,,,,,1.0,1.0,,1.0,2.0,,,1.0,,7.0,,,,1.0,1.0,1.0,0.5,0.5,1.0,,,0.8333333333333334,,,0.875,,,0.6666666666666666,,,,,,,,,,,,,80.0,23.0,13.0,23.0,13.0,,,,,0.3333333333333333,1.0,1.0,1.0,,,,,0.6666666666666666,,,,,,0.6666666666666666,0.47248333333333337,,,0.25,0.5,,,,4.2,25.45,,,,,,,1.0,,,1.0,1.0,,,,,,,0.5,0.5,1.0,,0.5,,,,,,,,,,,,,,,,,,,,,,,,,,,,,,,,,,,,,,,,,,,,,,,,,,,,,,,,,,,,,,1610612762,2026,2025-26,False
1628374-1641718-1641989-1642846-201567,1610612762,"Lauri Markkanen, Keyonte George, Elijah Harkless, Ace Bailey, Kevin Love","Markkanen, George, Harkless, Bailey, Love",1628374-1641718-1641989-1642846-201567,UTA,530.0,2,9.0,2.0,16.0,16.0,,2.0,1.0,32.0,1.0,2.0,1.0,1.0,,,2.0,3.0,1.0,1.0,4.0,,5.0,9.0,3.0,5.0,3.0,22.0,20.0,1.0,1.0,3.0,,,,,,4.0,6.0,6.0,2.0,4.0,,2.0,2.0,4.0,1.0,,1.0,10.0,,1.0,2.0,7.0,1.0,8.0,,,2.0,2.0,,2.0,2.0,5.0,,4.0,3.0,1.0,,2.0,,19.0,,,,0.4,0.5,0.6666666666666666,0.6,0.6,0.5555555555555556,1.0,,0.6785714285714286,1.0,,0.7333333333333333,1.5,,0.35714285714285715,,,1.0,0.6666666666666666,0.25,,0.7777777777777778,0.16666666666666666,,,1.0,0.5,86.94339622641509,16.0625,17.0625,16.0625,16.3125,0.14285714285714285,0.5,0.5,,0.21428571428571427,0.6666666666666666,0.6666666666666666,0.5,0.07142857142857142,1.0,1.0,1.0,0.2857142857142857,1.0,1.0,,,,0.5,0.5035214285714286,0.6062,,0.13333333333333333,0.2,,0.13636363636363635,,10.7,25.080000000000002,,5.0,,,0.8333333333333334,1.0,2.0,,,2.0,1.0,,,,,,,0.5,0.5,0.5,,0.5,2.0,4.0,,,,,,,1.0,3.0,,,,,,,,,,,,,,,,,1.0,,,,,0.2857142857142857,0.5,0.5,,,,,,,,,,,,,,,,,,,,1.0,0.5,,,,,,,1610612762,2026,2025-26,False
1628374-1641718-1641989-1642846-203994,1610612762,"Lauri Markkanen, Keyonte George, Elijah Harkless, Ace Bailey, Jusuf Nurkić","Markkanen, George, Harkless, Bailey, Nurkić",1628374-1641718-1641989-1642846-203994,UTA,190.0,2,3.0,1.0,5.0,6.0,,,2.0,11.0,1.0,2.0,1.0,2.0,,,,2.0,1.0,1.0,3.0,,1.0,4.0,3.0,4.0,,11.0,10.0,1.0,3.0,2.0,,,,,,,2.0,9.0,2.0,3.0,1.0,,3.0,3.0,1.0,,,9.0,1.0,3.0,,,4.0,4.0,,,,,1.0,1.0,,,,,,,,,,9.0,,,,,,1.0,0.75,0.75,0.25,0.3333333333333333,,0.6875,0.3333333333333333,,0.6875,0.3333333333333333,,0.5,0.25,0.5,,,1.0,1.0,,1.0,1.0,1.0,,,83.36842105263159,16.0,18.333333333333332,14.0,18.166666666666668,0.25,0.5,0.5,,0.25,,,,0.125,1.0,1.0,1.0,0.375,0.6666666666666666,0.5,,,,0.75,0.53289375,0.6227,,,,,0.18181818181818182,,5.075,26.5,,,,,,,2.0,,,2.0,2.0,,,,,,,0.6666666666666666,0.6666666666666666,1.0,,0.6666666666666666,,,,,,,,,,,,1.0,,,1.0,,,,,,,,,,,,1.0,,,,0.3333333333333333,,,,,,,,,,,,,,,,,,,,,,,,,,,,,,,1610612762,2026,2025-26,False
1628374-1641718-1642262-1642383-203937,1610612762,"Lauri Markkanen, Keyonte George, Cody Williams, Walter Clayton Jr., Kyle Anderson","Markkanen, George, Williams, Clayton Jr., Anderson",1628374-1641718-1642262-1642383-203937,UTA,150.0,1,2.0,,5.0,5.0,5.0,3.0,,10.0,1.0,1.0,,,1.0,1.0,1.0,1.0,,,1.0,1.0,2.0,2.0,1.0,1.0,2.0,9.0,9.0,,,,2.0,2.0,1.0,2.0,9.0,2.0,2.0,3.0,,1.0,,1.0,1.0,2.0,,,1.0,5.0,,,,,,,,,1.0,,,1.0,,1.0,,1.0,2.0,,,,,9.0,9.0,5.0,,0.5,0.5,1.0,1.0,1.0,1.0,,1.0,1.1666666666666667,,1.1666666666666667,1.125,,1.125,0.3333333333333333,,,1.0,,,,,,,,,,96.0,13.4,16.6,13.4,16.520000000000003,0.3333333333333333,1.0,1.0,,0.3333333333333333,1.0,1.0,1.0,,,,,0.3333333333333333,,,0.3333333333333333,1.0,0.3333333333333333,0.6666666666666666,0.45265,,0.45265,,,,,1.0,3.7,26.6,1.0,,1.0,1.0,,,1.0,1.0,1.0,1.0,1.0,1.0,,1.0,,1.0,,1.0,1.0,1.0,1.0,1.0,,,,,,,,,,,,,,,,,,1.0,,1.0,,1.0,,,,,,,,,,,,,,,,,,,,1.0,,,,,,,,,,,,,,,,,,,,1610612762,2026,2025-26,False
1628374-1641718-1642271-1642383-203994,1610612762,"Lauri Markkanen, Keyonte George, Kyle Filipowski, Walter Clayton Jr., Jusuf Nurkić","Markkanen, George, Filipowski, Clayton Jr., Nurkić",1628374-1641718-1642271-1642383-203994,UTA,101.0,1,2.0,-4.0,3.0,3.0,,,,6.0,,,,,,,1.0,1.0,,,2.0,,1.0,1.0,,2.0,,2.0,6.0,,,,,,,,,2.0,,,,2.0,,1.0,,1.0,,,1.0,2.0,,,,1.0,,1.0,,,,,,,,,,,,,,,,2.0,,,,1.0,1.0,,,,1.0,,,0.3333333333333333,,,0.3333333333333333,,,0.6666666666666666,,,,,,,1.0,,,,,,85.54455445544555,22.333333333333332,11.333333333333334,22.333333333333332,11.333333333333334,,,,,0.3333333333333333,1.0,1.0,1.0,,,,,0.6666666666666666,,,,,,0.6666666666666666,0.48925,,,,,,,,10.5,26.9,,1.0,,,1.0,,,,,,,,,,,,,,,,,,,,,,,,,,,,,,,,,,,,,,,,,,,,,,,1.0,,,,,,,,,,,,,,,,,,,,,,,,,,,,,,,,1610612762,2026,2025-26,False
1628374-1641729-1642271-1642383-203994,1610612762,"Lauri Markkanen, Brice Sensabaugh, Kyle Filipowski, Walter Clayton Jr., Jusuf Nurkić","Markkanen, Sensabaugh, Filipowski, Clayton Jr., Nurkić",1628374-1641729-1642271-1642383-203994,UTA,155.0,2,3.0,5.0,6.0,6.0,4.0,5.0,1.0,12.0,3.0,3.0,,,2.0,2.0,,,1.0,1.0,4.0,1.0,3.0,3.0,1.0,5.0,1.0,10.0,5.0,,,,2.0,2.0,2.0,,7.0,6.0,,3.0,,4.0,,3.0,1.0,4.0,1.0,3.0,,9.0,2.0,,,2.0,2.0,4.0,2.0,2.0,,,,,,1.0,,1.0,1.0,1.0,,1.0,,10.0,7.0,4.0,,1.0,1.0,1.0,0.2,0.2,1.0,,1.0,0.5625,,0.875,0.625,,0.875,0.625,,,,,,0.5,0.6666666666666666,0.5,,0.5,,,111.48387096774194,12.966666666666667,12.866666666666667,10.966666666666667,12.866666666666667,0.375,1.0,1.0,1.0,,,,,0.125,1.0,1.0,1.0,0.5,,,0.5,1.0,0.25,1.0,0.5671375,,0.564375,0.125,0.3333333333333333,,,0.7,2.733333333333333,25.68,0.6666666666666666,2.0,,,0.6666666666666666,0.5,,,1.0,,,,,,,0.5,,,,,,,,,,,,2.0,,2.0,,,,,,,,1.0,,,,,,,,,,,,,,1.0,,,,,,,,,1.0,,,,1.0,1.0,0.25,1.0,,,,,,,,,,,,,,,,1610612762,2026,2025-26,False
1628374-1641729-1642383-1642846-201567,1610612762,"Lauri Markkanen, Brice Sensabaugh, Walter Clayton Jr., Ace Bailey, Kevin Love","Markkanen, Sensabaugh, Clayton Jr., Bailey, Love",1628374-1641729-1642383-1642846-201567,UTA,270.79999999999995,1,5.0,-10.0,10.0,10.0,7.0,7.0,1.0,20.0,,,,,,,1.0,1.0,,1.0,4.0,2.0,1.0,1.0,1.0,5.0,5.0,10.0,20.0,1.0,1.0,2.0,1.0,1.0,3.0,4.0,6.0,2.0,,3.0,,4.0,,1.0,1.0,2.0,,,1.0,5.0,1.0,,,1.0,1.0,2.0,1.0,,1.0,1.0,1.0,2.0,4.0,5.0,1.0,3.0,6.0,,,2.0,,8.0,6.0,7.0,,1.0,1.0,1.0,0.2,0.2,1.0,1.0,1.0,0.4166666666666667,1.0,0.25,0.5555555555555556,1.0,0.5,0.8333333333333334,,,0.5,,,0.25,0.5,0.25,,0.3333333333333333,,,106.35155096011819,14.469999999999999,12.61,14.169999999999998,12.51,,,,,0.16666666666666666,1.0,1.0,1.0,0.16666666666666666,,,,0.6666666666666666,,,,,0.5,0.8333333333333334,0.5400583333333333,,0.5339,0.25,0.6666666666666666,,0.2,0.6,10.4,26.02,0.7,1.0,,2.0,1.0,1.0,1.0,,,1.0,1.0,,,,,,,0.25,0.25,1.0,,0.25,,,,,,,,,,,,1.0,1.0,,,,,,,1.0,,1.0,,,,,,,,,0.25,,,,,,,,,,,,,1.0,0.25,,,,,,,,,,,,,,,,,1610612762,2026,2025-26,False
1628374-1641729-1642383-1642846-203994,1610612762,"Lauri Markkanen, Brice Sensabaugh, Walter Clayton Jr., Ace Bailey, Jusuf Nurkić","Markkanen, Sensabaugh, Clayton Jr., Bailey, Nurkić",1628374-1641729-1642383-1642846-203994,UTA,123.0,1,2.0,,5.0,5.0,2.0,5.0,,10.0,,,,,,,2.0,2.0,,,1.0,,2.0,2.0,,1.0,1.0,5.0,5.0,,,,,,,,,2.0,2.0,,,1.0,,1.0,,1.0,,,1.0,2.0,,,2.0,3.0,,3.0,,,1.0,1.0,1.0,2.0,,,,2.0,2.0,1.0,,1.0,,5.0,,2.0,,0.5,0.5,,,,1.0,,,0.6666666666666666,,,0.8333333333333334,,,0.3333333333333333,,,0.5,1.0,,,1.0,,,,1.0,,117.07317073170732,11.0,13.6,11.0,13.6,,,,,0.6666666666666666,1.0,1.0,0.5,,,,,0.3333333333333333,,,,,,0.3333333333333333,0.4923,,,0.3333333333333333,0.5,,,,5.9,27.2,0.4,1.0,,2.0,1.0,1.0,,,,,,,,,,,,,,,,,,,,,,,,,,,,,,,,,,,,,,,,,,,,,,,,,,,,,,,,,,,,,,,,1.0,,,,1.0,,,,,,,,,,1610612762,2026,2025-26,False
1628374-1641989-1642271-1642383-201567,1610612762,"Lauri Markkanen, Elijah Harkless, Kyle Filipowski, Walter Clayton Jr., Kevin Love","Markkanen, Harkless, Filipowski, Clayton Jr., Love",1628374-1641989-1642271-1642383-201567,UTA,96.9,1,2.0,-1.0,4.0,3.0,4.0,3.0,,7.0,,,,,,,,,1.0,1.0,1.0,1.0,,,1.0,2.0,2.0,5.0,6.0,,,,,,2.0,2.0,5.0,,,3.0,,1.0,,,1.0,1.0,1.0,,,3.0,,,,,,,,,1.0,1.0,,1.0,1.0,1.0,,1.0,2.0,,,,,5.0,5.0,4.0,,,,1.0,0.5,0.5,,,,0.75,,0.75,0.8333333333333334,,0.8333333333333334,1.0,,,1.0,,,,,,,,,,104.02476780185759,18.225,8.0,18.225,8.0,,,,,,,,,0.5,1.0,1.0,1.0,0.5,,,,,0.5,1.0,0.489675,,0.489675,,,,,1.0,,25.8,1.0,,,1.0,,,,,1.0,,,,,,,0.5,,,,,,,,,,,,,,,,,,,,,,,,,,1.0,,1.0,,,,,,,,,,,,,,,,,,,,,1.0,1.0,0.5,1.0,,,,,,,,,,,,,,,,1610612762,2026,2025-26,False
1628374-1641989-1642383-1642846-201567,1610612762,"Lauri Markkanen, Elijah Harkless, Walter Clayton Jr., Ace Bailey, Kevin Love","Markkanen, Harkless, Clayton Jr., Bailey, Love",1628374-1641989-1642383-1642846-201567,UTA,34.0,1,1.0,4.0,2.0,1.0,2.0,1.0,1.0,3.0,,,,,,,,,,,2.0,2.0,,,1.0,2.0,1.0,4.0,,,,3.0,,,2.0,1.0,4.0,,,3.0,,2.0,,,1.0,1.0,,,,3.0,,,,1.0,1.0,2.0,,,,,,,,,,1.0,2.0,,,,,1.0,4.0,2.0,,,,1.0,0.5,0.5,,,,0.75,1.5,0.75,0.6666666666666666,1.5,0.6666666666666666,1.0,,,,,,,1.0,,,,,,127.05882352941177,13.5,7.0,11.5,7.0,,,,,,,,,,,,,1.0,,,,,1.0,1.0,0.5247,0.53085,0.5247,,,,0.75,1.0,,28.05,1.0,1.0,,,1.0,1.0,1.0,1.0,1.0,1.0,1.0,,,,,0.5,,0.5,0.5,1.0,0.5,0.5,,,,,1.0,1.0,1.0,1.0,,,,,,,,,,,,1.0,,1.0,1.0,,,,,,,,,,,,,,,,1.0,1.0,1.0,,,,,,,,,,,,,,,,,,1.0,1.0,,1610612762,2026,2025-26,False
1628374-1641989-1642383-1642846-203994,1610612762,"Lauri Markkanen, Elijah Harkless, Walter Clayton Jr., Ace Bailey, Jusuf Nurkić","Markkanen, Harkless, Clayton Jr., Bailey, Nurkić",1628374-1641989-1642383-1642846-203994,UTA,26.0,1,,,1.0,,1.0,,,1.0,,,,,,,,1.0,,,,,,1.0,,,,,,,,,,1.0,,,,,,,,,,,,,,,,,,,,,,,,,,,,,,,,,,,,,,,,1.0,,,,,,,,,,,,,,,,,,,,,,,,,,,,,55.38461538461538,20.0,,20.0,,,,,,1.0,,,,,,,,,,,,,,,0.3974,,0.3974,,,,,,7.3,,1.0,,,,,,,,,,,,,,,,,,,,,,,,,,,,,,,,,,,,,,,,,,,,,,,,,,,,,,,,,,,,,,,,,,,,,,,,,,,,,,,,,,,1610612762,2026,2025-26,False
1628374-1642262-1642271-1642383-203994,1610612762,"Lauri Markkanen, Cody Williams, Kyle Filipowski, Walter Clayton Jr., Jusuf Nurkić","Markkanen, Williams, Filipowski, Clayton Jr., Nurkić",1628374-1642262-1642271-1642383-203994,UTA,158.0,1,3.0,-1.0,6.0,7.0,,,,13.0,,1.0,,,,,,,,,2.0,,,1.0,1.0,2.0,2.0,5.0,6.0,,,,,,,,,,,3.0,,2.0,1.0,,1.0,1.0,,,,3.0,,,2.0,3.0,,3.0,,,2.0,1.0,,2.0,1.0,1.0,,2.0,2.0,,,1.0,,5.0,,,,,,1.0,0.5,0.5,,,,0.5,,,0.625,,,0.6666666666666666,1.0,,1.0,1.0,,,1.0,,,,1.0,1.0,118.48101265822785,13.5,11.0,13.5,11.0,0.3333333333333333,,,,,,,,,,,,0.6666666666666666,,,,,,1.0,0.5968333333333333,,,0.25,0.5,,,,1.4,27.2,,1.0,1.0,,1.0,1.0,1.0,,,1.0,1.0,,,,,,,0.5,0.5,1.0,,0.5,,,,,,,,,,,,,,,,,,,,,,,,,1.0,,,,,,,,,,,,,,,,,,,,,,,,,,,,,,,,,,,,,1610612762,2026,2025-26,False
1628374-1642271-1642383-1642846-203994,1610612762,"Lauri Markkanen, Kyle Filipowski, Walter Clayton Jr., Ace Bailey, Jusuf Nurkić","Markkanen, Filipowski, Clayton Jr., Bailey, Nurkić",1628374-1642271-1642383-1642846-203994,UTA,47.2,1,1.0,2.0,2.0,2.0,1.0,2.0,,4.0,,,,,,,1.0,1.0,,,,,1.0,1.0,,,,2.0,,,,,,,,,,2.0,,,,,,1.0,,1.0,,,1.0,2.0,,,1.0,2.0,,2.0,,,1.0,1.0,,1.0,,,,1.0,,,,,,2.0,,1.0,,1.0,1.0,,,,1.0,,,1.0,,,1.0,,,,,,1.0,1.0,,,1.0,,,,1.0,,122.03389830508473,16.0,7.6,16.0,7.6,,,,,1.0,1.0,1.0,1.0,,,,,,,,,,,,0.4237,,,,,,,,5.8,,0.5,1.0,,1.0,1.0,1.0,,,,,,,,,,,,,,,,,,,,,,,,,,,,,,,,,,,,,,,,,,,,,,,,,,,,,,,,,,,,,,,,,,,,,,,,,,,,,,1610612762,2026,2025-26,False
1629004-1631117-1641718-1641729-1642271,1610612762,"Svi Mykhailiuk, Walker Kessler, Keyonte George, Brice Sensabaugh, Kyle Filipowski","Mykhailiuk, Kessler, George, Sensabaugh, Filipowski",1629004-1631117-1641718-1641729-1642271,UTA,222.0,2,4.0,1.0,6.0,7.0,,,,13.0,,,,,,,,,1.0,1.0,2.0,,1.0,1.0,1.0,3.0,1.0,6.0,5.0,,,,,,,,,,2.0,3.0,,2.0,,,1.0,1.0,1.0,,,3.0,,,3.0,5.0,,5.0,,,,,1.0,1.0,,1.0,,1.0,2.0,,,1.0,,6.0,,,,,,1.0,0.3333333333333333,0.3333333333333333,1.0,,,0.625,,,0.6,,,0.75,,,,1.0,,,1.0,,,,1.0,1.0,84.32432432432432,17.5,16.714285714285715,17.5,16.714285714285715,,,,,,,,,0.25,1.0,1.0,1.0,0.5,,,,,,0.75,0.531475,,,0.2,0.5,,,,14.8,25.400000000000002,,2.0,,,1.0,1.0,,,,,,,,,,,,,,,,,1.0,1.0,,,,,,,,,,,,,,1.0,,,,,,,,,,,,,1.0,,,0.25,1.0,1.0,,,,,,,,,,,,,,,,,,,,,,,,,,,,1610612762,2026,2025-26,False
1629004-1631117-1641718-1642271-1642383,1610612762,"Svi Mykhailiuk, Walker Kessler, Keyonte George, Kyle Filipowski, Walter Clayton Jr.","Mykhailiuk, Kessler, George, Filipowski, Clayton Jr.",1629004-1631117-1641718-1642271-1642383,UTA,86.0,1,1.0,-3.0,3.0,4.0,,,,7.0,,,,,,,1.0,1.0,,,1.0,,1.0,1.0,,1.0,,2.0,5.0,,,,,,,,,,2.0,,,1.0,,,,,,,,,,,,2.0,,2.0,,,1.0,,,1.0,1.0,1.0,,,,,,,,2.0,,,,,,,,,1.0,,,0.5,,,0.5,,,0.5,,,1.0,,,,1.0,,,,,,117.20930232558139,14.666666666666666,10.5,14.666666666666666,10.5,,,,,0.5,1.0,1.0,,,,,,0.5,,,,,,0.5,0.4682,,,,,,,,7.1,26.0,,2.0,1.0,,1.0,1.0,,,,,,,,,,,,,,,,,,,,,,,,,,,,,,,,,,,,,,,,,,,,,,1.0,,,,,,,,,,,,,,,,,,,,,,,,,,,,,,,,1610612762,2026,2025-26,False
1629004-1631117-1641718-1642271-1642846,1610612762,"Svi Mykhailiuk, Walker Kessler, Keyonte George, Kyle Filipowski, Ace Bailey","Mykhailiuk, Kessler, George, Filipowski, Bailey",1629004-1631117-1641718-1642271-1642846,UTA,156.0,2,3.0,-1.0,5.0,4.0,2.0,,2.0,9.0,,1.0,,,,1.0,,1.0,1.0,2.0,1.0,1.0,,2.0,1.0,3.0,,3.0,4.0,,1.0,,,2.0,1.0,,,,,3.0,,1.0,1.0,,1.0,1.0,1.0,,,3.0,1.0,1.0,,2.0,2.0,4.0,,,2.0,1.0,,2.0,1.0,2.0,,1.0,,,,,,3.0,,2.0,,,,1.0,0.3333333333333333,0.3333333333333333,,,,0.3,,,0.3,,,0.6,0.5,,1.0,,0.5,0.5,0.6666666666666666,0.5,,1.0,,,83.07692307692308,18.0,16.5,17.4,12.25,0.2,,,,0.2,,,,0.4,0.5,0.5,1.0,0.2,,,0.3333333333333333,,0.3333333333333333,0.8,0.54731,,0.5118833333333334,,,,,,4.8,24.0,0.4,2.0,1.0,1.0,0.6666666666666666,0.6666666666666666,,,,,,,,,,,,,,,,,,,,,,,,,,,,,,,1.0,,,,,,,,,,1.0,,1.0,,,,,,,,,,,,,,,,,,,,,,,,,,,,,,,,,,,1610612762,2026,2025-26,False
1629004-1631117-1641718-1642846-203937,1610612762,"Svi Mykhailiuk, Walker Kessler, Keyonte George, Ace Bailey, Kyle Anderson","Mykhailiuk, Kessler, George, Bailey, Anderson",1629004-1631117-1641718-1642846-203937,UTA,112.0,1,2.0,2.0,2.0,3.0,2.0,,1.0,5.0,2.0,2.0,1.0,1.0,2.0,2.0,,2.0,,,,,2.0,4.0,,,,4.0,2.0,1.0,1.0,2.0,2.0,4.0,,,4.0,2.0,2.0,,2.0,,,1.0,,1.0,,1.0,,2.0,,1.0,,1.0,1.0,2.0,1.0,1.0,,,,,,1.0,,1.0,1.0,1.0,,1.0,,2.0,4.0,2.0,,0.5,1.0,,,,0.5,1.0,0.5,0.5,1.0,0.5,0.5,1.0,0.5,,,,,,0.5,,0.5,0.5,0.5,,,,64.28571428571428,20.0,24.0,20.0,24.0,0.5,1.0,1.0,0.5,0.5,,,,,,,,,1.0,1.0,0.5,1.0,,0.5,0.5885,0.6282,0.5885,0.25,0.25,,0.5,1.0,5.425,,1.0,1.0,,,0.5,1.0,,,,,,,,,,,,,,,,,,,,,,,,,,,,,,,,,,,,,,,,,,,,,,,,,,,,,,,,,,,,,,,,,,,,,,,,,,,,,,1610612762,2026,2025-26,False
1629004-1631117-1642262-1642846-203937,1610612762,"Svi Mykhailiuk, Walker Kessler, Cody Williams, Ace Bailey, Kyle Anderson","Mykhailiuk, Kessler, Williams, Bailey, Anderson",1629004-1631117-1642262-1642846-203937,UTA,125.0,1,2.0,-5.0,3.0,4.0,,3.0,2.0,7.0,1.0,1.0,,,,,,,,1.0,1.0,,1.0,1.0,,2.0,,2.0,7.0,,,,,,,,,,2.0,,,1.0,,,,,,,,,2.0,,,,2.0,2.0,1.0,1.0,1.0,,1.0,2.0,1.0,1.0,,,,,,,,2.0,,,,,,,,,1.0,,,0.3333333333333333,,,0.3333333333333333,,,0.6666666666666666,,,0.5,,,1.0,,1.0,,1.0,,,80.64,20.0,16.25,19.333333333333332,16.25,0.3333333333333333,1.0,1.0,,,,,,0.3333333333333333,,,,0.3333333333333333,,,,,,1.0,0.6304,,,,,,,,1.1,26.65,,,1.0,,,,,,,,,,,,,,,,,,,,,,,,,,,,,,,,,1.0,2.0,,,,,,,,,,,,,,,,,,,,,,,,,,,,,,,,,,1.0,,,,,,,,,,,,,1610612762,2026,2025-26,False
1629004-1641707-1641718-1642383-203994,1610612762,"Svi Mykhailiuk, Taylor Hendricks, Keyonte George, Walter Clayton Jr., Jusuf Nurkić","Mykhailiuk, Hendricks, George, Clayton Jr., Nurkić",1629004-1641707-1641718-1642383-203994,UTA,72.0,1,1.0,-2.0,2.0,2.0,,,,4.0,1.0,1.0,,,,,,1.0,,,,,1.0,2.0,,,,2.0,4.0,,,,,,,,,2.0,,,,,,1.0,,1.0,,1.0,,2.0,,1.0,,,1.0,1.0,,,1.0,,,1.0,,,,,,,,,,2.0,,,,1.0,1.0,,,,0.5,,,0.5,,,0.5,,,,,,1.0,,1.0,,,1.0,1.0,,,,80.0,26.0,10.0,26.0,10.0,0.5,1.0,1.0,1.0,0.5,,,,,,,,,,,,,,0.5,0.58235,,,,,,,,3.5,,,,1.0,,,,,,,,,,,,,,,,,,,,,,,,,,,,,,,,,,,,,,,,,,,,,,,,,,,,,,,,,,,,,,,,,,,,,,,,,,,,,,,,,1610612762,2026,2025-26,False
1629004-1641707-1641729-1642383-203994,1610612762,"Svi Mykhailiuk, Taylor Hendricks, Brice Sensabaugh, Walter Clayton Jr., Jusuf Nurkić","Mykhailiuk, Hendricks, Sensabaugh, Clayton Jr., Nurkić",1629004-1641707-1641729-1642383-203994,UTA,313.0,1,5.0,6.0,13.0,12.0,6.0,9.0,1.0,25.0,1.0,1.0,,,,,4.0,4.0,,,4.0,1.0,5.0,5.0,1.0,4.0,6.0,19.0,13.0,1.0,1.0,2.0,2.0,2.0,1.0,4.0,11.0,6.0,4.0,3.0,,4.0,,3.0,1.0,4.0,,1.0,2.0,9.0,1.0,,,3.0,1.0,4.0,2.0,1.0,1.0,,1.0,2.0,2.0,3.0,1.0,3.0,6.0,,,2.0,,17.0,11.0,6.0,,0.6,0.6,1.0,0.25,0.25,1.0,1.0,1.0,0.7222222222222222,1.0,1.1666666666666667,0.7916666666666666,1.0,1.1,0.4444444444444444,,,0.5,,,0.3333333333333333,0.75,0.3333333333333333,,0.3333333333333333,,,115.01597444089457,10.546153846153846,14.658333333333333,10.315384615384614,13.991666666666667,0.1111111111111111,1.0,1.0,1.0,0.4444444444444444,1.0,1.0,0.5,,,,,0.4444444444444444,,,,,0.3333333333333333,0.5555555555555556,0.4999055555555556,,0.4842666666666667,0.18181818181818182,0.2857142857142857,,0.10526315789473684,0.5789473684210527,7.220000000000001,26.1,0.46153846153846156,3.0,1.0,1.0,1.0,1.0,1.0,1.0,1.0,1.0,1.0,1.0,,1.0,,1.0,,0.25,0.25,1.0,1.0,0.25,,,,,,,,,,,,,1.0,,,,,1.0,,1.0,,1.0,,,,,,,,1.0,,,,,,,,,,,,1.0,,,,,,,,,,,,,,,,,,,,1610612762,2026,2025-26,False
1629004-1641707-1642262-1642383-203937,1610612762,"Svi Mykhailiuk, Taylor Hendricks, Cody Williams, Walter Clayton Jr., Kyle Anderson","Mykhailiuk, Hendricks, Williams, Clayton Jr., Anderson",1629004-1641707-1642262-1642383-203937,UTA,107.0,1,2.0,1.0,3.0,3.0,2.0,,,6.0,,1.0,,,,,,,,,1.0,1.0,,1.0,1.0,1.0,,3.0,2.0,,,,,,1.0,,3.0,,,,,1.0,,,,,,,,,,,1.0,2.0,,2.0,,,,,1.0,1.0,1.0,2.0,1.0,1.0,,,,,,3.0,3.0,2.0,,,,,1.0,1.0,,,,0.75,,1.5,0.75,,1.5,0.5,,,,1.0,,,0.6666666666666666,,,,,,80.74766355140187,16.666666666666668,19.0,16.666666666666668,13.666666666666666,0.5,,,,,,,,,,,,0.5,,,,,1.0,1.0,0.485075,,0.44355,,,,,1.0,3.0,29.6,0.6666666666666666,1.0,,1.0,0.5,0.5,1.0,1.0,1.0,1.0,,,,,,1.0,,1.0,1.0,,1.0,1.0,,,,,,,,,,3.0,,,,,,,,,,,,,,,,,,,1.0,,,,,,,,,,,,,,,,,,,,,,,,,,,,,,,,,1610612762,2026,2025-26,False
1629004-1641707-1642271-1642383-203994,1610612762,"Svi Mykhailiuk, Taylor Hendricks, Kyle Filipowski, Walter Clayton Jr., Jusuf Nurkić","Mykhailiuk, Hendricks, Filipowski, Clayton Jr., Nurkić",1629004-1641707-1642271-1642383-203994,UTA,54.0,1,1.0,,2.0,2.0,,,1.0,4.0,,2.0,,1.0,,,,,,,,,,2.0,,,,,,,1.0,,,,,,,,,,,,,,,,,,,,,,1.0,2.0,,2.0,,,,,,,,1.0,,1.0,,,,,,,,,,,,,,,,,,,,,,,,,,,,0.5,,,0.6666666666666666,,,,0.5,,106.66666666666666,13.5,13.5,8.0,12.5,1.0,,,,,,,,,,,,,1.0,,,,,1.0,0.6191,0.4989,,,,,,,2.65,,,1.0,,,1.0,,,,,,,1.0,1.0,1.0,,,,,,,,,,,,,,,,,,,,,,,,,,,,,,,,,,,,,,1.0,,,,,,,,,,,,,,,,,,,,,,,,,,,,,,,,1610612762,2026,2025-26,False
1629004-1641718-1642271-1642846-201567,1610612762,"Svi Mykhailiuk, Keyonte George, Kyle Filipowski, Ace Bailey, Kevin Love","Mykhailiuk, George, Filipowski, Bailey, Love",1629004-1641718-1642271-1642846-201567,UTA,169.0,1,3.0,,5.0,5.0,,,,10.0,,,,,,,1.0,1.0,,,2.0,,1.0,1.0,1.0,2.0,2.0,7.0,7.0,,,,,,,,,,2.0,3.0,,2.0,,,1.0,1.0,,,,3.0,,,,1.0,,1.0,,,,,1.0,1.0,,,,2.0,2.0,,,1.0,,7.0,,,,,,1.0,0.5,0.5,1.0,,,0.8333333333333334,,,0.875,,,0.6666666666666666,,,,,,,1.0,,,,,,85.20710059171597,19.0,14.8,19.0,14.8,,,,,0.3333333333333333,1.0,1.0,,,,,,0.6666666666666666,,,,,,0.6666666666666666,0.4723333333333333,,,0.25,0.5,,,,5.7,25.95,,1.0,,,1.0,1.0,1.0,,,1.0,1.0,,,,,,,0.5,1.0,1.0,,0.5,,,,,,,,,,,1.0,,,,,,,,,,,,,0.5,,0.5,,,,,,,,,,,,,,,,,,,,,,,,,,,,,,,,1.0,,,,1610612762,2026,2025-26,False
1629004-1641718-1642271-1642846-203994,1610612762,"Svi Mykhailiuk, Keyonte George, Kyle Filipowski, Ace Bailey, Jusuf Nurkić","Mykhailiuk, George, Filipowski, Bailey, Nurkić",1629004-1641718-1642271-1642846-203994,UTA,307.0,2,5.0,-9.0,10.0,10.0,5.0,2.0,1.0,20.0,1.0,3.0,,1.0,,2.0,,3.0,,,3.0,2.0,1.0,6.0,,3.0,1.0,3.0,12.0,,1.0,,,3.0,2.0,1.0,1.0,,2.0,,,3.0,2.0,,,,,,,,,,1.0,3.0,1.0,4.0,1.0,1.0,,,1.0,1.0,,1.0,1.0,2.0,2.0,,,1.0,,3.0,1.0,5.0,,,,,,,0.16666666666666666,,,0.1111111111111111,,,0.15,,0.08333333333333333,0.3333333333333333,0.3333333333333333,0.3333333333333333,,1.0,,,0.6,,,,,1.0,93.81107491856679,13.09,17.61,13.080000000000002,14.940000000000001,0.3333333333333333,0.3333333333333333,0.5,,0.3333333333333333,,,,,,,,0.3333333333333333,1.0,,0.4,,0.4,0.6666666666666666,0.4783888888888889,0.5003,0.47022,0.1,0.14285714285714285,,,0.3333333333333333,4.3999999999999995,26.8,0.5,2.0,,,0.5,0.5,,,,,,,,,,,,,,,,,,,,,,,,,,,,,,,,,,,,,,,,,0.3333333333333333,,,,,,,,,,,,,,,,,,,,,,,,,,,,1.0,,,,,,1.0,1.0,,1610612762,2026,2025-26,False
1629004-1641989-1642271-1642383-203994,1610612762,"Svi Mykhailiuk, Elijah Harkless, Kyle Filipowski, Walter Clayton Jr., Jusuf Nurkić","Mykhailiuk, Harkless, Filipowski, Clayton Jr., Nurkić",1629004-1641989-1642271-1642383-203994,UTA,85.0,1,1.0,-1.0,2.0,3.0,,,1.0,5.0,,,,,,,1.0,2.0,,1.0,,,1.0,2.0,,1.0,1.0,3.0,4.0,1.0,1.0,2.0,,,,,,,2.0,,2.0,,,,,,,,,,,1.0,,,1.0,1.0,1.0,,,,,,1.0,1.0,,1.0,2.0,,,1.0,,1.0,,,,,,,,,0.5,1.0,,0.3333333333333333,1.0,,0.375,1.0,,0.3333333333333333,,,,,1.0,,,0.5,1.0,,,,84.70588235294117,18.5,16.0,18.0,14.0,,,,,0.6666666666666666,0.5,0.5,,0.3333333333333333,,,,,,,,,,0.3333333333333333,0.4879833333333334,0.4334,,0.25,0.3333333333333333,,0.6666666666666666,,6.85,23.4,,,,,,,,,,,,,,,,,,,,,,,,,,,,,,,,,,1.0,1.0,,,,,,,,,,,,,,,,,,0.5,,,,,,,,,,,,,,,,,,,,,,,,,,,,,,,1610612762,2026,2025-26,False
1629004-1641989-1642846-203937-203994,1610612762,"Svi Mykhailiuk, Elijah Harkless, Ace Bailey, Kyle Anderson, Jusuf Nurkić","Mykhailiuk, Harkless, Bailey, Anderson, Nurkić",1629004-1641989-1642846-203937-203994,UTA,73.0,1,1.0,,2.0,2.0,,,,4.0,,,,,,,,,,,,,1.0,1.0,,,,2.0,2.0,,,,,,,,,,2.0,,,,,,,,,,,,,,,1.0,,1.0,,,,,1.0,1.0,,2.0,1.0,,,,,,,2.0,,,,,,,,,1.0,,,1.0,,,1.0,,,,,,,,,,1.0,,,,,,78.9041095890411,12.5,24.0,12.5,24.0,,,,,,,,,,,,,,,,,,,,0.4125,,,,,,,,20.2,,,1.0,,,1.0,1.0,,,,,,,,,,,,,,,,,1.0,1.0,,,,,,,,,,,,,,,,,,,,,,,,,,,,,,1.0,1.0,1.0,,,,,,,,,,,,,,,,,,,,,,,,,,,,1610612762,2026,2025-26,False
1629004-1642271-1642383-1642846-203994,1610612762,"Svi Mykhailiuk, Kyle Filipowski, Walter Clayton Jr., Ace Bailey, Jusuf Nurkić","Mykhailiuk, Filipowski, Clayton Jr., Bailey, Nurkić",1629004-1642271-1642383-1642846-203994,UTA,8.0,1,,-2.0,,1.0,,,,1.0,,,,,,,,,,,,,,,,,,,2.0,,,,,,,,,,,,,,,,,,,,,,,,,,,,,,,,,,,,,,,,,,,,,,,,,,,,,,,,,,,,,,,,,,,,,,,,,,180.0,,5.0,,5.0,,,,,,,,,,,,,,,,,,,,,,,,,,,,,,,,,,,,,,,,,,,,,,,,,,,,,,,,,,,,,,,,,,,,,,,,,,,,,,,,,,,,,,,,,,,,,,,,,,,,,,,,,,,,,,,,,1610612762,2026,2025-26,False
1631117-1641707-1641718-1641729-1642846,1610612762,"Walker Kessler, Taylor Hendricks, Keyonte George, Brice Sensabaugh, Ace Bailey","Kessler, Hendricks, George, Sensabaugh, Bailey",1631117-1641707-1641718-1641729-1642846,UTA,439.0,4,7.0,2.0,16.0,14.0,,,,30.0,2.0,2.0,,,,,3.0,5.0,1.0,1.0,2.0,,5.0,9.0,1.0,3.0,2.0,15.0,13.0,,,,,,,,,10.0,,3.0,,2.0,1.0,5.0,1.0,6.0,1.0,2.0,3.0,13.0,,,4.0,6.0,,6.0,2.0,1.0,1.0,1.0,2.0,3.0,3.0,3.0,,2.0,3.0,1.0,,2.0,,15.0,,,,1.0,1.0,1.0,0.3333333333333333,0.3333333333333333,0.5555555555555556,,,0.5416666666666666,,,0.5769230769230769,,,0.25,0.1111111111111111,,0.3333333333333333,0.5714285714285714,,,0.6666666666666666,,,,0.5,1.0,98.40546697038725,15.5,13.642857142857142,15.5,13.357142857142858,0.16666666666666666,1.0,1.0,1.0,0.4166666666666667,0.6,0.6,1.0,0.08333333333333333,1.0,1.0,1.0,0.16666666666666666,,,,,,0.4166666666666667,0.4928916666666667,,,0.15384615384615385,0.2,,,,7.455555555555555,24.5,,2.0,,,1.0,1.0,,,,,,2.0,,2.0,1.0,,0.5,,,,,,,2.0,,,,,,,,,,,1.0,,,,,,,,,,,,,,,,0.5,,,0.16666666666666666,,,,,,,,,,2.0,,,,,,,,,,1.0,,,,,,1.0,,,0.5,1610612762,2026,2025-26,False
1631117-1641707-1641729-1642383-1642846,1610612762,"Walker Kessler, Taylor Hendricks, Brice Sensabaugh, Walter Clayton Jr., Ace Bailey","Kessler, Hendricks, Sensabaugh, Clayton Jr., Bailey",1631117-1641707-1641729-1642383-1642846,UTA,112.0,2,2.0,-7.0,4.0,5.0,4.0,2.0,1.0,9.0,,,,,,,,,,1.0,2.0,2.0,,1.0,1.0,3.0,,3.0,10.0,,,,,1.0,3.0,,3.0,,,3.0,,2.0,,,1.0,1.0,,,,3.0,1.0,,,1.0,1.0,2.0,,,1.0,1.0,,1.0,,1.0,,,,,,,,3.0,3.0,4.0,1.0,,,1.0,0.3333333333333333,0.3333333333333333,,,,0.375,,0.375,0.375,,0.375,0.75,,,1.0,,,0.5,,0.3333333333333333,,,,,115.71428571428571,17.25,8.6,16.5,8.2,,,,,,,,,0.25,,,,0.5,,,,,0.5,0.75,0.5303625,,0.5303625,,,,,1.0,20.9,25.566666666666666,1.0,,,1.0,,,1.0,1.0,1.0,1.0,1.0,,,,,0.3333333333333333,,0.5,0.5,1.0,0.5,0.5,,1.0,,,,,,,,,,,,,1.0,,,,,,,,,,,,,,,,,0.25,,,,,,,,,,,,1.0,0.25,,,,1.0,1.0,1.0,,,,,,,,,,,1610612762,2026,2025-26,False
1631117-1641718-1641729-1642271-1642846,1610612762,"Walker Kessler, Keyonte George, Brice Sensabaugh, Kyle Filipowski, Ace Bailey","Kessler, George, Sensabaugh, Filipowski, Bailey",1631117-1641718-1641729-1642271-1642846,UTA,102.0,2,2.0,-9.0,3.0,3.0,,,,6.0,,,,,,,,2.0,,,1.0,,,2.0,,1.0,,,9.0,,,,,,,,,,,,,1.0,1.0,,,,,,,,,,,,,,,,,,,,1.0,1.0,,2.0,,,,,,,,,,,,,,,,,,,,,,,,0.3333333333333333,0.5,0.5,,,,,,,,,,,84.70588235294117,23.333333333333332,10.666666666666666,23.333333333333332,10.0,,,,,0.6666666666666666,,,,,,,,0.3333333333333333,,,,,,0.3333333333333333,0.44965000000000005,,,,,,,,10.1,25.6,,,,,,,,,,,,,,,,,,,,,,,,,,,,,,,,,,,,,,,,,,,,,,,,,,,,,,,,,,,,,,,,,,,,,,,,,,,,,,,,,,,,1610612762,2026,2025-26,False
1631117-1641718-1642262-1642846-203937,1610612762,"Walker Kessler, Keyonte George, Cody Williams, Ace Bailey, Kyle Anderson","Kessler, George, Williams, Bailey, Anderson",1631117-1641718-1642262-1642846-203937,UTA,99.0,1,2.0,1.0,4.0,3.0,3.0,,1.0,7.0,,,,,,,,,,1.0,1.0,,,1.0,,2.0,4.0,4.0,3.0,,,2.0,,1.0,1.0,2.0,2.0,,,,,1.0,,,,,,,,,1.0,,1.0,2.0,1.0,3.0,,,,,,,,,,3.0,4.0,,,2.0,,2.0,2.0,3.0,,,,,,,,,,,,,0.4,1.0,0.3333333333333333,0.6666666666666666,,,,1.0,,0.5,1.0,0.3333333333333333,,1.0,1.0,,101.81818181818183,16.75,10.666666666666666,16.5,10.666666666666666,,,,,,,,,0.3333333333333333,,,,0.3333333333333333,,,,,,0.6666666666666666,0.48943333333333333,,0.503525,0.4,0.6666666666666666,,0.5,0.5,17.7,24.45,0.75,1.0,,,1.0,1.0,,,,,,,,,,,,,,,,,,1.0,,,,,,,2.0,,,,,,,,,,,,,,,,,,,,,,,0.3333333333333333,,,,,,,,,,,,1.0,0.5,,,,,,,,,,,,,,,,,1610612762,2026,2025-26,False
1641707-1641718-1641729-1642846-203994,1610612762,"Taylor Hendricks, Keyonte George, Brice Sensabaugh, Ace Bailey, Jusuf Nurkić","Hendricks, George, Sensabaugh, Bailey, Nurkić",1641707-1641718-1641729-1642846-203994,UTA,676.0,5,11.0,-12.0,26.0,29.0,10.0,12.0,2.0,55.0,2.0,2.0,,,1.0,1.0,,4.0,,2.0,6.0,1.0,6.0,12.0,2.0,8.0,6.0,24.0,36.0,,,1.0,4.0,5.0,2.0,4.0,12.0,10.0,2.0,3.0,,6.0,2.0,5.0,1.0,6.0,,1.0,,13.0,2.0,1.0,4.0,13.0,3.0,16.0,,,2.0,2.0,4.0,6.0,6.0,7.0,1.0,6.0,7.0,,,2.0,,23.0,12.0,10.0,,0.8333333333333334,0.8333333333333334,0.5,0.25,0.25,0.5,,0.8,0.45,,0.5714285714285714,0.5217391304347826,0.5,0.6666666666666666,0.4,0.16666666666666666,0.25,0.3333333333333333,1.0,0.16666666666666666,0.3333333333333333,1.0,0.25,0.25,0.5,1.0,,117.15976331360946,14.26923076923077,10.517241379310345,14.23076923076923,10.206896551724139,0.1,1.0,1.0,0.5,0.2,,,,0.1,,,,0.3,,,0.14285714285714285,1.0,0.14285714285714285,0.5,0.4912925,,0.48700714285714286,0.09090909090909091,0.14285714285714285,,0.041666666666666664,0.5,12.775,26.225,0.38461538461538464,8.0,,2.0,1.0,1.0,2.0,,,2.0,1.0,,,,,,,0.3333333333333333,0.3333333333333333,0.5,,0.3333333333333333,4.0,6.0,,,,,,,1.0,3.0,,,,,1.0,,,,1.0,1.0,,1.0,,,,,,,1.0,1.0,,0.3,0.6666666666666666,0.8,,,,,,,,,,1.0,0.14285714285714285,,,,,1.0,1.0,1.0,,4.0,1.0,,,1.0,,,0.16666666666666666,1610612762,2026,2025-26,False
1641707-1641729-1642383-1642846-203994,1610612762,"Taylor Hendricks, Brice Sensabaugh, Walter Clayton Jr., Ace Bailey, Jusuf Nurkić","Hendricks, Sensabaugh, Clayton Jr., Bailey, Nurkić",1641707-1641729-1642383-1642846-203994,UTA,585.0,4,10.0,-5.0,24.0,23.0,13.0,6.0,3.0,47.0,2.0,2.0,,,1.0,1.0,4.0,7.0,1.0,4.0,3.0,2.0,7.0,12.0,2.0,7.0,4.0,24.0,29.0,1.0,1.0,5.0,4.0,6.0,4.0,4.0,18.0,10.0,4.0,6.0,,3.0,1.0,5.0,2.0,7.0,1.0,2.0,2.0,16.0,2.0,2.0,2.0,6.0,4.0,10.0,4.0,4.0,4.0,3.0,3.0,7.0,3.0,5.0,,4.0,5.0,1.0,,2.0,,19.0,18.0,13.0,,0.7142857142857143,0.7142857142857143,1.0,0.2857142857142857,0.2857142857142857,0.5833333333333334,1.0,0.6666666666666666,0.5263157894736842,0.8333333333333334,0.7,0.5714285714285714,0.8333333333333334,0.75,0.3684210526315789,0.08333333333333333,0.14285714285714285,0.5714285714285714,1.0,0.4,0.4,0.75,0.4,0.6666666666666666,,1.0,,115.6923076923077,13.166666666666666,11.695652173913043,12.625,11.608695652173912,0.10526315789473684,1.0,1.0,1.0,0.3684210526315789,0.5714285714285714,0.6666666666666666,0.5,0.21052631578947367,0.25,0.25,1.0,0.15789473684210525,,,0.1,1.0,0.2,0.47368421052631576,0.5266078947368421,0.6437,0.510975,0.1,0.15384615384615385,,0.20833333333333334,0.75,8.799999999999999,24.785714285714285,0.5416666666666666,4.0,1.0,3.0,0.6666666666666666,1.0,1.0,1.0,2.0,1.0,1.0,1.0,1.0,1.0,1.0,0.5,1.0,0.3333333333333333,0.3333333333333333,1.0,0.5,0.3333333333333333,1.0,3.0,1.0,2.0,,,1.0,2.0,,,,,,2.0,,,,,,1.0,,1.0,0.5,,,,,,1.0,,,0.15789473684210525,0.3333333333333333,0.3333333333333333,,0.6666666666666666,0.5,1.0,,,,,1.0,2.0,0.2,0.5,1.0,,0.6666666666666666,,,,1.0,1.0,1.0,,,,,,,1610612762,2026,2025-26,False
1641707-1642262-1642271-1642383-1642846,1610612762,"Taylor Hendricks, Cody Williams, Kyle Filipowski, Walter Clayton Jr., Ace Bailey","Hendricks, Williams, Filipowski, Clayton Jr., Bailey",1641707-1642262-1642271-1642383-1642846,UTA,144.0,1,2.0,-1.0,4.0,5.0,4.0,5.0,2.0,9.0,1.0,2.0,,,1.0,2.0,1.0,1.0,1.0,2.0,1.0,1.0,2.0,3.0,1.0,3.0,,7.0,8.0,,,3.0,2.0,3.0,3.0,,7.0,2.0,2.0,3.0,,1.0,1.0,1.0,1.0,2.0,1.0,1.0,,5.0,1.0,1.0,,,2.0,2.0,,,,,,,2.0,2.0,,,,,,,,4.0,7.0,4.0,,0.5,0.5,1.0,0.3333333333333333,0.3333333333333333,0.6666666666666666,,0.6666666666666666,0.5833333333333334,0.75,0.5833333333333334,0.5833333333333334,0.75,0.5833333333333334,0.5,0.3333333333333333,,,,1.0,0.5,,0.6666666666666666,,1.0,,,90.0,20.025,12.78,18.724999999999998,12.7,0.3333333333333333,0.5,1.0,1.0,0.16666666666666666,1.0,1.0,,0.3333333333333333,0.5,0.5,1.0,0.16666666666666666,,,0.3333333333333333,0.5,0.16666666666666666,0.8333333333333334,0.5372333333333333,0.5436,0.5372333333333333,,,,0.42857142857142855,1.0,3.3333333333333335,23.833333333333332,1.0,,,,,,,,1.0,,,,,,,0.3333333333333333,,,,,,,,,1.0,2.0,,,1.0,2.0,,,,,,,,,,,,,,,0.5,,0.5,,1.0,,,,,,,,,1.0,0.5,1.0,,,,,1.0,2.0,0.3333333333333333,0.5,,,,,,,,,,,,,,,,1610612762,2026,2025-26,False
1641718-1641729-1642271-1642846-201567,1610612762,"Keyonte George, Brice Sensabaugh, Kyle Filipowski, Ace Bailey, Kevin Love","George, Sensabaugh, Filipowski, Bailey, Love",1641718-1641729-1642271-1642846-201567,UTA,185.0,1,3.0,3.0,8.0,8.0,8.0,5.0,,16.0,2.0,3.0,,,2.0,3.0,,,,,,,2.0,4.0,,,6.0,10.0,7.0,,,,2.0,4.0,,6.0,10.0,4.0,,,,,1.0,2.0,,2.0,,2.0,,4.0,,,2.0,4.0,,4.0,,,,,1.0,1.0,2.0,2.0,,3.0,6.0,,,2.0,,10.0,10.0,8.0,,1.0,1.0,,,,0.5,,0.5,0.5,,0.5,0.7142857142857143,,0.7142857142857143,,0.25,,,1.0,,,1.0,,,,1.0,,124.54054054054053,12.25,10.875,12.25,10.875,0.75,0.6666666666666666,1.0,1.0,,,,,,,,,,,,0.75,0.6666666666666666,,0.75,0.5602,,0.5602,0.3333333333333333,0.3333333333333333,,,1.0,5.55,,1.0,2.0,,1.0,1.0,1.0,,,,,,1.0,1.0,1.0,1.0,,1.0,,,,,,,1.0,,,,,,,,,,,,1.0,,,,,,1.0,,1.0,,,0.3333333333333333,,,,1.0,1.0,,0.25,,,,,,,,,,,,,,,,,,,,,,,,,,,,,,1610612762,2026,2025-26,False
1641718-1641989-1642271-1642383-201567,1610612762,"Keyonte George, Elijah Harkless, Kyle Filipowski, Walter Clayton Jr., Kevin Love","George, Harkless, Filipowski, Clayton Jr., Love",1641718-1641989-1642271-1642383-201567,UTA,23.0,1,,2.0,1.0,1.0,,,1.0,2.0,1.0,1.0,1.0,1.0,,,,,,,,,1.0,1.0,,,,2.0,,1.0,1.0,2.0,,,,,,2.0,,,,,,1.0,,1.0,,1.0,,2.0,,,,,1.0,1.0,1.0,,,,,,,,,,,,,,,,,,,1.0,1.0,,,,1.0,1.0,,1.0,1.0,,1.0,1.0,,,,,,,,,,,,,,,125.21739130434781,7.0,16.0,1.0,16.0,1.0,1.0,1.0,1.0,,,,,,,,,,1.0,1.0,,,,1.0,0.5929,0.5929,,,,,1.0,,2.7,,,,,,,,,,,,,,,,,,,,,,,,,,,,,,,,,,,,1.0,,,,,,,,,,,,,,,,,,,,,,1.0,,,,,,,,,,,,,,,,,,,,,,,,1.0,1.0,,1610612762,2026,2025-26,False
1641718-1641989-1642271-1642846-201567,1610612762,"Keyonte George, Elijah Harkless, Kyle Filipowski, Ace Bailey, Kevin Love","George, Harkless, Filipowski, Bailey, Love",1641718-1641989-1642271-1642846-201567,UTA,348.0,2,6.0,-4.0,11.0,13.0,4.0,1.0,,24.0,,,,,,,1.0,1.0,,,2.0,1.0,3.0,3.0,1.0,2.0,3.0,12.0,16.0,,,,1.0,1.0,1.0,,5.0,,6.0,,,2.0,,,,,,,,,,,,4.0,,4.0,,,2.0,,2.0,4.0,6.0,8.0,1.0,3.0,4.0,,,2.0,,12.0,5.0,4.0,,,,,0.5,0.5,1.0,,1.0,0.9,,1.25,0.8571428571428571,,1.25,0.4,,,0.5,,,,0.8,,,,,,99.3103448275862,12.727272727272727,16.0,12.727272727272727,15.846153846153847,,,,,0.2,1.0,1.0,,,,,,0.4,,,,,0.5,0.4,0.46265999999999996,,0.489725,0.2857142857142857,0.4,,,0.4166666666666667,12.966666666666667,26.1,0.36363636363636365,4.0,2.0,2.0,0.8,0.8,1.0,1.0,1.0,1.0,,,,,,1.0,,0.5,0.5,,1.0,0.5,2.0,2.0,,,,,,,,3.0,,,,,,,,,1.0,,,,,,,,,,,,,0.4,1.0,1.0,,,,,,,,,,,,,,,,,,,1.0,,,1.0,,,,,,1610612762,2026,2025-26,False
1641718-1641989-1642271-1642846-203994,1610612762,"Keyonte George, Elijah Harkless, Kyle Filipowski, Ace Bailey, Jusuf Nurkić","George, Harkless, Filipowski, Bailey, Nurkić",1641718-1641989-1642271-1642846-203994,UTA,7.0,1,,2.0,1.0,,,,,1.0,,,,,,,,,,,,,,,,,2.0,2.0,,,,,,,,,,,,,,,,,,,,,,,,,,,,,,,,,,,,,,1.0,2.0,,,1.0,,2.0,,,,,,,,,,,,,,,1.0,,,,,,,,,,,,,,,,205.71428571428572,7.0,,7.0,,,,,,,,,,,,,,,,,,,,,,,,1.0,1.0,,,,,,,,,,,,,,,,,,,,,,,,,,,,,,,,,,,,,,,,,,,,,,,,,,,,,,,,,,,,,,,,,,,,,,,,,,,,,,,,,,,,,,,,,1610612762,2026,2025-26,False
1641718-1641989-1642846-203937-203994,1610612762,"Keyonte George, Elijah Harkless, Ace Bailey, Kyle Anderson, Jusuf Nurkić","George, Harkless, Bailey, Anderson, Nurkić",1641718-1641989-1642846-203937-203994,UTA,71.0,1,1.0,,2.0,1.0,,,,3.0,1.0,1.0,,,,,,,,,,,1.0,1.0,,,1.0,3.0,3.0,,,,,,,,,,2.0,,,,,,,,,,,,,,,,,,,,,,,,,2.0,,1.0,2.0,,,1.0,,3.0,,,,,,,,,1.0,,,1.0,,,0.75,,,,,,,,,,,,,,,,60.84507042253521,17.0,37.0,17.0,28.0,1.0,1.0,1.0,,,,,,,,,,,,,,,,1.0,0.4405,,,0.5,0.5,,,,3.7,,,,,,,,,,,,,,,,,,,,,,,,,,,,,,,,,,,,,,,1.0,,,,,,,,,,,,,,,,,,,,,,,,,,,,,,,,,,,,,,,,,,,,,,1610612762,2026,2025-26,False
1641718-1642271-1642383-1642846-201567,1610612762,"Keyonte George, Kyle Filipowski, Walter Clayton Jr., Ace Bailey, Kevin Love","George, Filipowski, Clayton Jr., Bailey, Love",1641718-1642271-1642383-1642846-201567,UTA,94.0,1,2.0,-3.0,3.0,4.0,3.0,4.0,,7.0,1.0,1.0,,,1.0,1.0,1.0,2.0,,,,,2.0,3.0,,,,4.0,7.0,,,,2.0,3.0,,,4.0,4.0,,,,,,2.0,,2.0,,1.0,1.0,4.0,,,,1.0,,1.0,,,,,,,,2.0,,,,,,,,4.0,4.0,3.0,2.0,1.0,1.0,,,,0.6666666666666666,,0.6666666666666666,0.6666666666666666,,0.6666666666666666,0.6666666666666666,,0.6666666666666666,,,,,,,,1.0,,,,,,107.23404255319149,18.333333333333332,9.75,18.333333333333332,9.75,0.3333333333333333,1.0,1.0,1.0,0.6666666666666666,0.5,0.5,1.0,,,,,,,,0.3333333333333333,1.0,,0.3333333333333333,0.474,,0.474,,,,,1.0,7.3999999999999995,,1.0,1.0,,,1.0,1.0,,,,,,,,,,,,,,,,,,,,,,,,,,,,,,,,,,,,,,,,,,,,,,,,,,,,,,,,,,,,,,,,,,,,,,,,,,,,,,1610612762,2026,2025-26,False
1641729-1642271-1642383-1642846-201567,1610612762,"Brice Sensabaugh, Kyle Filipowski, Walter Clayton Jr., Ace Bailey, Kevin Love","Sensabaugh, Filipowski, Clayton Jr., Bailey, Love",1641729-1642271-1642383-1642846-201567,UTA,63.2,1,1.0,3.0,3.0,4.0,3.0,4.0,,7.0,1.0,1.0,,,1.0,1.0,,,,,,,1.0,1.0,,,3.0,5.0,2.0,,,,1.0,1.0,,3.0,5.0,2.0,,,,,,1.0,,1.0,,1.0,,2.0,,,,1.0,,1.0,2.0,2.0,,,,,,1.0,,2.0,4.0,,,1.0,,5.0,5.0,3.0,1.0,1.0,1.0,,,,1.0,,1.0,1.0,,1.0,0.8333333333333334,,0.8333333333333334,,,,,,,,1.0,,,,,,159.49367088607593,3.033333333333333,13.525,3.033333333333333,13.525,1.0,1.0,1.0,1.0,,,,,,,,,,,,1.0,1.0,,1.0,0.9064,,0.9064,0.5,0.5,,,1.0,0.7,,1.0,1.0,,,1.0,1.0,,,,,,,,,,,,,,,,,,,,,,,,,,,,,,,,,,1.0,,1.0,,1.0,,,,,,,,,,,,,,,,,,,,,,,,,,,,,,,,,,,,,,,,1610612762,2026,2025-26,False
1641989-1642271-1642383-1642846-201567,1610612762,"Elijah Harkless, Kyle Filipowski, Walter Clayton Jr., Ace Bailey, Kevin Love","Harkless, Filipowski, Clayton Jr., Bailey, Love",1641989-1642271-1642383-1642846-201567,UTA,259.0,2,4.0,1.0,9.0,10.0,6.0,10.0,1.0,19.0,2.0,3.0,1.0,1.0,1.0,2.0,,2.0,,1.0,3.0,2.0,2.0,5.0,1.0,4.0,,7.0,6.0,1.0,1.0,2.0,1.0,3.0,3.0,,2.0,2.0,2.0,3.0,2.0,3.0,,1.0,1.0,2.0,,1.0,,5.0,1.0,,2.0,4.0,1.0,5.0,,,,,1.0,1.0,,,,,,,,,,5.0,2.0,6.0,,0.5,1.0,1.0,0.25,0.25,0.4,1.0,0.3333333333333333,0.3888888888888889,1.0,0.16666666666666666,0.3888888888888889,1.0,0.16666666666666666,0.4444444444444444,,,,1.0,,0.3333333333333333,0.8,0.16666666666666666,,,,,105.63706563706565,16.0,11.5,15.777777777777779,10.8,0.3333333333333333,0.6666666666666666,0.6666666666666666,0.5,0.2222222222222222,,,,0.1111111111111111,,,,0.3333333333333333,1.0,1.0,0.3333333333333333,0.5,0.3333333333333333,0.7777777777777778,0.49551666666666666,,0.5188583333333333,,,,0.2857142857142857,0.2857142857142857,5.46,25.55,0.6666666666666666,2.0,,1.0,0.6666666666666666,0.5,1.0,,,1.0,1.0,,,,,,,0.3333333333333333,0.3333333333333333,1.0,,0.3333333333333333,,,,,,,,,,,,,,,,,,,,,,,,,,,,,1.0,1.0,,,,,,,,,,,,,,1.0,0.16666666666666666,,,,1.0,,,1.0,,,,,,,,,,1610612762,2026,2025-26,False
1642262-1642271-1642383-1642846-203937,1610612762,"Cody Williams, Kyle Filipowski, Walter Clayton Jr., Ace Bailey, Kyle Anderson","Williams, Filipowski, Clayton Jr., Bailey, Anderson",1642262-1642271-1642383-1642846-203937,UTA,424.0,2,7.0,-2.0,16.0,16.0,9.0,10.0,2.0,32.0,3.0,7.0,,,1.0,4.0,1.0,4.0,,,5.0,3.0,4.0,11.0,2.0,5.0,3.0,17.0,19.0,,1.0,2.0,2.0,7.0,3.0,2.0,12.0,6.0,2.0,6.0,,5.0,3.0,3.0,2.0,5.0,,3.0,,12.0,1.0,2.0,1.0,3.0,3.0,6.0,1.0,,,,1.0,1.0,,1.0,,4.0,4.0,,,1.0,,15.0,12.0,9.0,,0.75,0.75,1.0,0.4,0.4,0.36363636363636365,,0.2857142857142857,0.4375,,0.5,0.4722222222222222,0.5,0.5454545454545454,0.3125,0.2727272727272727,0.25,,1.0,0.2857142857142857,0.3333333333333333,0.75,0.3,0.6666666666666666,0.3333333333333333,1.0,,108.67924528301887,13.075,13.425,11.8875,13.387500000000001,0.4375,0.42857142857142855,0.6,1.0,0.25,0.25,0.3333333333333333,,,,,,0.3125,,,0.4,0.25,0.3,0.75,0.553325,0.3867,0.51442,0.058823529411764705,0.08333333333333333,,0.11764705882352941,0.7058823529411765,3.8272727272727276,25.28,0.5625,2.0,,,0.6666666666666666,1.0,2.0,2.0,2.0,2.0,2.0,,,,,0.6666666666666666,,0.4,0.4,1.0,0.6666666666666666,0.4,,,,,,,,,2.0,,,,1.0,,1.0,,,,1.0,1.0,,1.0,,,0.2857142857142857,,,,,0.5,,,,,,,,,,,,,,,,,,,,,,,,,,,,,,,,1610612762,2026,2025-26,False
