TEAM_ID,TEAM_NAME,GP,W,L,W_PCT,MIN,FGM,FGA,FG_PCT,FG3M,FG3A,FG3_PCT,FTM,FTA,FT_PCT,OREB,DREB,REB,AST,TOV,STL,BLK,BLKA,PF,PFD,PTS,PLUS_MINUS,GP_RANK,W_RANK,L_RANK,W_PCT_RANK,MIN_RANK,FGM_RANK,FGA_RANK,FG_PCT_RANK,FG3M_RANK,FG3A_RANK,FG3_PCT_RANK,FTM_RANK,FTA_RANK,FT_PCT_RANK,OREB_RANK,DREB_RANK,REB_RANK,AST_RANK,TOV_RANK,STL_RANK,BLK_RANK,BLKA_RANK,PF_RANK,PFD_RANK,PTS_RANK,PLUS_MINUS_RANK,team_poss,AST_TO_RANK,NET_RATING,PIE,PACE_RANK,PACE,TS_PCT_RANK,OFF_RATING_RANK,E_DEF_RATING,EFG_PCT,EFG_PCT_RANK,REB_PCT_RANK,NET_RATING_RANK,AST_RATIO,OREB_PCT_RANK,AST_TO,E_NET_RATING,AST_PCT_RANK,OFF_RATING,AST_PCT,TM_TOV_PCT_RANK,AST_RATIO_RANK,OREB_PCT,TS_PCT,DREB_PCT_RANK,DREB_PCT,PIE_RANK,TM_TOV_PCT,POSS,DEF_RATING_RANK,DEF_RATING,E_PACE,REB_PCT,PACE_PER40,E_OFF_RATING,AST_TO_PASS_PCT_ADJ,FT_AST,SECONDARY_AST,POTENTIAL_AST,AST_PTS_CREATED,TEAM_ABBREVIATION,PASSES_RECEIVED,PASSES_MADE,AST_ADJ,AST_TO_PASS_PCT,DRIVE_FTM,DRIVES,DRIVE_TOV,DRIVE_PTS_PCT,DRIVE_FT_PCT,DRIVE_FGM,DRIVE_FTA,DRIVE_FGA,DRIVE_PASSES_PCT,DRIVE_AST_PCT,DRIVE_FG_PCT,DRIVE_PASSES,DRIVE_TOV_PCT,DRIVE_PF,DRIVE_PF_PCT,DRIVE_PTS,DRIVE_AST,ELBOW_TOUCHES,AVG_SEC_PER_TOUCH,PTS_PER_TOUCH,PTS_PER_PAINT_TOUCH,AVG_DRIB_PER_TOUCH,POST_TOUCHES,PTS_PER_POST_TOUCH,POINTS,PTS_PER_ELBOW_TOUCH,FRONT_CT_TOUCHES,TIME_OF_POSS,TOUCHES,PAINT_TOUCHES,OREB_UNCONTEST,DREB_UNCONTEST,REB_CHANCES,DREB_CHANCES,REB_CHANCE_PCT,REB_UNCONTEST,REB_CHANCE_PCT_ADJ,OREB_CHANCE_DEFER,OREB_CHANCES,OREB_CHANCE_PCT,DREB_CONTEST_PCT,DREB_CONTEST,DREB_CHANCE_PCT,REB_CONTEST_PCT,DREB_CHANCE_PCT_ADJ,AVG_OREB_DIST,OREB_CONTEST,OREB_CHANCE_PCT_ADJ,REB_CHANCE_DEFER,AVG_DREB_DIST,DREB_CHANCE_DEFER,REB_CONTEST,OREB_CONTEST_PCT,AVG_REB_DIST,G,very_tight_FG2_PCT,very_tight_EFG_PCT,very_tight_FG3_PCT,very_tight_FG3A_FREQUENCY,very_tight_FG_PCT,very_tight_FG2M,very_tight_FGM,very_tight_FG2A,very_tight_FG2A_FREQUENCY,very_tight_FG3M,very_tight_FG3A,very_tight_FGA_FREQUENCY,very_tight_FGA,tight_FG3M,tight_FG2A,tight_FGM,tight_EFG_PCT,tight_FGA_FREQUENCY,tight_FG2_PCT,tight_FG3_PCT,tight_FGA,tight_FG3A,tight_FG_PCT,tight_FG2A_FREQUENCY,tight_FG3A_FREQUENCY,tight_FG2M,open_FG2_PCT,open_FG2A_FREQUENCY,open_FG3A_FREQUENCY,open_FG2A,open_FGA,open_FGA_FREQUENCY,open_FG_PCT,open_FG2M,open_EFG_PCT,open_FGM,open_FG3_PCT,open_FG3M,open_FG3A,wide_open_FGA_FREQUENCY,wide_open_FG2A,wide_open_FG3M,wide_open_FGM,wide_open_FG3_PCT,wide_open_FGA,wide_open_FG_PCT,wide_open_FG2_PCT,wide_open_FG3A,wide_open_FG2M,wide_open_FG2A_FREQUENCY,wide_open_FG3A_FREQUENCY,wide_open_EFG_PCT,PULL_UP_FG3A,PULL_UP_PTS,PULL_UP_FG_PCT,PULL_UP_FG3M,PULL_UP_FG3_PCT,PULL_UP_FGA,PULL_UP_EFG_PCT,PULL_UP_FGM,POST_TOUCH_PTS,CATCH_SHOOT_FG_PCT,PAINT_TOUCH_FG_PCT,PAINT_TOUCH_PTS,EFF_FG_PCT,ELBOW_TOUCH_FG_PCT,ELBOW_TOUCH_PTS,POST_TOUCH_FG_PCT,CATCH_SHOOT_PTS,BACKCOURT_FGM,ITP_FG_PCT,RIGHT_CORNER_3_FGA,ABOVE_BREAK_3_FG_PCT,ABOVE_BREAK_3_FGA,ABOVE_BREAK_3_FGM,ITP_FGA,CORNER_3_FGA,LEFT_CORNER_3_FGM,RA_FGA,BACKCOURT_FGA,MID_FG_PCT,ITP_FGM,RA_FG_PCT,CORNER_3_FGM,LEFT_CORNER_3_FG_PCT,CORNER_3_FG_PCT,MID_FGM,LEFT_CORNER_3_FGA,RIGHT_CORNER_3_FG_PCT,MID_FGA,RIGHT_CORNER_3_FGM,RA_FGM,BACKCOURT_FG_PCT,FREQ,PLUSMINUS,FGA_LT_06,NS_LT_06_PCT,FGM_LT_06,LT_06_PCT,FGM_5_9,FGP_10_14,FGA_15_19,FGP_20_24,FGM_35_39,FGA_LT_5,FGM_40_PLUS,FGP_35_39,FGA_10_14,FGP_5_9,FGA_5_9,FGM_LT_5,FGP_40_PLUS,FGP_15_19,FGP_25_29,FGA_35_39,FGA_30_34,FGM_15_19,FGM_25_29,FGA_20_24,FGP_LT_5,FGM_20_24,FGP_30_34,FGM_30_34,FGA_25_29,FGM_10_14,FGA_40_PLUS,CATCH_SHOOT_EFG_PCT,CATCH_SHOOT_FGA,CATCH_SHOOT_FG3_PCT,CATCH_SHOOT_FG3M,CATCH_SHOOT_FG3A,CATCH_SHOOT_FGM,year,playoffs
1610612737,Atlanta Hawks,82,38,44,0.463,3966.0,3061,6688,0.458,768,2116,0.363,1392,1782,0.781,713,2565,3278,2041,1251.0,680,326,354,1577,1643,8282,-39.0,1,18,18,18,15,18,24,13,5,2,13,18,22,6,29,18,28,2,24,9,26,12,7,20,15,17,638.0,7,-0.7,0.502,13,95.41,9,19,104.1,0.515,9,26,17,18.8,28,1.63,-0.7,1,104.9,0.667,21,2,0.256,0.554,13,0.711,17,0.159,7892,15,105.7,96.9,0.485,79.51,103.4,0.095,209,255,4091,5028,ATL,25934,25934,2456,0.078,297,3130,223,0.426,0.786,502,378,1211,0.364,0.098,0.415,1139,0.071,191,0.061,1334,308,1444,2.79,0.23,0.749,2.12,1051,0.422,8172,0.445,21012,1652.1,35546,2009,296,1792,6811,4619,0.476,2088,0.514,73,2192,0.322,0.287,730,0.55,0.348,0.605,8.0,398,0.333,494,6.4,421,1128,0.565,6.7,81,0.531,0.523,0.172,0.005,0.521,511,516,962,0.154,5,29,0.158,991,53,1652,952,0.535,0.293,0.544,0.298,1830,178,0.52,0.264,0.028,899,0.533,0.161,0.103,1006,1650,0.264,0.452,536,0.516,746,0.326,210,644,0.285,564,492,806,0.403,1784,0.452,0.557,1220,314,0.09,0.195,0.59,382,1038,0.358,122,0.319,1280,0.405,458,443,0.407,0.618,1504,0.515,0.529,642,0.495,2644,1,0.413,289,0.354,1520,538,1083,582,111,2002,13,0.41,447,0.617,229,0.379,0.393,610,293,0.408,1487,118,1236,0.077,0.328,0.003,2213,0.594,1320,0.596,310,0.42,903,0.38,1,2171,1,0.2,541,0.413,750,1298,0.063,0.42,0.35,5,4,379,341,1323,0.598,503,0.25,1,974,227,16,0.543,2357,0.38,634,1667,964,2014,False
1610612738,Boston Celtics,82,25,57,0.305,3946.0,2996,6883,0.435,575,1729,0.333,1325,1706,0.777,980,2505,3485,1726,1261.0,584,343,373,1743,1564,7892,-366.0,1,26,26,26,29,23,10,28,20,18,28,24,27,10,7,24,18,22,27,23,23,13,19,28,26,25,,25,-4.6,0.461,16,94.28,28,26,105.2,0.477,28,14,25,16.2,7,1.37,-5.5,18,101.9,0.576,28,22,0.314,0.517,16,0.708,26,0.163,7745,17,106.5,95.9,0.505,78.57,99.7,0.086,183,197,3741,4233,BOS,24429,24429,2098,0.071,275,2493,194,0.454,0.749,413,367,986,0.336,0.097,0.419,838,0.078,187,0.075,1133,243,1147,3.02,0.23,0.761,2.28,1345,0.535,7892,0.443,19499,1724.2,34269,2153,371,1822,7241,4573,0.481,2193,0.515,86,2668,0.367,0.27,677,0.548,0.361,0.598,7.5,582,0.38,472,6.2,386,1259,0.594,6.5,82,0.535,0.529,0.067,0.002,0.528,603,604,1128,0.173,1,15,0.176,1143,55,1901,998,0.489,0.322,0.496,0.279,2098,197,0.476,0.292,0.03,943,0.48,0.182,0.088,1186,1761,0.271,0.438,569,0.496,772,0.353,203,575,0.231,579,316,622,0.341,1506,0.413,0.528,927,306,0.089,0.142,0.518,346,1351,0.373,103,0.298,1673,0.404,624,719,0.388,0.576,1639,0.477,0.532,508,0.449,2302,0,0.357,211,0.318,1282,408,914,431,80,2097,15,0.407,326,0.583,167,0.364,0.387,872,220,0.412,2142,87,1223,0.0,0.344,0.019,2298,0.593,1406,0.612,216,0.409,1223,0.385,2,2285,0,0.5,550,0.351,615,1282,0.0,0.407,0.308,4,5,498,267,1313,0.561,505,0.2,1,866,225,20,0.491,2191,0.344,461,1339,846,2014,False
1610612751,Brooklyn Nets,82,44,38,0.537,3976.0,2931,6391,0.459,709,1922,0.369,1508,2002,0.753,721,2407,3128,1714,1191.0,705,311,337,1777,1704,8079,-82.0,1,14,14,14,7,29,29,12,10,10,11,10,10,18,28,28,29,24,12,4,28,9,21,11,21,19,1056.0,18,-1.3,0.492,25,92.42,8,15,104.9,0.514,10,29,19,16.7,27,1.44,-0.6,14,105.4,0.585,16,14,0.26,0.555,26,0.686,18,0.155,7663,19,106.7,93.7,0.475,77.02,104.4,0.088,212,211,3576,4303,BKN,23697,23697,2079,0.071,411,2959,227,0.499,0.774,516,531,1167,0.319,0.091,0.442,944,0.077,274,0.093,1477,270,1313,3.14,0.242,0.729,2.34,1324,0.475,7952,0.321,17998,1717.4,32849,1973,301,1689,6299,4318,0.49,1990,0.525,70,1981,0.358,0.284,675,0.551,0.345,0.6,8.2,391,0.371,424,6.6,354,1066,0.551,7.0,81,0.529,0.531,0.379,0.005,0.525,540,551,1020,0.171,11,29,0.176,1049,88,1775,1037,0.527,0.345,0.535,0.317,2053,278,0.505,0.298,0.047,949,0.546,0.149,0.132,888,1673,0.281,0.452,485,0.534,757,0.346,272,785,0.199,401,320,526,0.409,1184,0.444,0.514,783,206,0.067,0.131,0.579,311,1323,0.398,95,0.305,1544,0.428,614,629,0.392,0.589,1438,0.512,0.538,421,0.491,2274,0,0.432,244,0.365,1421,518,1018,480,100,1858,20,0.406,440,0.611,190,0.424,0.396,646,236,0.369,1593,90,1136,0.0,0.337,0.005,2160,0.593,1292,0.598,304,0.428,899,0.391,1,2017,0,0.167,573,0.425,715,1200,0.0,0.406,0.361,6,3,365,321,1264,0.595,494,0.0,0,888,245,25,0.543,2046,0.385,591,1537,816,2014,False
1610612766,Charlotte Bobcats,82,43,39,0.524,3981.0,2976,6730,0.442,516,1471,0.351,1474,2000,0.737,776,2724,3500,1778,1010.0,499,421,415,1493,1716,7942,-18.0,1,16,16,16,6,25,21,25,25,27,23,14,11,24,25,7,16,16,1,29,8,21,1,9,23,16,364.0,2,-0.4,0.508,22,92.93,24,24,101.2,0.481,25,17,16,16.9,24,1.76,0.1,8,103.0,0.597,1,13,0.269,0.522,1,0.73,15,0.131,7712,6,103.3,94.7,0.5,77.44,101.2,0.085,215,249,3696,4300,CHA,26080,26080,2215,0.068,387,2830,173,0.478,0.777,468,498,1133,0.341,0.089,0.413,964,0.061,252,0.089,1352,253,1346,2.91,0.221,0.767,2.09,1699,0.537,7844,0.37,20969,1721.3,35461,1777,340,1933,7152,4912,0.483,2273,0.519,52,2240,0.342,0.278,748,0.547,0.337,0.602,8.3,416,0.35,494,6.3,442,1164,0.543,6.7,81,0.558,0.55,0.13,0.004,0.549,639,642,1146,0.184,3,23,0.187,1169,60,1987,1096,0.517,0.349,0.521,0.311,2180,193,0.503,0.318,0.031,1036,0.439,0.181,0.082,1127,1636,0.262,0.408,495,0.461,668,0.34,173,509,0.201,543,275,532,0.386,1255,0.424,0.473,712,257,0.087,0.114,0.533,254,1297,0.376,81,0.319,1619,0.401,608,912,0.366,0.612,1363,0.48,0.486,498,0.489,2022,0,0.433,159,0.35,1137,398,936,314,54,2137,17,0.368,405,0.585,118,0.348,0.376,804,155,0.403,2186,64,1251,0.0,0.291,-0.009,1963,0.592,1145,0.583,286,0.403,1448,0.34,0,2290,1,0.0,580,0.421,679,1320,0.05,0.375,0.356,6,17,543,313,807,0.576,274,0.294,5,880,234,20,0.482,1981,0.364,422,1159,744,2014,False
1610612741,Chicago Bulls,82,48,34,0.585,3986.0,2843,6577,0.432,508,1459,0.348,1486,1908,0.779,937,2683,3620,1860,1223.0,594,424,490,1565,1714,7680,152.0,1,11,11,11,4,30,27,30,26,28,24,12,15,7,11,9,10,10,18,21,7,28,4,10,30,13,440.0,15,1.9,0.528,29,90.84,27,28,97.8,0.471,30,3,13,17.6,3,1.52,1.9,2,101.7,0.654,27,8,0.321,0.518,12,0.713,7,0.162,7549,2,99.9,92.7,0.518,75.7,99.7,0.09,247,266,4122,4544,CHI,26055,26056,2355,0.071,245,2197,153,0.428,0.766,339,320,877,0.334,0.102,0.387,733,0.07,165,0.075,940,224,1749,3.0,0.215,0.758,2.31,1505,0.463,7680,0.395,21209,1784.1,35639,2390,384,1882,7625,4935,0.474,2266,0.509,94,2690,0.348,0.294,788,0.543,0.365,0.594,7.9,533,0.361,519,6.3,425,1321,0.569,6.7,82,0.549,0.545,0.167,0.003,0.543,601,604,1094,0.18,3,18,0.183,1112,41,1854,976,0.496,0.331,0.504,0.266,2008,154,0.486,0.305,0.025,935,0.461,0.178,0.085,1083,1596,0.263,0.419,499,0.472,669,0.331,170,513,0.223,610,292,588,0.392,1355,0.434,0.485,745,296,0.1,0.123,0.542,313,1079,0.366,109,0.348,1326,0.407,485,697,0.387,0.546,1812,0.471,0.486,691,0.399,2193,3,0.348,161,0.342,1105,378,811,334,75,2209,20,0.385,282,0.564,127,0.434,0.38,808,173,0.323,2098,52,1245,0.15,0.294,-0.027,1953,0.594,1106,0.566,195,0.371,1219,0.39,0,2356,3,0.0,537,0.342,571,1294,0.115,0.395,0.309,5,5,481,207,1189,0.549,464,0.0,0,669,199,26,0.486,2153,0.357,396,1110,848,2014,False
1610612739,Cleveland Cavaliers,82,33,49,0.402,3986.0,3036,6955,0.437,584,1640,0.356,1398,1861,0.751,989,2629,3618,1738,1163.0,579,304,461,1640,1599,8054,-270.0,1,22,22,22,4,19,8,27,18,20,18,17,18,20,6,14,11,20,10,24,29,27,11,24,22,23,,17,-3.6,0.469,19,93.69,26,22,104.8,0.479,27,11,23,16.2,8,1.49,-3.5,20,103.5,0.572,8,21,0.314,0.518,14,0.711,23,0.149,7784,20,107.0,95.7,0.508,78.08,101.3,0.087,208,189,3574,4273,CLE,24344,24345,2127,0.071,279,3075,233,0.49,0.742,591,376,1322,0.321,0.091,0.447,987,0.076,192,0.062,1506,281,1459,3.01,0.236,0.697,2.28,878,0.518,8054,0.396,19246,1712.8,34178,1996,427,1883,7738,4826,0.467,2310,0.498,74,2912,0.339,0.279,734,0.545,0.354,0.594,8.0,547,0.348,472,6.6,398,1281,0.554,6.9,82,0.505,0.503,0.276,0.004,0.499,565,573,1119,0.172,8,29,0.177,1148,74,2005,1094,0.498,0.35,0.509,0.276,2273,268,0.481,0.309,0.041,1020,0.474,0.188,0.092,1223,1820,0.28,0.436,580,0.494,793,0.357,213,597,0.193,514,289,574,0.392,1251,0.459,0.554,737,285,0.079,0.114,0.574,403,1722,0.398,140,0.347,1988,0.433,791,455,0.381,0.533,1392,0.479,0.523,578,0.408,1946,0,0.406,203,0.356,1191,424,1113,429,92,2064,19,0.394,452,0.561,160,0.407,0.373,842,226,0.335,2138,68,1158,0.0,0.289,0.02,1975,0.593,1211,0.613,326,0.382,1236,0.373,2,2232,0,0.25,692,0.398,819,1223,0.0,0.414,0.358,8,14,512,294,1106,0.548,412,0.214,3,821,264,26,0.501,1880,0.364,442,1213,721,2014,False
1610612742,Dallas Mavericks,82,49,33,0.598,3966.0,3249,6858,0.474,721,1877,0.384,1378,1733,0.795,840,2514,3354,1935,1110.0,704,356,288,1636,1633,8597,197.0,1,10,10,10,15,2,11,4,8,12,2,20,23,3,22,23,26,6,3,5,21,4,10,21,8,12,654.0,4,2.3,0.521,15,94.94,6,6,105.9,0.526,4,25,12,18.0,23,1.74,3.0,10,109.5,0.596,4,6,0.276,0.564,22,0.694,10,0.141,7852,21,107.2,95.7,0.487,79.12,109.0,0.095,190,296,3963,4786,DAL,25384,25384,2411,0.076,306,2685,181,0.477,0.801,470,382,1059,0.307,0.137,0.444,824,0.067,193,0.072,1280,368,1418,2.97,0.245,0.843,2.27,1192,0.576,8597,0.505,19209,1738.9,35106,1959,346,1761,6732,4515,0.498,2107,0.536,75,2217,0.378,0.294,739,0.557,0.366,0.612,8.0,488,0.392,482,6.4,407,1227,0.582,6.8,82,0.547,0.547,0.364,0.003,0.543,546,554,999,0.152,8,22,0.155,1021,96,2115,1221,0.527,0.367,0.532,0.329,2407,292,0.507,0.322,0.044,1125,0.532,0.178,0.106,1168,1864,0.284,0.473,621,0.543,882,0.375,261,696,0.194,417,356,591,0.415,1274,0.464,0.564,857,235,0.064,0.131,0.604,354,1555,0.402,111,0.314,1794,0.433,722,686,0.424,0.624,1651,0.526,0.549,716,0.494,2538,0,0.408,162,0.378,1477,558,1086,386,93,2000,14,0.428,443,0.637,162,0.415,0.42,811,224,0.426,1894,69,1274,0.0,0.336,0.021,2243,0.596,1385,0.617,290,0.431,1036,0.406,0,2159,0,0.0,740,0.41,707,1337,0.0,0.435,0.355,2,10,451,259,1455,0.619,591,0.1,1,730,319,18,0.561,2092,0.401,596,1485,876,2014,False
1610612743,Denver Nuggets,82,36,46,0.439,3950.985,3147,7042,0.447,702,1959,0.358,1563,2154,0.726,1009,2717,3726,1838,1305.0,615,459,459,1890,1778,8559,-176.0,1,20,20,20,28,11,5,19,11,9,15,8,5,27,4,8,2,12,28,18,4,24,30,7,9,20,,23,-2.2,0.481,3,98.95,17,18,105.4,0.497,16,13,20,16.4,11,1.41,-2.1,15,105.1,0.584,24,18,0.31,0.536,18,0.703,21,0.16,8146,22,107.3,100.7,0.505,82.46,103.3,0.106,249,211,3961,4618,DEN,21514,21516,2289,0.085,370,3210,196,0.46,0.744,538,497,1258,0.346,0.098,0.428,1112,0.061,253,0.079,1478,315,1444,3.12,0.27,0.725,2.45,996,0.487,8559,0.452,16498,1646.9,31704,2730,397,1974,7900,4968,0.471,2371,0.507,99,2932,0.343,0.275,747,0.547,0.355,0.603,7.8,574,0.355,561,6.4,462,1321,0.57,6.8,82,0.556,0.55,0.136,0.003,0.549,647,650,1163,0.177,3,22,0.18,1185,83,1960,1130,0.524,0.339,0.534,0.303,2234,274,0.506,0.298,0.042,1047,0.486,0.164,0.113,1079,1823,0.277,0.436,524,0.51,794,0.363,270,744,0.204,439,346,572,0.384,1340,0.427,0.515,901,226,0.067,0.137,0.556,470,1228,0.355,158,0.336,1506,0.408,535,485,0.374,0.559,1978,0.497,0.52,653,0.423,2124,0,0.356,250,0.343,1448,497,1096,491,107,2482,21,0.364,390,0.608,205,0.444,0.418,547,241,0.392,1504,98,1508,0.0,0.337,-0.004,2384,0.597,1413,0.593,270,0.344,922,0.391,1,2718,1,0.333,418,0.363,743,1589,0.04,0.358,0.342,3,11,330,339,1211,0.585,473,0.0,0,991,144,25,0.513,2012,0.371,537,1447,764,2014,False
1610612765,Detroit Pistons,82,29,53,0.354,3956.0,3182,7124,0.447,507,1580,0.321,1415,2111,0.67,1196,2525,3721,1714,1193.0,687,395,403,1666,1699,8286,-300.0,1,23,23,23,22,8,4,20,27,22,29,16,6,30,1,22,3,24,13,8,13,18,12,12,14,24,,19,-3.7,0.464,12,95.57,29,16,107.3,0.482,24,8,24,15.6,1,1.44,-4.4,28,105.2,0.539,12,28,0.347,0.514,24,0.693,25,0.152,7874,25,109.0,97.4,0.511,79.64,102.9,0.1,238,186,3592,4148,DET,21244,21244,2130,0.081,330,2741,180,0.534,0.725,542,455,1269,0.278,0.093,0.427,763,0.066,230,0.084,1464,256,1151,3.27,0.264,0.838,2.58,1417,0.499,8286,0.472,16277,1706.4,31349,2487,420,1750,7410,4431,0.502,2170,0.538,105,2979,0.401,0.306,772,0.57,0.406,0.624,7.0,738,0.416,493,6.1,388,1510,0.618,6.4,82,0.549,0.544,0.16,0.004,0.542,839,843,1529,0.227,4,25,0.231,1554,58,2088,1149,0.506,0.347,0.523,0.24,2330,242,0.493,0.311,0.036,1091,0.478,0.162,0.086,1087,1663,0.247,0.425,520,0.48,706,0.323,186,576,0.175,441,259,484,0.353,1174,0.412,0.51,733,225,0.066,0.109,0.523,411,1186,0.352,130,0.316,1501,0.395,528,707,0.337,0.596,2085,0.482,0.547,543,0.439,1571,0,0.354,181,0.299,1152,344,1148,403,82,2826,24,0.349,406,0.609,162,0.369,0.402,548,222,0.442,1570,80,1721,0.0,0.35,0.009,2390,0.593,1440,0.603,308,0.364,901,0.357,0,3071,0,0.0,363,0.352,874,1801,0.0,0.37,0.287,0,8,333,267,946,0.586,338,0.25,2,929,132,31,0.449,1622,0.325,373,1149,542,2014,False
1610612744,Golden State Warriors,82,51,31,0.622,3966.0,3236,7005,0.462,774,2037,0.38,1303,1731,0.753,896,2819,3715,1912,1247.0,642,407,342,1784,1584,8549,394.0,1,8,8,8,15,3,6,9,2,6,4,26,24,19,17,2,5,7,22,13,10,10,22,26,10,4,679.0,13,4.9,0.528,5,97.37,10,12,99.9,0.517,8,9,5,17.4,22,1.53,5.4,12,106.3,0.591,15,9,0.284,0.55,4,0.724,8,0.155,8045,3,101.4,98.5,0.508,81.14,105.3,0.116,197,230,3621,4629,GSW,19743,19744,2289,0.096,260,2291,175,0.484,0.76,414,342,967,0.292,0.11,0.428,670,0.076,175,0.076,1109,253,997,3.32,0.286,0.806,2.66,1278,0.576,8434,0.582,14727,1634.9,29514,1940,367,1980,7371,5011,0.499,2347,0.539,85,2360,0.375,0.284,794,0.558,0.351,0.614,7.8,499,0.389,541,6.2,456,1293,0.564,6.6,81,0.528,0.527,0.342,0.006,0.521,583,596,1105,0.169,13,38,0.174,1143,91,1971,1160,0.539,0.341,0.542,0.342,2237,266,0.519,0.301,0.041,1069,0.528,0.156,0.112,1023,1760,0.268,0.456,540,0.531,803,0.357,263,737,0.216,464,390,624,0.41,1416,0.441,0.504,952,234,0.071,0.145,0.578,651,1676,0.393,220,0.338,1854,0.452,728,736,0.402,0.603,1563,0.516,0.538,580,0.468,2109,0,0.404,216,0.375,1514,568,1211,502,119,2089,21,0.406,489,0.62,206,0.416,0.41,678,286,0.403,1668,87,1295,0.0,0.302,-0.024,2061,0.599,1185,0.575,341,0.392,1017,0.417,0,2258,1,0.0,572,0.411,829,1357,0.038,0.414,0.362,4,17,421,420,1123,0.601,468,0.235,4,1159,224,26,0.548,1851,0.401,531,1325,749,2014,False
1610612745,Houston Rockets,82,54,28,0.659,3966.0,3118,6603,0.472,779,2179,0.358,1814,2549,0.712,920,2797,3717,1755,1323.0,621,461,460,1676,1993,8829,374.0,1,5,5,5,15,15,26,5,1,1,16,1,1,28,15,3,4,18,29,17,3,26,15,1,2,6,591.0,27,4.6,0.534,6,97.27,2,4,103.1,0.531,3,7,7,16.1,12,1.33,5.5,23,109.8,0.563,29,23,0.306,0.571,20,0.7,6,0.165,8040,13,105.2,98.8,0.513,81.06,108.6,0.091,232,212,3520,4492,HOU,24059,24059,2183,0.073,443,3437,250,0.497,0.785,613,564,1364,0.332,0.093,0.449,1140,0.073,285,0.083,1708,321,840,2.93,0.26,0.82,2.16,1453,0.457,8829,0.448,18769,1654.5,33929,2161,393,1967,7639,5033,0.486,2360,0.523,83,2606,0.353,0.293,818,0.556,0.354,0.61,7.8,498,0.364,529,6.5,446,1316,0.542,6.8,82,0.577,0.573,0.24,0.004,0.57,704,710,1220,0.199,6,25,0.203,1245,77,1750,1101,0.571,0.325,0.585,0.313,1996,246,0.552,0.285,0.04,1024,0.603,0.122,0.147,750,1654,0.27,0.461,452,0.554,762,0.343,310,904,0.202,255,386,544,0.391,1242,0.438,0.62,987,158,0.042,0.161,0.593,489,943,0.356,151,0.309,1112,0.424,396,664,0.376,0.636,1772,0.531,0.598,376,0.441,2040,1,0.419,268,0.348,1645,573,1075,519,98,2621,11,0.345,450,0.625,201,0.39,0.387,251,251,0.384,728,103,1638,0.091,0.326,-0.01,2351,0.597,1380,0.587,327,0.379,345,0.357,0,2887,1,0.0,261,0.421,776,1736,0.077,0.339,0.365,3,6,117,395,1227,0.601,438,0.167,1,1081,99,13,0.552,1806,0.378,621,1643,687,2014,False
1610612754,Indiana Pacers,82,56,26,0.683,3956.0,2949,6573,0.449,550,1542,0.357,1485,1907,0.779,834,2831,3665,1651,1237.0,550,446,378,1675,1793,7933,361.0,1,4,4,4,22,28,28,17,22,25,17,13,16,8,23,1,8,27,19,27,5,14,13,6,24,7,1700.0,26,4.7,0.545,23,92.89,19,21,96.7,0.49,19,5,6,15.9,16,1.33,4.8,26,103.6,0.56,26,27,0.296,0.535,6,0.721,3,0.162,7656,1,98.9,94.9,0.517,77.41,101.5,0.083,191,204,3603,4055,IND,24556,24558,2027,0.067,285,2316,172,0.547,0.798,472,357,1020,0.297,0.092,0.463,687,0.074,181,0.078,1268,214,1374,3.12,0.232,0.749,2.32,1740,0.492,7933,0.405,19743,1773.9,34164,2247,326,2091,7687,5139,0.476,2417,0.51,74,2548,0.327,0.255,720,0.55,0.331,0.602,7.8,492,0.337,511,6.1,437,1212,0.591,6.5,82,0.522,0.518,0.158,0.003,0.517,670,673,1283,0.207,3,19,0.21,1302,46,1623,888,0.508,0.29,0.519,0.267,1795,172,0.495,0.262,0.028,842,0.485,0.179,0.089,1106,1655,0.267,0.433,536,0.487,716,0.328,180,549,0.233,646,320,671,0.402,1442,0.465,0.543,796,351,0.104,0.129,0.576,349,1177,0.371,97,0.278,1457,0.404,540,856,0.408,0.557,1683,0.49,0.437,557,0.434,2258,0,0.407,212,0.343,1135,389,1090,392,74,1910,14,0.407,444,0.591,161,0.411,0.411,826,180,0.41,2031,87,1129,0.0,0.303,-0.073,2053,0.593,1067,0.52,305,0.369,1218,0.388,0,2113,0,0.0,634,0.404,755,1210,0.0,0.433,0.349,5,10,528,311,922,0.573,358,0.3,3,892,234,23,0.514,2079,0.378,437,1156,851,2014,False
1610612746,Los Angeles Clippers,82,57,25,0.695,3951.0,3208,6761,0.474,693,1966,0.352,1741,2384,0.73,858,2668,3526,2016,1136.0,703,397,284,1767,1919,8850,572.0,1,3,3,3,25,4,17,3,13,8,22,3,2,26,21,10,14,3,7,6,12,3,20,3,1,2,1249.0,1,7.3,0.548,8,96.66,4,1,102.1,0.526,5,21,2,18.3,20,1.77,7.3,4,111.3,0.628,6,3,0.288,0.567,25,0.69,2,0.143,7954,9,104.0,98.4,0.496,80.55,109.4,0.103,242,330,4031,4998,LAC,24969,24971,2573,0.081,279,2286,134,0.504,0.825,420,338,927,0.336,0.105,0.453,768,0.059,174,0.076,1153,240,1565,2.8,0.254,0.801,2.02,1228,0.545,8850,0.363,19689,1622.4,34789,2171,368,1914,6981,4775,0.505,2282,0.538,88,2206,0.388,0.279,745,0.558,0.344,0.602,8.4,465,0.404,438,6.6,350,1210,0.543,7.0,82,0.574,0.568,0.233,0.005,0.564,590,597,1028,0.159,7,30,0.163,1058,83,1627,996,0.553,0.29,0.561,0.333,1876,249,0.531,0.251,0.038,913,0.539,0.178,0.101,1155,1809,0.279,0.473,622,0.538,856,0.358,234,654,0.268,722,369,759,0.365,1734,0.438,0.54,1012,390,0.111,0.156,0.544,405,1535,0.41,131,0.323,1711,0.449,702,669,0.379,0.657,1738,0.526,0.552,568,0.472,2354,1,0.379,294,0.332,1357,451,809,591,111,2088,11,0.418,307,0.677,239,0.374,0.404,794,297,0.435,1898,128,1414,0.091,0.324,0.005,2255,0.595,1352,0.6,171,0.415,1173,0.399,0,2246,1,0.0,487,0.354,483,1482,0.059,0.412,0.326,5,13,483,307,1389,0.66,554,0.462,6,941,202,17,0.506,2216,0.365,551,1508,845,2014,False
1610612747,Los Angeles Lakers,82,27,55,0.329,3941.0,3139,6980,0.45,774,2032,0.381,1390,1835,0.757,745,2620,3365,2006,1239.0,611,446,387,1627,1580,8442,-516.0,1,25,25,25,30,13,7,14,2,7,3,19,20,17,27,15,25,4,21,19,5,16,9,27,11,27,,8,-6.0,0.46,2,99.72,13,23,107.9,0.505,13,30,27,18.1,30,1.62,-6.0,3,103.2,0.639,13,4,0.235,0.542,30,0.676,27,0.152,8177,28,109.3,101.0,0.459,83.1,101.9,0.098,204,266,4109,5044,LAL,25122,25124,2470,0.08,255,2695,212,0.421,0.72,425,354,1014,0.345,0.111,0.419,929,0.079,178,0.066,1134,298,1494,2.79,0.242,0.821,2.08,1236,0.489,8442,0.523,19344,1619.5,34881,1951,327,1902,7022,4834,0.479,2229,0.51,69,2188,0.34,0.271,710,0.542,0.332,0.585,8.3,406,0.351,427,6.6,358,1116,0.546,7.0,82,0.542,0.537,0.241,0.004,0.534,598,605,1104,0.168,7,29,0.172,1133,107,1809,1071,0.531,0.321,0.533,0.346,2118,309,0.506,0.275,0.047,964,0.472,0.167,0.112,1103,1844,0.28,0.426,521,0.498,786,0.358,265,741,0.227,560,395,675,0.422,1495,0.452,0.5,935,280,0.085,0.142,0.584,460,1364,0.367,162,0.352,1639,0.416,601,605,0.4,0.597,1602,0.505,0.524,781,0.43,2542,0,0.391,243,0.375,1511,566,1113,509,107,2035,6,0.379,435,0.613,207,0.402,0.407,682,266,0.412,1800,100,1248,0.0,0.354,0.014,2605,0.599,1597,0.613,274,0.374,997,0.403,0,2257,0,0.0,634,0.39,703,1332,0.0,0.391,0.36,2,15,390,397,1256,0.59,506,0.133,2,1104,237,6,0.537,2269,0.394,605,1535,916,2014,False
1610612763,Memphis Grizzlies,82,50,32,0.61,3961.0,3122,6723,0.464,405,1147,0.353,1235,1666,0.741,950,2526,3476,1792,1124.0,631,375,410,1568,1553,7884,129.0,1,9,9,9,20,14,22,7,30,30,19,30,29,23,9,21,19,14,4,14,16,19,5,29,27,14,671.0,9,1.7,0.518,30,90.58,21,14,102.1,0.494,18,1,14,17.1,2,1.59,1.2,19,105.5,0.574,10,12,0.326,0.529,8,0.718,12,0.15,7476,8,103.8,92.2,0.521,75.48,103.3,0.091,211,309,3824,4255,MEM,25260,25260,2302,0.071,254,2483,182,0.458,0.763,434,333,976,0.356,0.085,0.445,885,0.073,172,0.069,1138,211,2150,3.1,0.227,0.722,2.31,2357,0.516,7884,0.306,20532,1797.2,34778,2828,387,1759,7118,4449,0.488,2146,0.525,94,2669,0.356,0.299,756,0.568,0.374,0.625,7.3,543,0.369,502,6.1,408,1299,0.572,6.4,82,0.545,0.54,0.077,0.002,0.54,688,689,1263,0.2,1,13,0.202,1276,20,1929,1050,0.526,0.32,0.534,0.227,2017,88,0.521,0.306,0.014,1030,0.524,0.202,0.055,1276,1624,0.257,0.483,668,0.518,784,0.333,116,348,0.221,699,268,598,0.386,1393,0.429,0.472,694,330,0.111,0.11,0.525,175,981,0.384,49,0.28,1214,0.404,466,1216,0.385,0.549,2043,0.494,0.499,658,0.442,1942,1,0.418,161,0.353,805,284,1390,325,56,2259,17,0.397,581,0.607,120,0.341,0.369,765,164,0.398,1927,64,1371,0.059,0.309,-0.009,2009,0.598,1183,0.589,419,0.413,1040,0.382,0,2505,1,0.0,629,0.413,1014,1472,0.048,0.404,0.334,5,7,420,169,996,0.588,380,0.143,1,506,260,21,0.479,1865,0.369,353,957,717,2014,False
1610612748,Miami Heat,82,54,28,0.659,3976.0,3142,6272,0.501,665,1829,0.364,1431,1884,0.76,627,2397,3024,1847,1212.0,732,367,256,1596,1675,8380,390.0,1,5,5,5,7,12,30,1,14,15,12,15,17,14,30,30,30,11,16,2,18,1,8,16,12,5,1737.0,14,5.1,0.539,27,91.9,1,3,102.9,0.554,1,28,4,18.1,29,1.52,6.1,13,110.0,0.588,22,5,0.244,0.59,27,0.686,5,0.159,7615,11,105.0,93.3,0.476,76.58,109.0,0.099,214,325,3746,4634,MIA,23974,23975,2371,0.077,329,3188,241,0.495,0.736,600,447,1166,0.359,0.101,0.515,1146,0.076,230,0.072,1579,322,1202,3.09,0.253,0.897,2.4,805,0.516,8380,0.458,18386,1710.4,33187,1907,265,1759,6326,4560,0.478,2024,0.513,46,1766,0.353,0.262,629,0.526,0.322,0.575,8.6,345,0.363,436,6.8,390,974,0.553,7.1,82,0.621,0.621,0.407,0.004,0.615,572,583,921,0.153,11,27,0.158,948,53,1701,1046,0.574,0.311,0.584,0.314,1870,169,0.559,0.283,0.028,993,0.564,0.18,0.092,1084,1637,0.272,0.484,611,0.54,793,0.329,182,553,0.259,488,419,720,0.391,1560,0.462,0.617,1072,301,0.081,0.178,0.596,281,1060,0.393,84,0.299,1242,0.427,488,415,0.392,0.689,1710,0.554,0.595,550,0.503,2285,1,0.469,395,0.324,1128,366,702,697,122,2241,5,0.417,329,0.68,298,0.404,0.428,625,302,0.446,1499,176,1523,0.2,0.332,0.017,2151,0.59,1306,0.607,231,0.422,881,0.399,1,2353,1,0.167,391,0.451,512,1584,0.1,0.425,0.322,6,10,374,234,1383,0.673,552,0.0,0,726,165,10,0.532,2041,0.377,565,1500,804,2014,False
1610612749,Milwaukee Bucks,82,15,67,0.183,3976.0,2952,6737,0.438,548,1553,0.353,1377,1843,0.747,971,2399,3370,1760,1238.0,541,403,413,1713,1690,7829,-671.0,1,30,30,30,7,26,20,26,23,24,20,21,19,21,8,29,24,17,20,28,11,20,18,14,28,29,,21,-8.3,0.449,21,92.96,25,27,108.9,0.479,26,23,29,16.5,10,1.42,-8.7,9,101.9,0.596,25,16,0.31,0.519,29,0.678,29,0.161,7685,30,110.2,94.3,0.49,77.47,100.2,0.084,231,228,3716,4231,MIL,25930,25930,2179,0.067,330,2738,187,0.464,0.793,460,416,1150,0.327,0.084,0.4,894,0.068,213,0.078,1270,230,1890,2.9,0.217,0.732,2.26,967,0.436,7739,0.284,21078,1726.1,35657,2352,386,1665,6943,4415,0.479,2051,0.512,98,2528,0.381,0.29,685,0.536,0.375,0.581,7.5,563,0.396,439,6.3,341,1248,0.585,6.7,81,0.519,0.516,0.24,0.004,0.513,575,581,1107,0.177,6,25,0.181,1132,65,1967,1048,0.498,0.348,0.5,0.319,2171,204,0.483,0.315,0.033,983,0.506,0.176,0.097,1096,1702,0.273,0.459,555,0.526,782,0.375,227,606,0.198,546,244,504,0.355,1233,0.409,0.476,687,260,0.088,0.11,0.508,411,1399,0.378,137,0.333,1668,0.419,631,422,0.375,0.55,1722,0.479,0.449,536,0.395,1851,0,0.369,145,0.351,1244,437,978,303,62,2351,5,0.387,361,0.564,111,0.392,0.366,717,158,0.338,1854,49,1326,0.0,0.347,0.006,2305,0.593,1381,0.599,247,0.379,1048,0.353,0,2546,0,0.0,533,0.353,699,1399,0.0,0.416,0.354,7,3,436,324,975,0.549,344,0.0,0,914,202,10,0.492,1819,0.365,393,1076,698,2014,False
1610612750,Minnesota Timberwolves,82,40,42,0.488,3971.0,3189,7175,0.444,600,1757,0.341,1790,2301,0.778,1024,2644,3668,1963,1142.0,718,297,457,1504,1936,8768,219.0,1,17,17,17,10,7,1,23,17,16,26,2,3,9,2,13,6,5,8,3,30,23,3,2,3,10,,5,2.6,0.519,4,98.33,18,10,104.1,0.486,21,10,11,17.3,5,1.72,1.4,6,107.7,0.616,2,10,0.317,0.535,9,0.715,11,0.14,8139,12,105.2,99.8,0.508,81.94,105.6,0.1,293,249,4303,4909,MIN,24879,24879,2489,0.079,321,2638,194,0.445,0.805,410,399,1031,0.339,0.101,0.398,895,0.074,202,0.077,1174,266,2086,2.94,0.25,0.855,2.17,1396,0.598,8768,0.366,19588,1717.3,35058,2689,369,1816,7346,4442,0.499,2185,0.532,84,2904,0.352,0.307,811,0.595,0.393,0.649,7.2,630,0.363,449,5.9,365,1441,0.616,6.3,82,0.531,0.528,0.143,0.002,0.527,705,707,1328,0.198,2,14,0.2,1342,58,1958,1062,0.513,0.317,0.513,0.345,2126,168,0.5,0.292,0.025,1004,0.512,0.162,0.1,1083,1753,0.261,0.441,554,0.503,773,0.327,219,670,0.221,603,320,642,0.363,1484,0.433,0.534,881,322,0.09,0.131,0.54,398,1056,0.328,120,0.302,1427,0.37,468,835,0.371,0.589,2298,0.486,0.519,764,0.423,2111,1,0.39,147,0.347,1340,465,905,401,85,2655,14,0.349,353,0.598,133,0.335,0.332,649,254,0.327,1858,48,1587,0.071,0.331,0.039,2329,0.6,1488,0.639,264,0.365,969,0.361,0,2812,1,0.0,499,0.372,710,1654,0.056,0.35,0.321,7,5,339,233,1428,0.588,515,0.0,0,725,182,18,0.494,2060,0.363,474,1305,781,2014,False
1610612740,New Orleans Pelicans,82,34,48,0.415,3971.0,3101,6761,0.459,486,1303,0.373,1489,1936,0.769,933,2486,3419,1745,1129.0,647,523,504,1857,1664,8177,-222.0,1,21,21,21,10,17,17,11,29,29,6,11,12,11,13,25,22,19,6,12,1,29,27,19,18,21,,11,-3.0,0.483,20,93.07,16,13,107.3,0.495,17,20,22,16.5,13,1.55,-2.6,24,106.2,0.563,7,17,0.305,0.537,23,0.694,20,0.147,7703,27,109.1,94.5,0.497,77.56,104.7,0.094,228,125,3497,4292,NOP,22255,22256,2091,0.078,387,3444,237,0.533,0.734,702,527,1651,0.262,0.094,0.425,903,0.069,268,0.078,1837,323,1783,3.33,0.257,0.793,2.62,704,0.528,8177,0.371,17104,1769.1,31878,2003,402,1767,6872,4382,0.497,2169,0.534,90,2490,0.374,0.288,715,0.567,0.358,0.621,7.8,508,0.388,469,6.5,379,1223,0.545,6.8,82,0.555,0.553,0.2,0.002,0.553,671,673,1208,0.193,2,10,0.195,1218,35,2022,1141,0.538,0.344,0.547,0.269,2152,130,0.53,0.323,0.021,1106,0.491,0.188,0.068,1175,1603,0.256,0.454,577,0.501,728,0.353,151,428,0.204,563,297,558,0.415,1278,0.437,0.464,715,261,0.09,0.114,0.553,273,1161,0.382,75,0.275,1422,0.408,543,372,0.412,0.603,1588,0.495,0.48,661,0.387,1996,0,0.38,158,0.378,971,367,1076,312,59,2561,20,0.411,409,0.569,119,0.383,0.381,749,154,0.38,1821,60,1457,0.0,0.347,0.027,2278,0.599,1425,0.626,266,0.421,1103,0.394,0,2766,0,0.0,558,0.372,715,1534,0.0,0.41,0.383,6,9,452,248,928,0.555,366,0.0,0,648,235,28,0.529,1801,0.406,401,988,752,2014,False
1610612752,New York Knicks,82,37,45,0.451,3971.0,3027,6739,0.449,759,2038,0.372,1271,1670,0.761,870,2437,3307,1641,1063.0,631,367,277,1815,1611,8084,-65.0,1,19,19,19,10,20,19,16,7,5,7,28,28,13,20,27,27,28,2,14,18,2,24,22,20,18,,12,-1.1,0.49,28,91.24,14,11,106.5,0.505,12,22,18,16.0,18,1.54,-1.0,27,107.0,0.542,3,25,0.291,0.541,17,0.705,19,0.141,7556,24,108.1,92.6,0.492,76.04,105.4,0.087,155,206,3623,4120,NYK,22949,22950,1990,0.072,284,2307,177,0.488,0.763,404,372,913,0.322,0.105,0.442,744,0.077,189,0.082,1125,242,1395,3.27,0.249,0.763,2.53,1273,0.54,8084,0.451,17629,1764.3,32420,1730,354,1772,6653,4321,0.496,2126,0.531,86,2332,0.372,0.271,659,0.564,0.349,0.613,8.4,494,0.386,432,6.4,346,1153,0.57,6.9,82,0.538,0.533,0.227,0.003,0.531,508,513,945,0.146,5,22,0.15,967,77,1776,968,0.499,0.313,0.502,0.317,2019,243,0.479,0.275,0.038,891,0.497,0.18,0.111,1159,1877,0.291,0.44,576,0.507,826,0.348,250,718,0.247,550,426,719,0.409,1592,0.452,0.533,1042,293,0.085,0.161,0.585,480,1647,0.386,151,0.315,1940,0.424,748,688,0.41,0.601,1320,0.505,0.496,629,0.448,2629,0,0.373,182,0.37,1588,588,662,431,94,1890,21,0.416,247,0.597,171,0.378,0.397,893,249,0.423,2147,77,1128,0.0,0.324,0.014,2074,0.592,1257,0.606,148,0.409,1316,0.402,0,2042,1,0.0,530,0.36,411,1189,0.034,0.428,0.349,12,11,563,339,1417,0.582,569,0.091,1,971,217,29,0.539,2246,0.394,596,1514,912,2014,False
1610612760,Oklahoma City Thunder,82,59,23,0.72,3961.0,3194,6782,0.471,664,1839,0.361,1653,2052,0.806,887,2781,3668,1794,1256.0,678,501,296,1858,1672,8705,520.0,1,2,2,2,20,6,15,6,15,14,14,5,8,2,18,6,6,13,25,10,2,5,28,18,5,3,1835.0,20,6.4,0.543,9,96.33,5,7,101.0,0.52,6,4,3,16.6,17,1.43,7.1,25,109.4,0.562,20,15,0.294,0.566,5,0.722,4,0.158,7954,5,103.0,97.9,0.518,80.27,108.1,0.1,190,184,3597,4366,OKC,21509,21510,2156,0.083,396,2609,193,0.591,0.843,553,470,1186,0.265,0.094,0.466,691,0.074,241,0.092,1541,244,1290,3.21,0.278,0.78,2.42,738,0.546,8705,0.468,16581,1676.0,31342,1990,358,1990,7331,4945,0.5,2348,0.54,81,2386,0.371,0.279,777,0.562,0.352,0.62,7.5,514,0.384,539,6.3,458,1291,0.58,6.6,82,0.56,0.551,0.259,0.009,0.545,622,637,1111,0.171,15,58,0.18,1169,107,1943,1143,0.525,0.351,0.533,0.318,2279,336,0.502,0.3,0.052,1036,0.547,0.161,0.103,1045,1711,0.264,0.48,572,0.553,822,0.375,250,666,0.205,562,292,592,0.382,1327,0.446,0.534,765,300,0.087,0.118,0.556,590,1751,0.405,213,0.361,1898,0.461,769,403,0.395,0.631,1553,0.52,0.544,604,0.415,2111,0,0.411,195,0.369,1375,507,939,447,87,2116,17,0.425,386,0.634,157,0.345,0.351,802,252,0.359,1887,70,1342,0.0,0.321,-0.044,2193,0.596,1211,0.552,263,0.445,1128,0.396,0,2285,0,0.0,688,0.415,634,1406,0.0,0.418,0.32,3,11,471,216,1335,0.615,528,0.364,4,676,306,21,0.513,1937,0.365,443,1213,773,2014,False
1610612753,Orlando Magic,82,23,59,0.28,3991.0,3022,6784,0.445,563,1596,0.353,1307,1714,0.763,794,2654,3448,1726,1222.0,630,350,445,1678,1500,7914,-446.0,1,28,28,28,2,22,14,21,21,21,21,25,26,12,24,12,21,22,17,16,22,22,16,30,25,26,,22,-5.7,0.466,17,94.27,22,29,104.8,0.487,20,24,26,16.4,25,1.41,-5.5,21,101.0,0.571,17,20,0.267,0.525,10,0.714,24,0.156,7837,18,106.6,95.9,0.49,78.56,99.3,0.091,190,230,3808,4206,ORL,23470,23471,2133,0.074,321,2738,214,0.474,0.77,466,417,1111,0.327,0.089,0.419,896,0.078,212,0.077,1297,244,1072,3.18,0.238,0.766,2.52,1375,0.558,7914,0.46,18040,1760.4,33186,1826,309,1926,6994,4803,0.493,2235,0.53,66,2191,0.362,0.271,719,0.552,0.344,0.606,7.7,466,0.373,493,6.4,427,1185,0.588,6.7,82,0.539,0.533,0.212,0.005,0.53,575,582,1066,0.168,7,33,0.174,1099,57,1830,1035,0.52,0.323,0.534,0.264,2046,216,0.506,0.289,0.034,978,0.47,0.191,0.096,1212,1819,0.287,0.438,570,0.501,797,0.374,227,607,0.216,644,271,604,0.375,1367,0.442,0.517,723,333,0.102,0.114,0.541,385,1315,0.391,133,0.345,1513,0.435,591,767,0.391,0.568,1399,0.487,0.493,493,0.46,2289,0,0.379,163,0.355,1122,398,950,458,106,2062,14,0.412,360,0.583,164,0.359,0.358,896,295,0.356,2176,58,1203,0.0,0.298,0.022,2043,0.594,1259,0.616,275,0.422,1268,0.366,0,2214,0,0.0,547,0.392,701,1254,0.0,0.412,0.364,7,6,522,280,1249,0.566,457,0.333,2,770,231,20,0.486,2216,0.356,418,1173,868,2014,False
1610612755,Philadelphia 76ers,82,19,63,0.232,3970.985,3108,7150,0.435,577,1847,0.312,1362,1918,0.71,949,2556,3505,1791,1384.0,765,330,558,1844,1686,8155,-857.0,1,29,29,29,14,16,2,29,19,13,30,22,14,29,10,19,15,15,30,1,25,30,25,15,19,30,,28,-10.0,0.426,1,99.74,30,30,107.5,0.475,29,27,30,16.0,19,1.29,-10.7,17,99.0,0.576,30,26,0.29,0.51,28,0.684,30,0.168,8236,26,109.0,101.6,0.479,83.11,96.8,0.089,208,220,3838,4396,PHI,24715,24715,2210,0.072,403,3490,265,0.515,0.71,673,568,1638,0.275,0.072,0.411,961,0.076,291,0.083,1796,253,1332,2.76,0.232,0.75,1.96,1099,0.446,8155,0.411,19919,1611.4,35091,2393,397,1870,7560,4670,0.463,2267,0.495,105,2890,0.328,0.265,677,0.547,0.342,0.596,7.4,523,0.34,487,6.3,382,1200,0.552,6.6,82,0.517,0.517,0.333,0.003,0.515,756,762,1461,0.222,6,18,0.225,1479,24,1978,1120,0.541,0.318,0.554,0.207,2094,116,0.535,0.3,0.018,1096,0.5,0.139,0.101,914,1579,0.24,0.412,457,0.473,650,0.29,193,665,0.218,398,353,573,0.34,1435,0.399,0.553,1037,220,0.06,0.157,0.522,354,905,0.341,79,0.223,1210,0.374,413,490,0.348,0.556,1795,0.475,0.492,547,0.428,1925,3,0.36,147,0.309,1465,453,1083,367,70,2888,13,0.376,390,0.568,121,0.318,0.33,501,220,0.347,1332,51,1640,0.231,0.331,0.033,2309,0.595,1450,0.628,276,0.358,761,0.355,0,3140,3,0.0,497,0.371,744,1725,0.136,0.39,0.291,7,9,297,319,873,0.549,310,0.0,0,1095,178,22,0.474,1930,0.333,486,1458,672,2014,False
1610612756,Phoenix Suns,82,48,34,0.585,3951.0,3172,6845,0.463,765,2055,0.372,1520,2004,0.758,928,2601,3529,1563,1258.0,688,374,332,1798,1749,8629,216.0,1,11,11,11,25,10,12,8,6,4,8,9,9,16,14,16,13,29,26,7,17,8,23,8,7,11,,29,2.6,0.509,7,96.83,7,8,103.8,0.519,7,16,10,14.7,14,1.24,3.3,30,108.2,0.493,18,29,0.298,0.558,21,0.699,14,0.158,7973,14,105.6,98.2,0.5,80.69,107.1,0.083,175,170,3454,4024,PHX,22782,22785,1893,0.069,311,2960,210,0.489,0.744,549,418,1202,0.341,0.092,0.457,1009,0.071,213,0.072,1446,271,1080,3.14,0.264,0.726,2.37,1376,0.578,8629,0.417,17543,1709.2,32669,1973,392,1856,7138,4676,0.494,2248,0.53,109,2462,0.376,0.273,711,0.556,0.349,0.605,8.0,518,0.394,490,6.3,381,1229,0.559,6.7,82,0.551,0.547,0.3,0.006,0.542,565,577,1025,0.158,12,40,0.164,1065,70,1978,1103,0.514,0.341,0.522,0.295,2215,237,0.498,0.304,0.036,1033,0.527,0.161,0.108,1046,1748,0.269,0.472,551,0.55,825,0.39,274,702,0.227,411,409,663,0.384,1477,0.449,0.618,1066,254,0.063,0.164,0.587,407,1449,0.398,149,0.366,1634,0.443,650,796,0.386,0.577,1433,0.519,0.574,450,0.421,2312,0,0.385,298,0.364,1467,534,931,570,122,2188,16,0.406,358,0.626,230,0.449,0.404,679,272,0.362,1671,108,1370,0.0,0.353,0.0,2411,0.597,1439,0.597,245,0.414,897,0.373,0,2335,0,0.0,621,0.367,667,1421,0.0,0.44,0.366,4,5,395,284,1520,0.609,567,0.4,2,775,257,19,0.535,2031,0.376,602,1601,785,2014,False
1610612757,Portland Trail Blazers,82,54,28,0.659,3971.0,3207,7134,0.45,770,2071,0.372,1569,1926,0.815,1022,2786,3808,1904,1125.0,454,387,304,1576,1698,8753,327.0,1,5,5,5,10,5,3,15,4,3,10,7,13,1,3,4,1,9,5,30,14,6,6,13,4,8,1070.0,6,4.2,0.524,10,95.9,11,2,104.7,0.504,14,6,8,17.2,4,1.69,3.5,11,110.4,0.594,5,11,0.32,0.548,11,0.713,9,0.142,7930,16,106.2,97.5,0.517,79.91,108.3,0.098,212,283,3962,4779,POR,24230,24230,2375,0.079,317,2276,145,0.505,0.826,404,384,947,0.308,0.105,0.427,700,0.064,198,0.087,1149,240,1338,3.05,0.256,0.778,2.4,1516,0.497,8753,0.434,18676,1736.4,34169,2030,409,2009,8082,5206,0.471,2418,0.508,96,2876,0.355,0.276,768,0.535,0.358,0.591,7.6,596,0.367,589,6.1,493,1364,0.584,6.5,82,0.533,0.523,0.208,0.007,0.518,538,548,1010,0.148,10,48,0.155,1058,81,1959,1074,0.504,0.324,0.507,0.321,2211,252,0.486,0.287,0.037,993,0.506,0.17,0.114,1161,1942,0.284,0.444,587,0.515,862,0.352,275,781,0.237,644,404,722,0.415,1617,0.447,0.494,973,318,0.094,0.143,0.571,581,1738,0.382,188,0.324,2030,0.428,775,753,0.406,0.594,1579,0.504,0.549,581,0.387,2542,0,0.37,238,0.369,1521,562,873,542,133,2021,10,0.412,323,0.605,208,0.438,0.384,892,304,0.315,2167,75,1222,0.0,0.339,-0.043,2440,0.597,1352,0.554,227,0.399,1181,0.38,0,2170,0,0.0,599,0.363,625,1280,0.0,0.427,0.371,5,10,504,309,1694,0.59,644,0.4,4,833,239,17,0.536,2321,0.395,573,1449,957,2014,False
1610612758,Sacramento Kings,82,28,54,0.341,3966.0,3026,6766,0.447,491,1475,0.333,1698,2237,0.759,990,2656,3646,1547,1249.0,587,318,459,1849,1897,8241,-238.0,1,24,24,24,15,21,16,18,28,26,27,4,4,15,5,11,9,30,23,22,27,24,26,4,17,22,,30,-2.7,0.473,14,95.04,20,17,106.3,0.484,23,2,21,14.6,6,1.24,-3.4,29,105.1,0.511,23,30,0.316,0.532,2,0.725,22,0.159,7840,23,107.8,96.7,0.518,79.2,102.9,0.085,198,129,3289,3719,SAC,21628,21628,1839,0.071,356,2682,210,0.553,0.822,537,433,1237,0.28,0.077,0.434,751,0.078,224,0.084,1482,207,1362,3.36,0.259,0.783,2.62,1492,0.545,8128,0.41,16841,1754.2,31337,2129,396,1951,7571,4748,0.476,2347,0.516,118,2823,0.346,0.249,653,0.553,0.333,0.613,7.8,547,0.362,578,6.5,460,1200,0.559,6.8,81,0.535,0.529,0.174,0.004,0.528,588,592,1099,0.177,4,23,0.181,1122,52,1965,1085,0.508,0.353,0.526,0.232,2189,224,0.496,0.316,0.036,1033,0.513,0.191,0.092,1185,1756,0.283,0.443,608,0.491,778,0.298,170,571,0.184,523,251,518,0.405,1142,0.454,0.511,619,267,0.084,0.1,0.563,426,1417,0.389,131,0.308,1654,0.428,643,813,0.363,0.569,1666,0.482,0.485,559,0.422,1644,1,0.382,139,0.324,1159,376,1323,308,64,2089,8,0.39,506,0.621,114,0.379,0.37,732,169,0.36,1879,50,1297,0.125,0.319,0.013,2110,0.6,1293,0.613,369,0.402,1042,0.358,0,2360,1,0.0,547,0.389,948,1389,0.071,0.398,0.319,7,6,415,229,1125,0.589,403,0.0,0,717,220,14,0.47,1654,0.342,341,996,607,2014,False
1610612759,San Antonio Spurs,82,62,20,0.756,3951.0,3326,6844,0.486,698,1757,0.397,1289,1642,0.785,762,2786,3548,2064,1180.0,604,420,379,1495,1585,8639,633.0,1,1,1,1,25,1,13,2,12,16,1,27,30,4,26,4,12,1,11,20,9,15,2,25,6,1,2159.0,3,8.1,0.555,11,95.87,3,5,100.1,0.537,2,15,1,19.0,26,1.75,8.1,5,109.5,0.621,9,1,0.261,0.571,3,0.725,1,0.15,7887,4,101.4,97.1,0.503,79.89,108.2,0.096,219,347,4004,5088,SAS,27114,27114,2609,0.076,259,2926,195,0.47,0.807,547,321,1124,0.359,0.108,0.487,1049,0.067,162,0.055,1376,315,1637,2.74,0.235,0.77,2.12,1236,0.491,8639,0.391,22110,1680.7,36789,2361,309,1958,7143,4991,0.496,2267,0.534,64,2152,0.353,0.298,829,0.558,0.357,0.612,7.8,437,0.364,503,6.2,439,1266,0.575,6.5,82,0.596,0.594,0.3,0.003,0.591,710,716,1191,0.184,6,20,0.187,1211,53,1714,1020,0.561,0.289,0.564,0.346,1867,153,0.546,0.265,0.024,967,0.531,0.175,0.082,1133,1661,0.257,0.486,602,0.548,808,0.39,206,528,0.267,688,433,782,0.417,1726,0.453,0.507,1038,349,0.106,0.161,0.579,309,1379,0.422,119,0.385,1493,0.462,630,607,0.399,0.603,1818,0.537,0.573,640,0.46,2331,0,0.438,244,0.396,1210,479,1027,535,123,2213,11,0.403,450,0.648,219,0.423,0.409,745,291,0.393,1847,96,1433,0.0,0.316,-0.025,2204,0.597,1259,0.571,354,0.389,1117,0.411,0,2397,0,0.0,468,0.424,834,1522,0.0,0.416,0.377,3,5,465,259,1316,0.635,541,0.6,3,687,182,16,0.539,2104,0.409,575,1405,847,2014,False
1610612761,Toronto Raptors,82,48,34,0.585,3991.0,2992,6718,0.445,713,1917,0.372,1608,2055,0.782,935,2552,3487,1737,1159.0,577,343,352,1882,1815,8305,266.0,1,11,11,11,2,24,23,22,9,11,9,6,7,5,12,20,17,21,9,25,23,11,29,5,13,9,635.0,16,3.3,0.512,24,92.48,12,9,102.4,0.498,15,12,9,16.4,9,1.5,3.5,16,107.9,0.581,11,19,0.312,0.545,19,0.701,13,0.151,7696,10,104.6,94.4,0.505,77.07,105.8,0.089,195,236,3589,4357,TOR,24049,24050,2136,0.071,357,3090,213,0.464,0.819,522,436,1214,0.339,0.102,0.43,1049,0.069,224,0.072,1434,314,1092,3.16,0.244,0.761,2.46,852,0.523,8208,0.458,19100,1774.4,33677,2050,322,1771,7378,4669,0.464,2093,0.496,82,2709,0.338,0.289,724,0.537,0.378,0.587,7.0,571,0.349,474,6.1,392,1295,0.623,6.4,81,0.543,0.535,0.227,0.007,0.53,565,575,1040,0.165,10,44,0.172,1084,96,2096,1149,0.496,0.384,0.502,0.301,2415,319,0.476,0.333,0.051,1053,0.502,0.146,0.119,920,1667,0.265,0.441,462,0.523,735,0.365,273,747,0.178,355,327,501,0.427,1121,0.447,0.49,766,174,0.056,0.122,0.593,447,1397,0.363,135,0.302,1740,0.401,631,446,0.403,0.589,1561,0.499,0.486,500,0.441,2259,2,0.413,223,0.365,1375,502,1136,528,124,1851,12,0.378,469,0.607,209,0.407,0.396,686,305,0.381,1814,85,1124,0.167,0.352,-0.012,2282,0.594,1328,0.582,310,0.38,1057,0.374,0,2122,2,0.0,510,0.399,776,1241,0.125,0.394,0.371,7,9,416,344,1293,0.585,483,0.222,2,926,194,16,0.545,1996,0.399,559,1402,809,2014,False
1610612762,Utah Jazz,82,25,57,0.305,3956.0,2951,6652,0.444,543,1577,0.344,1346,1803,0.747,904,2477,3381,1664,1200.0,570,366,401,1699,1673,7791,-588.0,1,26,26,26,22,27,25,24,24,23,25,23,21,22,16,26,23,26,14,26,20,17,17,17,29,28,,24,-7.6,0.451,26,92.32,23,25,109.1,0.484,22,19,28,16.1,15,1.39,-8.4,22,102.4,0.564,19,24,0.297,0.523,15,0.708,28,0.158,7605,29,110.1,93.6,0.497,76.94,100.6,0.079,213,214,3834,4148,UTA,26199,26199,2074,0.064,268,2719,186,0.446,0.753,447,356,1078,0.343,0.096,0.415,932,0.068,181,0.067,1214,262,1535,2.98,0.218,0.8,2.26,1263,0.488,7791,0.404,21375,1780.1,35817,1981,352,1795,6883,4475,0.491,2147,0.526,74,2408,0.375,0.272,672,0.553,0.357,0.606,7.5,535,0.386,462,6.5,388,1207,0.593,6.8,82,0.594,0.593,0.333,0.002,0.59,674,679,1135,0.182,5,15,0.184,1150,28,1763,940,0.507,0.301,0.517,0.237,1881,118,0.5,0.282,0.019,912,0.457,0.188,0.085,1177,1707,0.273,0.417,538,0.468,712,0.328,174,530,0.242,608,336,619,0.373,1509,0.41,0.465,901,283,0.097,0.144,0.522,243,1127,0.368,71,0.292,1435,0.393,528,616,0.361,0.601,1585,0.484,0.542,620,0.428,2082,0,0.374,188,0.338,1158,391,1064,396,72,2106,21,0.37,398,0.62,152,0.346,0.384,705,208,0.426,1905,80,1305,0.0,0.354,0.013,2346,0.597,1431,0.61,274,0.376,932,0.365,0,2335,0,0.0,556,0.385,711,1379,0.0,0.369,0.335,3,8,344,148,1635,0.591,596,0.125,1,442,209,28,0.475,2112,0.36,472,1312,768,2014,False
1610612764,Washington Wizards,82,44,38,0.537,4011.0,3177,6920,0.459,647,1704,0.38,1253,1715,0.731,886,2573,3459,1909,1204.0,668,377,320,1675,1600,8254,104.0,1,14,14,14,1,9,9,10,16,19,5,29,25,25,19,17,20,8,15,11,15,7,13,23,16,15,984.0,10,1.3,0.504,18,94.18,15,20,102.4,0.506,11,18,15,17.6,21,1.59,0.9,7,104.9,0.601,14,7,0.286,0.538,7,0.719,16,0.153,7872,7,103.6,95.5,0.498,78.48,103.3,0.092,219,259,3896,4695,WAS,25530,25530,2356,0.074,249,2222,186,0.423,0.743,331,335,796,0.354,0.102,0.416,786,0.084,168,0.076,941,227,1649,2.86,0.232,0.745,2.09,1385,0.479,8169,0.438,20301,1676.3,35154,2098,411,1899,7275,4666,0.47,2310,0.509,127,2609,0.337,0.252,640,0.545,0.318,0.601,8.8,449,0.354,557,6.5,430,1089,0.511,7.1,81,0.581,0.579,0.316,0.003,0.576,593,599,1021,0.157,6,19,0.16,1040,43,1854,1024,0.513,0.313,0.529,0.234,2038,184,0.502,0.285,0.028,981,0.467,0.188,0.082,1228,1765,0.271,0.435,574,0.489,767,0.359,193,537,0.257,741,396,750,0.425,1673,0.448,0.478,932,354,0.114,0.143,0.567,277,1290,0.347,74,0.267,1750,0.369,608,664,0.405,0.603,1562,0.506,0.545,723,0.44,2418,1,0.371,264,0.373,1156,431,909,533,110,2107,14,0.381,337,0.643,215,0.409,0.403,838,269,0.398,2199,105,1355,0.071,0.314,0.017,2054,0.591,1249,0.608,240,0.377,1344,0.389,0,2259,1,0.0,591,0.383,626,1410,0.056,0.384,0.37,6,25,516,313,1203,0.624,468,0.24,6,846,223,18,0.541,2105,0.406,558,1375,860,2014,False
