TEAM_ID,TEAM_NAME,GP,W,L,W_PCT,MIN,FGM,FGA,FG_PCT,FG3M,FG3A,FG3_PCT,FTM,FTA,FT_PCT,OREB,DREB,REB,AST,TOV,STL,BLK,BLKA,PF,PFD,PTS,PLUS_MINUS,GP_RANK,W_RANK,L_RANK,W_PCT_RANK,MIN_RANK,FGM_RANK,FGA_RANK,FG_PCT_RANK,FG3M_RANK,FG3A_RANK,FG3_PCT_RANK,FTM_RANK,FTA_RANK,FT_PCT_RANK,OREB_RANK,DREB_RANK,REB_RANK,AST_RANK,TOV_RANK,STL_RANK,BLK_RANK,BLKA_RANK,PF_RANK,PFD_RANK,PTS_RANK,PLUS_MINUS_RANK,team_poss,EFG_PCT_RANK,PIE,NET_RATING,AST_RATIO,E_PACE,OFF_RATING_RANK,E_DEF_RATING,AST_TO,PIE_RANK,TM_TOV_PCT_RANK,OREB_PCT,REB_PCT,AST_TO_RANK,DEF_RATING,AST_RATIO_RANK,REB_PCT_RANK,TS_PCT,DEF_RATING_RANK,PACE,TS_PCT_RANK,TM_TOV_PCT,AST_PCT,E_NET_RATING,OREB_PCT_RANK,DREB_PCT_RANK,DREB_PCT,AST_PCT_RANK,PACE_PER40,E_OFF_RATING,PACE_RANK,EFG_PCT,NET_RATING_RANK,POSS,OFF_RATING,PASSES_MADE,AST_ADJ,PASSES_RECEIVED,AST_TO_PASS_PCT,AST_PTS_CREATED,POTENTIAL_AST,AST_TO_PASS_PCT_ADJ,SECONDARY_AST,FT_AST,TEAM_ABBREVIATION,DRIVE_PF,DRIVE_FT_PCT,DRIVE_TOV_PCT,DRIVE_PTS_PCT,DRIVE_PTS,DRIVE_PF_PCT,DRIVE_FTA,DRIVE_FGM,DRIVE_FG_PCT,DRIVE_PASSES_PCT,DRIVE_AST_PCT,DRIVE_TOV,DRIVE_AST,DRIVES,DRIVE_FGA,DRIVE_PASSES,DRIVE_FTM,PTS_PER_ELBOW_TOUCH,POST_TOUCHES,AVG_DRIB_PER_TOUCH,FRONT_CT_TOUCHES,AVG_SEC_PER_TOUCH,PTS_PER_POST_TOUCH,ELBOW_TOUCHES,PTS_PER_PAINT_TOUCH,PTS_PER_TOUCH,TIME_OF_POSS,PAINT_TOUCHES,TOUCHES,POINTS,REB_CHANCE_DEFER,OREB_CHANCES,REB_CHANCE_PCT,OREB_CHANCE_PCT,DREB_UNCONTEST,OREB_CONTEST_PCT,REB_CHANCE_PCT_ADJ,DREB_CHANCE_PCT,OREB_CONTEST,AVG_REB_DIST,OREB_CHANCE_PCT_ADJ,DREB_CHANCE_PCT_ADJ,OREB_UNCONTEST,OREB_CHANCE_DEFER,AVG_DREB_DIST,DREB_CONTEST,REB_CHANCES,DREB_CHANCE_DEFER,DREB_CHANCES,REB_CONTEST,REB_CONTEST_PCT,REB_UNCONTEST,DREB_CONTEST_PCT,AVG_OREB_DIST,very_tight_FG_PCT,very_tight_FGA_FREQUENCY,very_tight_FG2A,very_tight_FG3A,very_tight_EFG_PCT,G,very_tight_FGM,very_tight_FG3M,very_tight_FGA,very_tight_FG3A_FREQUENCY,very_tight_FG2A_FREQUENCY,very_tight_FG2M,very_tight_FG2_PCT,very_tight_FG3_PCT,tight_FG2_PCT,tight_FG2A,tight_FGA_FREQUENCY,tight_FG3M,tight_FG3_PCT,tight_FG2M,tight_EFG_PCT,tight_FG3A_FREQUENCY,tight_FG3A,tight_FG2A_FREQUENCY,tight_FGA,tight_FG_PCT,tight_FGM,open_FG3A_FREQUENCY,open_FG3_PCT,open_FG2A_FREQUENCY,open_FG3M,open_FGA_FREQUENCY,open_FG2M,open_FG_PCT,open_EFG_PCT,open_FG3A,open_FGA,open_FGM,open_FG2A,open_FG2_PCT,wide_open_FG2M,wide_open_FGM,wide_open_FG2A,wide_open_FG2_PCT,wide_open_EFG_PCT,wide_open_FG3A,wide_open_FGA,wide_open_FG_PCT,wide_open_FG3A_FREQUENCY,wide_open_FG3_PCT,wide_open_FG3M,wide_open_FGA_FREQUENCY,wide_open_FG2A_FREQUENCY,PULL_UP_FGA,PULL_UP_FGM,PULL_UP_PTS,PULL_UP_FG3_PCT,PULL_UP_EFG_PCT,PULL_UP_FG3A,PULL_UP_FG_PCT,PULL_UP_FG3M,CATCH_SHOOT_FG_PCT,ELBOW_TOUCH_FG_PCT,ELBOW_TOUCH_PTS,POST_TOUCH_FG_PCT,CATCH_SHOOT_PTS,PAINT_TOUCH_PTS,POST_TOUCH_PTS,PAINT_TOUCH_FG_PCT,EFF_FG_PCT,CORNER_3_FGA,MID_FGM,RA_FGA,RIGHT_CORNER_3_FGM,LEFT_CORNER_3_FG_PCT,CORNER_3_FGM,MID_FGA,BACKCOURT_FGM,BACKCOURT_FG_PCT,RA_FGM,ABOVE_BREAK_3_FGM,LEFT_CORNER_3_FGA,CORNER_3_FG_PCT,ABOVE_BREAK_3_FGA,RIGHT_CORNER_3_FGA,RIGHT_CORNER_3_FG_PCT,ITP_FG_PCT,ITP_FGA,MID_FG_PCT,ITP_FGM,LEFT_CORNER_3_FGM,RA_FG_PCT,BACKCOURT_FGA,ABOVE_BREAK_3_FG_PCT,FGM_LT_06,FREQ,NS_LT_06_PCT,PLUSMINUS,FGA_LT_06,LT_06_PCT,FGM_10_14,FGA_40_PLUS,FGP_25_29,FGA_20_24,FGM_20_24,FGA_LT_5,FGP_10_14,FGM_25_29,FGP_20_24,FGM_5_9,FGM_LT_5,FGP_35_39,FGM_15_19,FGM_40_PLUS,FGA_15_19,FGA_5_9,FGA_30_34,FGP_5_9,FGP_40_PLUS,FGP_30_34,FGA_10_14,FGP_LT_5,FGM_30_34,FGP_15_19,FGM_35_39,FGA_25_29,FGA_35_39,CATCH_SHOOT_FG3M,CATCH_SHOOT_FG3A,CATCH_SHOOT_FG3_PCT,CATCH_SHOOT_FGM,CATCH_SHOOT_FGA,CATCH_SHOOT_EFG_PCT,OPP_PTS_FB_RANK,PTS_2ND_CHANCE_RANK,OPP_PTS_FB,PTS_OFF_TOV,PTS_FB_RANK,PTS_OFF_TOV_RANK,OPP_PTS_2ND_CHANCE,PTS_2ND_CHANCE,OPP_PTS_PAINT_RANK,PTS_PAINT_RANK,OPP_PTS_2ND_CHANCE_RANK,OPP_PTS_OFF_TOV_RANK,OPP_PTS_OFF_TOV,OPP_PTS_PAINT,PTS_FB,PTS_PAINT,year,date,playoffs
1610612743,Denver Nuggets,1,1,0,1.0,53.0,41,94,0.436,9,27,0.333,21,27,0.778,12,33,45,24,11.0,11,1,6,18,25,112,2.0,1,1,1,1,1,5,1,6,7,7,7,1,2,4,2,2,1,5,4,2,8,5,2,1,4,4,102,7,0.518,0.9,16.6,93.7,5,107.8,2.18,4,3,0.339,0.515,4,108.9,6,4,0.529,3,91.92,6,0.108,0.585,-1.0,2,3,0.733,3,76.6,106.8,5,0.484,4,102,109.8,288,27,288,0.083,59,45,0.094,1,2,DEN,1,1.0,0.045,0.5,11,0.045,2,4,0.4,0.409,0.091,1,2,22,10,9,2,0.526,21,2.26,226,3.33,0.857,19,0.893,0.266,23.4,28,421,112,6,40,0.523,0.3,23,0.667,0.563,0.688,8,7.0,0.316,0.75,4,2,6.5,9,86,4,48,17,0.378,27,0.273,8.5,0.286,0.074,7,0,0.286,1,2,0,7,0.0,0.074,2,0.286,,0.488,41,0.447,0,0.0,20,0.476,0.011,1,0.436,42,0.476,20,0.138,0.231,0.117,3,0.255,6,0.375,0.438,13,24,9,11,0.545,4,10,8,0.5,0.619,13,21,0.476,0.138,0.462,6,0.223,0.085,18,5,13,0.5,0.361,6,0.278,3,0.346,0.571,10,0.727,24,25,18,0.588,0.484,8,4,24,0.0,0.429,3,13,0,0.0,15,6,7,0.375,19,1.0,0.0,0.433,30,0.308,13,3,0.625,0,0.316,23,0.384,0.632,0.065,33,0.697,3,0,0.278,12,5,32,0.5,5,0.417,10,17,,1,0,7,19,0.0,0.526,0.0,0.0,6,0.531,0.0,0.143,,18,,6,20,0.3,9,25,0.48,4,6,19.0,29.0,6,1,8.0,9.0,7,3,2,2,9.0,60.0,16.0,56.0,2025,20250419,True
1610612765,Detroit Pistons,1,0,1,0.0,48.0,41,86,0.477,15,32,0.469,15,20,0.75,11,26,37,23,21.0,6,9,9,21,21,112,-11.0,1,5,5,5,3,5,3,5,2,6,2,4,4,6,3,7,7,6,8,5,1,7,4,3,4,6,98,5,0.416,-8.7,16.7,104.1,4,118.9,1.1,6,8,0.362,0.533,8,123.0,5,1,0.591,7,99.0,5,0.214,0.561,-12.0,1,4,0.711,5,82.5,106.9,1,0.564,6,98,114.3,227,27,227,0.101,66,40,0.119,1,3,DET,3,0.667,0.0,0.667,26,0.077,6,10,0.455,0.282,0.026,0,1,39,22,11,4,0.0,6,2.62,171,3.53,0.667,10,0.727,0.317,20.7,22,353,112,4,25,0.514,0.44,20,0.727,0.544,0.542,8,6.5,0.44,0.591,3,0,6.9,6,72,4,48,14,0.378,23,0.231,5.6,0.333,0.07,6,0,0.333,1,2,0,6,0.0,0.07,2,0.333,,0.423,26,0.384,1,0.143,11,0.379,0.081,7,0.302,33,0.364,12,0.186,0.5,0.163,8,0.349,10,0.6,0.733,16,30,18,14,0.714,3,9,8,0.375,0.706,9,17,0.529,0.105,0.667,6,0.198,0.093,28,9,21,0.375,0.375,8,0.321,3,0.538,0.0,0,0.5,40,16,4,0.6,0.564,7,3,27,0.0,0.667,4,12,0,0.0,16,11,6,0.571,25,1.0,0.0,0.467,15,0.25,7,4,0.593,0,0.44,23,0.344,0.642,0.077,32,0.719,4,0,0.409,11,6,28,0.444,9,0.545,4,16,0.0,2,0,6,10,0.0,0.4,0.0,0.0,9,0.571,0.0,0.333,0.0,22,0.0,12,23,0.522,14,25,0.8,4,2,19.0,17.0,2,4,20.0,22.0,8,4,5,7,25.0,62.0,22.0,46.0,2025,20250419,True
1610612754,Indiana Pacers,1,1,0,1.0,48.0,42,81,0.519,13,34,0.382,20,26,0.769,5,38,43,28,8.0,6,6,3,22,20,117,19.0,1,1,1,1,3,4,8,2,4,4,4,2,3,5,8,1,4,2,1,5,3,2,7,6,2,2,97,2,0.639,20.6,21.4,96.9,3,99.7,3.5,1,1,0.14,0.479,1,100.0,2,6,0.633,1,97.5,2,0.082,0.667,22.9,8,2,0.755,1,81.25,122.6,3,0.599,2,97,120.6,317,31,317,0.088,72,45,0.098,1,3,IND,6,0.667,0.0,0.462,18,0.154,12,5,0.455,0.538,0.128,0,5,39,11,21,8,1.25,3,2.49,241,3.0,0.667,8,0.308,0.276,21.2,13,424,117,7,14,0.558,0.357,31,0.0,0.614,0.585,0,8.1,0.385,0.644,4,1,7.6,6,77,6,65,6,0.14,35,0.158,12.7,0.625,0.099,8,0,0.625,1,5,0,8,0.0,0.099,5,0.625,,0.429,14,0.173,0,,6,0.429,0.0,0,0.173,14,0.429,6,0.136,0.182,0.247,2,0.383,13,0.484,0.516,11,31,15,20,0.65,5,16,5,1.0,0.768,23,28,0.571,0.284,0.478,11,0.346,0.062,33,12,26,0.154,0.394,13,0.364,2,0.56,0.833,10,1.0,39,4,2,0.4,0.599,6,13,19,3.0,0.5,4,22,0,0.0,13,9,2,0.667,28,4.0,0.75,0.5,6,0.591,3,1,0.684,0,0.321,18,0.31,0.653,0.039,26,0.692,3,0,0.316,17,8,21,0.375,6,0.471,0,15,0.0,9,0,14,1,1.0,0.0,0.0,1.0,8,0.714,1.0,0.643,0.0,19,0.0,11,21,0.524,14,25,0.78,1,8,5.0,14.0,2,5,14.0,3.0,3,7,4,1,3.0,40.0,22.0,32.0,2025,20250419,True
1610612746,LA Clippers,1,0,1,0.0,53.0,43,86,0.5,12,33,0.364,12,16,0.75,11,33,44,25,20.0,7,6,1,25,18,110,-2.0,1,5,5,5,1,3,3,4,5,5,6,7,6,6,3,2,2,4,7,4,3,1,8,7,6,5,101,4,0.482,-0.9,18.1,93.7,6,106.8,1.25,5,7,0.267,0.485,6,109.8,4,5,0.591,4,91.92,4,0.198,0.581,1.0,6,7,0.661,4,76.6,107.8,5,0.57,5,101,108.9,287,33,287,0.087,60,42,0.115,6,2,LAC,2,1.0,0.1,0.66,33,0.04,4,14,0.609,0.36,0.06,5,3,50,23,18,4,0.538,6,2.49,205,3.47,0.0,13,0.864,0.268,23.7,22,411,110,5,22,0.506,0.5,22,0.636,0.537,0.485,7,7.8,0.5,0.524,4,0,7.6,11,87,5,68,18,0.409,26,0.333,8.3,0.833,0.07,6,0,0.833,1,5,0,6,0.0,0.07,5,0.833,,0.5,36,0.581,6,0.429,18,0.54,0.163,14,0.419,50,0.48,24,0.081,0.286,0.116,2,0.198,7,0.529,0.588,7,17,9,10,0.7,1,5,1,1.0,0.538,12,13,0.385,0.14,0.333,4,0.151,0.012,25,9,22,0.286,0.44,14,0.36,4,0.381,0.75,7,0.0,24,19,0,0.692,0.57,8,1,20,1.0,0.167,2,5,0,0.0,16,10,6,0.25,25,2.0,0.5,0.5,28,0.2,14,1,0.8,0,0.4,21,0.404,0.656,-0.103,38,0.553,3,0,0.455,10,2,24,0.5,10,0.2,10,18,,0,0,4,19,1.0,0.526,0.0,0.0,6,0.75,0.0,0.0,,22,,7,18,0.389,7,20,0.525,3,7,16.0,9.0,4,6,9.0,8.0,6,2,3,8,29.0,56.0,19.0,60.0,2025,20250419,True
1610612747,Los Angeles Lakers,1,0,1,0.0,48.0,33,83,0.398,15,41,0.366,14,16,0.875,13,25,38,15,13.0,5,4,4,10,21,95,-22.0,1,5,5,5,3,8,7,8,2,2,5,6,6,2,1,8,6,7,6,7,5,3,1,3,8,8,88,6,0.381,-25.0,12.6,89.7,7,130.9,1.15,7,6,0.314,0.479,7,133.0,7,7,0.528,8,88.0,7,0.148,0.455,-25.4,4,6,0.674,7,73.33,105.5,7,0.488,8,88,108.0,253,20,253,0.059,42,37,0.079,4,1,LAL,3,0.833,0.077,0.59,23,0.077,6,9,0.45,0.333,0.026,3,1,39,20,13,5,1.667,6,2.5,189,3.2,1.167,3,0.409,0.256,19.8,22,371,95,4,28,0.543,0.464,20,0.692,0.576,0.581,9,6.9,0.464,0.641,4,0,6.0,5,70,4,43,14,0.368,24,0.2,8.7,0.0,0.012,1,0,0.0,1,0,0,1,0.0,0.012,0,0.0,,0.476,21,0.301,0,0.0,10,0.4,0.048,4,0.253,25,0.4,10,0.193,0.313,0.193,5,0.386,7,0.375,0.453,16,32,12,16,0.438,1,11,4,0.25,0.64,21,25,0.44,0.253,0.476,10,0.301,0.048,33,11,28,0.375,0.424,16,0.333,6,0.36,0.667,5,0.667,27,9,7,0.4,0.488,12,2,19,1.0,0.444,5,8,0,0.0,10,10,9,0.417,29,3.0,0.333,0.4,15,0.25,6,4,0.526,0,0.345,15,0.337,0.634,-0.117,29,0.517,2,1,0.333,22,8,19,0.25,6,0.364,5,10,0.0,1,1,4,10,1.0,0.5,1.0,0.0,8,0.526,0.0,0.25,0.0,18,0.0,9,25,0.36,9,25,0.54,8,3,25.0,9.0,7,6,23.0,20.0,4,7,8,6,18.0,44.0,6.0,32.0,2025,20250419,True
1610612749,Milwaukee Bucks,1,0,1,0.0,48.0,35,84,0.417,9,37,0.243,19,28,0.679,8,33,41,15,10.0,4,3,6,20,22,98,-19.0,1,5,5,5,3,7,6,7,7,3,8,3,1,8,6,2,5,7,2,8,7,5,3,2,7,7,98,8,0.361,-20.6,11.9,96.9,8,122.6,1.5,8,2,0.245,0.521,5,120.6,8,3,0.509,6,97.5,8,0.102,0.429,-22.9,7,1,0.86,8,81.25,99.7,3,0.47,7,98,100.0,252,20,252,0.06,42,40,0.079,3,2,MIL,5,0.5,0.065,0.761,35,0.109,10,14,0.636,0.348,0.109,3,5,46,22,16,5,0.5,9,2.46,186,3.15,0.0,8,0.706,0.266,19.4,17,369,98,3,27,0.547,0.296,26,0.375,0.569,0.623,3,7.6,0.296,0.66,4,0,6.5,8,75,3,53,11,0.268,30,0.242,12.7,0.286,0.083,6,1,0.286,1,2,0,7,0.012,0.071,2,0.333,0.0,0.64,25,0.333,2,0.667,16,0.679,0.036,3,0.298,28,0.643,18,0.179,0.2,0.179,3,0.357,8,0.367,0.417,15,30,11,15,0.533,0,4,1,0.0,0.316,18,19,0.211,0.214,0.222,4,0.226,0.012,22,9,20,0.222,0.455,9,0.409,2,0.233,0.667,4,0.0,21,12,0,0.5,0.47,11,6,25,2.0,0.167,3,11,0,0.0,18,6,6,0.273,25,5.0,0.4,0.182,11,0.545,2,1,0.72,1,0.24,16,0.259,0.666,0.096,21,0.762,3,1,0.227,15,5,27,0.375,5,0.333,0,19,0.0,3,0,6,5,0.0,0.0,0.0,0.0,8,0.704,0.0,0.5,0.0,22,0.0,7,28,0.25,7,30,0.35,6,5,22.0,3.0,8,8,3.0,14.0,1,6,1,4,14.0,32.0,5.0,40.0,2025,20250419,True
1610612750,Minnesota Timberwolves,1,1,0,1.0,48.0,44,86,0.512,21,42,0.5,8,10,0.8,11,33,44,29,10.0,8,4,4,21,10,117,22.0,1,1,1,1,3,2,3,3,1,1,1,8,8,3,3,2,2,1,2,3,5,3,4,8,2,1,88,1,0.619,25.0,22.1,89.7,1,105.5,2.9,2,5,0.326,0.521,2,108.0,1,2,0.647,2,88.0,1,0.114,0.659,25.4,3,5,0.686,2,73.33,130.9,7,0.634,1,88,133.0,280,34,280,0.104,79,40,0.121,4,1,MIN,1,1.0,0.05,0.55,22,0.025,2,10,0.417,0.325,0.175,2,7,40,24,13,2,1.0,11,2.53,212,3.2,0.455,2,0.923,0.298,20.9,13,392,117,10,27,0.518,0.407,25,0.545,0.587,0.559,6,7.3,0.423,0.66,5,1,7.2,8,85,9,59,14,0.318,30,0.242,7.6,1.0,0.035,3,0,1.0,1,3,0,3,0.0,0.035,3,1.0,,0.455,33,0.384,0,,15,0.455,0.0,0,0.384,33,0.455,15,0.174,0.133,0.058,2,0.233,3,0.25,0.3,15,20,5,5,0.6,2,21,3,0.667,1.017,27,30,0.7,0.314,0.704,19,0.349,0.035,24,9,21,0.214,0.438,14,0.375,3,0.621,0.0,2,1.0,54,12,5,0.75,0.634,12,1,24,7.0,0.4,9,4,0,0.0,11,12,5,0.75,30,7.0,1.0,0.688,16,0.25,11,2,0.458,0,0.4,10,0.229,0.668,-0.142,19,0.526,5,0,0.45,21,11,25,0.714,9,0.524,6,12,0.0,0,0,3,9,1.0,0.667,0.0,1.0,7,0.48,1.0,0.0,0.0,20,0.0,18,27,0.667,18,28,0.964,2,1,6.0,18.0,1,3,20.0,23.0,1,5,5,2,9.0,32.0,25.0,44.0,2025,20250419,True
1610612752,New York Knicks,1,1,0,1.0,48.0,49,93,0.527,10,26,0.385,15,17,0.882,8,28,36,26,11.0,12,9,9,21,21,123,11.0,1,1,1,1,3,1,2,1,6,8,3,4,5,1,6,6,8,3,4,1,1,7,4,3,1,3,100,3,0.584,8.7,18.8,104.1,2,106.9,2.36,3,4,0.289,0.467,3,114.3,3,8,0.612,5,99.0,3,0.11,0.531,12.0,5,8,0.638,6,82.5,118.9,1,0.581,3,100,123.0,251,28,251,0.104,61,38,0.112,2,0,NYK,2,1.0,0.02,0.837,41,0.041,4,18,0.529,0.204,0.02,1,1,49,34,10,4,0.857,7,2.9,175,3.63,0.571,7,1.125,0.324,23.0,16,380,123,6,26,0.522,0.308,22,0.5,0.571,0.622,4,6.1,0.32,0.7,4,1,6.1,6,69,5,45,10,0.278,26,0.214,6.3,0.5,0.108,10,0,0.5,1,5,0,10,0.0,0.108,5,0.5,,0.6,30,0.376,0,0.0,18,0.514,0.054,5,0.323,35,0.514,18,0.075,0.571,0.269,4,0.344,14,0.563,0.625,7,32,18,25,0.56,2,8,2,1.0,0.688,14,16,0.5,0.151,0.429,6,0.172,0.022,30,16,35,0.429,0.583,7,0.533,3,0.4,0.6,6,0.667,23,18,4,0.9,0.581,7,8,38,0.0,0.286,2,12,0,0.0,24,8,7,0.286,19,0.0,0.0,0.412,17,0.667,7,2,0.632,0,0.421,15,0.267,0.631,0.021,23,0.652,7,0,0.438,11,4,39,0.583,7,0.364,4,24,0.0,3,0,5,9,0.0,0.444,0.0,0.0,12,0.615,0.0,0.6,0.0,16,1.0,7,19,0.368,7,19,0.553,6,3,22.0,25.0,4,2,22.0,20.0,5,1,7,5,17.0,46.0,19.0,62.0,2025,20250419,True
1610612738,Boston Celtics,1,1,0,1.0,48.0,37,82,0.451,16,37,0.432,13,18,0.722,9,33,42,22,11.0,13,5,5,13,17,103,17.0,1,1,1,1,1,4,5,5,3,3,1,2,2,7,7,2,4,3,2,2,2,6,1,2,3,3,87,5,0.623,19.5,17.7,89.9,3,97.9,2.0,2,2,0.326,0.51,3,98.9,3,4,0.573,3,87.0,5,0.126,0.595,14.1,3,4,0.68,2,72.5,112.1,7,0.549,3,87,118.4,240,28,240,0.092,61,42,0.117,4,2,BOS,1,1.0,0.054,0.541,20,0.027,2,9,0.5,0.405,0.108,2,4,37,18,15,2,0.857,10,2.74,166,3.4,0.2,7,0.875,0.294,19.8,16,350,103,5,20,0.545,0.45,25,0.556,0.583,0.55,5,5.6,0.45,0.6,4,0,5.5,8,77,5,60,13,0.31,29,0.242,5.9,0.4,0.061,5,0,0.4,1,2,0,5,0.0,0.061,2,0.4,,0.429,28,0.402,1,0.2,12,0.409,0.061,5,0.341,33,0.394,13,0.195,0.375,0.122,6,0.317,6,0.462,0.577,16,26,12,10,0.6,1,10,2,0.5,0.806,16,18,0.556,0.195,0.563,9,0.22,0.024,18,8,20,0.444,0.556,9,0.444,4,0.429,1.0,6,0.143,36,14,2,0.538,0.549,6,5,13,2.0,0.333,3,9,0,0.0,8,13,3,0.5,30,3.0,0.667,0.348,23,0.556,8,1,0.615,1,0.433,12,0.346,0.628,-0.199,28,0.429,1,1,0.435,13,7,23,0.25,10,0.538,3,13,0.0,3,0,5,12,1.0,0.25,0.0,0.0,4,0.565,0.0,0.6,0.0,23,0.0,12,27,0.444,12,27,0.667,1,2,4.0,24.0,2,2,11.0,17.0,1,7,1,1,8.0,28.0,26.0,32.0,2025,20250420,True
1610612739,Cleveland Cavaliers,1,1,0,1.0,48.0,45,88,0.511,18,43,0.419,13,16,0.813,14,28,42,21,8.0,8,4,4,13,15,121,21.0,1,1,1,1,1,2,3,1,1,2,3,2,3,3,2,6,4,4,1,5,4,3,1,4,2,2,88,1,0.576,22.6,16.5,88.7,1,113.3,2.63,4,1,0.391,0.528,1,114.9,5,3,0.637,5,87.5,1,0.091,0.467,22.6,2,5,0.674,8,72.92,135.9,5,0.614,2,88,137.5,223,23,223,0.094,52,34,0.103,2,0,CLE,1,1.0,0.043,0.787,37,0.021,2,17,0.63,0.277,0.106,2,5,47,27,13,2,0.667,3,2.71,162,3.38,0.667,6,0.6,0.353,19.3,20,343,121,5,27,0.568,0.519,23,0.643,0.609,0.583,9,7.9,0.519,0.651,5,0,7.1,5,74,5,48,14,0.333,28,0.179,9.4,0.5,0.045,3,1,0.625,1,2,1,4,0.011,0.034,1,0.333,1.0,0.559,34,0.466,3,0.429,19,0.573,0.08,7,0.386,41,0.537,22,0.125,0.273,0.068,3,0.193,5,0.471,0.559,11,17,8,6,0.833,2,13,2,1.0,0.712,24,26,0.5,0.273,0.458,11,0.295,0.023,30,15,39,0.429,0.65,21,0.5,9,0.409,0.5,4,0.5,27,12,2,0.5,0.614,9,3,14,2.0,0.0,2,5,0,0.0,9,16,2,0.222,33,7.0,0.286,0.577,26,0.6,15,0,0.643,1,0.485,13,0.213,0.629,0.136,17,0.765,6,1,0.5,9,2,16,0.6,13,0.222,11,10,0.0,0,0,0,19,7.0,0.579,0.0,0.429,10,0.625,3.0,0.0,0.0,26,0.0,9,22,0.409,9,22,0.614,5,2,14.0,11.0,5,5,17.0,17.0,4,3,4,3,11.0,44.0,8.0,48.0,2025,20250420,True
1610612744,Golden State Warriors,1,1,0,1.0,48.0,36,76,0.474,12,32,0.375,11,14,0.786,6,30,36,20,14.0,14,1,3,18,15,95,10.0,1,1,1,1,1,5,8,4,5,5,4,4,5,4,8,3,8,5,3,1,8,2,8,4,5,4,89,4,0.587,11.2,16.8,90.5,5,93.6,1.43,3,4,0.25,0.418,5,95.5,4,8,0.578,2,89.0,4,0.157,0.556,11.8,8,8,0.534,6,74.17,105.4,3,0.553,4,89,106.7,282,24,282,0.071,53,45,0.085,1,3,GSW,2,0.75,0.031,0.406,13,0.063,4,5,0.385,0.5,0.094,1,3,32,13,16,3,0.75,1,2.28,201,3.1,0.0,8,0.933,0.242,20.3,15,392,95,7,13,0.529,0.462,21,0.667,0.59,0.526,4,5.3,0.462,0.6,2,0,5.7,9,68,7,57,13,0.361,23,0.3,3.1,0.5,0.053,4,0,0.5,1,2,0,4,0.0,0.053,2,0.5,,0.545,22,0.355,2,0.4,12,0.556,0.066,5,0.289,27,0.519,14,0.171,0.308,0.197,4,0.368,7,0.393,0.464,13,28,11,15,0.467,3,9,3,1.0,0.706,14,17,0.529,0.184,0.429,6,0.224,0.039,17,11,27,0.625,0.794,8,0.647,5,0.296,0.667,6,0.0,23,14,0,0.7,0.553,9,7,17,2.0,0.4,4,12,0,0.0,10,8,5,0.444,23,4.0,0.5,0.467,15,0.583,7,2,0.588,0,0.348,17,0.368,0.598,-0.067,32,0.531,3,0,0.286,15,7,18,0.75,6,0.467,6,10,0.0,3,0,4,13,1.0,0.462,0.0,1.0,4,0.556,1.0,0.75,0.0,21,0.0,7,23,0.304,8,26,0.442,1,6,4.0,25.0,3,1,22.0,12.0,7,6,8,5,23.0,54.0,16.0,34.0,2025,20250420,True
1610612745,Houston Rockets,1,0,1,0.0,48.0,34,87,0.391,6,29,0.207,11,20,0.55,22,30,52,19,17.0,9,3,1,15,18,85,-10.0,1,5,5,5,1,6,4,7,7,7,7,4,1,8,1,3,2,6,7,4,7,1,3,1,7,5,89,7,0.413,-11.2,14.2,90.5,7,105.4,1.12,6,7,0.466,0.582,7,106.7,6,1,0.444,4,89.0,7,0.191,0.559,-11.8,1,1,0.75,5,74.17,93.6,3,0.425,5,89,95.5,268,22,268,0.071,44,45,0.082,1,2,HOU,4,0.5,0.107,0.393,22,0.071,8,9,0.375,0.375,0.089,6,5,56,24,21,4,0.8,5,2.6,218,3.38,0.8,10,0.5,0.216,22.2,32,394,85,8,40,0.584,0.55,22,0.591,0.642,0.588,13,6.6,0.611,0.638,9,4,6.1,8,89,4,51,21,0.404,31,0.267,7.2,0.364,0.126,11,0,0.364,1,4,0,11,0.0,0.126,4,0.364,,0.514,35,0.414,0,0.0,18,0.5,0.011,1,0.402,36,0.5,18,0.172,0.2,0.103,3,0.276,4,0.292,0.354,15,24,7,9,0.444,2,5,3,0.667,0.406,13,16,0.313,0.149,0.231,3,0.184,0.034,24,5,11,0.143,0.229,7,0.208,1,0.308,0.8,8,1.0,21,16,4,0.7,0.425,6,1,26,1.0,1.0,2,8,0,0.0,15,4,1,0.333,23,5.0,0.2,0.5,24,0.125,12,1,0.577,0,0.174,14,0.329,0.597,-0.037,25,0.56,6,0,0.143,8,3,29,0.4,3,0.375,5,16,0.0,1,0,6,8,0.0,0.625,0.0,0.0,15,0.552,0.0,0.167,0.0,21,0.0,5,22,0.227,8,25,0.42,6,1,16.0,23.0,7,4,12.0,22.0,3,2,2,8,25.0,34.0,4.0,54.0,2025,20250420,True
1610612763,Memphis Grizzlies,1,0,1,0.0,48.0,32,93,0.344,6,34,0.176,10,12,0.833,13,30,43,18,24.0,7,4,8,15,16,80,-51.0,1,5,5,5,1,8,2,8,7,4,8,6,6,2,3,3,3,7,8,6,4,8,3,3,8,8,109,8,0.218,-47.9,12.6,109.4,8,119.5,0.75,8,8,0.258,0.459,8,121.3,8,7,0.407,7,108.5,8,0.22,0.563,-46.3,7,3,0.714,4,90.42,73.2,1,0.376,8,109,73.4,275,22,275,0.065,46,44,0.08,2,2,MEM,3,0.833,0.051,0.288,17,0.051,6,6,0.24,0.424,0.119,3,7,59,25,25,5,0.0,7,2.47,190,3.24,0.571,8,0.903,0.197,22.0,31,407,80,10,31,0.439,0.419,21,0.615,0.489,0.448,8,7.6,0.419,0.526,5,0,8.1,9,98,10,67,17,0.395,26,0.3,6.2,0.286,0.075,7,0,0.286,1,2,0,7,0.0,0.075,2,0.286,,0.438,32,0.376,0,0.0,14,0.4,0.032,3,0.344,35,0.4,14,0.129,0.333,0.204,4,0.333,9,0.419,0.484,12,31,13,19,0.474,1,3,1,1.0,0.2,19,20,0.15,0.204,0.105,2,0.215,0.011,24,6,14,0.182,0.292,11,0.25,2,0.174,0.0,0,0.25,12,28,4,0.7,0.376,11,2,25,0.0,0.125,1,6,1,1.0,20,4,8,0.091,22,3.0,0.0,0.143,28,0.333,4,1,0.8,1,0.182,19,0.283,0.644,0.035,28,0.679,2,1,0.2,14,1,30,0.222,4,0.071,2,20,,2,1,3,16,,0.125,1.0,,9,0.667,,0.667,,20,,4,23,0.174,4,23,0.261,8,6,27.0,10.0,6,7,17.0,12.0,8,3,4,6,24.0,60.0,5.0,48.0,2025,20250420,True
1610612748,Miami Heat,1,0,1,0.0,48.0,39,80,0.488,13,31,0.419,9,12,0.75,11,26,37,23,14.0,5,4,4,15,13,100,-21.0,1,5,5,5,1,3,7,3,4,6,2,7,6,5,6,8,7,2,3,7,4,3,3,7,4,7,87,3,0.424,-22.6,18.5,88.7,4,135.9,1.64,5,5,0.326,0.472,4,137.5,2,6,0.586,8,87.5,3,0.161,0.59,-22.6,4,7,0.609,3,72.92,113.3,5,0.569,7,87,114.9,253,27,253,0.091,58,40,0.107,3,1,MIA,3,0.833,0.059,0.451,23,0.059,6,9,0.391,0.392,0.059,3,3,51,23,20,5,0.333,7,2.9,188,3.59,0.857,6,1.091,0.276,21.7,11,362,100,1,26,0.536,0.423,21,0.636,0.544,0.542,7,7.0,0.423,0.553,4,0,6.6,5,69,1,48,12,0.324,25,0.192,8.0,0.4,0.063,5,0,0.4,1,2,0,5,0.0,0.063,2,0.4,,0.481,27,0.388,3,0.75,13,0.565,0.05,4,0.338,31,0.516,16,0.113,0.222,0.188,2,0.3,9,0.458,0.5,9,24,11,15,0.6,2,10,2,1.0,0.7,18,20,0.5,0.225,0.444,8,0.25,0.025,29,12,29,0.556,0.5,9,0.414,5,0.385,0.5,2,0.75,28,12,6,1.0,0.569,7,4,5,1.0,0.0,1,14,0,0.0,5,12,4,0.143,24,3.0,0.333,0.567,30,0.286,17,0,1.0,0,0.5,18,0.33,0.662,-0.041,29,0.621,7,0,0.5,7,1,6,0.368,12,0.143,12,5,0.0,2,0,6,18,0.0,0.667,0.0,0.0,19,0.833,0.0,0.333,0.0,24,0.0,8,22,0.364,10,26,0.538,4,2,8.0,11.0,4,5,17.0,17.0,5,5,4,3,11.0,48.0,14.0,44.0,2025,20250420,True
1610612760,Oklahoma City Thunder,1,1,0,1.0,48.0,50,99,0.505,17,48,0.354,14,15,0.933,12,42,54,36,16.0,12,8,4,16,15,131,51.0,1,1,1,1,1,1,1,2,2,1,6,1,4,1,5,1,1,1,6,3,1,3,6,4,1,1,108,2,0.782,47.9,22.8,109.4,2,73.2,2.25,1,3,0.286,0.541,2,73.4,1,2,0.62,1,108.5,2,0.148,0.72,46.3,6,2,0.742,1,90.42,119.5,1,0.591,1,108,121.3,268,44,268,0.134,91,61,0.164,7,1,OKC,2,1.0,0.049,0.585,24,0.049,4,10,0.588,0.463,0.098,2,4,41,17,19,4,1.0,0,2.2,199,2.91,0.0,10,0.895,0.333,19.0,19,393,131,11,34,0.509,0.353,29,0.75,0.568,0.575,9,6.5,0.364,0.667,3,1,5.7,13,106,10,73,22,0.407,32,0.31,9.0,0.4,0.051,5,0,0.4,1,2,0,5,0.0,0.051,2,0.4,,0.667,27,0.323,1,0.2,18,0.609,0.051,5,0.273,32,0.594,19,0.121,0.417,0.162,5,0.283,11,0.571,0.661,12,28,16,16,0.688,2,13,3,0.667,0.544,31,34,0.382,0.313,0.355,11,0.343,0.03,27,9,21,0.2,0.389,15,0.333,3,0.486,1.0,10,0.0,50,17,0,0.8,0.591,11,3,28,1.0,0.5,5,8,0,0.0,19,12,8,0.455,37,3.0,0.333,0.733,15,0.375,11,4,0.679,0,0.324,20,0.355,0.635,-0.029,33,0.606,5,0,0.36,23,8,30,0.625,9,0.348,5,20,,3,0,6,7,,0.714,0.0,,8,0.667,,0.5,,25,,14,33,0.424,18,37,0.676,3,2,5.0,24.0,1,2,12.0,17.0,5,1,2,2,10.0,48.0,27.0,60.0,2025,20250420,True
1610612753,Orlando Magic,1,0,1,0.0,48.0,34,81,0.42,10,27,0.37,8,11,0.727,13,28,41,17,15.0,5,5,5,17,13,86,-17.0,1,5,5,5,1,6,6,6,6,8,5,8,8,6,3,6,6,8,5,7,2,6,7,7,6,6,87,6,0.377,-19.5,14.2,89.9,6,112.1,1.13,7,6,0.32,0.49,6,118.4,7,5,0.501,6,87.0,6,0.172,0.5,-14.1,5,6,0.674,7,72.5,97.9,7,0.481,6,87,98.9,287,18,287,0.059,43,27,0.063,0,1,ORL,3,0.833,0.042,0.563,27,0.063,6,11,0.407,0.271,0.042,2,2,48,27,13,5,0.0,6,2.53,203,3.25,0.833,10,0.421,0.213,21.8,19,403,86,6,31,0.526,0.419,16,0.231,0.569,0.583,3,6.3,0.433,0.651,10,1,5.6,12,78,5,48,15,0.366,26,0.429,7.7,0.2,0.062,5,0,0.2,1,1,0,5,0.0,0.062,1,0.2,,0.4,35,0.444,0,0.0,14,0.389,0.012,1,0.432,36,0.389,14,0.136,0.273,0.136,3,0.272,7,0.455,0.523,11,22,10,11,0.636,2,9,3,0.667,0.694,15,18,0.5,0.185,0.467,7,0.222,0.037,28,12,26,0.2,0.464,10,0.429,2,0.444,0.0,0,0.5,24,8,5,0.4,0.481,6,10,12,2.0,0.333,3,17,0,0.0,7,7,3,0.5,21,3.0,0.667,0.28,25,0.588,7,1,0.583,0,0.333,15,0.354,0.656,-0.139,29,0.517,6,0,0.35,11,5,16,0.5,7,0.455,5,8,0.0,3,0,6,16,0.0,0.313,0.0,0.0,12,0.5,0.0,0.5,0.0,20,0.0,8,17,0.471,8,18,0.667,7,8,26.0,8.0,7,8,17.0,11.0,2,8,4,6,24.0,32.0,4.0,28.0,2025,20250420,True
1610612743,Denver Nuggets,1,0,1,0.0,48.0,37,79,0.468,14,32,0.438,14,22,0.636,15,35,50,23,20.0,8,1,5,14,19,102,-3.0,1,3,3,3,1,2,3,2,1,3,1,3,2,4,1,2,1,2,4,2,3,4,1,3,2,3,92,2,0.487,-0.8,17.4,94.0,2,111.4,1.15,3,4,0.386,0.589,2,111.7,2,1,0.575,4,93.0,2,0.217,0.622,-2.5,1,1,0.783,1,77.5,108.9,3,0.557,3,92,110.9,252,29,252,0.091,61,45,0.115,3,3,DEN,3,0.667,0.158,0.316,12,0.079,6,4,0.4,0.5,0.132,6,5,38,10,19,4,0.75,8,2.34,191,3.36,0.375,8,0.765,0.279,20.5,34,366,102,6,29,0.649,0.517,29,0.733,0.704,0.7,11,6.1,0.556,0.761,4,2,5.6,6,77,4,50,17,0.34,33,0.171,7.2,0.5,0.076,6,0,0.5,1,3,0,6,0.0,0.076,3,0.5,,0.571,28,0.392,0,0.0,16,0.516,0.038,3,0.354,31,0.516,16,0.139,0.455,0.089,5,0.228,2,0.389,0.528,11,18,7,7,0.286,2,11,6,0.333,0.646,18,24,0.458,0.228,0.5,9,0.304,0.076,17,6,16,0.5,0.471,8,0.353,4,0.429,0.667,6,0.0,34,26,3,0.5,0.557,8,4,30,1.0,0.429,4,12,0,0.0,16,10,7,0.5,24,1.0,1.0,0.6,5,0.333,3,3,0.533,0,0.417,33,0.298,0.632,0.015,51,0.647,0,0,0.429,13,7,31,0.0,9,0.538,2,17,,2,0,7,3,0.0,0.667,0.0,0.0,4,0.548,0.0,0.286,,21,,10,23,0.435,11,26,0.615,4,1,18.0,12.0,3,3,5.0,18.0,3,4,1,4,21.0,46.0,14.0,38.0,2025,20250421,True
1610612765,Detroit Pistons,1,1,0,1.0,48.0,33,74,0.446,6,27,0.222,28,34,0.824,12,36,48,11,16.0,7,4,1,24,22,100,6.0,1,1,1,1,1,4,4,3,4,4,4,1,1,3,2,1,2,4,3,4,2,1,4,2,3,1,95,3,0.547,8.4,9.2,94.7,3,97.6,0.69,1,3,0.302,0.538,4,96.9,4,2,0.562,1,96.0,3,0.168,0.333,10.0,2,2,0.75,4,80.0,107.6,1,0.486,1,95,105.3,238,16,238,0.046,29,30,0.067,3,2,DET,6,0.917,0.075,0.825,33,0.15,12,11,0.524,0.175,0.025,3,1,40,21,7,11,0.6,2,2.58,171,3.39,1.0,10,0.95,0.285,19.8,20,351,100,5,27,0.608,0.444,25,0.833,0.649,0.679,10,6.3,0.444,0.75,2,0,6.0,11,79,5,53,21,0.438,27,0.306,7.3,0.2,0.068,4,1,0.2,1,1,0,5,0.014,0.054,1,0.25,0.0,0.594,32,0.5,0,0.0,19,0.514,0.068,5,0.432,37,0.514,19,0.095,0.429,0.122,3,0.216,5,0.5,0.594,7,16,8,9,0.556,2,5,2,1.0,0.406,14,16,0.313,0.189,0.214,3,0.216,0.027,19,10,23,0.5,0.605,6,0.526,3,0.143,1.0,6,1.0,9,19,2,0.636,0.486,11,4,27,1.0,0.0,1,9,0,0.0,17,5,4,0.091,16,7.0,0.143,0.545,11,0.444,6,0,0.63,0,0.313,33,0.282,0.642,0.031,49,0.673,4,0,0.308,14,2,29,0.4,4,0.143,4,18,0.0,1,0,2,6,0.0,0.667,0.0,0.0,10,0.621,0.0,0.5,0.0,13,0.0,3,21,0.143,3,21,0.214,1,2,14.0,12.0,2,3,11.0,13.0,2,1,2,3,19.0,40.0,15.0,46.0,2025,20250421,True
1610612746,LA Clippers,1,1,0,1.0,48.0,41,85,0.482,13,34,0.382,10,12,0.833,7,25,32,24,11.0,13,5,1,19,14,105,3.0,1,1,1,1,1,1,1,1,2,2,2,4,4,2,3,4,4,1,1,1,1,1,2,4,1,2,94,1,0.513,0.8,18.8,94.0,1,108.9,2.18,2,1,0.217,0.411,1,110.9,1,4,0.582,3,93.0,1,0.117,0.585,2.5,4,4,0.614,2,77.5,111.4,3,0.559,2,94,111.7,266,30,266,0.09,63,45,0.113,3,3,LAC,1,0.5,0.098,0.732,30,0.024,2,14,0.636,0.317,0.049,4,2,41,22,13,1,0.857,2,2.48,178,3.36,1.0,14,0.818,0.282,20.9,22,373,105,6,16,0.561,0.438,21,0.429,0.627,0.581,3,5.7,0.467,0.658,4,1,4.9,4,57,5,43,7,0.219,25,0.16,8.6,0.429,0.082,7,0,0.429,1,3,0,7,0.0,0.082,3,0.429,,0.5,26,0.388,2,0.286,13,0.485,0.082,7,0.306,33,0.455,15,0.129,0.455,0.165,5,0.294,10,0.6,0.7,11,25,15,14,0.714,2,8,4,0.5,0.55,16,20,0.4,0.188,0.375,6,0.235,0.047,35,19,46,0.471,0.657,17,0.543,8,0.364,0.667,12,0.0,21,18,2,0.7,0.559,9,5,16,1.0,0.2,2,10,0,0.0,8,11,5,0.222,25,4.0,0.25,0.6,25,0.5,15,1,0.5,0,0.44,38,0.387,0.656,-0.089,67,0.567,9,0,0.45,15,5,17,0.692,9,0.333,7,8,,3,0,5,14,1.0,0.5,0.0,0.0,13,0.471,0.0,0.6,,20,,5,17,0.294,8,22,0.477,1,4,14.0,21.0,1,1,18.0,5.0,1,1,4,1,12.0,38.0,18.0,46.0,2025,20250421,True
1610612752,New York Knicks,1,0,1,0.0,48.0,34,81,0.42,10,35,0.286,16,19,0.842,7,27,34,15,14.0,8,1,4,22,24,94,-6.0,1,3,3,3,1,3,2,4,3,1,3,2,3,1,3,3,3,3,2,2,3,3,3,1,4,4,97,4,0.453,-8.4,12.2,94.7,4,107.6,1.07,4,2,0.25,0.462,3,105.3,3,3,0.526,2,96.0,4,0.144,0.441,-10.0,3,3,0.698,3,80.0,97.6,1,0.481,4,97,96.9,258,19,258,0.058,37,36,0.074,4,0,NYK,3,0.667,0.042,0.542,26,0.063,6,11,0.524,0.396,0.042,2,2,48,21,19,4,0.0,7,2.95,194,3.69,1.143,2,0.444,0.25,23.1,18,376,94,0,15,0.618,0.467,21,0.714,0.618,0.659,5,6.8,0.467,0.659,2,0,7.2,6,55,0,41,11,0.324,23,0.222,5.6,0.5,0.049,4,0,0.5,1,2,0,4,0.0,0.049,2,0.5,,0.48,25,0.432,3,0.3,12,0.471,0.123,10,0.309,35,0.429,15,0.185,0.4,0.148,6,0.333,7,0.481,0.593,15,27,13,12,0.583,3,4,5,0.6,0.3,10,15,0.267,0.123,0.1,1,0.185,0.062,31,12,29,0.333,0.468,15,0.387,5,0.286,0.0,0,0.6,17,8,8,0.5,0.481,11,4,20,2.0,0.4,4,9,0,0.0,10,6,5,0.364,23,6.0,0.333,0.588,17,0.444,10,2,0.5,1,0.261,33,0.313,0.631,0.029,50,0.66,3,1,0.176,17,7,21,0.5,3,0.412,8,11,0.0,2,0,6,13,0.0,0.615,0.0,0.0,6,0.524,0.0,0.333,0.0,17,0.0,5,20,0.25,6,21,0.405,3,3,15.0,19.0,3,2,13.0,11.0,3,3,3,1,12.0,46.0,14.0,40.0,2025,20250421,True
1610612754,Indiana Pacers,1,1,0,1.0,48.0,44,90,0.489,16,36,0.444,19,19,1.0,7,31,38,30,8.0,8,3,6,19,19,123,8.0,1,1,1,1,1,2,3,2,1,2,1,3,3,1,6,4,5,1,2,1,5,4,3,3,1,3,100,2,0.554,4.4,21.1,99.4,1,115.7,3.75,3,2,0.261,0.484,1,118.6,1,5,0.625,5,98.5,1,0.08,0.682,8.1,5,4,0.702,1,82.08,123.8,3,0.578,3,100,123.0,318,34,318,0.094,75,44,0.107,3,1,IND,3,1.0,0.036,0.661,37,0.054,6,15,0.484,0.286,0.143,2,8,56,31,16,6,0.222,2,2.51,240,3.05,1.0,9,0.9,0.281,22.2,20,437,123,9,29,0.528,0.241,26,0.429,0.603,0.66,3,7.1,0.259,0.775,4,2,6.8,4,72,7,47,7,0.184,30,0.129,8.1,0.333,0.033,3,0,0.333,1,1,0,3,0.0,0.033,1,0.333,,0.563,32,0.367,0,0.0,18,0.545,0.011,1,0.356,33,0.545,18,0.122,0.545,0.167,6,0.289,6,0.462,0.577,11,26,12,15,0.4,3,13,4,0.75,0.643,24,28,0.464,0.267,0.417,10,0.311,0.044,28,10,25,0.385,0.446,13,0.357,5,0.5,0.333,2,0.5,35,18,2,0.778,0.578,10,5,19,4.0,1.0,6,11,0,0.0,13,10,2,0.6,26,8.0,0.5,0.417,24,0.455,10,2,0.684,0,0.385,36,0.339,0.651,-0.03,58,0.621,3,0,0.333,15,11,25,0.3,7,0.733,6,16,0.0,1,0,3,14,2.0,0.429,0.0,0.0,10,0.64,0.0,0.333,0.0,21,0.0,11,23,0.478,11,23,0.717,4,3,9.0,15.0,5,2,15.0,13.0,5,3,5,1,5.0,48.0,4.0,46.0,2025,20250422,True
1610612747,Los Angeles Lakers,1,1,0,1.0,48.0,34,75,0.453,6,29,0.207,20,20,1.0,9,32,41,23,14.0,4,6,2,24,22,94,9.0,1,1,1,1,1,5,6,3,5,5,5,1,2,1,3,3,4,3,4,4,2,1,6,2,5,2,88,4,0.637,10.2,18.7,91.4,4,90.4,1.64,1,5,0.293,0.489,3,96.6,3,4,0.561,1,88.0,3,0.159,0.676,15.4,4,6,0.647,2,73.33,105.9,5,0.493,2,88,106.8,266,26,266,0.086,54,35,0.098,2,1,LAL,6,1.0,0.041,0.735,36,0.122,12,12,0.632,0.449,0.082,2,4,49,19,22,12,0.75,2,2.65,187,3.48,0.0,8,1.045,0.251,21.8,22,375,94,9,20,0.519,0.45,26,0.222,0.586,0.533,2,8.3,0.474,0.615,7,1,7.3,6,79,8,60,8,0.195,33,0.188,12.1,0.667,0.08,6,0,0.667,1,4,0,6,0.0,0.08,4,0.667,,0.611,18,0.253,1,1.0,11,0.658,0.013,1,0.24,19,0.632,12,0.187,0.214,0.253,3,0.44,11,0.424,0.47,14,33,14,19,0.579,2,4,3,0.667,0.294,14,17,0.235,0.187,0.143,2,0.227,0.04,25,9,19,0.1,0.38,10,0.36,1,0.273,0.75,6,0.0,17,23,0,0.625,0.493,7,5,24,0.0,0.333,1,10,0,0.0,16,5,3,0.143,22,4.0,0.0,0.583,12,0.5,7,1,0.667,0,0.227,31,0.358,0.633,-0.108,59,0.525,4,0,0.227,9,3,25,0.5,5,0.333,3,17,,2,0,5,5,1.0,0.6,0.0,0.0,8,0.68,0.0,0.4,,22,,5,19,0.263,6,22,0.386,3,6,6.0,15.0,2,2,18.0,7.0,1,3,6,3,13.0,46.0,13.0,46.0,2025,20250422,True
1610612763,Memphis Grizzlies,1,0,1,0.0,48.0,39,91,0.429,10,31,0.323,11,14,0.786,9,33,42,17,15.0,3,5,8,13,16,99,-19.0,1,4,4,4,1,4,2,5,4,4,4,6,6,5,3,2,3,5,5,5,4,6,1,5,4,6,100,5,0.402,-19.0,13.0,102.6,5,115.6,1.13,5,4,0.259,0.478,5,118.0,5,6,0.509,4,100.0,5,0.15,0.436,-19.7,6,5,0.672,6,83.33,96.0,1,0.484,6,100,99.0,248,19,248,0.069,44,28,0.077,2,0,MEM,3,0.667,0.034,0.797,47,0.051,6,21,0.6,0.254,0.051,2,3,59,35,15,4,0.333,5,2.61,172,3.46,0.0,6,0.909,0.265,21.6,11,374,99,8,29,0.408,0.31,25,0.444,0.442,0.423,4,7.6,0.31,0.471,5,0,7.6,8,103,8,78,12,0.286,30,0.242,7.8,0.5,0.088,8,0,0.5,1,4,0,8,0.0,0.088,4,0.5,,0.514,37,0.451,0,0.0,19,0.463,0.044,4,0.407,41,0.463,19,0.165,0.467,0.132,7,0.297,5,0.444,0.574,15,27,12,12,0.417,1,4,3,0.333,0.367,12,15,0.267,0.132,0.25,3,0.165,0.033,35,14,30,0.2,0.429,10,0.4,2,0.409,1.0,2,0.0,26,10,0,0.714,0.484,3,6,17,1.0,0.0,1,15,0,0.0,10,9,0,0.333,27,3.0,0.333,0.464,28,0.4,13,0,0.588,1,0.333,36,0.271,0.644,0.011,55,0.655,7,1,0.333,8,2,19,0.636,8,0.25,9,11,,2,0,8,20,0.0,0.45,0.0,0.0,11,0.579,0.0,0.25,,24,,7,20,0.35,8,21,0.548,6,4,21.0,6.0,6,5,11.0,12.0,6,3,2,6,25.0,54.0,3.0,46.0,2025,20250422,True
1610612749,Milwaukee Bucks,1,0,1,0.0,48.0,44,87,0.506,14,35,0.4,13,19,0.684,12,31,43,26,16.0,3,6,3,19,19,115,-8.0,1,4,4,4,1,2,4,1,3,3,2,4,3,6,2,4,2,2,6,5,2,2,3,3,3,4,97,1,0.446,-4.4,19.0,99.4,2,123.8,1.63,4,6,0.298,0.516,4,123.0,2,2,0.603,6,98.5,2,0.165,0.591,-8.1,3,2,0.739,3,82.08,115.7,3,0.586,4,97,118.6,250,30,249,0.104,68,39,0.12,2,2,MIL,1,0.5,0.029,0.771,27,0.029,2,13,0.542,0.257,0.057,1,2,35,24,9,1,0.667,6,2.23,175,3.12,0.333,3,0.952,0.313,19.2,21,368,115,4,20,0.581,0.6,26,0.833,0.614,0.574,10,5.1,0.632,0.608,2,1,5.2,6,74,3,54,16,0.372,28,0.194,4.7,0.25,0.046,4,0,0.25,1,1,0,4,0.0,0.046,1,0.25,,0.621,29,0.391,2,0.4,18,0.618,0.057,5,0.333,34,0.588,20,0.161,0.286,0.218,4,0.379,11,0.455,0.515,14,33,15,19,0.579,0,8,0,,0.75,16,16,0.5,0.184,0.5,8,0.184,0.0,19,7,16,0.286,0.421,7,0.368,2,0.429,0.5,2,0.5,36,20,2,0.643,0.586,7,6,24,2.0,0.333,3,11,0,0.0,16,11,3,0.429,28,4.0,0.5,0.471,17,0.545,8,1,0.667,0,0.393,33,0.287,0.665,0.008,49,0.673,2,0,0.4,8,4,29,0.4,10,0.5,5,19,0.0,3,0,6,11,3.0,0.455,0.0,0.333,5,0.655,1.0,0.5,0.0,25,0.0,12,28,0.429,12,28,0.643,2,2,4.0,5.0,3,6,13.0,15.0,1,2,4,4,15.0,46.0,9.0,48.0,2025,20250422,True
1610612750,Minnesota Timberwolves,1,0,1,0.0,48.0,30,79,0.38,5,25,0.2,20,25,0.8,9,25,34,14,13.0,6,2,6,22,24,85,-9.0,1,4,4,4,1,6,5,6,6,6,6,1,1,4,3,6,6,6,3,3,6,4,5,1,6,5,88,6,0.363,-10.2,11.7,91.4,6,105.9,1.08,6,3,0.353,0.511,6,106.8,6,3,0.472,3,88.0,6,0.148,0.467,-15.4,1,3,0.707,4,73.33,90.4,5,0.411,5,88,96.6,262,16,262,0.053,33,33,0.061,2,0,MIN,7,0.786,0.088,0.789,45,0.123,14,17,0.567,0.246,0.018,5,1,57,30,14,11,0.333,4,2.55,206,3.32,0.0,9,0.625,0.227,20.7,16,375,85,6,31,0.425,0.29,17,0.333,0.459,0.5,3,9.3,0.29,0.568,6,0,6.7,8,80,6,50,11,0.324,23,0.32,16.3,0.556,0.114,9,0,0.556,1,5,0,9,0.0,0.114,5,0.556,,0.485,33,0.481,1,0.2,16,0.461,0.063,5,0.418,38,0.447,17,0.101,0.375,0.139,3,0.241,4,0.368,0.447,8,19,7,11,0.364,0,1,1,0.0,0.115,12,13,0.077,0.152,0.083,1,0.165,0.013,22,4,10,0.167,0.227,12,0.182,2,0.214,0.333,3,0.0,9,10,0,0.455,0.411,4,2,28,0.0,0.0,0,7,0,0.0,15,5,3,0.0,21,1.0,0.0,0.421,19,0.286,8,0,0.536,0,0.238,26,0.266,0.668,-0.049,42,0.619,4,0,0.313,8,0,32,0.5,5,0.0,3,18,,0,0,2,10,3.0,0.3,0.0,0.0,8,0.563,0.0,0.0,,16,,3,13,0.231,3,14,0.321,5,1,13.0,13.0,4,4,7.0,18.0,1,3,1,4,15.0,46.0,6.0,46.0,2025,20250422,True
1610612760,Oklahoma City Thunder,1,1,0,1.0,48.0,45,104,0.433,15,45,0.333,13,16,0.813,16,39,55,21,7.0,8,8,5,16,13,118,19.0,1,1,1,1,1,1,1,4,2,1,3,4,5,3,1,1,1,4,1,1,1,3,2,6,2,1,100,3,0.598,19.0,14.9,102.6,3,96.0,3.0,2,1,0.328,0.522,2,99.0,4,1,0.531,2,100.0,4,0.07,0.467,19.7,2,1,0.741,4,83.33,115.6,1,0.505,1,100,118.0,234,23,234,0.09,54,43,0.098,1,1,OKC,4,1.0,0.02,0.588,30,0.078,8,11,0.44,0.392,0.078,1,4,51,25,20,8,0.462,5,2.62,167,3.29,1.2,13,0.588,0.328,19.7,17,360,118,12,40,0.561,0.4,24,0.5,0.64,0.672,8,8.2,0.4,0.848,8,0,8.0,15,98,12,58,23,0.418,32,0.385,8.6,0.0,0.058,6,0,0.0,1,0,0,6,0.0,0.058,0,0.0,,0.655,29,0.288,0,0.0,19,0.633,0.01,1,0.279,30,0.633,19,0.154,0.188,0.163,3,0.317,7,0.303,0.348,16,33,10,17,0.412,4,16,7,0.571,0.629,28,35,0.457,0.269,0.429,12,0.337,0.067,39,14,35,0.389,0.449,18,0.359,7,0.321,0.4,6,1.0,26,10,6,0.556,0.505,8,3,28,2.0,0.0,2,11,0,0.0,18,13,3,0.25,37,5.0,0.4,0.45,20,0.273,9,0,0.643,0,0.351,31,0.299,0.634,-0.07,55,0.564,4,0,0.387,15,3,29,0.364,12,0.2,4,19,,3,0,9,9,0.0,0.444,0.0,0.0,11,0.655,0.0,0.333,,31,,8,27,0.296,9,28,0.464,1,5,3.0,25.0,1,1,12.0,11.0,1,1,3,2,6.0,46.0,21.0,54.0,2025,20250422,True
1610612738,Boston Celtics,1,1,0,1.0,48.0,36,80,0.45,12,37,0.324,25,33,0.758,13,33,46,17,11.0,6,4,4,19,23,109,9.0,1,1,1,1,1,5,5,5,5,5,5,1,1,3,1,2,2,6,3,4,2,3,4,1,3,2,89,4,0.551,8.8,13.7,92.5,2,108.0,1.55,2,3,0.396,0.564,5,113.6,6,2,0.577,2,88.5,3,0.124,0.472,9.8,1,3,0.739,5,73.75,117.8,5,0.525,3,89,122.5,239,23,239,0.071,46,34,0.096,3,3,BOS,4,0.875,0.029,0.857,30,0.114,8,11,0.611,0.343,0.086,1,3,35,18,12,7,0.75,16,3.17,173,3.74,0.375,12,0.615,0.313,21.7,26,348,109,6,23,0.575,0.565,24,0.462,0.622,0.559,6,6.6,0.565,0.623,7,0,6.5,9,80,6,59,15,0.326,31,0.273,7.1,1.0,0.038,3,0,1.0,1,3,0,3,0.0,0.038,3,1.0,,0.517,29,0.413,2,0.5,15,0.545,0.05,4,0.363,33,0.515,17,0.225,0.222,0.138,4,0.363,6,0.345,0.414,18,29,10,11,0.545,0,6,0,,0.6,15,15,0.4,0.188,0.4,6,0.188,0.0,22,8,21,0.333,0.477,15,0.364,5,0.348,0.5,9,0.167,23,16,6,0.455,0.525,7,5,13,1.0,0.333,3,10,0,0.0,10,9,6,0.429,29,1.0,1.0,0.45,20,0.5,9,2,0.769,1,0.31,30,0.331,0.629,-0.073,54,0.556,2,1,0.348,10,4,19,0.4,8,0.4,6,12,0.0,4,0,7,12,2.0,0.5,0.0,0.0,5,0.632,0.0,0.571,0.0,23,1.0,6,21,0.286,7,22,0.455,1,1,5.0,10.0,4,6,10.0,20.0,6,4,3,5,15.0,48.0,7.0,38.0,2025,20250423,True
1610612739,Cleveland Cavaliers,1,1,0,1.0,48.0,39,82,0.476,22,45,0.489,21,23,0.913,6,28,34,24,9.0,10,1,3,13,19,121,9.0,1,1,1,1,1,2,2,2,1,1,1,2,3,1,6,4,4,2,2,1,6,2,1,2,1,2,94,2,0.542,10.8,19.0,94.1,1,120.4,2.67,3,2,0.182,0.447,1,117.9,2,4,0.657,4,94.5,1,0.096,0.615,6.8,5,4,0.732,3,78.75,127.2,3,0.61,2,94,128.7,252,30,252,0.095,69,39,0.119,4,2,CLE,3,0.667,0.075,0.325,13,0.075,6,4,0.25,0.45,0.075,3,3,40,16,18,4,0.5,1,2.47,161,3.13,0.0,8,0.941,0.331,19.1,17,366,121,6,19,0.507,0.316,22,0.333,0.557,0.56,2,8.0,0.316,0.636,4,0,8.5,6,67,6,50,8,0.235,26,0.214,5.6,0.333,0.073,6,0,0.333,1,2,0,6,0.0,0.073,2,0.333,,0.474,19,0.28,0,0.0,9,0.391,0.049,4,0.232,23,0.391,9,0.28,0.565,0.146,13,0.427,6,0.543,0.729,23,35,19,12,0.5,0,9,0,,0.75,18,18,0.5,0.22,0.5,9,0.22,0.0,29,13,35,0.5,0.603,18,0.448,9,0.464,0.4,4,0.0,39,16,0,0.667,0.61,4,3,6,1.0,1.0,3,7,0,0.0,4,19,2,0.75,41,2.0,0.5,0.417,24,0.429,10,2,0.667,0,0.463,28,0.217,0.631,0.169,35,0.8,2,0,0.459,6,4,11,0.222,17,0.667,6,7,0.0,1,0,2,13,4.0,0.462,0.0,0.5,9,0.636,2.0,0.5,0.0,37,0.0,13,27,0.481,13,28,0.696,2,5,6.0,19.0,1,1,12.0,9.0,4,5,5,2,13.0,44.0,17.0,28.0,2025,20250423,True
1610612744,Golden State Warriors,1,0,1,0.0,48.0,33,80,0.413,17,43,0.395,11,18,0.611,7,26,33,22,15.0,7,6,4,18,17,94,-15.0,1,4,4,4,1,6,5,6,2,3,2,6,5,6,4,6,6,3,6,3,1,3,3,5,6,6,96,5,0.403,-16.8,17.3,96.4,6,112.6,1.47,6,6,0.18,0.418,6,114.7,3,6,0.535,3,95.5,6,0.156,0.667,-14.6,6,5,0.667,1,79.58,98.0,1,0.519,6,96,97.9,296,32,296,0.074,62,54,0.108,6,4,GSW,1,0.5,0.067,0.233,7,0.033,2,3,0.214,0.433,0.1,2,3,30,14,13,1,0.125,6,2.04,216,2.71,0.333,8,0.714,0.23,18.5,21,409,94,4,18,0.485,0.389,19,0.857,0.516,0.52,6,6.9,0.389,0.565,2,0,7.5,7,68,4,50,13,0.394,21,0.269,4.4,0.833,0.075,5,1,0.917,1,5,1,6,0.013,0.063,4,0.8,1.0,0.385,26,0.375,0,0.0,10,0.333,0.05,4,0.325,30,0.333,10,0.238,0.263,0.063,5,0.3,2,0.292,0.396,19,24,7,5,0.4,0,11,1,0.0,0.825,19,20,0.55,0.238,0.579,11,0.25,0.013,18,6,17,0.5,0.472,10,0.333,5,0.353,0.0,1,0.5,36,15,2,0.75,0.519,17,2,20,3.0,0.333,7,6,0,0.0,12,10,12,0.412,26,5.0,0.6,0.182,11,0.333,2,4,0.6,0,0.385,32,0.324,0.598,-0.027,56,0.571,1,0,0.417,18,7,21,0.167,10,0.389,3,12,0.0,0,0,3,7,1.0,0.429,0.0,0.0,6,0.571,0.0,0.0,0.0,24,0.0,12,33,0.364,12,34,0.529,5,3,10.0,13.0,3,4,6.0,11.0,5,5,1,4,14.0,46.0,8.0,28.0,2025,20250423,True
1610612745,Houston Rockets,1,1,0,1.0,48.0,39,86,0.453,15,40,0.375,16,20,0.8,11,36,47,21,13.0,9,4,6,17,18,109,15.0,1,1,1,1,1,2,1,4,4,4,3,3,4,2,2,1,1,4,4,2,2,6,2,4,3,1,95,3,0.597,16.8,15.9,96.4,4,98.0,1.62,1,4,0.333,0.582,4,97.9,4,1,0.575,1,95.5,4,0.137,0.538,14.6,2,1,0.82,4,79.58,112.6,1,0.541,1,95,114.7,275,29,275,0.076,56,45,0.105,5,3,HOU,4,1.0,0.089,0.6,27,0.089,8,9,0.474,0.378,0.067,4,3,45,19,17,8,0.667,6,2.89,199,3.63,0.667,9,0.69,0.279,23.7,29,391,109,3,26,0.605,0.423,20,0.545,0.63,0.686,6,6.3,0.423,0.729,4,0,6.7,14,76,3,51,20,0.435,24,0.4,5.1,0.375,0.093,8,0,0.375,1,3,0,8,0.0,0.093,3,0.375,,0.625,24,0.314,1,0.333,15,0.611,0.035,3,0.279,27,0.593,16,0.279,0.375,0.14,9,0.419,5,0.389,0.514,24,36,14,12,0.417,1,6,2,0.5,0.567,13,15,0.4,0.151,0.385,5,0.174,0.023,31,14,34,0.375,0.548,16,0.452,6,0.346,0.4,6,1.0,27,20,4,0.667,0.541,8,1,20,0.0,0.4,2,7,0,0.0,14,13,5,0.25,30,3.0,0.0,0.474,19,0.143,9,2,0.7,2,0.433,27,0.308,0.597,-0.035,48,0.563,8,2,0.414,11,3,22,0.615,12,0.273,1,15,0.0,0,0,1,8,0.0,0.125,0.0,0.0,13,0.682,0.0,0.0,0.0,29,0.0,8,23,0.348,8,25,0.48,4,6,8.0,14.0,2,3,11.0,6.0,1,2,4,2,13.0,28.0,10.0,46.0,2025,20250423,True
1610612748,Miami Heat,1,0,1,0.0,48.0,42,81,0.519,16,45,0.356,12,16,0.75,9,29,38,27,14.0,3,3,1,19,13,112,-9.0,1,4,4,4,1,1,4,1,3,1,4,5,6,4,3,3,3,1,5,6,5,1,4,6,2,4,95,1,0.458,-10.8,20.3,94.1,3,127.2,1.93,4,5,0.268,0.553,3,128.7,1,3,0.636,6,94.5,2,0.147,0.643,-6.8,3,2,0.818,2,78.75,120.4,3,0.617,5,95,117.9,292,34,292,0.092,73,49,0.116,5,2,MIA,5,0.8,0.082,0.776,38,0.102,10,15,0.75,0.408,0.082,4,4,49,20,20,8,0.4,7,2.64,227,3.3,0.286,5,0.353,0.277,22.2,17,405,112,7,22,0.535,0.409,16,0.778,0.594,0.58,7,7.1,0.45,0.644,2,2,7.2,13,71,5,50,20,0.526,18,0.448,6.5,0.667,0.037,3,0,0.667,1,2,0,3,0.0,0.037,2,0.667,,0.762,21,0.309,0,0.0,16,0.64,0.049,4,0.259,25,0.64,16,0.247,0.15,0.123,3,0.37,8,0.367,0.417,20,30,11,10,0.8,0,13,2,0.0,0.848,21,23,0.565,0.259,0.619,13,0.284,0.025,29,11,25,0.188,0.431,16,0.379,3,0.433,0.0,2,0.5,39,6,2,0.75,0.617,11,4,4,2.0,0.429,5,10,0,0.0,4,11,7,0.455,34,4.0,0.5,0.818,22,0.4,18,3,1.0,0,0.324,29,0.282,0.661,-0.057,48,0.604,7,0,0.323,12,5,7,0.583,10,0.417,12,6,0.0,1,0,1,15,3.0,0.8,0.0,0.333,12,0.857,1.0,1.0,0.0,31,0.0,13,28,0.464,13,29,0.672,6,2,17.0,13.0,5,4,9.0,12.0,1,3,2,6,19.0,28.0,6.0,44.0,2025,20250423,True
1610612753,Orlando Magic,1,0,1,0.0,48.0,39,82,0.476,7,29,0.241,15,24,0.625,7,27,34,18,7.0,6,4,4,23,19,100,-9.0,1,4,4,4,1,2,2,2,6,6,6,4,2,5,4,5,4,5,1,4,2,3,6,2,5,4,88,6,0.449,-8.8,15.4,92.5,5,117.8,2.57,5,1,0.261,0.436,2,122.5,5,5,0.54,5,88.5,5,0.08,0.462,-9.8,4,6,0.604,6,73.75,108.0,5,0.518,4,88,113.6,268,22,268,0.067,44,35,0.082,4,0,ORL,5,0.6,0.043,0.787,37,0.106,10,15,0.625,0.319,0.085,2,4,47,24,15,6,0.5,3,2.51,186,3.25,0.667,8,0.571,0.269,20.1,14,372,100,5,19,0.531,0.368,22,0.571,0.576,0.551,4,6.1,0.368,0.614,3,0,5.9,5,64,5,49,9,0.265,25,0.185,6.9,0.625,0.098,8,0,0.625,1,5,0,8,0.0,0.098,5,0.625,,0.692,26,0.341,1,0.5,18,0.696,0.024,2,0.317,28,0.679,19,0.122,0.1,0.171,1,0.293,5,0.25,0.271,10,24,6,14,0.357,4,9,5,0.8,0.523,17,22,0.409,0.207,0.294,5,0.268,0.061,27,9,20,0.182,0.37,11,0.333,2,0.3,0.5,4,0.5,17,8,2,0.6,0.518,7,8,16,0.0,0.4,2,16,0,0.0,13,5,5,0.286,21,2.0,0.0,0.524,21,0.5,11,2,0.813,1,0.238,33,0.352,0.655,-0.076,57,0.579,5,1,0.25,15,6,22,0.556,5,0.4,5,16,0.0,2,0,6,9,0.0,0.556,0.0,0.0,9,0.727,0.0,0.333,0.0,20,0.0,5,18,0.278,6,20,0.425,3,4,7.0,15.0,6,2,20.0,10.0,3,1,6,1,10.0,38.0,5.0,48.0,2025,20250423,True
1610612743,Denver Nuggets,1,0,1,0.0,48.0,31,77,0.403,7,26,0.269,14,20,0.7,11,27,38,20,16.0,4,3,8,21,18,83,-34.0,1,4,4,4,1,6,6,6,6,6,6,6,6,4,3,6,6,6,5,5,6,6,2,6,6,6,90,6,0.32,-40.7,16.0,91.1,6,128.1,1.25,6,6,0.306,0.458,6,133.0,6,6,0.484,6,89.0,6,0.178,0.645,-36.7,3,6,0.617,2,74.17,91.4,5,0.448,6,90,92.2,264,24,264,0.076,47,35,0.091,3,1,DEN,4,0.875,0.069,0.655,19,0.138,8,6,0.545,0.414,0.0,2,0,29,11,12,7,0.5,17,2.23,201,3.25,0.118,14,0.6,0.22,20.5,30,377,83,4,27,0.567,0.407,19,0.273,0.603,0.6,3,6.5,0.423,0.643,8,1,5.3,8,67,3,45,11,0.289,27,0.296,9.3,0.3,0.13,10,0,0.3,1,3,0,10,0.0,0.13,3,0.3,,0.417,24,0.39,2,0.333,10,0.433,0.078,6,0.312,30,0.4,12,0.091,0.429,0.195,3,0.286,10,0.591,0.659,7,22,13,15,0.667,1,3,2,0.5,0.267,13,15,0.2,0.169,0.154,2,0.195,0.026,25,8,18,0.167,0.36,12,0.32,2,0.389,0.5,7,0.167,19,18,2,0.529,0.448,5,5,23,0.0,0.0,0,12,0,0.0,12,7,3,0.0,20,2.0,0.0,0.438,16,0.417,7,0,0.522,1,0.35,49,0.303,0.632,0.004,77,0.636,4,1,0.316,6,1,29,0.667,6,0.167,1,15,,4,0,10,6,0.0,0.167,0.0,0.0,6,0.517,0.0,0.4,,19,,4,13,0.308,4,14,0.429,3,6,13.0,9.0,6,5,20.0,7.0,5,4,6,4,16.0,42.0,3.0,38.0,2025,20250424,True
1610612765,Detroit Pistons,1,0,1,0.0,48.0,39,86,0.453,16,37,0.432,22,27,0.815,11,32,43,22,14.0,6,4,7,28,22,116,-2.0,1,4,4,4,1,3,1,3,2,4,2,3,4,3,3,2,2,4,4,4,4,4,6,4,3,4,98,2,0.453,-2.0,16.3,100.8,3,117.1,1.57,5,4,0.313,0.515,4,120.4,5,2,0.593,5,98.0,3,0.143,0.564,-2.1,2,2,0.714,5,81.67,115.0,3,0.547,4,98,118.4,253,27,253,0.087,60,46,0.107,3,2,DET,3,1.0,0.049,0.537,22,0.073,6,8,0.348,0.268,0.098,2,4,41,23,11,6,0.533,2,2.34,204,3.24,0.0,15,0.571,0.309,20.3,21,376,116,5,33,0.5,0.333,23,0.727,0.531,0.593,8,6.8,0.344,0.64,3,1,6.3,9,86,4,54,17,0.395,26,0.281,8.2,0.333,0.07,6,0,0.333,1,2,0,6,0.0,0.07,2,0.333,,0.433,30,0.407,1,0.2,13,0.414,0.058,5,0.349,35,0.4,14,0.198,0.353,0.14,6,0.337,8,0.483,0.586,17,29,14,12,0.667,0,9,1,0.0,0.844,15,16,0.563,0.174,0.6,9,0.186,0.012,23,9,21,0.375,0.457,8,0.391,3,0.452,0.667,8,0.0,41,12,0,0.556,0.547,13,5,18,4.0,0.143,5,11,0,0.0,12,11,7,0.385,23,6.0,0.667,0.3,20,0.455,6,1,0.667,1,0.478,46,0.288,0.641,-0.028,75,0.613,3,1,0.409,14,7,24,0.375,9,0.5,2,14,0.0,4,0,8,9,0.0,0.222,0.0,0.0,8,0.583,0.0,0.5,0.0,22,0.0,13,29,0.448,13,30,0.65,5,4,14.0,18.0,3,2,16.0,12.0,6,6,4,1,9.0,46.0,13.0,36.0,2025,20250424,True
1610612746,LA Clippers,1,1,0,1.0,48.0,40,83,0.482,18,39,0.462,19,28,0.679,15,33,48,26,11.0,4,8,3,18,21,117,34.0,1,1,1,1,1,1,4,1,1,2,1,5,3,6,1,1,1,1,1,5,1,1,1,5,2,1,88,1,0.68,40.7,19.7,91.1,1,91.4,2.36,1,3,0.383,0.542,1,92.2,1,1,0.614,1,89.0,1,0.125,0.65,36.7,1,4,0.694,1,74.17,128.1,5,0.59,1,88,133.0,264,36,264,0.098,71,45,0.136,7,3,LAC,3,0.667,0.059,0.647,22,0.088,6,8,0.444,0.265,0.088,2,3,34,18,9,4,0.909,3,2.71,201,3.56,0.0,11,0.552,0.31,22.4,29,378,117,5,22,0.667,0.682,26,0.6,0.716,0.635,9,6.5,0.682,0.702,6,0,5.9,7,72,5,52,16,0.333,32,0.212,7.8,0.25,0.048,4,0,0.25,1,1,0,4,0.0,0.048,1,0.25,,0.52,25,0.361,2,0.4,13,0.533,0.06,5,0.301,30,0.5,15,0.169,0.357,0.145,5,0.313,6,0.423,0.519,14,26,11,12,0.5,2,13,3,0.667,0.804,20,23,0.565,0.241,0.55,11,0.277,0.036,23,9,24,0.462,0.522,13,0.391,6,0.462,0.8,10,0.0,36,16,0,0.583,0.59,11,1,18,3.0,0.286,5,7,0,0.0,12,13,7,0.455,28,4.0,0.75,0.474,19,0.143,9,2,0.667,0,0.464,53,0.384,0.655,-0.103,96,0.552,2,0,0.467,9,4,23,0.286,14,0.444,5,15,,0,0,3,11,0.0,0.455,0.0,0.0,7,0.652,0.0,0.0,,30,,12,24,0.5,12,24,0.75,1,1,3.0,16.0,3,3,7.0,20.0,2,2,1,1,9.0,38.0,13.0,42.0,2025,20250424,True
1610612763,Memphis Grizzlies,1,0,1,0.0,48.0,36,83,0.434,14,42,0.333,22,26,0.846,9,32,41,23,16.0,9,7,4,23,23,108,-6.0,1,4,4,4,1,5,4,5,3,1,5,3,5,2,5,2,4,3,5,3,2,2,4,2,5,5,100,5,0.484,-7.2,16.8,100.5,5,114.5,1.44,4,5,0.292,0.51,5,115.2,3,3,0.572,3,99.5,4,0.16,0.639,-8.1,4,1,0.72,3,82.92,106.5,1,0.518,5,100,108.0,302,30,302,0.076,65,46,0.099,2,5,MEM,3,1.0,0.078,0.471,24,0.059,6,9,0.409,0.353,0.098,4,5,51,22,18,6,0.615,5,2.43,217,3.15,0.8,13,1.042,0.251,22.6,24,431,108,10,21,0.513,0.429,21,0.444,0.586,0.533,4,8.0,0.45,0.627,5,1,8.1,10,80,9,60,14,0.341,26,0.313,7.5,0.333,0.072,6,0,0.333,1,2,0,6,0.0,0.072,2,0.333,,0.55,20,0.277,0,0.0,11,0.478,0.036,3,0.241,23,0.478,11,0.229,0.316,0.108,6,0.337,5,0.393,0.5,19,28,11,9,0.556,4,12,6,0.667,0.615,20,26,0.462,0.241,0.4,8,0.313,0.072,21,7,17,0.273,0.405,11,0.333,3,0.364,0.667,8,0.333,35,25,4,0.8,0.518,11,3,16,4.0,0.0,4,6,0,0.0,11,10,4,0.364,31,7.0,0.571,0.421,19,0.5,8,0,0.688,0,0.323,51,0.27,0.644,0.01,78,0.654,3,0,0.278,25,10,18,0.333,5,0.4,6,12,0.0,0,0,0,11,2.0,0.545,0.0,0.0,9,0.667,0.0,0.0,0.0,18,0.0,11,30,0.367,12,32,0.547,2,2,11.0,15.0,1,4,12.0,18.0,4,4,2,6,23.0,40.0,15.0,38.0,2025,20250424,True
1610612752,New York Knicks,1,1,0,1.0,48.0,40,86,0.465,12,32,0.375,26,29,0.897,9,31,40,22,11.0,11,7,4,22,28,118,2.0,1,1,1,1,1,1,1,2,5,5,3,1,2,1,5,4,5,4,1,1,2,2,3,1,1,3,98,3,0.547,2.0,16.4,100.8,2,115.0,2.0,2,2,0.286,0.485,3,118.4,4,5,0.597,4,98.0,2,0.112,0.55,2.1,5,5,0.688,6,81.67,117.1,3,0.535,3,98,120.4,263,24,263,0.084,57,39,0.091,2,0,NYK,5,1.0,0.056,0.861,31,0.139,10,10,0.526,0.167,0.056,2,2,36,19,6,10,0.0,9,2.7,201,3.47,0.556,3,0.714,0.299,22.8,14,395,118,5,25,0.494,0.36,24,0.667,0.526,0.534,6,6.5,0.375,0.574,3,1,7.0,7,81,4,58,13,0.325,27,0.226,4.6,0.286,0.081,7,0,0.286,1,2,0,7,0.0,0.081,2,0.286,,0.571,28,0.384,1,0.2,16,0.53,0.058,5,0.326,33,0.515,17,0.221,0.421,0.198,8,0.419,10,0.5,0.611,19,36,18,17,0.588,0,3,2,0.0,0.45,8,10,0.3,0.093,0.375,3,0.116,0.023,24,6,12,0.0,0.25,6,0.25,0,0.481,0.0,0,0.667,38,10,5,0.625,0.535,10,5,18,1.0,0.429,4,16,0,0.0,12,8,7,0.4,22,3.0,0.333,0.55,20,0.313,11,3,0.667,0,0.364,46,0.297,0.63,0.0,73,0.63,5,0,0.333,17,7,23,0.556,6,0.412,6,14,0.0,2,0,8,11,0.0,0.545,0.0,0.0,9,0.609,0.0,0.25,0.0,18,0.0,12,26,0.462,13,27,0.704,3,3,13.0,9.0,2,5,12.0,16.0,1,1,2,5,18.0,36.0,14.0,46.0,2025,20250424,True
1610612760,Oklahoma City Thunder,1,1,0,1.0,48.0,39,86,0.453,13,38,0.342,23,33,0.697,12,31,43,24,11.0,10,4,7,23,23,114,6.0,1,1,1,1,1,3,1,3,4,3,4,2,1,5,2,4,2,2,1,2,4,4,4,2,4,2,99,4,0.516,7.2,17.5,100.5,4,106.5,2.18,3,1,0.28,0.49,2,108.0,2,4,0.567,2,99.5,5,0.111,0.615,8.1,6,3,0.708,4,82.92,114.5,1,0.529,2,99,115.2,240,31,240,0.1,63,51,0.129,3,4,OKC,5,0.6,0.052,0.517,30,0.086,10,12,0.545,0.466,0.121,3,7,58,22,27,6,0.4,2,2.76,164,3.34,2.0,10,0.545,0.322,19.7,22,354,114,8,31,0.5,0.387,20,0.5,0.551,0.554,6,6.0,0.4,0.633,6,1,6.1,11,86,7,56,17,0.395,26,0.355,5.8,0.667,0.035,3,0,0.667,1,2,0,3,0.0,0.035,2,0.667,,0.481,27,0.36,1,0.25,13,0.468,0.047,4,0.314,31,0.452,14,0.198,0.235,0.14,4,0.337,7,0.379,0.448,17,29,11,12,0.583,4,12,6,0.667,0.696,17,23,0.522,0.198,0.471,8,0.267,0.07,26,14,32,0.5,0.615,8,0.538,4,0.303,0.5,4,1.0,29,12,4,0.6,0.529,7,6,21,2.0,0.25,3,11,0,0.0,13,10,4,0.429,31,3.0,0.667,0.438,16,0.545,7,1,0.619,0,0.323,43,0.273,0.634,-0.045,73,0.589,6,0,0.238,17,8,21,0.429,5,0.471,4,13,0.0,3,0,6,7,0.0,0.571,0.0,0.0,14,0.619,0.0,0.5,0.0,21,0.0,9,30,0.3,10,33,0.439,6,4,15.0,23.0,5,1,18.0,12.0,2,3,5,3,15.0,38.0,11.0,40.0,2025,20250424,True
1610612738,Boston Celtics,1,0,1,0.0,48.0,33,74,0.446,9,27,0.333,18,22,0.818,8,31,39,15,21.0,9,5,4,20,23,93,-2.0,1,4,4,4,1,6,6,4,5,6,4,2,2,1,4,3,4,6,6,2,2,1,3,1,6,4,91,4,0.519,-3.4,12.5,95.1,5,101.7,0.71,3,6,0.326,0.479,6,105.6,6,5,0.556,3,90.5,4,0.231,0.455,-5.5,2,6,0.604,6,75.42,96.2,5,0.507,4,91,102.2,230,19,230,0.065,40,26,0.083,3,1,BOS,1,0.5,0.206,0.794,27,0.029,2,12,0.632,0.176,0.088,7,3,34,19,6,1,0.286,7,2.96,153,3.83,0.286,7,0.706,0.27,22.0,17,345,93,3,22,0.506,0.364,22,0.5,0.527,0.544,4,6.4,0.364,0.574,4,0,6.0,9,77,3,57,13,0.333,26,0.29,8.1,0.375,0.108,7,1,0.375,1,3,0,8,0.014,0.095,3,0.429,0.0,0.536,28,0.459,3,0.5,15,0.574,0.081,6,0.378,34,0.529,18,0.176,0.231,0.108,3,0.284,3,0.286,0.357,13,21,6,8,0.375,3,6,4,0.75,0.682,7,11,0.545,0.095,0.429,3,0.149,0.054,26,8,20,0.364,0.385,11,0.308,4,0.278,0.5,2,0.2,15,12,2,0.5,0.507,3,2,21,,0.333,1,10,0,0.0,17,8,3,0.333,23,,,0.313,16,0.2,5,1,0.81,1,0.348,45,0.333,0.628,-0.079,82,0.549,2,1,0.35,5,2,22,0.286,7,0.4,4,17,0.0,1,0,6,11,2.0,0.364,0.0,0.0,7,0.773,0.0,0.167,0.0,20,0.0,5,16,0.313,5,17,0.441,5,5,18.0,8.0,5,6,16.0,10.0,4,2,6,5,26.0,44.0,11.0,44.0,2025,20250425,True
1610612754,Indiana Pacers,1,0,1,0.0,48.0,39,90,0.433,13,41,0.317,10,13,0.769,7,33,40,32,14.0,8,4,4,20,18,101,-16.0,1,4,4,4,1,3,2,5,3,1,5,6,6,3,5,2,3,1,3,4,4,1,3,6,4,6,99,5,0.441,-17.4,22.2,102.2,6,115.1,2.29,5,3,0.245,0.495,1,119.4,1,4,0.528,5,98.5,5,0.141,0.821,-16.7,5,1,0.76,1,82.08,98.3,1,0.506,6,99,102.0,365,37,365,0.088,78,54,0.101,4,1,IND,4,0.75,0.054,0.375,21,0.071,8,7,0.389,0.518,0.036,3,2,56,18,29,6,0.727,4,1.96,281,2.58,0.5,11,0.875,0.208,20.9,16,486,101,6,21,0.519,0.333,23,0.143,0.563,0.569,1,8.2,0.333,0.635,6,0,6.7,9,77,6,58,10,0.25,29,0.273,15.2,0.5,0.044,4,0,0.5,1,2,0,4,0.0,0.044,2,0.5,,0.444,18,0.211,0,0.0,8,0.421,0.011,1,0.2,19,0.421,8,0.178,0.438,0.233,7,0.411,13,0.541,0.635,16,37,20,21,0.619,3,9,6,0.5,0.4,24,30,0.3,0.267,0.25,6,0.333,0.067,30,12,28,0.333,0.467,12,0.4,4,0.353,0.571,8,1.0,33,14,2,0.7,0.506,9,9,20,2.0,0.667,4,21,0,0.0,12,9,3,0.444,32,6.0,0.333,0.625,8,0.429,5,2,0.6,0,0.281,53,0.331,0.651,-0.035,86,0.616,4,1,0.29,11,5,22,0.5,9,0.455,2,14,0.0,5,0,12,5,0.0,0.4,0.0,0.0,8,0.636,0.0,0.417,0.0,31,0.0,9,29,0.31,12,34,0.485,3,6,14.0,13.0,3,4,12.0,8.0,3,5,3,4,22.0,40.0,15.0,34.0,2025,20250425,True
1610612747,Los Angeles Lakers,1,0,1,0.0,48.0,37,78,0.474,17,40,0.425,13,20,0.65,7,31,38,21,19.0,5,7,5,23,19,104,-12.0,1,4,4,4,1,4,5,2,1,3,1,5,5,6,5,3,5,4,5,6,1,4,5,5,3,5,96,1,0.431,-11.3,16.4,100.5,3,113.5,1.11,6,5,0.25,0.479,5,119.6,4,6,0.599,6,96.5,1,0.198,0.568,-8.2,4,4,0.68,3,80.42,105.3,3,0.583,5,96,108.3,236,24,236,0.089,57,38,0.102,2,1,LAL,1,0.5,0.097,0.355,11,0.032,2,5,0.357,0.323,0.065,3,2,31,14,10,1,0.5,4,2.62,155,3.4,0.5,4,0.857,0.296,19.9,14,351,104,9,18,0.543,0.389,24,0.857,0.623,0.574,6,7.0,0.412,0.674,1,1,7.7,6,70,8,54,12,0.316,25,0.194,4.0,0.286,0.09,7,0,0.286,1,2,0,7,0.0,0.09,2,0.286,,0.533,15,0.269,2,0.333,8,0.524,0.077,6,0.192,21,0.476,10,0.256,0.45,0.179,9,0.436,8,0.5,0.632,20,34,17,14,0.571,2,8,2,1.0,0.688,14,16,0.5,0.179,0.429,6,0.205,0.026,28,13,32,0.353,0.571,17,0.464,6,0.5,1.0,2,0.333,35,12,2,0.556,0.583,9,7,15,3.0,0.333,5,10,0,0.0,10,12,6,0.556,31,3.0,1.0,0.231,13,0.7,3,2,0.667,0,0.387,51,0.367,0.632,-0.089,94,0.543,3,0,0.45,19,9,20,0.6,9,0.474,1,11,,4,0,5,7,2.0,0.143,0.0,0.0,5,0.55,0.0,0.8,,20,,11,23,0.478,12,24,0.729,6,2,21.0,13.0,5,4,13.0,13.0,6,6,4,6,28.0,56.0,11.0,26.0,2025,20250425,True
1610612749,Milwaukee Bucks,1,1,0,1.0,48.0,42,89,0.472,15,41,0.366,18,22,0.818,10,38,48,28,13.0,8,4,4,18,20,117,16.0,1,1,1,1,1,2,3,3,2,1,2,2,2,1,2,1,1,2,2,4,4,1,1,3,1,1,98,2,0.559,17.4,20.3,102.2,2,98.3,2.15,2,2,0.24,0.505,3,102.0,2,3,0.593,1,98.5,2,0.133,0.667,16.7,6,2,0.755,2,82.08,115.1,1,0.556,1,98,119.4,250,35,250,0.112,74,52,0.14,6,1,MIL,3,1.0,0.0,0.657,23,0.086,6,8,0.571,0.486,0.229,0,8,35,14,17,6,0.5,11,2.4,173,3.27,0.182,4,1.0,0.315,20.2,20,371,117,8,29,0.571,0.345,33,0.5,0.632,0.667,5,6.4,0.357,0.76,5,1,6.6,5,84,7,57,10,0.208,38,0.132,5.7,0.667,0.034,3,0,0.667,1,2,0,3,0.0,0.034,2,0.667,,0.593,27,0.371,3,0.5,16,0.621,0.067,6,0.303,33,0.576,19,0.157,0.286,0.18,4,0.337,8,0.4,0.467,14,30,12,16,0.5,1,9,2,0.5,0.565,21,23,0.391,0.236,0.381,8,0.258,0.022,28,10,23,0.25,0.411,12,0.357,3,0.433,1.0,2,0.25,38,20,2,0.818,0.556,9,7,23,2.0,0.6,5,17,0,0.0,16,10,5,0.556,32,4.0,0.5,0.5,8,0.412,4,3,0.696,0,0.313,45,0.261,0.665,-0.003,68,0.662,4,0,0.276,12,7,24,0.5,8,0.583,1,17,0.0,4,0,10,4,2.0,0.25,0.0,0.5,8,0.708,1.0,0.4,0.0,29,0.0,12,29,0.414,13,30,0.633,4,4,15.0,22.0,4,3,8.0,12.0,2,4,1,2,13.0,34.0,14.0,40.0,2025,20250425,True
1610612750,Minnesota Timberwolves,1,1,0,1.0,48.0,44,91,0.484,13,36,0.361,15,21,0.714,9,29,38,24,11.0,10,5,7,19,23,116,12.0,1,1,1,1,1,1,1,1,3,4,3,4,4,5,3,5,5,3,1,1,2,6,2,1,2,2,97,3,0.569,11.3,17.5,100.5,1,105.3,2.18,1,1,0.32,0.521,2,108.3,3,1,0.579,4,96.5,3,0.113,0.545,8.2,3,3,0.75,4,80.42,113.5,3,0.555,2,97,119.6,275,28,275,0.087,61,36,0.102,3,1,MIN,4,0.75,0.069,0.517,30,0.069,8,12,0.444,0.379,0.052,4,3,58,27,22,6,0.5,5,2.64,206,3.28,0.0,4,0.905,0.289,21.9,21,401,116,4,25,0.551,0.36,18,0.667,0.585,0.617,6,7.0,0.36,0.674,3,0,7.4,11,69,4,47,17,0.447,21,0.379,5.7,0.5,0.088,7,1,0.5,1,4,0,8,0.011,0.077,4,0.571,0.0,0.568,37,0.451,1,0.25,21,0.549,0.044,4,0.407,41,0.537,22,0.165,0.333,0.11,5,0.275,5,0.4,0.5,15,25,10,10,0.5,1,8,1,1.0,0.676,16,17,0.471,0.176,0.438,7,0.187,0.011,26,9,23,0.294,0.442,17,0.346,5,0.45,0.5,2,0.0,26,19,0,0.727,0.555,13,3,34,2.0,0.167,3,8,0,0.0,22,10,6,0.231,23,7.0,0.286,0.462,13,0.375,6,1,0.647,0,0.435,37,0.271,0.667,-0.089,64,0.578,1,0,0.375,22,9,37,0.2,6,0.409,5,23,,0,0,0,11,0.0,0.455,0.0,0.0,5,0.622,0.0,0.0,,16,,8,19,0.421,9,20,0.65,1,2,11.0,28.0,1,1,13.0,13.0,1,1,4,2,13.0,26.0,21.0,56.0,2025,20250425,True
1610612753,Orlando Magic,1,1,0,1.0,48.0,34,83,0.41,8,32,0.25,19,26,0.731,15,27,42,16,14.0,9,4,5,23,20,95,2.0,1,1,1,1,1,5,4,6,6,5,6,1,1,4,1,6,2,5,3,2,4,4,5,3,5,3,90,6,0.481,3.4,12.6,95.1,4,96.2,1.14,4,4,0.396,0.521,4,102.2,5,2,0.503,2,90.5,6,0.156,0.471,5.5,1,5,0.674,5,75.42,101.7,5,0.458,3,90,105.6,242,19,242,0.066,42,39,0.079,1,2,ORL,3,0.667,0.065,0.565,26,0.065,6,11,0.458,0.326,0.043,3,2,46,24,15,4,0.556,2,2.82,165,3.47,1.5,9,0.92,0.265,20.7,25,359,95,5,32,0.545,0.469,19,0.333,0.583,0.563,5,6.5,0.469,0.628,10,0,6.8,8,77,5,48,13,0.31,29,0.296,5.9,0.2,0.06,5,0,0.2,1,1,0,5,0.0,0.06,1,0.2,,0.545,33,0.422,0,0.0,18,0.514,0.024,2,0.398,35,0.514,18,0.145,0.25,0.157,3,0.301,7,0.4,0.46,12,25,10,13,0.538,0,5,0,,0.417,18,18,0.278,0.217,0.278,5,0.217,0.0,28,11,24,0.222,0.429,9,0.393,2,0.261,0.5,5,0.0,18,23,3,0.769,0.458,6,4,26,,0.167,1,10,0,0.0,16,7,6,0.167,26,,,0.4,15,0.4,6,1,0.615,0,0.269,51,0.347,0.656,-0.034,82,0.622,3,0,0.273,11,2,30,0.333,6,0.182,5,16,0.0,2,0,4,7,0.0,0.714,0.0,0.0,9,0.533,0.0,0.5,0.0,22,0.0,6,23,0.261,6,23,0.391,1,1,11.0,26.0,2,2,10.0,16.0,4,2,2,1,8.0,44.0,18.0,44.0,2025,20250425,True
1610612739,Cleveland Cavaliers,1,1,0,1.0,48.0,46,86,0.535,15,40,0.375,17,20,0.85,13,33,46,32,11.0,7,1,3,15,17,124,37.0,1,1,1,1,1,1,5,1,2,2,4,3,4,2,2,5,4,1,4,3,8,2,1,5,1,1,91,1,0.698,41.7,22.9,92.6,1,94.2,2.91,1,4,0.405,0.625,1,94.6,1,1,0.654,1,91.5,1,0.121,0.696,39.5,1,1,0.826,2,76.25,133.6,5,0.622,1,91,136.3,280,38,280,0.114,78,49,0.136,5,1,CLE,3,0.833,0.041,0.469,23,0.061,6,9,0.5,0.49,0.184,2,9,49,18,24,5,0.25,4,2.45,207,3.08,1.75,8,0.963,0.311,20.5,27,399,124,5,34,0.529,0.382,27,0.308,0.561,0.6,4,6.4,0.419,0.623,9,3,5.4,6,87,2,55,10,0.217,36,0.182,9.0,0.333,0.035,3,0,0.333,1,1,0,3,0.0,0.035,1,0.333,,0.633,30,0.43,4,0.571,19,0.676,0.081,7,0.349,37,0.622,23,0.244,0.476,0.081,10,0.326,6,0.571,0.75,21,28,16,7,0.857,5,6,6,0.833,0.361,12,18,0.333,0.14,0.083,1,0.209,0.07,18,7,20,0.462,0.556,13,0.389,6,0.357,1.0,2,1.0,29,26,7,0.786,0.622,12,1,37,1.0,0.333,3,3,0,0.0,29,12,6,0.25,28,6.0,0.167,0.167,6,0.333,1,2,0.784,0,0.429,39,0.219,0.631,0.119,52,0.75,0,0,0.423,14,4,39,0.0,11,0.286,1,29,,1,0,1,4,,0.25,0.0,,2,0.744,,1.0,,26,,8,26,0.308,9,27,0.481,7,1,12.0,21.0,5,2,10.0,22.0,1,1,1,3,11.0,30.0,9.0,60.0,2025,20250426,True
1610612743,Denver Nuggets,1,1,0,1.0,48.0,40,87,0.46,10,29,0.345,11,16,0.688,12,35,47,28,14.0,7,4,5,17,20,101,2.0,1,1,1,1,1,3,4,3,6,7,5,6,5,6,4,3,3,2,5,3,6,4,2,3,5,3,91,4,0.527,1.0,20.3,94.0,4,107.6,2.0,3,5,0.388,0.554,5,110.0,2,3,0.537,3,90.5,5,0.154,0.7,-2.4,2,4,0.712,1,75.42,105.2,7,0.517,4,91,111.0,273,35,273,0.103,71,51,0.128,3,4,DEN,1,1.0,0.029,0.353,12,0.029,2,5,0.333,0.441,0.118,1,4,34,15,15,2,0.375,12,2.43,219,3.34,1.0,16,0.861,0.257,21.9,36,393,101,8,30,0.54,0.4,29,0.667,0.595,0.583,8,5.5,0.414,0.66,4,1,5.9,6,87,7,60,14,0.298,33,0.171,4.4,0.375,0.092,7,1,0.375,1,3,0,8,0.011,0.08,3,0.429,0.0,0.5,36,0.471,4,0.8,18,0.585,0.057,5,0.414,41,0.537,22,0.126,0.273,0.138,3,0.264,7,0.435,0.5,11,23,10,12,0.583,2,5,3,0.667,0.433,12,15,0.333,0.138,0.25,3,0.172,0.034,17,8,17,0.167,0.5,6,0.471,1,0.346,0.333,6,0.714,27,31,12,0.619,0.517,5,4,20,1.0,0.333,2,10,0,0.0,17,8,3,0.4,24,2.0,0.5,0.321,28,0.4,9,1,0.85,0,0.333,70,0.327,0.632,-0.007,112,0.625,3,0,0.375,7,1,28,0.6,9,0.143,5,18,0.0,4,0,8,15,0.0,0.333,0.0,0.0,5,0.643,0.0,0.5,0.0,24,0.0,9,23,0.391,9,26,0.519,1,1,7.0,7.0,3,8,14.0,22.0,7,4,4,6,16.0,56.0,10.0,52.0,2025,20250426,True
1610612744,Golden State Warriors,1,1,0,1.0,48.0,39,90,0.433,14,45,0.311,12,15,0.8,10,35,45,26,10.0,9,6,6,21,17,104,11.0,1,1,1,1,1,4,2,6,3,1,7,5,7,3,6,3,5,3,2,2,3,5,7,5,4,2,94,5,0.583,10.6,19.3,96.6,5,96.3,2.6,2,2,0.278,0.473,3,100.0,3,5,0.538,2,93.5,4,0.106,0.667,11.3,6,5,0.655,3,77.92,107.7,3,0.511,2,94,110.6,297,29,297,0.088,65,55,0.098,3,0,GSW,1,0.5,0.025,0.625,25,0.025,2,12,0.571,0.425,0.075,1,3,40,21,17,1,0.571,2,2.16,217,2.85,1.0,7,0.9,0.249,19.8,10,417,104,7,24,0.536,0.417,18,0.4,0.584,0.565,4,6.1,0.435,0.625,6,1,4.6,16,84,6,62,20,0.444,24,0.457,11.2,0.5,0.067,6,0,0.5,1,3,0,6,0.0,0.067,3,0.5,,0.458,24,0.356,3,0.375,11,0.484,0.089,8,0.267,32,0.438,14,0.211,0.316,0.111,6,0.322,7,0.448,0.552,19,29,13,10,0.7,4,9,5,0.8,0.5,18,23,0.391,0.2,0.278,5,0.256,0.056,20,10,25,0.385,0.625,13,0.5,5,0.294,0.5,4,1.0,29,9,2,0.667,0.511,12,3,17,2.0,0.0,2,5,0,0.0,13,12,5,0.167,32,7.0,0.286,0.391,23,0.6,9,0,0.765,1,0.375,41,0.317,0.596,-0.096,82,0.5,3,1,0.393,12,2,22,0.6,11,0.167,4,15,0.0,3,0,4,14,4.0,0.286,0.0,0.25,5,0.682,1.0,0.75,0.0,28,0.0,9,31,0.29,10,33,0.439,3,3,9.0,13.0,3,4,11.0,18.0,2,5,2,3,11.0,38.0,10.0,44.0,2025,20250426,True
1610612745,Houston Rockets,1,0,1,0.0,48.0,34,86,0.395,11,28,0.393,14,24,0.583,15,36,51,19,15.0,5,6,6,17,21,93,-11.0,1,5,5,5,1,7,5,8,5,8,2,4,3,8,1,2,1,7,6,7,3,5,2,2,7,7,93,8,0.417,-10.6,14.4,96.6,7,107.7,1.27,7,6,0.345,0.527,6,110.6,8,4,0.482,4,93.5,8,0.161,0.559,-11.3,4,3,0.722,7,77.92,96.3,3,0.459,7,93,100.0,245,21,245,0.078,48,38,0.086,0,2,HOU,1,1.0,0.067,0.467,21,0.022,2,9,0.36,0.311,0.067,3,3,45,25,14,2,0.615,5,2.85,185,3.53,0.4,13,0.5,0.251,21.8,24,370,93,4,31,0.593,0.484,27,0.467,0.622,0.61,7,6.6,0.484,0.655,7,0,6.6,9,86,4,59,16,0.314,34,0.25,6.4,0.167,0.07,6,0,0.167,1,1,0,6,0.0,0.07,1,0.167,,0.324,34,0.442,0,0.0,11,0.289,0.047,4,0.395,38,0.289,11,0.105,0.444,0.198,4,0.302,11,0.577,0.654,9,26,15,17,0.647,0,7,1,0.0,0.656,15,16,0.438,0.174,0.467,7,0.186,0.012,19,6,13,0.167,0.342,6,0.316,1,0.483,0.667,8,0.5,38,12,2,0.462,0.459,9,4,15,3.0,1.0,4,10,0,0.0,9,7,1,0.444,19,8.0,0.375,0.303,33,0.4,10,1,0.6,0,0.368,46,0.317,0.597,-0.007,78,0.59,6,1,0.385,10,5,19,0.5,5,0.5,5,9,0.0,3,0,7,20,4.0,0.25,0.0,0.25,12,0.474,1.0,0.429,0.0,13,0.0,10,22,0.455,13,28,0.643,5,6,10.0,11.0,5,5,18.0,11.0,4,7,6,5,13.0,44.0,9.0,38.0,2025,20250426,True
1610612746,LA Clippers,1,0,1,0.0,48.0,39,88,0.443,10,30,0.333,11,16,0.688,13,30,43,25,10.0,7,5,4,20,17,99,-2.0,1,5,5,5,1,4,3,4,6,6,6,6,5,6,2,6,6,4,2,3,5,3,5,5,6,5,90,6,0.473,-1.0,19.2,94.0,6,105.2,2.5,6,3,0.288,0.446,4,111.0,4,6,0.521,5,90.5,7,0.111,0.641,2.4,5,7,0.612,5,75.42,107.6,7,0.5,5,90,110.0,261,32,261,0.096,63,49,0.123,6,1,LAC,3,0.667,0.089,0.622,28,0.067,6,11,0.478,0.289,0.111,4,5,45,23,13,4,0.2,6,2.52,202,3.11,0.667,20,0.69,0.263,19.6,29,377,99,6,28,0.544,0.464,20,0.615,0.589,0.566,8,7.3,0.481,0.625,5,1,7.3,10,79,5,53,18,0.419,25,0.333,7.4,0.455,0.125,11,0,0.455,1,5,0,11,0.0,0.125,5,0.455,,0.581,31,0.409,1,0.2,18,0.542,0.057,5,0.352,36,0.528,19,0.102,0.444,0.136,4,0.239,5,0.429,0.524,9,21,9,12,0.417,1,6,4,0.25,0.425,16,20,0.3,0.182,0.313,5,0.227,0.045,13,3,6,0.0,0.231,3,0.231,0,0.333,0.25,4,0.667,32,20,4,0.588,0.5,17,1,25,1.0,0.444,5,4,0,0.0,17,5,9,0.294,13,8.0,0.125,0.379,29,0.25,11,4,0.68,0,0.385,73,0.395,0.654,-0.105,133,0.549,1,0,0.417,18,5,32,0.111,5,0.278,8,20,0.0,0,0,1,15,1.0,0.533,0.0,0.0,9,0.625,0.0,0.0,0.0,12,0.0,10,27,0.37,11,33,0.485,5,5,10.0,16.0,7,3,22.0,14.0,5,2,7,1,7.0,52.0,7.0,56.0,2025,20250426,True
1610612763,Memphis Grizzlies,1,0,1,0.0,48.0,37,80,0.463,12,31,0.387,29,30,0.967,10,41,51,24,22.0,4,10,7,32,20,115,-2.0,1,5,5,5,1,6,7,2,4,5,3,1,2,1,6,1,1,5,8,8,1,7,8,3,3,5,103,2,0.504,-3.1,16.8,105.3,3,111.0,1.09,4,8,0.386,0.58,7,114.7,5,2,0.617,7,102.5,2,0.214,0.649,-1.7,3,2,0.732,4,85.42,109.3,1,0.538,6,103,111.7,301,33,301,0.08,69,39,0.11,4,5,MEM,5,1.0,0.07,0.632,36,0.088,10,13,0.542,0.404,0.105,4,6,57,24,23,10,1.2,5,2.35,219,3.09,0.0,5,0.8,0.27,21.9,15,426,115,9,29,0.526,0.345,33,0.4,0.58,0.586,4,9.3,0.345,0.672,6,0,8.0,8,97,9,70,12,0.235,39,0.195,14.5,0.5,0.075,6,0,0.5,1,3,0,6,0.0,0.075,3,0.5,,0.531,32,0.475,1,0.167,17,0.487,0.075,6,0.4,38,0.474,18,0.163,0.385,0.125,5,0.288,4,0.391,0.5,13,23,9,10,0.4,1,7,1,1.0,0.769,12,13,0.538,0.15,0.5,6,0.163,0.013,24,9,20,0.25,0.417,8,0.375,2,0.458,1.0,6,0.0,32,12,0,0.667,0.538,8,5,11,1.0,1.0,4,12,0,0.0,7,8,3,0.5,23,5.0,0.2,0.5,26,0.417,13,3,0.636,0,0.348,71,0.285,0.644,0.007,109,0.651,4,0,0.333,16,8,12,0.4,6,0.5,11,7,0.0,0,0,1,22,1.0,0.5,0.0,1.0,10,0.583,1.0,0.0,0.0,18,0.0,10,22,0.455,11,23,0.696,8,6,20.0,9.0,7,7,15.0,11.0,6,6,5,8,33.0,54.0,7.0,40.0,2025,20250426,True
1610612748,Miami Heat,1,0,1,0.0,48.0,32,76,0.421,16,34,0.471,7,10,0.7,5,24,29,18,17.0,6,3,1,17,15,87,-37.0,1,5,5,5,1,8,8,7,1,4,1,8,8,5,8,7,8,8,7,6,7,1,2,8,8,8,92,3,0.302,-41.7,15.3,92.6,8,133.6,1.06,8,7,0.174,0.375,8,136.3,7,8,0.541,8,91.5,3,0.185,0.563,-39.5,8,8,0.595,6,76.25,94.2,5,0.526,8,92,94.6,259,21,259,0.069,52,42,0.081,2,1,MIA,2,0.5,0.047,0.326,14,0.047,4,6,0.353,0.465,0.116,2,5,43,17,20,2,0.444,6,2.59,195,3.43,0.333,9,0.75,0.235,21.1,8,370,87,5,13,0.483,0.385,15,1.0,0.527,0.5,5,7.2,0.385,0.558,0,0,7.8,9,60,5,48,14,0.483,15,0.375,4.1,0.5,0.053,4,0,0.5,1,2,0,4,0.0,0.053,2,0.5,,0.435,23,0.316,0,0.0,10,0.417,0.013,1,0.303,24,0.417,10,0.145,0.455,0.184,5,0.329,4,0.36,0.46,11,25,9,14,0.286,0,11,1,0.0,0.717,22,23,0.478,0.289,0.5,11,0.303,0.013,19,5,13,0.429,0.342,7,0.263,3,0.448,0.667,4,0.333,39,6,2,0.75,0.526,12,1,19,3.0,0.667,7,8,0,0.0,10,9,6,0.583,22,6.0,0.5,0.333,15,0.125,5,4,0.526,0,0.409,57,0.328,0.663,0.016,84,0.679,1,0,0.412,18,9,23,0.143,7,0.5,4,10,,1,0,4,7,,0.571,0.0,,7,0.435,,0.25,,17,,13,27,0.481,13,29,0.672,3,8,9.0,11.0,2,5,22.0,10.0,8,8,7,7,21.0,60.0,12.0,30.0,2025,20250426,True
1610612760,Oklahoma City Thunder,1,1,0,1.0,48.0,41,94,0.436,7,35,0.2,28,35,0.8,12,21,33,22,8.0,13,7,10,20,32,117,2.0,1,1,1,1,1,2,1,5,8,3,8,2,1,3,4,8,7,6,1,1,2,8,5,1,2,3,102,7,0.496,3.1,15.8,105.3,2,109.3,2.75,5,1,0.268,0.42,2,111.7,6,7,0.535,6,102.5,6,0.078,0.537,1.7,7,6,0.614,8,85.42,111.0,1,0.473,3,102,114.7,266,27,266,0.083,56,45,0.102,2,3,OKC,4,1.0,0.0,0.695,41,0.068,8,15,0.484,0.373,0.068,0,4,59,31,22,8,0.571,0,2.48,193,3.15,0.0,7,0.619,0.302,20.4,21,388,117,5,24,0.44,0.5,14,0.167,0.471,0.412,2,7.8,0.545,0.438,10,2,5.9,7,75,3,51,9,0.273,24,0.333,11.2,0.5,0.064,6,0,0.5,1,3,0,6,0.0,0.064,3,0.5,,0.531,32,0.362,0,0.0,17,0.5,0.021,2,0.34,34,0.5,17,0.138,0.154,0.16,2,0.298,11,0.464,0.5,13,28,13,15,0.733,3,8,6,0.5,0.404,20,26,0.308,0.213,0.25,5,0.277,0.064,27,11,24,0.25,0.444,8,0.407,2,0.241,0.5,4,0.0,19,13,0,0.833,0.473,6,7,24,0.0,0.167,1,14,0,0.0,18,6,6,0.167,29,0.0,0.0,0.429,21,0.5,9,1,0.75,0,0.207,54,0.262,0.634,-0.041,91,0.593,5,1,0.24,11,2,26,0.625,6,0.182,4,19,0.0,5,0,10,13,0.0,0.308,0.0,0.0,8,0.731,0.0,0.5,0.0,25,0.0,5,26,0.192,7,28,0.339,1,4,7.0,33.0,1,1,11.0,15.0,3,3,2,2,9.0,40.0,20.0,54.0,2025,20250426,True
1610612738,Boston Celtics,1,1,0,1.0,48.0,34,78,0.436,9,31,0.29,30,32,0.938,11,35,46,17,11.0,7,7,4,17,24,107,9.0,1,1,1,1,1,7,8,3,6,6,6,1,2,1,4,3,3,8,5,3,2,4,2,1,4,2,93,5,0.582,9.7,13.9,95.9,4,98.2,1.55,2,5,0.273,0.521,7,105.4,7,4,0.581,3,93.0,3,0.118,0.5,18.0,5,3,0.731,6,77.5,116.2,5,0.494,2,93,115.1,213,19,213,0.08,42,32,0.089,1,1,BOS,6,0.917,0.029,0.794,27,0.176,12,8,0.421,0.206,0.0,1,0,34,19,7,11,1.0,6,2.97,137,3.83,0.667,9,0.842,0.325,21.0,19,329,107,9,27,0.511,0.407,29,0.273,0.568,0.538,3,7.0,0.423,0.614,8,1,6.3,6,90,8,65,9,0.196,37,0.171,9.1,0.571,0.09,6,1,0.571,1,4,0,7,0.013,0.077,4,0.667,0.0,0.619,21,0.321,0,0.0,13,0.52,0.051,4,0.269,25,0.52,13,0.205,0.438,0.231,7,0.436,8,0.441,0.544,16,34,15,18,0.444,0,2,2,0.0,0.25,10,12,0.167,0.128,0.2,2,0.154,0.026,32,10,24,0.267,0.375,15,0.313,4,0.333,0.6,9,0.333,17,16,4,0.6,0.494,7,6,19,1.0,0.0,1,13,0,0.0,15,8,4,0.143,24,3.0,0.333,0.267,15,0.462,4,0,0.789,0,0.333,63,0.323,0.629,-0.046,108,0.583,6,0,0.318,8,2,23,0.462,7,0.25,1,16,0.0,2,0,7,4,1.0,0.25,0.0,0.0,13,0.696,0.0,0.286,0.0,22,0.0,5,16,0.313,5,17,0.441,5,7,13.0,15.0,7,3,14.0,13.0,5,5,3,3,8.0,46.0,4.0,38.0,2025,20250427,True
1610612765,Detroit Pistons,1,0,1,0.0,48.0,36,84,0.429,7,29,0.241,14,17,0.824,14,40,54,18,19.0,6,9,3,17,17,93,-1.0,1,5,5,5,1,5,5,5,8,8,8,4,6,4,2,1,1,7,8,4,1,3,2,5,8,5,94,7,0.551,0.0,13.8,96.7,8,97.0,0.95,3,8,0.36,0.55,8,98.9,8,2,0.508,2,94.5,6,0.202,0.5,-0.6,2,6,0.705,6,78.75,96.4,1,0.47,5,94,98.9,209,24,209,0.086,51,44,0.115,2,4,DET,2,1.0,0.132,0.632,24,0.053,4,10,0.526,0.316,0.105,5,4,38,19,12,4,0.444,4,2.97,151,3.74,0.5,9,0.87,0.282,20.6,23,330,93,12,37,0.514,0.378,31,0.429,0.581,0.556,6,5.7,0.4,0.645,8,2,5.0,9,105,10,72,15,0.278,39,0.225,7.8,0.857,0.083,7,0,0.857,1,6,0,7,0.0,0.083,6,0.857,,0.563,32,0.488,1,0.111,18,0.476,0.107,9,0.381,41,0.463,19,0.155,0.308,0.155,4,0.31,3,0.269,0.346,13,26,7,13,0.231,2,4,3,0.667,0.5,7,10,0.4,0.083,0.286,2,0.119,0.036,26,9,19,0.143,0.365,7,0.346,1,0.292,0.5,4,0.25,20,20,2,0.75,0.47,8,5,28,1.0,0.0,1,14,0,0.0,18,6,3,0.125,21,5.0,0.2,0.462,13,0.357,6,0,0.643,0,0.286,57,0.299,0.637,-0.094,105,0.543,5,0,0.294,14,3,28,0.417,5,0.214,4,18,,1,0,4,9,,0.444,0.0,,12,0.643,,0.25,,17,,6,22,0.273,7,24,0.417,4,3,12.0,15.0,3,3,17.0,18.0,2,2,5,8,20.0,32.0,15.0,48.0,2025,20250427,True
1610612754,Indiana Pacers,1,1,0,1.0,48.0,50,83,0.602,18,39,0.462,11,13,0.846,5,36,41,36,12.0,3,7,1,16,18,129,26.0,1,1,1,1,1,1,6,1,2,2,1,7,8,3,8,2,4,1,6,8,2,1,1,4,1,1,95,1,0.642,26.2,26.3,95.6,1,107.9,3.0,1,6,0.235,0.563,2,109.6,1,1,0.727,4,94.5,1,0.126,0.72,26.9,7,1,0.774,1,78.75,134.8,1,0.711,1,95,135.8,369,48,369,0.098,90,50,0.13,10,2,IND,2,0.75,0.061,0.633,31,0.041,4,14,0.7,0.469,0.102,3,5,49,20,23,3,0.429,3,2.15,297,2.69,0.667,14,0.714,0.268,21.5,21,481,129,9,11,0.506,0.455,33,0.4,0.569,0.514,2,7.7,0.455,0.59,3,0,7.4,3,81,9,70,5,0.122,36,0.083,9.7,0.75,0.048,4,0,0.75,1,3,0,4,0.0,0.048,3,0.75,,0.833,18,0.277,0,0.0,15,0.652,0.06,5,0.217,23,0.652,15,0.133,0.455,0.193,5,0.325,11,0.593,0.685,11,27,16,16,0.688,3,16,6,0.5,0.776,23,29,0.552,0.277,0.565,13,0.349,0.072,23,11,27,0.385,0.587,13,0.478,5,0.559,1.0,6,1.0,51,15,2,0.75,0.711,7,7,20,5.0,0.0,5,10,0,0.0,16,13,1,0.714,32,6.0,0.833,0.643,14,0.7,9,0,0.8,0,0.406,70,0.344,0.649,-0.066,120,0.583,5,2,0.391,14,9,20,0.714,9,0.643,5,16,,5,0,9,6,2.0,0.833,0.0,0.5,7,0.8,1.0,0.556,,23,,13,26,0.5,19,34,0.75,1,8,2.0,5.0,1,7,15.0,9.0,3,1,4,4,13.0,38.0,16.0,50.0,2025,20250427,True
1610612747,Los Angeles Lakers,1,0,1,0.0,48.0,36,80,0.45,19,47,0.404,22,25,0.88,11,30,41,23,12.0,6,7,2,23,19,113,-3.0,1,5,5,5,1,5,7,2,1,1,4,3,3,2,4,6,4,3,6,4,2,2,7,3,3,6,93,2,0.505,-4.6,17.8,93.8,3,121.4,1.92,4,7,0.289,0.471,5,126.1,3,6,0.621,7,92.5,2,0.129,0.639,1.4,4,8,0.614,3,77.08,122.8,7,0.569,6,93,121.5,286,28,286,0.08,64,46,0.098,4,1,LAL,3,0.833,0.0,0.75,27,0.083,6,11,0.786,0.5,0.111,0,4,36,14,18,5,0.667,3,2.46,208,3.17,0.0,6,0.5,0.281,21.3,20,402,113,11,27,0.466,0.407,25,0.364,0.532,0.469,4,7.3,0.458,0.536,7,3,7.2,5,88,8,64,9,0.22,32,0.167,7.6,0.25,0.05,4,0,0.25,1,1,0,4,0.0,0.05,1,0.25,,0.571,14,0.213,1,0.333,8,0.559,0.038,3,0.175,17,0.529,9,0.238,0.368,0.125,7,0.363,7,0.483,0.603,19,29,14,10,0.7,1,12,5,0.2,0.583,25,30,0.4,0.313,0.44,11,0.375,0.063,22,6,16,0.286,0.364,14,0.273,4,0.444,1.0,4,0.0,47,10,0,0.222,0.569,15,2,17,4.0,0.5,7,6,0,0.0,11,12,6,0.467,31,9.0,0.444,0.4,10,0.333,4,3,0.647,1,0.387,69,0.379,0.63,-0.103,131,0.527,2,1,0.267,31,14,21,0.4,4,0.452,1,14,0.0,0,0,0,6,1.0,0.167,0.0,1.0,5,0.667,1.0,0.0,0.0,15,0.0,15,33,0.455,16,36,0.653,7,2,16.0,5.0,6,7,20.0,19.0,6,8,8,7,19.0,48.0,7.0,30.0,2025,20250427,True
1610612749,Milwaukee Bucks,1,0,1,0.0,48.0,37,89,0.416,15,37,0.405,14,17,0.824,9,24,33,25,8.0,6,1,7,18,16,103,-26.0,1,5,5,5,1,4,3,7,3,3,3,4,6,4,6,8,8,2,1,4,8,5,5,8,5,8,94,3,0.358,-26.2,19.1,95.6,5,134.8,3.13,8,1,0.226,0.437,1,135.8,2,8,0.534,8,94.5,5,0.085,0.676,-26.9,8,2,0.765,2,78.75,107.9,1,0.5,8,94,109.6,238,32,238,0.105,67,51,0.134,5,2,MIL,5,0.8,0.044,0.778,35,0.111,10,13,0.5,0.222,0.044,2,2,45,26,10,8,0.455,10,2.59,149,3.24,0.2,11,1.063,0.294,18.9,16,350,103,2,18,0.673,0.5,19,0.444,0.702,0.75,4,8.1,0.5,0.8,5,0,6.2,5,49,2,32,9,0.273,24,0.208,13.2,0.6,0.056,4,1,0.6,1,3,0,5,0.011,0.045,3,0.75,0.0,0.364,33,0.427,2,0.4,12,0.395,0.056,5,0.371,38,0.368,14,0.135,0.417,0.146,5,0.281,6,0.44,0.54,12,25,11,13,0.462,1,9,2,0.5,0.619,19,21,0.429,0.213,0.421,8,0.236,0.022,21,6,14,0.222,0.333,9,0.286,2,0.448,0.5,5,0.333,39,17,2,0.6,0.5,8,3,26,1.0,0.2,2,12,0,0.0,16,13,5,0.25,29,3.0,0.333,0.214,14,0.25,3,1,0.615,0,0.448,63,0.265,0.666,0.026,91,0.692,4,0,0.448,9,2,28,0.571,13,0.222,1,16,,1,0,7,9,0.0,0.111,0.0,0.0,7,0.571,0.0,0.143,,29,,13,28,0.464,13,28,0.696,7,5,16.0,13.0,8,5,9.0,15.0,8,5,1,1,5.0,50.0,2.0,38.0,2025,20250427,True
1610612750,Minnesota Timberwolves,1,1,0,1.0,48.0,38,90,0.422,14,36,0.389,26,33,0.788,18,31,49,19,9.0,8,2,7,19,23,116,3.0,1,1,1,1,1,2,2,6,5,4,5,2,1,6,1,4,2,5,2,2,7,5,6,2,2,3,92,3,0.495,4.6,14.3,93.8,2,122.8,2.11,5,2,0.386,0.529,4,121.5,6,3,0.555,6,92.5,4,0.098,0.5,-1.4,1,5,0.711,6,77.08,121.4,7,0.5,3,92,126.1,240,25,240,0.079,56,37,0.104,1,5,MIN,5,0.818,0.058,0.615,32,0.096,11,12,0.429,0.308,0.077,3,4,52,28,16,9,0.75,4,2.6,173,3.31,1.0,8,0.667,0.323,19.8,18,359,116,9,37,0.551,0.486,25,0.5,0.613,0.574,9,8.1,0.486,0.689,9,0,6.8,6,89,9,54,15,0.306,34,0.194,10.4,0.545,0.122,11,0,0.545,1,6,0,11,0.0,0.122,6,0.545,,0.417,36,0.456,1,0.2,15,0.402,0.056,5,0.4,41,0.39,16,0.178,0.375,0.078,6,0.256,3,0.391,0.522,16,23,9,7,0.429,0,7,0,,0.7,15,15,0.467,0.167,0.467,7,0.167,0.0,20,7,18,0.364,0.45,11,0.35,4,0.4,0.333,6,0.5,30,12,4,0.455,0.5,11,0,27,1.0,0.333,3,2,0,0.0,12,11,6,0.273,25,5.0,0.2,0.48,25,0.0,12,2,0.444,0,0.44,51,0.266,0.667,-0.06,84,0.607,1,0,0.333,18,8,34,0.5,6,0.444,7,16,0.0,0,0,1,17,0.0,0.412,0.0,0.0,2,0.471,0.0,0.0,0.0,18,0.0,9,24,0.375,9,24,0.563,3,1,7.0,19.0,1,2,19.0,20.0,1,2,7,1,5.0,30.0,16.0,48.0,2025,20250427,True
1610612752,New York Knicks,1,1,0,1.0,48.0,34,91,0.374,15,33,0.455,11,18,0.611,12,26,38,19,10.0,11,3,9,17,17,94,1.0,1,1,1,1,1,7,1,8,3,5,2,7,5,8,3,7,6,5,3,1,6,8,2,5,7,4,95,8,0.449,0.0,14.4,96.7,7,96.4,1.9,6,3,0.295,0.45,6,98.9,5,7,0.475,1,94.5,8,0.105,0.559,0.6,3,7,0.64,5,78.75,97.0,1,0.456,4,95,98.9,263,20,263,0.072,51,42,0.076,0,1,NYK,2,1.0,0.049,0.585,24,0.049,4,10,0.417,0.293,0.146,2,6,41,24,12,4,0.0,9,2.61,196,3.4,0.222,2,0.316,0.245,21.7,19,383,94,9,34,0.404,0.353,21,0.5,0.447,0.426,6,7.5,0.387,0.473,6,3,6.9,5,94,6,61,11,0.289,27,0.192,8.9,0.3,0.11,10,0,0.3,1,3,0,10,0.0,0.11,3,0.3,,0.286,28,0.352,2,0.5,8,0.344,0.044,4,0.308,32,0.313,10,0.187,0.412,0.187,7,0.374,6,0.382,0.485,17,34,13,17,0.353,2,8,3,0.667,0.733,12,15,0.533,0.132,0.5,6,0.165,0.033,22,7,18,0.444,0.409,9,0.318,4,0.423,0.0,0,0.25,33,6,2,0.3,0.456,10,3,29,2.0,0.167,3,11,0,0.0,10,12,6,0.3,23,4.0,0.5,0.333,18,0.273,6,1,0.345,0,0.522,63,0.309,0.63,-0.012,102,0.618,1,0,0.571,16,3,33,0.25,12,0.188,5,12,,1,0,3,14,,0.357,0.0,,4,0.364,,0.333,,21,,11,24,0.458,11,26,0.635,6,4,15.0,20.0,5,1,18.0,17.0,6,7,6,5,15.0,48.0,12.0,32.0,2025,20250427,True
1610612753,Orlando Magic,1,0,1,0.0,48.0,38,88,0.432,8,30,0.267,14,20,0.7,7,31,38,23,10.0,5,4,7,24,17,98,-9.0,1,5,5,5,1,2,4,4,7,7,7,4,4,7,7,4,6,3,3,7,5,5,8,5,6,7,93,6,0.418,-9.7,17.8,95.9,6,116.2,2.3,7,4,0.269,0.479,3,115.1,3,5,0.506,5,93.0,7,0.108,0.605,-18.0,6,4,0.727,4,77.5,98.2,5,0.477,7,93,105.4,286,27,286,0.08,56,38,0.094,2,2,ORL,4,0.5,0.065,0.717,33,0.087,8,14,0.636,0.348,0.109,3,5,46,22,16,4,1.0,3,2.53,200,3.18,0.667,6,0.684,0.245,21.2,19,400,98,8,22,0.507,0.318,26,0.571,0.567,0.585,4,6.9,0.318,0.689,3,0,7.0,5,75,8,53,9,0.237,29,0.161,6.5,0.429,0.08,6,1,0.429,1,3,0,7,0.011,0.068,3,0.5,0.0,0.471,34,0.443,0,0.0,16,0.41,0.057,5,0.386,39,0.41,16,0.102,0.444,0.136,4,0.239,8,0.571,0.667,9,21,12,12,0.667,3,7,6,0.5,0.429,15,21,0.333,0.17,0.267,4,0.239,0.068,28,10,22,0.286,0.393,7,0.357,2,0.296,0.75,6,1.0,22,13,2,0.667,0.477,9,7,24,0.0,0.2,1,22,0,0.0,18,7,5,0.111,21,4.0,0.0,0.417,12,0.318,5,1,0.75,0,0.333,66,0.338,0.656,-0.033,106,0.623,6,0,0.333,14,2,26,0.6,6,0.143,1,20,0.0,3,0,13,7,0.0,0.143,0.0,0.0,10,0.769,0.0,0.231,0.0,18,0.0,6,22,0.273,8,26,0.423,2,6,4.0,8.0,4,6,13.0,14.0,3,4,2,5,15.0,38.0,13.0,46.0,2025,20250427,True
1610612739,Cleveland Cavaliers,1,1,0,1.0,48.0,47,86,0.547,22,47,0.468,22,25,0.88,8,43,51,26,12.0,15,6,2,12,18,138,55.0,1,1,1,1,1,1,2,1,1,2,2,1,2,2,4,1,1,2,2,1,1,1,1,3,1,1,97,1,0.793,57.6,19.3,100.3,1,83.3,2.17,1,2,0.286,0.534,2,84.7,2,1,0.711,1,97.5,1,0.124,0.553,53.3,4,2,0.705,2,81.25,136.6,1,0.674,1,97,142.3,277,34,277,0.094,74,49,0.123,5,3,CLE,5,0.9,0.045,0.682,30,0.114,10,10,0.556,0.341,0.136,2,6,44,18,15,9,0.273,0,2.38,206,3.03,0.0,11,1.385,0.347,20.1,13,398,138,5,19,0.662,0.421,33,0.5,0.708,0.705,4,5.8,0.444,0.754,4,1,5.6,10,77,4,61,14,0.275,37,0.233,7.1,0.6,0.058,5,0,0.6,1,3,0,5,0.0,0.058,3,0.6,,0.682,22,0.326,2,0.333,15,0.643,0.07,6,0.256,28,0.607,17,0.267,0.478,0.105,11,0.372,4,0.469,0.641,23,32,15,9,0.444,3,12,3,1.0,0.786,18,21,0.571,0.209,0.5,9,0.244,0.035,22,13,34,0.571,0.773,14,0.591,8,0.432,0.333,3,0.0,46,18,0,1.0,0.674,14,2,22,3.0,0.375,6,6,0,0.0,16,16,8,0.429,33,6.0,0.5,0.636,11,0.333,7,3,0.727,0,0.485,54,0.221,0.632,0.118,72,0.75,2,0,0.458,26,12,23,0.5,11,0.462,4,17,1.0,0,0,1,7,0.0,0.571,0.0,0.0,4,0.739,0.0,0.0,1.0,24,1.0,14,33,0.424,16,37,0.622,2,2,12.0,28.0,1,1,16.0,19.0,2,2,2,1,5.0,40.0,18.0,46.0,2025,20250428,True
1610612744,Golden State Warriors,1,1,0,1.0,48.0,36,86,0.419,17,46,0.37,20,22,0.909,9,25,34,27,10.0,7,2,6,22,21,109,3.0,1,1,1,1,1,3,2,3,2,3,3,2,3,1,3,4,4,1,1,2,3,3,4,2,2,2,88,3,0.52,4.8,20.3,93.7,2,116.9,2.7,2,1,0.353,0.468,1,119.1,1,3,0.57,2,88.5,3,0.114,0.75,-4.2,2,4,0.605,1,73.75,112.7,3,0.517,2,88,123.9,330,36,330,0.082,76,55,0.109,7,2,GSW,3,0.833,0.029,0.543,19,0.086,6,7,0.412,0.371,0.057,1,2,35,17,13,5,0.2,1,2.09,261,2.91,0.0,15,0.586,0.245,21.6,29,445,109,3,30,0.466,0.3,13,0.333,0.486,0.543,3,5.9,0.3,0.581,6,0,5.2,12,73,3,46,15,0.441,19,0.48,7.8,0.333,0.035,3,0,0.333,1,1,0,3,0.0,0.035,1,0.333,,0.391,23,0.302,0,0.0,9,0.346,0.035,3,0.267,26,0.346,9,0.186,0.375,0.151,6,0.337,8,0.483,0.586,16,29,14,13,0.615,1,12,1,1.0,0.625,27,28,0.429,0.314,0.407,11,0.326,0.012,21,7,18,0.364,0.429,11,0.333,4,0.378,0.333,3,0.0,41,17,0,0.583,0.517,11,5,14,0.0,0.556,5,9,0,0.0,8,12,9,0.455,35,2.0,0.0,0.353,17,0.556,6,5,0.571,0,0.343,59,0.324,0.596,-0.055,109,0.541,3,0,0.344,12,6,19,0.375,11,0.5,5,9,0.0,2,0,4,9,2.0,0.556,0.0,0.0,8,0.474,0.0,0.5,0.0,32,0.0,13,35,0.371,13,36,0.542,3,1,14.0,11.0,4,3,14.0,21.0,4,4,1,3,20.0,48.0,10.0,28.0,2025,20250428,True
1610612745,Houston Rockets,1,0,1,0.0,48.0,38,77,0.494,11,23,0.478,19,31,0.613,13,28,41,18,13.0,6,6,2,21,22,106,-3.0,1,3,3,3,1,2,4,2,3,4,1,3,1,3,2,3,3,3,3,3,1,1,3,1,3,3,89,2,0.48,-4.8,14.5,93.7,3,112.7,1.38,3,3,0.395,0.532,3,123.9,3,2,0.585,3,88.5,2,0.146,0.474,4.2,1,3,0.647,4,73.75,116.9,3,0.565,3,89,119.1,211,22,211,0.085,44,25,0.104,3,1,HOU,4,0.75,0.067,0.644,29,0.089,8,12,0.522,0.333,0.067,3,3,45,23,15,6,0.684,13,2.99,151,3.79,0.615,19,0.833,0.329,20.4,18,322,106,1,29,0.519,0.448,20,0.462,0.526,0.549,6,6.7,0.448,0.56,7,0,6.5,8,79,1,51,14,0.341,27,0.286,7.2,0.8,0.065,5,0,0.8,1,4,0,5,0.0,0.065,4,0.8,,0.4,30,0.468,2,0.333,12,0.417,0.078,6,0.39,36,0.389,14,0.104,0.375,0.221,3,0.325,9,0.48,0.54,8,25,12,17,0.529,2,8,2,1.0,1.0,9,11,0.727,0.117,0.667,6,0.143,0.026,21,11,28,0.545,0.667,11,0.524,6,0.333,0.6,13,0.5,17,15,8,0.538,0.565,3,3,18,1.0,0.0,1,5,0,0.0,11,10,1,0.333,20,2.0,0.5,0.419,31,0.6,13,0,0.611,0,0.5,59,0.313,0.596,-0.029,104,0.567,5,0,0.526,4,1,23,0.417,10,0.25,9,13,0.0,0,0,2,17,0.0,0.529,0.0,0.0,12,0.565,0.0,0.0,0.0,19,0.0,5,12,0.417,6,17,0.5,1,4,10.0,20.0,2,2,21.0,14.0,1,1,4,2,11.0,28.0,14.0,48.0,2025,20250428,True
1610612748,Miami Heat,1,0,1,0.0,48.0,32,89,0.36,10,49,0.204,9,15,0.6,15,30,45,17,19.0,4,2,6,18,12,83,-55.0,1,3,3,3,1,4,1,4,4,1,4,4,4,4,1,2,2,4,4,4,3,3,2,4,4,4,98,4,0.207,-57.6,12.9,100.3,4,136.6,0.89,4,4,0.295,0.466,4,142.3,4,4,0.434,4,97.5,4,0.194,0.531,-53.3,3,1,0.714,3,81.25,83.3,1,0.416,4,98,84.7,257,21,257,0.066,44,50,0.082,3,1,MIA,3,0.667,0.039,0.471,24,0.059,6,10,0.625,0.569,0.059,2,3,51,16,29,4,0.0,5,2.56,196,3.35,0.8,7,0.706,0.217,21.3,17,382,83,4,25,0.682,0.6,22,0.333,0.726,0.667,5,7.7,0.625,0.714,10,1,6.9,8,66,3,45,13,0.289,32,0.267,9.1,0.167,0.067,6,0,0.167,1,1,0,6,0.0,0.067,1,0.167,,0.636,22,0.326,2,0.286,14,0.586,0.079,7,0.247,29,0.552,16,0.247,0.136,0.101,3,0.348,5,0.258,0.306,22,31,8,9,0.556,2,7,3,0.667,0.413,20,23,0.304,0.225,0.25,5,0.258,0.034,21,5,12,0.167,0.286,12,0.238,2,0.225,0.0,0,1.0,26,12,4,0.667,0.416,18,2,23,2.0,0.25,4,6,0,0.0,14,6,8,0.222,31,10.0,0.2,0.545,11,0.333,6,2,0.609,0,0.194,73,0.307,0.664,0.031,105,0.695,1,0,0.2,29,5,25,0.2,4,0.172,4,16,1.0,1,0,2,6,1.0,0.667,0.0,0.0,5,0.64,0.0,0.5,1.0,20,1.0,8,37,0.216,8,38,0.316,4,3,18.0,5.0,3,4,19.0,16.0,3,3,3,4,28.0,46.0,12.0,40.0,2025,20250428,True
1610612738,Boston Celtics,1,1,0,1.0,48.0,43,76,0.566,13,24,0.542,21,24,0.875,3,35,38,30,11.0,5,3,2,18,20,120,31.0,1,1,1,1,3,2,8,1,3,8,1,2,6,1,8,3,6,1,3,7,7,1,1,6,2,1,93,2,0.686,33.3,23.4,94.6,2,94.0,2.73,1,3,0.147,0.473,3,95.7,1,8,0.693,1,93.0,1,0.118,0.698,32.9,8,6,0.667,1,77.5,126.9,7,0.651,1,93,129.0,243,38,243,0.123,75,35,0.156,6,2,BOS,3,0.833,0.071,0.643,27,0.071,6,10,0.435,0.31,0.095,3,4,42,23,13,5,0.667,9,3.05,149,3.73,0.556,9,1.105,0.346,21.6,19,347,120,4,10,0.507,0.3,29,0.667,0.535,0.522,2,6.2,0.3,0.556,1,0,6.4,6,75,4,67,8,0.211,30,0.171,4.5,0.4,0.066,5,0,0.4,1,2,0,5,0.0,0.066,2,0.4,,0.571,28,0.395,2,1.0,16,0.633,0.026,2,0.368,30,0.6,18,0.224,0.529,0.224,9,0.447,11,0.588,0.721,17,34,20,17,0.647,1,3,2,0.5,0.571,5,7,0.429,0.066,0.4,2,0.092,0.026,20,10,26,0.667,0.65,9,0.5,6,0.476,0.5,6,0.333,27,21,5,0.727,0.651,5,6,22,2.0,1.0,3,15,0,0.0,19,10,1,0.6,18,4.0,0.5,0.333,15,0.4,5,1,0.864,1,0.556,77,0.322,0.627,-0.061,136,0.566,2,1,0.6,9,6,25,0.25,9,0.667,3,20,0.0,3,0,7,10,1.0,0.3,0.0,0.0,8,0.8,0.0,0.429,0.0,15,0.0,6,14,0.429,9,19,0.632,2,8,13.0,20.0,8,1,15.0,3.0,1,4,5,3,12.0,36.0,11.0,48.0,2025,20250429,True
1610612743,Denver Nuggets,1,1,0,1.0,48.0,48,86,0.558,17,33,0.515,18,23,0.783,8,30,38,29,10.0,7,7,8,21,21,131,16.0,1,1,1,1,3,1,5,2,2,3,2,4,7,2,7,6,6,2,1,4,4,6,4,4,1,2,94,1,0.549,18.3,21.6,96.2,1,121.9,2.9,2,2,0.268,0.5,1,121.1,2,4,0.681,6,94.5,2,0.106,0.604,11.6,6,5,0.711,4,78.75,133.5,5,0.657,2,94,139.4,274,36,274,0.106,81,47,0.131,4,3,DEN,2,0.75,0.036,0.607,17,0.071,4,7,0.538,0.429,0.036,1,1,28,13,12,3,0.25,13,2.39,206,3.46,0.154,16,0.792,0.337,22.5,24,389,131,9,26,0.528,0.308,28,0.5,0.603,0.577,4,7.2,0.333,0.667,4,2,6.3,2,72,7,52,6,0.158,32,0.067,10.6,0.167,0.07,5,1,0.167,1,1,0,6,0.012,0.058,1,0.2,0.0,0.586,29,0.384,2,0.5,17,0.606,0.047,4,0.337,33,0.576,19,0.151,0.538,0.151,7,0.302,7,0.538,0.673,13,26,14,13,0.538,6,14,6,1.0,0.857,15,21,0.667,0.174,0.533,8,0.244,0.07,28,17,40,0.545,0.714,11,0.607,6,0.478,0.286,4,0.0,33,19,2,0.533,0.657,7,8,23,0.0,0.5,2,14,0,0.0,16,15,4,0.286,26,3.0,0.0,0.438,16,0.571,7,2,0.696,0,0.577,91,0.34,0.632,0.0,144,0.632,5,0,0.55,15,7,25,0.625,11,0.467,4,17,0.0,3,0,6,11,1.0,0.364,0.0,1.0,8,0.68,1.0,0.5,0.0,20,0.0,11,22,0.5,11,22,0.75,8,3,21.0,11.0,2,7,13.0,15.0,8,6,3,1,10.0,62.0,19.0,46.0,2025,20250429,True
1610612765,Detroit Pistons,1,1,0,1.0,48.0,36,85,0.424,8,29,0.276,26,36,0.722,12,33,45,21,14.0,9,9,10,24,27,106,3.0,1,1,1,1,3,7,6,7,7,5,7,1,1,4,4,5,3,6,6,2,2,8,7,1,6,3,98,7,0.543,2.0,15.2,102.4,6,101.1,1.5,3,6,0.364,0.505,6,106.2,6,3,0.526,2,97.5,6,0.143,0.583,2.0,1,7,0.643,5,81.25,103.1,3,0.471,3,98,108.2,245,29,245,0.086,57,41,0.118,3,5,DET,5,0.7,0.083,0.722,26,0.139,10,9,0.474,0.25,0.083,3,3,36,19,9,7,0.818,4,2.67,178,3.42,0.0,11,0.788,0.289,20.9,33,367,106,2,32,0.563,0.375,26,0.667,0.577,0.647,8,6.6,0.375,0.673,4,0,6.2,7,80,2,51,15,0.333,30,0.212,7.7,0.5,0.024,2,0,0.5,1,1,0,2,0.0,0.024,1,0.5,,0.415,41,0.529,1,0.25,17,0.411,0.047,4,0.482,45,0.4,18,0.165,0.286,0.153,4,0.318,10,0.519,0.593,14,27,14,13,0.769,0,3,0,,0.409,11,11,0.273,0.129,0.273,3,0.129,0.0,31,10,24,0.286,0.387,14,0.323,4,0.267,0.5,9,0.0,12,26,0,0.625,0.471,7,4,32,2.0,0.333,3,10,0,0.0,20,5,3,0.429,21,4.0,0.5,0.286,14,0.4,4,1,0.625,1,0.238,77,0.313,0.637,-0.079,138,0.558,1,1,0.222,9,4,36,0.333,4,0.444,5,20,0.0,2,0,5,12,0.0,0.417,0.0,0.0,3,0.556,0.0,0.4,0.0,18,1.0,4,15,0.267,4,15,0.4,2,2,13.0,12.0,5,5,19.0,18.0,7,4,8,6,19.0,52.0,14.0,48.0,2025,20250429,True
1610612754,Indiana Pacers,1,1,0,1.0,53.0,43,93,0.462,12,33,0.364,21,28,0.75,9,36,45,24,13.0,10,4,4,19,23,119,1.0,1,1,1,1,1,2,1,4,4,3,5,2,2,3,6,2,3,5,5,1,5,3,2,3,3,4,108,5,0.512,1.9,16.7,97.7,4,110.9,1.85,4,4,0.222,0.477,4,108.3,5,7,0.565,4,98.26,5,0.12,0.558,-2.0,7,4,0.727,7,81.89,108.9,1,0.527,4,108,110.2,358,34,358,0.067,65,45,0.095,4,6,IND,6,0.833,0.016,0.651,41,0.095,12,15,0.429,0.286,0.048,1,3,63,35,18,10,1.333,5,2.2,262,2.7,0.8,3,0.667,0.245,21.9,12,485,119,7,22,0.563,0.409,31,0.667,0.616,0.581,6,7.2,0.409,0.655,3,0,6.5,5,80,7,62,11,0.244,34,0.139,9.9,0.571,0.075,7,0,0.571,1,4,0,7,0.0,0.075,4,0.571,,0.448,29,0.355,2,0.5,13,0.485,0.043,4,0.312,33,0.455,15,0.054,0.2,0.204,1,0.258,10,0.458,0.479,5,24,11,19,0.526,4,13,5,0.8,0.603,24,29,0.448,0.258,0.375,9,0.312,0.054,25,8,18,0.222,0.36,9,0.32,2,0.464,1.0,4,0.5,36,8,4,0.6,0.527,11,6,30,2.0,1.0,5,13,0,0.0,18,7,3,0.455,22,8.0,0.25,0.412,17,0.462,7,3,0.6,0,0.318,83,0.312,0.649,-0.043,137,0.606,7,0,0.263,14,6,33,0.467,5,0.429,1,20,,2,0,2,7,3.0,0.143,0.0,0.667,15,0.606,2.0,1.0,,19,,10,24,0.417,13,28,0.643,5,5,16.0,20.0,3,1,9.0,14.0,2,3,2,5,16.0,38.0,18.0,50.0,2025,20250429,True
1610612746,LA Clippers,1,0,1,0.0,48.0,43,82,0.524,11,29,0.379,18,28,0.643,10,28,38,29,10.0,6,8,7,21,21,115,-16.0,1,5,5,5,3,2,7,3,5,5,4,4,2,7,5,8,6,2,1,6,3,5,4,4,5,7,95,3,0.451,-18.3,21.2,96.2,3,133.5,2.9,7,1,0.289,0.5,1,139.4,3,4,0.61,8,94.5,3,0.105,0.674,-11.6,4,3,0.732,2,78.75,121.9,5,0.591,7,95,121.1,253,35,253,0.115,72,36,0.138,3,3,LAC,5,0.4,0.043,0.702,33,0.106,10,14,0.609,0.319,0.128,2,6,47,23,15,4,0.75,3,2.45,170,3.13,0.333,12,1.0,0.311,19.3,29,370,115,3,24,0.559,0.417,23,0.5,0.585,0.596,5,7.3,0.417,0.636,5,0,7.5,5,68,3,47,10,0.263,28,0.179,6.9,0.667,0.037,3,0,0.667,1,2,0,3,0.0,0.037,2,0.667,,0.632,38,0.5,0,0.0,24,0.585,0.037,3,0.463,41,0.585,24,0.11,0.333,0.146,3,0.256,6,0.429,0.5,9,21,9,12,0.5,0,8,0,,0.706,17,17,0.471,0.207,0.471,8,0.207,0.0,17,6,16,0.333,0.471,12,0.353,4,0.389,0.8,9,0.0,21,29,1,0.688,0.591,7,1,25,3.0,1.0,4,3,0,0.0,17,7,1,0.571,22,6.0,0.5,0.56,25,0.333,14,1,0.68,0,0.318,90,0.378,0.654,-0.092,160,0.563,1,0,0.316,10,5,30,0.167,6,0.5,10,20,0.0,1,0,2,15,0.0,0.667,0.0,0.0,6,0.667,0.0,0.5,0.0,19,0.0,7,17,0.412,7,17,0.618,7,6,19.0,10.0,1,8,15.0,13.0,3,1,5,2,11.0,46.0,21.0,62.0,2025,20250429,True
1610612749,Milwaukee Bucks,1,0,1,0.0,53.0,41,90,0.456,19,40,0.475,17,26,0.654,13,40,53,25,18.0,9,4,4,23,19,118,-1.0,1,5,5,5,1,5,2,5,1,1,3,6,5,6,3,1,1,4,8,2,5,3,6,7,4,5,109,4,0.488,-1.9,16.9,97.7,5,108.9,1.39,5,8,0.273,0.523,7,110.2,4,2,0.582,5,98.26,4,0.165,0.61,2.0,5,2,0.778,3,81.89,110.9,1,0.561,5,109,108.3,277,28,277,0.09,72,49,0.101,1,2,MIL,7,0.643,0.027,0.568,21,0.189,14,6,0.4,0.351,0.108,1,4,37,15,13,9,0.8,7,2.75,202,3.54,0.286,5,0.714,0.289,24.1,21,409,118,6,30,0.631,0.433,36,0.615,0.679,0.667,8,6.8,0.448,0.727,5,1,6.1,4,84,5,60,12,0.226,41,0.1,8.9,0.5,0.089,6,2,0.625,1,4,2,8,0.022,0.067,2,0.333,1.0,0.6,25,0.367,5,0.625,15,0.682,0.089,8,0.278,33,0.606,20,0.2,0.278,0.178,5,0.378,4,0.265,0.338,18,34,9,16,0.25,1,8,3,0.333,0.767,12,15,0.533,0.133,0.583,7,0.167,0.033,34,10,26,0.462,0.382,13,0.294,6,0.419,1.0,4,0.5,39,15,2,0.7,0.561,9,3,15,1.0,0.6,4,20,0,0.0,11,15,5,0.444,30,4.0,0.25,0.533,15,0.15,8,3,0.733,1,0.5,82,0.279,0.665,0.007,122,0.672,3,1,0.542,14,6,17,0.3,13,0.429,5,12,,2,0,15,7,2.0,0.714,0.0,0.0,10,0.706,0.0,0.133,,24,,13,27,0.481,13,31,0.629,6,7,18.0,16.0,4,4,14.0,9.0,6,7,4,7,20.0,50.0,16.0,38.0,2025,20250429,True
1610612752,New York Knicks,1,0,1,0.0,48.0,39,90,0.433,9,25,0.36,16,27,0.593,15,34,49,19,15.0,5,10,9,27,24,103,-3.0,1,5,5,5,3,6,2,6,6,7,6,7,4,8,1,4,2,7,7,7,1,7,8,2,7,6,97,6,0.457,-2.0,14.0,102.4,7,103.1,1.27,6,7,0.357,0.495,8,108.2,8,6,0.505,3,97.5,7,0.155,0.487,-2.0,2,8,0.636,8,81.25,101.1,3,0.483,6,97,106.2,244,24,244,0.078,47,31,0.098,3,2,NYK,3,0.75,0.063,0.521,25,0.063,8,10,0.4,0.313,0.104,3,5,48,25,15,6,0.75,5,3.05,181,3.68,1.4,4,0.826,0.279,22.7,23,369,103,7,37,0.533,0.405,27,0.6,0.576,0.557,9,6.0,0.405,0.63,6,0,6.2,7,92,7,61,16,0.327,33,0.206,5.3,0.556,0.1,9,0,0.556,1,5,0,9,0.0,0.1,5,0.556,,0.357,28,0.378,3,0.5,10,0.426,0.067,6,0.311,34,0.382,13,0.144,0.231,0.311,3,0.456,15,0.439,0.476,13,41,18,28,0.536,0,3,0,,0.75,6,6,0.5,0.067,0.5,3,0.067,0.0,32,12,27,0.375,0.422,8,0.375,3,0.353,1.0,3,0.667,18,19,7,0.529,0.483,9,4,37,2.0,0.2,3,13,0,0.0,21,6,5,0.333,16,4.0,0.5,0.333,15,0.308,5,1,0.568,0,0.375,83,0.323,0.63,-0.011,134,0.619,4,0,0.462,13,4,37,0.333,6,0.308,3,21,0.0,1,0,4,11,0.0,0.273,0.0,0.0,12,0.568,0.0,0.25,0.0,13,0.0,6,17,0.353,6,17,0.529,4,1,14.0,19.0,6,3,18.0,19.0,4,2,7,3,12.0,48.0,13.0,52.0,2025,20250429,True
1610612753,Orlando Magic,1,0,1,0.0,48.0,33,88,0.375,8,38,0.211,15,22,0.682,15,29,44,19,12.0,7,2,3,20,18,89,-31.0,1,5,5,5,3,8,4,8,7,2,8,8,8,5,1,7,5,7,4,4,8,2,3,8,8,8,93,8,0.314,-33.3,14.5,94.6,8,126.9,1.58,8,5,0.333,0.527,5,129.0,7,1,0.456,7,93.0,8,0.129,0.576,-32.9,3,1,0.853,6,77.5,94.0,7,0.42,8,93,95.7,260,25,260,0.073,52,41,0.096,2,4,ORL,3,0.667,0.057,0.434,23,0.057,6,9,0.409,0.434,0.113,3,6,53,22,23,4,0.667,8,2.68,186,3.23,0.625,9,0.652,0.234,20.5,23,380,89,8,36,0.587,0.417,24,0.467,0.657,0.725,7,6.3,0.429,0.879,8,1,5.9,5,75,7,40,12,0.273,32,0.172,7.0,0.4,0.057,5,0,0.4,1,2,0,5,0.0,0.057,2,0.4,,0.5,28,0.318,0,,14,0.5,0.0,0,0.318,28,0.5,14,0.148,0.231,0.17,3,0.318,7,0.357,0.411,13,28,10,15,0.467,2,7,2,1.0,0.352,25,27,0.259,0.284,0.2,5,0.307,0.023,33,12,27,0.2,0.409,15,0.364,3,0.217,1.0,6,1.0,15,15,5,0.5,0.42,9,7,18,0.0,0.25,1,18,0,0.0,14,7,4,0.111,28,5.0,0.0,0.286,14,0.389,4,1,0.778,1,0.25,86,0.349,0.656,-0.024,136,0.632,2,1,0.24,12,3,21,0.25,6,0.25,3,14,0.0,5,0,10,9,1.0,0.333,0.0,0.0,8,0.667,0.0,0.5,0.0,25,1.0,5,23,0.217,5,23,0.326,1,3,11.0,12.0,6,5,3.0,15.0,4,8,1,7,20.0,48.0,13.0,36.0,2025,20250429,True
1610612744,Golden State Warriors,1,0,1,0.0,48.0,43,103,0.417,15,44,0.341,15,22,0.682,25,24,49,25,14.0,10,5,7,27,22,116,-15.0,1,3,3,3,1,1,1,3,1,2,2,4,4,4,1,4,2,1,3,1,2,4,4,4,2,4,98,3,0.395,-14.0,16.3,100.7,2,131.4,1.79,4,3,0.469,0.554,2,132.3,4,2,0.515,4,98.5,3,0.143,0.581,-17.3,1,2,0.703,3,82.08,114.1,1,0.49,4,98,118.4,312,33,312,0.08,65,54,0.106,5,3,GSW,4,0.75,0.0,0.673,33,0.082,8,12,0.571,0.469,0.061,0,3,49,21,23,6,0.188,0,2.07,260,2.76,0.0,16,0.575,0.261,20.4,40,444,116,3,42,0.62,0.595,17,0.44,0.645,0.585,11,7.2,0.595,0.632,14,0,7.2,7,79,3,41,18,0.367,31,0.292,7.3,0.5,0.117,12,0,0.5,1,6,0,12,0.0,0.117,6,0.5,,0.486,35,0.388,2,0.4,17,0.5,0.049,5,0.34,40,0.475,19,0.165,0.294,0.107,5,0.272,4,0.321,0.411,17,28,9,11,0.364,1,9,1,1.0,0.565,22,23,0.391,0.214,0.364,8,0.223,0.01,26,10,26,0.545,0.5,11,0.385,6,0.265,0.25,3,0.0,27,23,0,0.529,0.49,11,1,31,0.0,0.286,2,8,0,0.0,19,13,7,0.182,32,4.0,0.0,0.4,20,0.125,8,2,0.613,1,0.406,76,0.324,0.597,-0.03,134,0.567,4,1,0.429,16,3,32,0.308,12,0.188,5,19,0.0,0,0,3,10,0.0,0.5,0.0,0.0,13,0.594,0.0,0.0,0.0,28,0.0,9,33,0.273,9,34,0.397,3,1,13.0,17.0,1,1,14.0,23.0,2,2,2,3,17.0,54.0,13.0,54.0,2025,20250430,True
1610612745,Houston Rockets,1,1,0,1.0,48.0,43,78,0.551,13,30,0.433,32,38,0.842,8,31,39,23,13.0,9,7,5,22,27,131,15.0,1,1,1,1,1,1,3,1,2,4,1,1,1,1,3,2,3,4,1,2,1,2,1,1,1,1,99,1,0.605,14.0,17.3,100.7,1,114.1,1.77,1,1,0.297,0.446,3,118.4,2,3,0.692,3,98.5,1,0.131,0.535,17.3,3,4,0.531,4,82.08,131.4,1,0.635,1,99,132.3,274,27,274,0.084,61,39,0.099,2,2,HOU,6,0.833,0.125,0.9,36,0.15,12,12,0.667,0.2,0.025,5,1,40,18,8,10,0.727,7,2.42,184,3.21,0.286,11,0.944,0.334,21.0,18,392,131,0,19,0.557,0.421,22,0.75,0.557,0.585,6,5.0,0.421,0.585,2,0,4.8,9,70,0,53,15,0.385,24,0.29,5.8,0.75,0.103,8,0,0.75,1,6,0,8,0.0,0.103,6,0.75,,0.52,25,0.346,2,1.0,13,0.593,0.026,2,0.321,27,0.556,15,0.128,0.3,0.141,3,0.269,9,0.571,0.643,10,21,12,11,0.818,2,10,4,0.5,0.636,18,22,0.455,0.231,0.444,8,0.282,0.051,23,13,31,0.556,0.674,9,0.565,5,0.348,0.667,8,1.0,24,17,2,0.615,0.635,11,3,21,1.0,0.667,5,10,0,0.0,15,8,6,0.455,18,5.0,0.2,0.706,17,0.3,12,4,0.714,1,0.444,80,0.32,0.596,-0.02,139,0.576,6,1,0.438,15,7,24,0.545,7,0.467,5,16,0.0,2,0,5,6,0.0,0.833,0.0,0.0,11,0.667,0.0,0.4,0.0,16,0.0,8,21,0.381,8,23,0.522,3,3,13.0,17.0,1,1,23.0,14.0,2,2,4,3,17.0,54.0,13.0,54.0,2025,20250430,True
1610612747,Los Angeles Lakers,1,0,1,0.0,48.0,33,78,0.423,11,37,0.297,19,25,0.76,8,29,37,24,15.0,5,1,5,25,23,96,-7.0,1,3,3,3,1,4,3,2,3,3,3,3,3,2,3,3,4,3,4,4,4,2,3,3,4,3,95,2,0.441,-7.4,18.5,97.3,4,104.5,1.6,3,4,0.229,0.421,4,108.4,1,4,0.539,2,95.0,2,0.158,0.727,-4.5,4,3,0.576,1,79.17,100.0,3,0.494,3,95,101.1,293,26,293,0.082,59,39,0.089,1,1,LAL,6,0.75,0.024,0.548,23,0.143,12,7,0.412,0.405,0.071,1,3,42,17,17,9,0.9,2,2.18,217,2.93,0.0,10,0.615,0.235,19.9,13,408,96,2,19,0.544,0.421,23,0.5,0.561,0.558,4,8.3,0.421,0.58,4,0,7.6,6,68,2,52,10,0.27,27,0.207,10.9,0.667,0.038,3,0,0.667,1,2,0,3,0.0,0.038,2,0.667,,0.5,18,0.256,0,0.0,9,0.45,0.026,2,0.231,20,0.45,9,0.244,0.211,0.205,4,0.449,8,0.343,0.4,19,35,12,16,0.5,3,10,4,0.75,0.675,16,20,0.5,0.205,0.438,7,0.256,0.051,26,6,15,0.231,0.288,13,0.231,3,0.346,0.6,9,0.0,26,8,0,0.5,0.494,9,2,17,0.0,0.429,3,8,0,0.0,15,8,7,0.333,28,2.0,0.0,0.313,16,0.25,5,3,0.882,0,0.286,91,0.37,0.631,-0.066,161,0.565,2,0,0.269,11,4,19,0.2,7,0.364,2,16,,2,0,4,8,0.0,0.25,0.0,0.0,10,0.842,0.0,0.5,,26,,8,24,0.333,9,26,0.5,2,4,12.0,11.0,4,4,20.0,10.0,4,4,3,2,16.0,56.0,11.0,40.0,2025,20250430,True
1610612750,Minnesota Timberwolves,1,1,0,1.0,48.0,36,89,0.404,7,47,0.149,24,33,0.727,18,36,54,25,13.0,8,5,1,23,25,103,7.0,1,1,1,1,1,3,2,4,4,1,4,2,2,3,2,1,1,1,1,3,2,1,2,2,3,2,95,4,0.559,7.4,17.2,97.3,3,100.0,1.92,2,2,0.424,0.579,1,101.1,3,1,0.497,1,95.0,4,0.137,0.694,4.5,2,1,0.771,2,79.17,104.5,3,0.444,2,95,108.4,295,33,295,0.085,62,58,0.112,4,4,MIN,4,0.75,0.023,0.75,33,0.091,8,13,0.619,0.409,0.114,1,5,44,21,18,6,0.727,3,2.29,225,3.01,1.0,11,0.867,0.243,21.3,30,424,103,9,36,0.6,0.5,29,0.611,0.667,0.621,11,7.4,0.514,0.72,7,1,7.3,7,90,8,58,18,0.333,36,0.194,7.6,0.333,0.034,3,0,0.333,1,1,0,3,0.0,0.034,1,0.333,,0.68,25,0.315,0,0.0,17,0.607,0.034,3,0.281,28,0.607,17,0.236,0.095,0.146,2,0.382,10,0.353,0.382,21,34,12,13,0.769,1,6,1,1.0,0.354,23,24,0.25,0.258,0.217,5,0.27,0.011,19,4,8,0.0,0.211,14,0.211,0,0.212,0.75,8,1.0,21,26,3,0.786,0.444,14,1,21,4.0,0.25,5,3,0,0.0,19,2,4,0.357,32,10.0,0.4,0.5,18,0.333,9,1,0.905,1,0.063,67,0.264,0.668,-0.024,104,0.644,1,1,0.071,16,5,27,1.0,2,0.313,5,22,,1,0,3,11,2.0,0.455,0.0,0.0,1,0.815,0.0,0.333,,28,,7,33,0.212,7,33,0.318,1,2,11.0,16.0,3,3,10.0,20.0,1,1,1,1,11.0,40.0,12.0,56.0,2025,20250430,True
1610612743,Denver Nuggets,1,0,1,0.0,48.0,44,84,0.524,11,27,0.407,6,9,0.667,10,29,39,24,14.0,6,7,9,14,15,105,-6.0,1,3,3,3,1,1,3,1,2,4,1,4,4,4,2,3,2,2,2,3,2,4,1,3,4,4,88,1,0.478,-5.4,19.0,91.3,2,122.5,1.71,4,3,0.333,0.517,2,124.7,1,2,0.597,4,88.5,2,0.159,0.545,-8.3,1,2,0.689,2,73.75,114.2,3,0.589,4,88,119.3,239,25,239,0.1,56,36,0.105,0,1,DEN,2,0.75,0.138,0.759,22,0.069,4,9,0.529,0.207,0.103,4,3,29,17,6,3,1.0,13,2.46,177,3.55,0.615,14,1.056,0.298,20.8,18,352,105,6,28,0.527,0.357,23,0.5,0.574,0.604,5,8.2,0.37,0.674,5,1,7.4,6,74,5,48,11,0.282,28,0.207,10.7,0.5,0.119,10,0,0.5,1,5,0,10,0.0,0.119,5,0.5,,0.615,26,0.381,1,0.167,16,0.547,0.071,6,0.31,32,0.531,17,0.095,0.625,0.202,5,0.298,9,0.56,0.66,8,25,14,17,0.529,3,8,4,0.75,0.618,13,17,0.471,0.155,0.385,5,0.202,0.048,18,6,14,0.333,0.389,6,0.333,2,0.48,0.7,14,0.5,33,19,8,0.6,0.589,8,5,28,0.0,0.5,3,14,0,0.0,20,8,6,0.375,18,2.0,0.0,0.533,15,0.357,8,3,0.714,1,0.444,110,0.339,0.632,0.004,173,0.636,2,1,0.4,16,8,33,0.5,6,0.5,4,22,,2,0,7,8,0.0,0.5,0.0,0.0,4,0.667,0.0,0.286,,15,,7,18,0.389,10,21,0.643,1,2,11.0,10.0,3,4,17.0,17.0,3,1,2,3,23.0,50.0,12.0,56.0,2025,20250501,True
1610612765,Detroit Pistons,1,0,1,0.0,48.0,38,81,0.469,9,34,0.265,28,33,0.848,6,30,36,25,15.0,9,3,4,23,22,113,-3.0,1,3,3,3,1,4,4,4,4,2,4,1,1,2,4,1,3,1,3,1,4,2,4,2,2,3,102,4,0.519,-1.8,18.2,103.9,4,112.4,1.67,2,2,0.233,0.473,3,112.6,3,4,0.591,2,102.5,3,0.147,0.658,-4.3,4,3,0.68,1,85.42,108.1,1,0.525,3,102,110.8,267,35,267,0.094,72,47,0.131,4,6,DET,3,1.0,0.063,0.625,20,0.094,6,7,0.467,0.313,0.063,2,2,32,15,10,6,0.5,5,2.25,187,3.18,1.6,10,1.429,0.294,20.3,14,384,113,7,23,0.493,0.261,24,0.667,0.545,0.556,4,7.3,0.261,0.638,2,0,7.1,6,73,7,54,10,0.278,26,0.2,8.2,0.6,0.062,4,1,0.6,1,3,0,5,0.012,0.049,3,0.75,0.0,0.563,32,0.543,2,0.167,18,0.477,0.148,12,0.395,44,0.455,20,0.173,0.429,0.136,6,0.309,8,0.56,0.68,14,25,14,11,0.727,0,1,0,,0.214,7,7,0.143,0.086,0.143,1,0.086,0.0,29,10,21,0.071,0.362,14,0.345,1,0.429,0.4,5,0.667,26,20,8,0.857,0.525,9,5,18,2.0,0.5,4,7,0,0.0,12,5,4,0.444,25,5.0,0.4,0.545,22,0.714,12,2,0.667,0,0.2,97,0.313,0.638,-0.05,165,0.588,3,0,0.2,9,4,23,1.0,5,0.444,8,16,0.0,2,0,3,18,0.0,0.444,0.0,0.0,3,0.696,0.0,0.667,0.0,25,0.0,8,20,0.4,9,21,0.619,3,4,18.0,24.0,1,1,18.0,13.0,1,3,4,2,11.0,48.0,24.0,48.0,2025,20250501,True
1610612746,LA Clippers,1,1,0,1.0,48.0,43,86,0.5,12,39,0.308,13,15,0.867,9,26,35,23,7.0,9,9,7,15,14,111,6.0,1,1,1,1,1,2,1,2,1,1,3,3,3,1,3,4,4,3,1,1,1,3,2,4,3,1,89,2,0.522,5.4,18.3,91.3,1,114.2,3.29,1,1,0.311,0.483,1,119.3,2,3,0.599,3,88.5,1,0.079,0.535,8.3,3,4,0.667,3,73.75,122.5,3,0.57,1,89,124.7,225,30,225,0.102,55,37,0.133,7,0,LAC,2,1.0,0.044,0.667,30,0.044,4,13,0.619,0.444,0.111,2,5,45,21,20,4,0.571,2,2.96,150,3.7,0.0,7,1.0,0.33,20.7,14,336,111,6,28,0.461,0.321,21,0.556,0.5,0.52,5,8.5,0.333,0.578,4,1,8.4,5,76,5,50,10,0.286,25,0.192,8.8,0.167,0.07,6,0,0.167,1,1,0,6,0.0,0.07,1,0.167,,0.706,34,0.5,2,0.222,24,0.628,0.105,9,0.395,43,0.605,26,0.116,0.5,0.07,5,0.186,5,0.625,0.781,10,16,10,6,0.833,1,6,1,1.0,0.405,20,21,0.286,0.233,0.25,5,0.244,0.012,29,12,29,0.278,0.5,18,0.414,5,0.364,0.5,4,0.0,23,14,0,0.778,0.57,7,6,23,3.0,0.0,3,8,0,0.0,16,9,2,0.429,31,5.0,0.6,0.563,16,0.75,9,0,0.696,1,0.29,113,0.387,0.653,-0.076,196,0.577,3,1,0.345,9,3,30,0.6,10,0.333,4,21,,2,0,3,8,1.0,0.5,0.0,0.0,5,0.7,0.0,0.667,,29,,7,21,0.333,8,22,0.523,2,2,12.0,23.0,4,2,17.0,17.0,4,2,2,1,10.0,56.0,11.0,50.0,2025,20250501,True
1610612752,New York Knicks,1,1,0,1.0,48.0,41,86,0.477,10,30,0.333,24,30,0.8,13,30,43,18,17.0,6,4,3,22,23,116,3.0,1,1,1,1,1,3,1,3,3,3,2,2,2,3,1,1,1,4,4,3,3,1,3,1,1,2,103,3,0.481,1.8,13.1,103.9,3,108.1,1.06,3,4,0.32,0.527,4,110.8,4,1,0.585,1,102.5,4,0.165,0.439,4.3,2,1,0.767,4,85.42,112.4,1,0.535,2,103,112.6,242,22,242,0.074,52,32,0.091,0,4,NYK,2,1.0,0.098,0.634,26,0.049,4,10,0.526,0.366,0.073,4,3,41,19,15,4,0.4,8,3.23,169,3.81,0.25,5,1.048,0.317,23.3,21,366,116,3,23,0.589,0.565,18,0.385,0.614,0.588,5,7.6,0.565,0.625,8,0,6.4,12,73,3,51,17,0.395,26,0.4,10.3,0.5,0.07,6,0,0.5,1,3,0,6,0.0,0.07,3,0.5,,0.581,31,0.384,0,0.0,18,0.545,0.023,2,0.36,33,0.545,18,0.198,0.294,0.221,5,0.419,10,0.417,0.486,17,36,15,19,0.526,0,5,0,,0.682,11,11,0.455,0.128,0.455,5,0.128,0.0,29,12,27,0.273,0.466,11,0.414,3,0.333,0.0,2,0.25,21,22,2,0.692,0.535,7,7,17,1.0,0.333,2,14,0,0.0,12,8,3,0.286,23,4.0,0.25,0.48,25,0.5,12,1,0.706,0,0.348,99,0.317,0.63,0.001,157,0.631,4,0,0.364,7,2,24,0.364,8,0.286,6,18,0.0,3,0,5,16,1.0,0.375,0.0,0.0,11,0.75,0.0,0.6,0.0,22,0.0,7,19,0.368,7,21,0.5,4,1,24.0,11.0,2,3,13.0,18.0,1,3,1,4,24.0,48.0,18.0,48.0,2025,20250501,True
1610612744,Golden State Warriors,1,0,1,0.0,48.0,37,90,0.411,15,49,0.306,18,22,0.818,13,29,42,26,17.0,6,6,5,30,18,107,-8.0,1,2,2,2,1,1,1,2,1,1,2,2,2,1,1,2,2,1,2,2,1,1,2,2,2,2,98,2,0.409,-7.0,18.3,102.0,2,114.7,1.53,2,2,0.321,0.481,2,116.2,1,2,0.537,2,98.5,2,0.173,0.703,-11.5,2,2,0.667,1,82.08,103.2,1,0.494,2,98,109.2,315,30,315,0.083,66,58,0.095,3,1,GSW,2,1.0,0.043,0.34,16,0.043,4,6,0.353,0.553,0.085,2,4,47,17,26,4,0.286,1,1.95,243,2.75,0.0,14,0.542,0.244,20.1,24,439,107,10,33,0.483,0.394,20,0.615,0.545,0.509,8,5.7,0.433,0.58,5,3,5.9,9,87,7,57,17,0.405,25,0.31,5.2,0.333,0.067,6,0,0.333,1,2,0,6,0.0,0.067,2,0.333,,0.542,24,0.333,2,0.333,13,0.533,0.067,6,0.267,30,0.5,15,0.211,0.263,0.1,5,0.311,5,0.357,0.446,19,28,10,9,0.556,2,10,2,1.0,0.538,24,26,0.385,0.267,0.333,8,0.289,0.022,20,10,25,0.455,0.625,11,0.5,5,0.268,0.5,4,0.0,32,13,0,0.5,0.494,15,6,13,1.0,0.111,2,10,0,0.0,8,13,9,0.133,34,6.0,0.167,0.444,18,0.6,8,1,0.615,0,0.382,92,0.323,0.597,-0.018,159,0.579,2,0,0.444,21,4,14,0.4,12,0.19,6,9,0.0,3,0,4,14,5.0,0.429,0.0,0.2,5,0.643,1.0,0.75,0.0,27,0.0,9,37,0.243,10,40,0.363,1,2,11.0,12.0,1,2,19.0,12.0,2,2,2,2,24.0,42.0,28.0,32.0,2025,20250502,True
1610612745,Houston Rockets,1,1,0,1.0,48.0,35,78,0.449,12,30,0.4,33,46,0.717,11,35,46,23,13.0,12,5,6,18,30,115,8.0,1,1,1,1,1,2,2,1,2,2,1,1,1,2,2,1,1,2,1,1,2,2,1,1,1,1,99,1,0.591,7.0,16.7,102.0,1,103.2,1.77,1,1,0.333,0.519,1,109.2,2,1,0.585,1,98.5,1,0.131,0.657,11.5,1,1,0.679,2,82.08,114.7,1,0.526,1,99,116.2,265,29,265,0.087,59,39,0.109,5,1,HOU,6,0.833,0.085,0.511,24,0.128,12,7,0.438,0.404,0.128,4,6,47,16,19,10,0.615,4,2.77,194,3.46,0.0,13,0.828,0.297,22.3,29,387,115,8,28,0.535,0.393,26,0.364,0.59,0.565,4,7.3,0.44,0.614,7,3,6.4,9,86,5,62,13,0.283,33,0.257,10.1,0.286,0.09,7,0,0.286,1,2,0,7,0.0,0.09,2,0.286,,0.556,27,0.41,1,0.2,15,0.516,0.064,5,0.346,32,0.5,16,0.192,0.467,0.154,7,0.346,6,0.481,0.611,15,27,13,12,0.5,0,4,2,0.0,0.5,10,12,0.333,0.128,0.4,4,0.154,0.026,21,5,13,0.273,0.31,11,0.238,3,0.455,0.6,8,0.0,29,24,0,0.714,0.526,11,2,13,1.0,0.143,2,9,0,0.0,11,10,7,0.182,18,4.0,0.25,0.385,26,0.222,10,1,0.846,1,0.556,95,0.316,0.596,-0.024,166,0.572,1,1,0.588,14,2,15,0.25,10,0.143,10,11,0.0,1,0,3,24,0.0,0.417,0.0,0.0,4,0.733,0.0,0.333,0.0,17,0.0,9,19,0.474,10,22,0.659,2,1,28.0,24.0,2,1,12.0,19.0,1,1,1,1,12.0,32.0,11.0,42.0,2025,20250502,True
1610612743,Denver Nuggets,1,1,0,1.0,48.0,47,90,0.522,11,29,0.379,15,21,0.714,11,35,46,24,12.0,11,4,9,23,17,120,19.0,1,1,1,1,1,1,1,1,1,1,1,1,2,1,1,1,1,2,1,1,2,2,2,2,1,1,97,1,0.539,19.6,17.5,101.0,1,99.3,2.0,1,1,0.34,0.553,1,104.1,2,1,0.605,1,97.0,1,0.124,0.511,20.4,1,1,0.766,2,80.83,119.7,1,0.583,1,97,123.7,261,32,261,0.092,60,45,0.123,5,3,DEN,2,0.5,0.033,0.767,23,0.067,4,10,0.5,0.2,0.1,1,3,30,20,6,2,0.467,9,2.48,189,3.59,0.778,15,1.04,0.316,22.7,25,380,120,8,25,0.605,0.44,27,0.636,0.676,0.648,7,6.2,0.44,0.761,4,0,6.2,8,76,8,54,15,0.326,31,0.229,5.9,0.5,0.133,12,0,0.5,1,6,0,12,0.0,0.133,6,0.5,,0.517,29,0.367,0,0.0,15,0.455,0.044,4,0.322,33,0.455,15,0.133,0.417,0.167,5,0.3,10,0.556,0.648,12,27,15,15,0.667,5,11,5,1.0,0.778,13,18,0.611,0.144,0.462,6,0.2,0.056,20,8,18,0.333,0.45,6,0.4,2,0.346,0.5,7,0.5,27,26,7,0.75,0.583,10,3,31,2.0,0.4,4,7,0,0.0,25,7,5,0.4,19,5.0,0.4,0.348,23,0.429,8,2,0.806,0,0.368,131,0.346,0.633,0.006,205,0.639,3,0,0.333,13,6,36,0.333,6,0.462,3,27,,2,0,4,10,0.0,0.3,0.0,0.0,9,0.75,0.0,0.5,,18,,9,23,0.391,9,24,0.563,1,1,19.0,15.0,1,1,10.0,22.0,1,1,1,1,14.0,58.0,24.0,66.0,2025,20250503,True
1610612746,LA Clippers,1,0,1,0.0,48.0,39,82,0.476,8,27,0.296,15,22,0.682,5,31,36,30,15.0,10,9,4,17,23,101,-19.0,1,2,2,2,1,2,2,2,2,2,2,1,1,2,2,2,2,1,2,2,1,1,1,1,2,2,97,2,0.461,-19.6,21.7,101.0,2,119.7,2.0,2,2,0.234,0.447,1,123.7,1,2,0.551,2,97.0,2,0.155,0.769,-20.4,2,2,0.66,1,80.83,99.3,1,0.524,2,97,104.1,246,35,246,0.122,70,44,0.142,3,2,LAC,3,0.667,0.1,0.475,19,0.075,6,7,0.412,0.4,0.175,4,7,40,17,16,4,0.5,1,2.61,170,3.27,0.0,8,1.091,0.279,19.7,22,362,101,6,17,0.59,0.294,28,0.6,0.655,0.633,3,6.4,0.294,0.721,2,0,6.7,3,61,6,49,6,0.167,30,0.097,4.7,0.0,0.037,3,0,0.0,1,0,0,3,0.0,0.037,0,0.0,,0.553,38,0.561,1,0.125,21,0.489,0.098,8,0.463,46,0.478,22,0.098,0.5,0.146,4,0.244,8,0.6,0.7,8,20,12,12,0.667,2,5,2,1.0,0.5,11,13,0.385,0.134,0.273,3,0.159,0.024,24,8,18,0.182,0.375,11,0.333,2,0.444,0.4,4,0.0,22,24,0,0.714,0.524,9,2,27,0.0,0.333,2,6,0,0.0,21,6,6,0.222,17,3.0,0.0,0.364,22,0.333,8,2,0.778,1,0.353,139,0.39,0.654,-0.057,233,0.597,4,1,0.333,9,3,32,0.4,6,0.333,4,21,,1,0,1,11,0.0,0.364,0.0,0.0,10,0.656,0.0,1.0,,18,,6,15,0.4,8,17,0.647,2,2,24.0,14.0,2,2,22.0,10.0,2,2,2,2,15.0,66.0,19.0,58.0,2025,20250503,True
