TEAM_ID,TEAM_NAME,GP,W,L,W_PCT,MIN,FGM,FGA,FG_PCT,FG3M,FG3A,FG3_PCT,FTM,FTA,FT_PCT,OREB,DREB,REB,AST,TOV,STL,BLK,BLKA,PF,PFD,PTS,PLUS_MINUS,GP_RANK,W_RANK,L_RANK,W_PCT_RANK,MIN_RANK,FGM_RANK,FGA_RANK,FG_PCT_RANK,FG3M_RANK,FG3A_RANK,FG3_PCT_RANK,FTM_RANK,FTA_RANK,FT_PCT_RANK,OREB_RANK,DREB_RANK,REB_RANK,AST_RANK,TOV_RANK,STL_RANK,BLK_RANK,BLKA_RANK,PF_RANK,PFD_RANK,PTS_RANK,PLUS_MINUS_RANK,team_poss,OFF_RATING,E_PACE,AST_RATIO,AST_TO_RANK,REB_PCT_RANK,OFF_RATING_RANK,DEF_RATING,OREB_PCT_RANK,PIE_RANK,PACE_PER40,AST_PCT_RANK,DEF_RATING_RANK,NET_RATING,PACE,OREB_PCT,DREB_PCT,TS_PCT,AST_RATIO_RANK,E_NET_RATING,PIE,DREB_PCT_RANK,E_OFF_RATING,E_DEF_RATING,POSS,NET_RATING_RANK,AST_PCT,AST_TO,PACE_RANK,REB_PCT,EFG_PCT_RANK,EFG_PCT,TM_TOV_PCT,TM_TOV_PCT_RANK,TS_PCT_RANK,POTENTIAL_AST,AST_TO_PASS_PCT_ADJ,AST_PTS_CREATED,PASSES_MADE,PASSES_RECEIVED,SECONDARY_AST,AST_TO_PASS_PCT,AST_ADJ,TEAM_ABBREVIATION,FT_AST,DRIVE_FT_PCT,DRIVE_FGM,DRIVE_PF,DRIVE_TOV_PCT,DRIVE_TOV,DRIVE_PF_PCT,DRIVE_PTS,DRIVES,DRIVE_PASSES,DRIVE_AST,DRIVE_FTM,DRIVE_FTA,DRIVE_FGA,DRIVE_AST_PCT,DRIVE_PASSES_PCT,DRIVE_FG_PCT,DRIVE_PTS_PCT,TIME_OF_POSS,AVG_SEC_PER_TOUCH,ELBOW_TOUCHES,PTS_PER_POST_TOUCH,TOUCHES,POINTS,POST_TOUCHES,FRONT_CT_TOUCHES,AVG_DRIB_PER_TOUCH,PAINT_TOUCHES,PTS_PER_TOUCH,PTS_PER_PAINT_TOUCH,PTS_PER_ELBOW_TOUCH,REB_CONTEST_PCT,REB_CHANCES,DREB_CONTEST_PCT,REB_CHANCE_PCT,OREB_CHANCES,DREB_CHANCE_PCT,OREB_CONTEST,OREB_CONTEST_PCT,REB_CONTEST,REB_CHANCE_DEFER,OREB_CHANCE_DEFER,AVG_DREB_DIST,DREB_CONTEST,DREB_CHANCES,OREB_CHANCE_PCT,DREB_UNCONTEST,DREB_CHANCE_PCT_ADJ,REB_UNCONTEST,OREB_UNCONTEST,REB_CHANCE_PCT_ADJ,DREB_CHANCE_DEFER,AVG_OREB_DIST,OREB_CHANCE_PCT_ADJ,AVG_REB_DIST,very_tight_FG3A_FREQUENCY,very_tight_FG2A_FREQUENCY,very_tight_FGM,G,very_tight_FG3_PCT,very_tight_FG2M,very_tight_FG_PCT,very_tight_FG2A,very_tight_FG3M,very_tight_FG3A,very_tight_EFG_PCT,very_tight_FGA_FREQUENCY,very_tight_FGA,very_tight_FG2_PCT,tight_FG2M,tight_FGA,tight_FGA_FREQUENCY,tight_FG3A_FREQUENCY,tight_FG3M,tight_FGM,tight_FG_PCT,tight_FG3A,tight_FG2_PCT,tight_FG2A_FREQUENCY,tight_FG2A,tight_EFG_PCT,tight_FG3_PCT,open_FG2A,open_FG3_PCT,open_FG3A_FREQUENCY,open_FGA_FREQUENCY,open_FGM,open_FGA,open_FG_PCT,open_FG2_PCT,open_FG3M,open_FG2M,open_FG2A_FREQUENCY,open_FG3A,open_EFG_PCT,wide_open_FG2A,wide_open_FG2_PCT,wide_open_FG3M,wide_open_FG2A_FREQUENCY,wide_open_FG3_PCT,wide_open_FGA_FREQUENCY,wide_open_EFG_PCT,wide_open_FG3A_FREQUENCY,wide_open_FGA,wide_open_FG2M,wide_open_FG3A,wide_open_FGM,wide_open_FG_PCT,PULL_UP_FG_PCT,PULL_UP_FG3A,PULL_UP_PTS,PULL_UP_EFG_PCT,PULL_UP_FGA,PULL_UP_FG3_PCT,PULL_UP_FG3M,PULL_UP_FGM,ELBOW_TOUCH_FG_PCT,CATCH_SHOOT_FG_PCT,PAINT_TOUCH_FG_PCT,PAINT_TOUCH_PTS,ELBOW_TOUCH_PTS,CATCH_SHOOT_PTS,EFF_FG_PCT,POST_TOUCH_FG_PCT,POST_TOUCH_PTS,ABOVE_BREAK_3_FGM,CORNER_3_FGM,ABOVE_BREAK_3_FG_PCT,BACKCOURT_FGA,CORNER_3_FGA,RA_FGM,RIGHT_CORNER_3_FGA,RIGHT_CORNER_3_FGM,ITP_FGA,LEFT_CORNER_3_FGA,BACKCOURT_FG_PCT,RA_FG_PCT,RIGHT_CORNER_3_FG_PCT,ABOVE_BREAK_3_FGA,MID_FGM,MID_FG_PCT,LEFT_CORNER_3_FGM,LEFT_CORNER_3_FG_PCT,ITP_FGM,CORNER_3_FG_PCT,RA_FGA,BACKCOURT_FGM,MID_FGA,ITP_FG_PCT,NS_LT_06_PCT,FREQ,PLUSMINUS,FGM_LT_06,FGA_LT_06,LT_06_PCT,FGP_LT_5,FGA_20_24,FGP_40_PLUS,FGA_15_19,FGA_LT_5,FGA_35_39,FGP_35_39,FGP_20_24,FGA_10_14,FGA_40_PLUS,FGP_25_29,FGP_15_19,FGM_30_34,FGM_LT_5,FGA_5_9,FGM_35_39,FGM_10_14,FGM_40_PLUS,FGM_15_19,FGP_5_9,FGA_25_29,FGP_30_34,FGP_10_14,FGM_25_29,FGM_5_9,FGM_20_24,FGA_30_34,CATCH_SHOOT_FGM,CATCH_SHOOT_FG3_PCT,CATCH_SHOOT_FGA,CATCH_SHOOT_FG3A,CATCH_SHOOT_FG3M,CATCH_SHOOT_EFG_PCT,OPP_PTS_2ND_CHANCE,PTS_PAINT_RANK,PTS_OFF_TOV,OPP_PTS_OFF_TOV_RANK,PTS_2ND_CHANCE_RANK,PTS_PAINT,OPP_PTS_2ND_CHANCE_RANK,OPP_PTS_OFF_TOV,OPP_PTS_PAINT,PTS_FB_RANK,PTS_2ND_CHANCE,OPP_PTS_FB,OPP_PTS_FB_RANK,PTS_OFF_TOV_RANK,OPP_PTS_PAINT_RANK,PTS_FB,year,date,playoffs
1610612744,Golden State Warriors,1,1,0,1.0,48.0,38,78,0.487,17,40,0.425,26,29,0.897,9,31,40,29,19.0,10,4,2,27,21,119,10.0,1,1,1,1,3,4,3,2,1,2,1,2,2,1,3,3,2,1,2,2,2,1,3,4,3,1,,119.0,101.5,21.0,2,3,1,106.9,4,1,84.17,1,1,12.1,101.0,0.209,0.744,0.656,1,11.6,0.546,2,118.1,106.5,100,1,0.763,1.53,1,0.477,2,0.596,0.19,2,1,46,0.121,79,298,298,5,0.097,36,GSW,2,0.9,5,5,0.049,2,0.122,19,41,21,8,9,10,11,0.195,0.512,0.455,0.463,21.0,3.04,5,0.5,414,119,4,214,2.37,21,0.287,0.571,0.4,0.275,67,0.194,0.597,24,0.62,5,0.556,11,6,0,7.5,6,50,0.375,25,0.705,29,4,0.656,6,8.5,0.375,7.7,,,,,,,,,,,,,,,,,,,,,,,,,,,,,,,,,,,,,,,,,,,,,,,,,,,,,,,,0,,0,,,0,0.0,0.467,0.556,12,2,41,0.596,0.333,2,12,5,0.387,0,9,14,6,3,8,3,0.0,0.636,0.5,31,3,0.375,2,0.667,4,0.556,22,0,8,0.5,0.75,0.26,0.0,15,20,0.75,0.692,11,0.0,4,26,1.0,1.0,0.636,3,0,0.333,0.25,0,18,5,1.0,1,0,1,0.2,27,0.0,0.333,9,1,7,1,0,,0,,,,9.0,4,24.0,2,3,36.0,1,23.0,62.0,2,10.0,6.0,2,2,4,13.0,2026,20251021,False
1610612745,Houston Rockets,1,0,1,0.0,58.0,43,97,0.443,11,39,0.282,27,31,0.871,16,36,52,23,25.0,6,5,4,26,27,124,-1.0,1,3,3,3,1,2,2,3,3,3,2,1,1,2,1,1,1,3,4,4,1,2,2,1,2,3,,107.8,97.5,13.9,4,1,3,112.6,1,3,77.93,4,3,-4.8,93.52,0.482,0.717,0.56,4,-4.1,0.479,3,103.6,107.8,115,3,0.535,0.92,3,0.603,4,0.5,0.217,4,3,56,0.09,65,322,322,2,0.071,29,HOU,4,0.875,11,4,0.119,7,0.068,30,59,24,5,7,8,22,0.085,0.407,0.5,0.508,28.9,3.68,17,0.364,472,124,11,241,2.8,23,0.263,0.826,0.588,0.442,99,0.389,0.525,37,0.563,9,0.563,23,5,1,6.8,14,64,0.432,22,0.6,29,7,0.553,4,9.0,0.444,7.5,,,,,,,,,,,,,,,,,,,,,,,,,,,,,,,,,,,,,,,,,,,,,,,,,,,,,,,,0,,0,,,0,0.6,0.324,0.583,19,10,35,0.5,0.4,4,10,1,0.385,0,13,15,6,0,17,7,0.0,0.682,0.0,26,10,0.526,1,0.143,7,0.077,22,0,19,0.412,0.783,0.221,0.0,18,23,0.783,0.696,20,0.0,8,23,,,0.3,11,0,0.333,0.5,0,16,13,,4,0,4,0.462,21,0.0,0.364,7,6,6,1,0,,0,,,,12.0,3,12.0,4,1,44.0,3,28.0,50.0,4,24.0,16.0,4,4,3,2.0,2026,20251021,False
1610612747,Los Angeles Lakers,1,0,1,0.0,48.0,42,77,0.545,8,32,0.25,17,28,0.607,7,32,39,23,20.0,7,2,4,21,27,109,-10.0,1,3,3,3,3,3,4,1,4,4,3,4,3,4,4,2,3,3,3,3,4,2,1,1,4,4,,106.9,101.5,16.9,3,2,4,119.0,3,4,84.17,3,4,-12.1,101.0,0.256,0.791,0.61,3,-11.6,0.454,1,106.5,118.1,102,4,0.548,1.15,1,0.523,1,0.597,0.196,3,2,38,0.09,54,278,278,1,0.083,25,LAL,1,0.714,21,7,0.048,3,0.111,55,63,25,7,10,14,26,0.111,0.397,0.808,0.873,21.3,3.23,10,0.4,397,109,5,197,2.5,24,0.275,0.583,1.0,0.282,63,0.219,0.619,20,0.696,4,0.571,11,4,1,5.7,7,46,0.35,25,0.744,28,3,0.661,3,8.8,0.368,6.3,,,,,,,,,,,,,,,,,,,,,,,,,,,,,,,,,,,,,,,,,,,,,,,,,,,,,,,,0,,0,,,0,0.833,0.333,0.636,14,10,22,0.597,0.5,2,8,0,0.32,0,7,16,4,0,21,3,0.0,0.842,0.0,25,3,0.6,0,0.0,15,0.0,19,0,5,0.714,0.636,0.282,0.0,14,22,0.636,0.75,5,0.0,4,24,0.0,0.0,0.2,9,0,0.259,0.5,0,18,8,0.0,8,0,2,0.75,27,0.0,0.889,7,6,1,0,0,,0,,,,10.0,1,23.0,3,4,62.0,2,24.0,36.0,3,9.0,13.0,3,3,1,6.0,2026,20251021,False
1610612760,Oklahoma City Thunder,1,1,0,1.0,58.0,46,104,0.442,13,52,0.25,20,25,0.8,11,27,38,29,12.0,12,4,5,27,26,125,1.0,1,1,1,1,1,1,1,4,2,1,3,3,4,3,2,4,4,1,1,1,2,4,3,3,1,2,,112.6,97.5,18.5,1,4,2,107.8,2,2,77.93,2,2,4.8,93.52,0.283,0.518,0.543,2,4.1,0.521,4,107.8,103.6,111,2,0.63,2.42,3,0.397,3,0.505,0.108,1,4,66,0.1,73,340,340,4,0.085,34,OKC,1,0.75,12,6,0.018,1,0.107,33,56,28,5,9,12,21,0.089,0.5,0.571,0.589,22.4,2.83,17,0.0,475,125,0,263,2.28,30,0.263,0.533,0.765,0.368,98,0.333,0.388,42,0.474,5,0.455,14,12,2,7.5,9,57,0.262,18,0.574,24,6,0.442,10,9.8,0.275,8.2,,,,,,,,,,,,,,,,,,,,,,,,,,,,,,,,,,,,,,,,,,,,,,,,,,,,,,,,0,,0,,,0,0.714,0.245,0.636,16,13,32,0.505,0.0,0,11,2,0.268,0,11,18,4,0,15,7,0.0,0.818,0.0,41,8,0.533,2,0.286,7,0.182,22,0,15,0.467,0.667,0.216,0.0,14,21,0.667,0.826,28,0.0,8,23,,,0.25,11,0,0.296,0.5,0,19,7,,7,0,4,0.143,27,0.0,0.636,8,1,7,0,0,,0,,,,24.0,2,28.0,1,2,50.0,4,12.0,44.0,1,12.0,2.0,1,1,2,16.0,2026,20251021,False
1610612737,Atlanta Hawks,1,0,1,0.0,48.0,38,90,0.422,10,35,0.286,32,37,0.865,8,26,34,25,16.0,7,6,4,24,31,118,-20.0,1,13,13,13,1,21,10,22,17,13,22,2,2,2,20,22,23,9,14,16,8,4,11,1,13,22,,104.4,114.5,16.7,13,23,23,122.1,22,22,94.17,8,20,-17.7,113.0,0.214,0.667,0.555,13,-17.0,0.384,18,103.3,120.3,113,21,0.658,1.56,1,0.416,22,0.478,0.142,11,20,49,0.116,68,277,277,3,0.09,32,ATL,4,0.6,9,5,0.085,4,0.106,28,47,17,3,6,10,21,0.064,0.362,0.429,0.596,20.6,3.0,5,2.0,411,118,1,190,2.43,21,0.287,1.286,0.8,0.353,65,0.269,0.523,24,0.578,5,0.625,12,4,2,5.9,7,45,0.333,19,0.605,22,3,0.557,2,5.5,0.364,5.8,,,,,,,,,,,,,,,,,,,,,,,,,,,,,,,,,,,,,,,,,,,,,,,,,,,,,,,,0,,0,,,0,0.667,0.318,0.9,27,4,21,0.478,1.0,2,6,4,0.24,0,10,19,4,2,21,6,0.0,0.655,0.5,25,0,0.0,2,0.333,9,0.4,29,0,5,0.429,0.756,0.474,0.0,34,45,0.756,0.667,14,0.0,3,33,0.0,0.0,0.286,6,0,0.286,0.0,0,22,12,0.0,4,0,0,0.167,21,0.0,0.667,6,2,4,1,0,,0,,,,19.0,9,23.0,19,11,56.0,17,22.0,86.0,19,16.0,34.0,24,2,24,11.0,2026,20251022,False
1610612738,Boston Celtics,1,0,1,0.0,48.0,41,91,0.451,11,43,0.256,23,26,0.885,10,32,42,16,11.0,7,4,4,28,23,116,-1.0,1,13,13,13,1,14,8,16,14,5,23,9,15,1,12,15,15,24,3,16,14,4,17,15,17,13,,116.0,102.8,12.2,17,14,9,117.0,12,15,83.33,24,17,-1.0,100.0,0.294,0.694,0.566,24,-2.3,0.489,14,112.1,114.5,100,13,0.39,1.45,21,0.49,19,0.511,0.11,3,15,50,0.074,45,270,270,0,0.059,20,BOS,4,0.833,6,3,0.089,4,0.067,18,45,24,6,5,6,14,0.133,0.533,0.429,0.4,19.4,2.97,6,1.0,393,116,2,190,2.28,22,0.295,1.0,1.0,0.333,84,0.25,0.5,29,0.552,6,0.6,14,2,0,7.3,8,58,0.345,24,0.571,28,4,0.512,2,6.1,0.345,7.0,,,,,,,,,,,,,,,,,,,,,,,,,,,,,,,,,,,,,,,,,,,,,,,,,,,,,,,,0,,0,,,0,1.0,0.148,0.833,22,6,11,0.511,0.5,2,10,1,0.286,0,8,13,4,0,17,4,0.0,0.65,0.0,35,6,0.545,1,0.25,11,0.125,20,0,11,0.647,0.727,0.259,0.0,16,22,0.727,0.652,14,0.0,5,23,0.0,0.0,0.143,7,0,0.333,0.8,0,15,11,0.0,3,0,4,0.636,30,0.0,0.429,10,7,2,1,0,,0,,,,21.0,15,14.0,7,10,48.0,18,17.0,36.0,15,17.0,21.0,15,21,3,16.0,2026,20251022,False
1610612751,Brooklyn Nets,1,0,1,0.0,48.0,39,88,0.443,14,40,0.35,25,34,0.735,12,26,38,25,17.0,8,3,5,28,25,117,-19.0,1,13,13,13,1,17,14,19,8,8,14,7,6,16,8,22,19,9,18,9,22,12,17,9,15,21,,110.4,107.7,17.1,16,24,18,128.3,17,21,88.33,10,23,-17.9,106.0,0.268,0.591,0.568,10,-18.1,0.391,23,108.4,126.5,106,22,0.641,1.47,9,0.41,15,0.523,0.16,19,14,49,0.108,68,278,278,3,0.09,30,BKN,2,0.75,10,8,0.04,2,0.16,34,50,16,7,12,16,24,0.14,0.32,0.417,0.68,20.7,3.06,6,0.0,407,117,0,204,2.43,21,0.287,1.238,1.167,0.526,73,0.462,0.521,26,0.542,8,0.667,20,7,2,7.5,12,48,0.462,14,0.605,18,4,0.576,5,6.4,0.5,7.2,,,,,,,,,,,,,,,,,,,,,,,,,,,,,,,,,,,,,,,,,,,,,,,,,,,,,,,,0,,0,,,0,1.0,0.333,0.813,26,7,30,0.523,0.0,0,13,1,0.394,0,7,17,3,0,16,4,0.0,0.63,0.0,33,2,0.4,1,0.25,6,0.143,27,0,5,0.375,0.667,0.433,0.0,26,39,0.667,0.645,11,0.0,2,31,0.0,0.0,0.182,3,0,0.393,0.5,1,20,12,0.0,1,0,1,0.25,28,1.0,0.333,11,3,2,1,0,,0,,,,14.0,16,12.0,7,4,46.0,10,17.0,60.0,24,24.0,23.0,21,23,18,5.0,2026,20251022,False
1610612766,Charlotte Hornets,1,1,0,1.0,48.0,48,90,0.533,17,36,0.472,23,33,0.697,14,36,50,33,17.0,5,5,3,25,28,136,19.0,1,1,1,1,1,4,10,4,3,12,2,9,7,19,4,9,4,3,18,20,12,1,14,6,2,4,,128.3,107.7,21.2,4,1,2,110.4,2,4,88.33,5,7,17.9,106.0,0.409,0.732,0.651,4,18.1,0.609,8,126.5,108.4,106,3,0.688,1.94,9,0.59,2,0.628,0.16,19,2,52,0.132,85,303,303,5,0.109,40,CHA,2,0.75,8,6,0.053,3,0.105,26,57,21,8,9,12,25,0.14,0.368,0.32,0.456,21.6,2.95,8,0.0,439,136,0,212,2.39,32,0.31,0.906,1.0,0.46,83,0.306,0.602,34,0.643,12,0.857,23,5,1,5.6,11,56,0.412,25,0.692,27,2,0.641,4,5.8,0.424,5.7,,,,,,,,,,,,,,,,,,,,,,,,,,,,,,,,,,,,,,,,,,,,,,,,,,,,,,,,0,,0,,,0,1.0,0.516,0.813,29,8,47,0.628,0.0,0,10,7,0.4,0,11,26,3,2,12,8,0.0,0.667,0.667,25,1,0.333,5,0.625,4,0.636,39,0,3,0.333,0.633,0.341,0.0,19,30,0.633,0.667,16,0.0,1,39,0.0,0.0,0.438,3,0,0.476,0.0,0,26,10,0.0,0,0,0,0.5,21,0.0,0.0,10,5,7,0,0,,0,,,,24.0,6,17.0,2,14,60.0,21,12.0,46.0,3,14.0,5.0,1,16,8,23.0,2026,20251022,False
1610612741,Chicago Bulls,1,1,0,1.0,48.0,39,87,0.448,11,30,0.367,26,32,0.813,12,38,50,29,18.0,6,8,10,23,29,115,4.0,1,1,1,1,1,17,16,17,14,16,13,6,8,8,8,6,4,5,21,19,5,21,8,3,19,8,,108.5,106.3,19.3,10,9,19,105.7,12,8,87.92,2,3,2.8,105.5,0.294,0.724,0.569,6,2.1,0.53,9,107.4,105.3,106,9,0.744,1.61,11,0.523,18,0.511,0.17,23,13,52,0.113,74,328,328,5,0.088,37,CHI,3,0.75,11,4,0.062,4,0.062,28,65,30,8,6,8,26,0.123,0.462,0.423,0.431,20.6,2.7,8,0.0,457,115,2,250,2.19,26,0.252,0.769,0.75,0.34,86,0.316,0.581,31,0.655,5,0.417,17,7,1,5.5,12,58,0.387,26,0.731,33,7,0.633,6,9.7,0.4,6.5,,,,,,,,,,,,,,,,,,,,,,,,,,,,,,,,,,,,,,,,,,,,,,,,,,,,,,,,0,,0,,,0,0.5,0.419,0.571,20,6,36,0.511,0.0,0,8,3,0.444,0,12,17,6,3,15,6,0.0,0.472,0.5,18,3,0.5,0,0.0,8,0.25,36,0,6,0.533,0.674,0.443,0.0,29,43,0.674,0.472,14,0.0,0,36,0.0,0.0,0.286,6,0,0.444,0.0,0,17,13,0.0,3,0,0,0.538,18,0.0,0.5,8,7,4,0,0,,0,,,,5.0,14,13.0,14,11,50.0,2,20.0,68.0,23,16.0,19.0,13,22,22,7.0,2026,20251022,False
1610612739,Cleveland Cavaliers,1,0,1,0.0,48.0,40,86,0.465,19,46,0.413,12,18,0.667,4,28,32,21,15.0,8,4,4,25,23,111,-8.0,1,13,13,13,1,16,19,13,1,1,4,23,24,21,24,19,24,19,9,9,14,4,14,15,21,19,,105.7,105.9,15.8,19,18,21,113.3,23,20,87.5,16,13,-7.6,105.0,0.163,0.755,0.591,17,-5.6,0.436,5,105.8,111.4,105,19,0.525,1.4,13,0.459,7,0.576,0.143,12,10,44,0.103,58,261,261,3,0.08,27,CLE,3,0.0,8,0,0.051,2,0.0,17,39,18,3,0,0,19,0.077,0.462,0.421,0.436,20.4,3.2,8,0.0,382,111,1,176,2.49,16,0.291,0.75,0.0,0.313,74,0.321,0.432,20,0.519,1,0.25,10,4,0,5.6,9,54,0.2,19,0.56,21,2,0.457,4,6.1,0.2,5.6,,,,,,,,,,,,,,,,,,,,,,,,,,,,,,,,,,,,,,,,,,,,,,,,,,,,,,,,0,,0,,,0,0.0,0.448,0.5,12,0,39,0.576,0.0,0,16,3,0.421,0,8,9,4,2,13,4,0.0,0.5,0.5,38,6,0.667,1,0.25,6,0.375,18,0,9,0.462,0.583,0.279,0.0,14,24,0.583,0.526,12,0.0,6,19,0.0,0.0,0.333,6,0,0.417,0.833,0,10,7,0.0,4,0,5,0.286,36,0.0,0.667,15,2,4,0,0,,0,,,,13.0,23,18.0,16,17,30.0,9,21.0,42.0,5,11.0,16.0,8,15,5,22.0,2026,20251022,False
1610612742,Dallas Mavericks,1,0,1,0.0,48.0,31,83,0.373,9,21,0.429,21,26,0.808,9,28,37,20,16.0,5,3,5,24,24,92,-33.0,1,13,13,13,1,24,23,24,20,23,3,13,15,9,16,19,21,21,14,20,22,12,11,12,24,24,,91.1,102.4,14.9,22,21,24,125.0,21,24,83.75,9,22,-33.9,100.5,0.236,0.689,0.487,20,-30.3,0.312,16,90.7,121.0,101,24,0.645,1.25,19,0.44,24,0.428,0.158,18,24,39,0.072,50,293,293,0,0.068,21,DAL,1,0.5,6,4,0.054,3,0.071,16,56,24,7,4,8,24,0.125,0.429,0.25,0.286,20.4,2.97,11,0.667,413,92,3,208,2.32,17,0.223,0.647,0.818,0.216,68,0.143,0.544,26,0.56,4,0.444,8,5,1,6.3,4,50,0.346,24,0.609,29,5,0.587,4,8.0,0.36,6.7,,,,,,,,,,,,,,,,,,,,,,,,,,,,,,,,,,,,,,,,,,,,,,,,,,,,,,,,0,,0,,,0,0.667,0.45,0.4,11,9,26,0.428,1.0,2,6,3,0.429,0,7,6,5,3,19,2,0.0,0.273,0.6,14,9,0.429,0,0.0,7,0.429,22,0,21,0.368,0.757,0.425,0.0,28,37,0.757,0.261,14,0.0,12,23,0.0,0.0,0.357,12,0,0.364,0.417,0,6,11,0.0,7,0,5,0.364,11,0.0,0.583,4,4,5,0,0,,0,,,,14.0,24,19.0,11,18,26.0,10,19.0,68.0,21,10.0,31.0,23,12,22,8.0,2026,20251022,False
1610612765,Detroit Pistons,1,0,1,0.0,48.0,43,97,0.443,7,24,0.292,18,26,0.692,13,33,46,29,10.0,8,10,8,29,23,111,-4.0,1,13,13,13,1,11,4,18,23,21,21,17,15,20,5,11,10,5,2,9,2,20,20,15,21,14,,105.7,106.3,19.3,3,16,21,108.5,15,17,87.92,6,6,-2.8,105.5,0.276,0.706,0.512,6,-2.1,0.47,12,105.3,107.4,105,16,0.674,2.9,11,0.477,21,0.479,0.095,2,23,46,0.111,66,288,288,1,0.101,32,DET,2,0.667,11,3,0.0,0,0.068,26,44,18,6,4,6,23,0.136,0.409,0.478,0.591,21.1,3.02,16,0.545,418,111,11,227,2.26,35,0.266,0.743,0.563,0.304,78,0.212,0.59,24,0.579,7,0.538,14,3,0,6.2,7,57,0.542,26,0.611,31,5,0.613,3,5.8,0.542,6.1,,,,,,,,,,,,,,,,,,,,,,,,,,,,,,,,,,,,,,,,,,,,,,,,,,,,,,,,0,,0,,,0,0.6,0.375,0.429,26,9,18,0.479,0.333,6,6,1,0.316,0,5,27,3,1,25,2,0.0,0.628,0.333,19,2,0.4,0,0.0,7,0.2,43,0,5,0.28,0.441,0.391,0.0,15,34,0.441,0.596,9,0.0,3,47,0.0,0.0,0.333,6,0,0.267,0.333,0,28,16,0.0,3,0,1,0.25,15,0.0,0.5,4,4,3,1,0,,0,,,,16.0,2,20.0,3,23,68.0,12,13.0,50.0,11,5.0,7.0,2,10,11,19.0,2026,20251022,False
1610612746,LA Clippers,1,0,1,0.0,48.0,39,88,0.443,14,45,0.311,16,21,0.762,15,23,38,28,15.0,8,6,6,21,21,108,-21.0,1,13,13,13,1,17,14,19,8,2,17,19,20,15,3,24,19,7,9,9,8,14,4,20,23,23,,113.7,96.5,20.0,6,19,11,135.8,5,23,79.17,3,24,-22.1,95.0,0.333,0.61,0.555,5,-23.6,0.379,22,111.1,134.7,95,23,0.718,1.87,23,0.457,15,0.523,0.158,17,19,56,0.105,71,333,333,6,0.084,35,LAC,1,0.875,4,4,0.033,1,0.133,15,30,15,4,7,8,9,0.133,0.5,0.444,0.5,20.4,2.66,12,1.0,459,108,4,253,1.78,28,0.235,0.929,0.917,0.289,78,0.217,0.487,27,0.434,6,0.4,11,7,2,7.7,5,53,0.556,18,0.479,27,9,0.535,5,7.7,0.6,7.7,,,,,,,,,,,,,,,,,,,,,,,,,,,,,,,,,,,,,,,,,,,,,,,,,,,,,,,,0,,0,,,0,0.625,0.353,0.647,26,11,36,0.523,0.667,4,11,3,0.333,0,12,11,5,0,24,7,0.0,0.917,0.0,33,2,0.286,3,0.429,12,0.25,12,0,7,0.5,0.828,0.333,0.0,24,29,0.828,0.813,18,0.0,2,16,0.0,0.0,0.222,6,0,0.37,0.0,0,13,17,0.0,2,0,0,0.588,27,0.0,0.333,10,10,4,2,0,,0,,,,27.0,16,23.0,19,3,46.0,23,22.0,58.0,21,25.0,17.0,11,2,17,8.0,2026,20251022,False
1610612763,Memphis Grizzlies,1,1,0,1.0,48.0,41,80,0.513,11,37,0.297,35,43,0.814,6,33,39,20,17.0,5,12,4,29,30,128,6.0,1,1,1,1,1,14,24,5,14,11,19,1,1,7,22,11,17,21,18,20,1,4,20,2,5,7,,117.4,109.8,14.4,23,17,7,113.0,18,7,90.42,21,12,4.5,108.5,0.256,0.632,0.647,22,5.2,0.544,21,116.4,111.3,109,8,0.488,1.18,5,0.47,6,0.581,0.156,15,3,45,0.094,62,299,299,1,0.067,28,MEM,7,0.6,11,5,0.114,4,0.143,30,35,11,2,6,10,14,0.057,0.314,0.786,0.857,20.2,2.84,7,0.5,427,128,6,211,2.19,26,0.3,0.808,0.857,0.436,69,0.364,0.565,17,0.589,5,0.833,17,6,1,5.3,12,56,0.353,21,0.647,22,1,0.619,5,4.4,0.375,5.1,,,,,,,,,,,,,,,,,,,,,,,,,,,,,,,,,,,,,,,,,,,,,,,,,,,,,,,,0,,0,,,0,1.0,0.25,0.583,21,6,20,0.581,0.5,3,9,2,0.321,0,9,16,1,0,17,8,0.0,0.762,0.0,28,2,0.4,2,0.25,12,0.222,21,0,5,0.706,0.5,0.51,0.0,25,50,0.5,0.773,15,0.0,4,22,0.0,0.0,0.267,4,0,0.318,0.25,0,17,13,0.0,3,0,1,0.692,22,0.0,0.75,7,9,4,0,0,,0,,,,23.0,9,21.0,16,24,56.0,20,21.0,66.0,5,4.0,19.0,13,7,21,22.0,2026,20251022,False
1610612748,Miami Heat,1,0,1,0.0,48.0,44,91,0.484,12,35,0.343,21,27,0.778,10,37,47,26,19.0,9,4,7,28,20,121,-4.0,1,13,13,13,1,10,8,9,12,13,16,13,14,13,12,7,8,8,22,8,14,18,17,22,9,14,,108.0,111.6,17.1,20,10,20,112.6,14,16,92.92,13,11,-4.6,111.5,0.283,0.75,0.588,12,-4.1,0.472,6,108.2,112.2,112,18,0.591,1.37,3,0.514,11,0.549,0.17,22,11,50,0.114,66,263,263,2,0.099,30,MIA,2,0.75,13,4,0.089,5,0.071,32,56,17,6,6,8,29,0.107,0.304,0.448,0.571,19.7,3.01,8,0.4,393,121,5,174,2.53,15,0.308,1.067,1.625,0.362,85,0.324,0.553,28,0.617,5,0.5,17,8,1,6.9,12,60,0.357,25,0.698,30,5,0.61,7,11.9,0.37,7.9,,,,,,,,,,,,,,,,,,,,,,,,,,,,,,,,,,,,,,,,,,,,,,,,,,,,,,,,0,,0,,,0,0.75,0.433,0.727,16,13,37,0.549,0.333,2,11,1,0.407,0,8,17,5,0,25,3,0.0,0.654,0.0,27,5,1.0,1,0.333,10,0.125,26,0,5,0.4,0.733,0.333,0.0,22,30,0.733,0.588,13,0.0,4,34,0.0,0.0,0.231,3,0,0.435,1.0,0,20,14,0.0,1,0,4,0.429,23,0.0,0.333,10,6,3,0,0,,0,,,,18.0,12,16.0,24,18,54.0,16,25.0,56.0,5,10.0,23.0,21,19,14,22.0,2026,20251022,False
1610612749,Milwaukee Bucks,1,1,0,1.0,48.0,50,98,0.51,18,44,0.409,15,19,0.789,6,40,46,31,8.0,8,6,4,22,19,133,13.0,1,1,1,1,1,2,1,6,2,3,5,21,22,12,22,3,10,4,1,9,8,4,6,23,3,5,,124.3,107.4,21.2,1,20,4,112.1,24,6,89.17,11,9,12.1,107.0,0.154,0.724,0.625,3,9.9,0.559,9,122.7,112.8,107,5,0.62,3.88,7,0.455,4,0.602,0.075,1,6,56,0.123,82,301,301,4,0.103,37,MIL,2,0.833,16,3,0.043,2,0.064,37,47,12,5,5,6,26,0.106,0.255,0.615,0.787,20.1,2.86,12,0.5,423,133,4,215,2.18,12,0.314,0.917,0.667,0.283,73,0.25,0.63,15,0.645,3,0.5,13,7,0,6.7,10,62,0.4,30,0.727,33,3,0.697,7,11.0,0.4,7.2,,,,,,,,,,,,,,,,,,,,,,,,,,,,,,,,,,,,,,,,,,,,,,,,,,,,,,,,0,,0,,,0,0.5,0.474,0.714,11,8,53,0.602,0.5,2,11,7,0.367,0,14,26,6,3,11,8,0.0,0.765,0.5,30,2,0.222,4,0.5,4,0.5,34,0,9,0.364,0.552,0.296,0.0,16,29,0.552,0.743,17,0.0,7,35,0.0,0.0,0.529,2,0,0.333,0.286,0,26,10,0.0,0,0,2,0.4,27,0.0,0.0,9,4,9,0,0,,0,,,,10.0,6,17.0,1,22,60.0,4,1.0,44.0,5,8.0,18.0,12,16,7,22.0,2026,20251022,False
1610612750,Minnesota Timberwolves,1,1,0,1.0,48.0,42,86,0.488,15,30,0.5,19,24,0.792,10,35,45,21,19.0,10,10,3,29,17,118,4.0,1,1,1,1,1,12,19,8,7,16,1,16,18,11,12,10,14,19,22,2,2,1,20,24,13,8,,112.4,110.0,14.9,24,13,15,110.7,10,11,86.67,19,8,1.7,104.0,0.306,0.667,0.611,21,12.1,0.511,18,111.8,99.7,105,10,0.5,1.11,15,0.495,7,0.576,0.181,24,7,34,0.112,58,259,259,4,0.081,29,MIN,4,0.833,8,6,0.022,1,0.133,28,45,17,5,10,12,19,0.111,0.378,0.421,0.622,21.9,3.38,4,0.375,388,118,8,182,2.8,15,0.304,1.267,0.5,0.533,88,0.429,0.511,21,0.522,9,0.9,24,8,0,7.5,15,67,0.476,20,0.593,21,1,0.563,8,3.6,0.476,6.7,,,,,,,,,,,,,,,,,,,,,,,,,,,,,,,,,,,,,,,,,,,,,,,,,,,,,,,,0,,0,,,0,1.0,0.522,0.8,19,2,35,0.576,0.2,3,9,6,0.45,0,10,19,5,3,9,5,0.0,0.559,0.6,20,7,0.538,3,0.6,1,0.6,34,0,13,0.111,0.529,0.378,0.0,18,34,0.529,0.528,14,0.0,5,36,0.0,0.0,0.5,8,0,0.474,0.6,0,19,4,0.0,4,0,3,0.0,19,0.0,0.5,9,0,7,0,0,,0,,,,10.0,21,20.0,5,11,40.0,4,15.0,42.0,5,16.0,11.0,5,10,5,22.0,2026,20251022,False
1610612740,New Orleans Pelicans,1,0,1,0.0,48.0,45,98,0.459,10,27,0.37,22,31,0.71,17,30,47,20,15.0,10,4,12,30,29,122,-6.0,1,13,13,13,1,8,1,14,17,19,12,12,9,18,2,17,8,21,9,2,14,24,23,3,8,18,,113.0,109.8,13.4,21,8,13,117.4,4,18,90.42,23,18,-4.5,108.5,0.368,0.744,0.546,23,-5.2,0.456,7,111.3,116.4,108,17,0.444,1.33,5,0.53,20,0.51,0.139,9,21,35,0.09,55,268,268,1,0.075,24,NOP,3,0.643,16,7,0.044,3,0.103,41,68,20,3,9,14,36,0.044,0.294,0.444,0.603,22.8,3.36,5,1.333,407,122,3,193,2.78,21,0.3,0.81,0.4,0.362,73,0.267,0.644,32,0.698,9,0.529,17,6,1,6.1,8,43,0.531,22,0.789,30,8,0.701,5,6.8,0.548,6.4,,,,,,,,,,,,,,,,,,,,,,,,,,,,,,,,,,,,,,,,,,,,,,,,,,,,,,,,0,,0,,,0,0.0,0.381,0.538,17,2,23,0.51,1.0,4,8,2,0.381,0,6,21,1,0,26,5,0.0,0.553,0.0,21,2,0.286,2,0.4,12,0.333,38,0,7,0.462,0.75,0.3,0.0,18,24,0.75,0.511,11,0.0,3,45,0.0,0.0,0.364,6,0,0.313,0.333,1,23,16,0.0,3,0,1,0.5,16,1.0,0.5,5,8,4,1,0,,0,,,,4.0,4,21.0,16,5,66.0,1,21.0,56.0,11,23.0,22.0,16,7,14,19.0,2026,20251022,False
1610612752,New York Knicks,1,1,0,1.0,48.0,37,86,0.43,14,40,0.35,31,36,0.861,9,39,48,22,14.0,8,4,4,23,25,119,8.0,1,1,1,1,1,22,19,21,8,8,14,3,3,3,16,4,7,18,7,9,14,4,8,9,12,6,,113.3,105.9,15.9,12,7,12,105.7,20,5,87.5,12,3,7.6,105.0,0.245,0.837,0.584,16,5.6,0.564,2,111.4,105.8,105,6,0.595,1.57,13,0.541,17,0.512,0.133,6,12,50,0.113,65,283,283,7,0.078,32,NYK,3,0.875,11,4,0.038,2,0.077,29,52,20,2,7,8,26,0.038,0.385,0.423,0.558,21.7,3.2,6,0.0,406,119,1,195,2.57,13,0.293,0.769,0.667,0.292,94,0.333,0.511,29,0.591,1,0.111,14,10,2,8.1,13,66,0.31,26,0.672,34,8,0.571,8,9.4,0.333,8.3,,,,,,,,,,,,,,,,,,,,,,,,,,,,,,,,,,,,,,,,,,,,,,,,,,,,,,,,0,,0,,,0,1.0,0.353,0.667,10,4,36,0.512,0.0,0,7,7,0.25,0,12,16,8,4,13,4,0.0,0.571,0.5,28,2,0.4,3,0.75,5,0.583,28,0,5,0.385,0.625,0.186,0.0,10,16,0.625,0.531,19,0.0,2,32,0.0,0.0,0.421,3,0,0.261,1.0,0,17,7,0.0,2,0,2,0.286,23,0.0,0.667,6,2,8,0,0,,0,,,,11.0,19,21.0,10,16,42.0,8,18.0,30.0,15,13.0,22.0,16,7,2,16.0,2026,20251022,False
1610612753,Orlando Magic,1,1,0,1.0,48.0,42,90,0.467,12,30,0.4,29,35,0.829,9,37,46,23,15.0,8,7,4,20,28,125,4.0,1,1,1,1,1,12,10,12,12,16,7,4,4,4,16,7,10,14,9,9,6,4,3,6,6,8,,112.6,111.6,15.8,15,15,14,108.0,19,9,92.92,15,5,4.6,111.5,0.25,0.717,0.593,18,4.1,0.528,11,112.2,108.2,111,7,0.548,1.53,3,0.486,13,0.533,0.135,7,9,43,0.102,61,295,295,3,0.078,30,ORL,4,0.9,12,5,0.096,5,0.096,34,52,13,4,9,10,27,0.077,0.25,0.444,0.654,22.1,3.1,6,0.0,427,125,5,217,2.26,19,0.293,1.263,0.667,0.217,85,0.108,0.541,27,0.597,6,0.667,10,11,1,6.0,4,62,0.333,33,0.712,36,3,0.622,10,6.5,0.346,6.1,,,,,,,,,,,,,,,,,,,,,,,,,,,,,,,,,,,,,,,,,,,,,,,,,,,,,,,,0,,0,,,0,0.5,0.304,0.9,24,4,21,0.533,0.0,0,10,2,0.476,0,9,24,4,0,14,5,0.0,0.727,0.0,21,2,0.154,2,0.4,4,0.222,33,0,13,0.286,0.633,0.33,0.0,19,30,0.633,0.686,23,0.0,5,35,0.0,0.0,0.261,8,0,0.545,0.2,0,24,8,0.0,2,0,1,0.375,11,0.0,0.25,6,3,6,0,0,,0,,,,10.0,9,25.0,6,9,56.0,4,16.0,54.0,3,18.0,22.0,16,1,12,23.0,2026,20251022,False
1610612755,Philadelphia 76ers,1,1,0,1.0,48.0,39,85,0.459,16,40,0.4,23,30,0.767,10,30,40,23,14.0,3,4,4,23,28,117,1.0,1,1,1,1,1,17,22,15,6,8,7,9,10,14,12,17,16,14,7,24,14,4,8,6,15,12,,117.0,102.8,16.7,9,11,8,116.0,10,10,83.33,14,15,1.0,100.0,0.306,0.706,0.596,13,2.3,0.511,12,114.5,112.1,100,12,0.59,1.64,21,0.51,10,0.553,0.14,10,8,43,0.08,66,352,352,2,0.065,28,PHI,3,0.75,7,4,0.102,5,0.082,20,49,19,3,6,8,19,0.061,0.388,0.368,0.408,21.8,2.75,2,0.0,474,117,6,269,1.96,11,0.247,1.091,1.0,0.3,74,0.233,0.541,28,0.638,5,0.5,12,3,1,7.0,7,47,0.357,23,0.667,28,5,0.563,2,9.2,0.37,7.5,,,,,,,,,,,,,,,,,,,,,,,,,,,,,,,,,,,,,,,,,,,,,,,,,,,,,,,,0,,0,,,0,1.0,0.355,1.0,12,2,32,0.553,0.0,0,15,1,0.417,0,4,11,3,1,11,1,0.0,0.733,0.333,36,5,0.263,0,0.0,7,0.25,15,0,19,0.636,0.655,0.319,0.0,19,29,0.655,0.722,14,0.0,9,18,0.0,0.0,0.286,6,0,0.467,0.222,0,13,8,0.0,2,0,2,0.5,30,0.0,0.333,14,4,4,0,0,,0,,,,17.0,22,17.0,4,7,36.0,15,14.0,48.0,10,21.0,16.0,8,16,10,21.0,2026,20251022,False
1610612756,Phoenix Suns,1,1,0,1.0,48.0,45,95,0.474,10,34,0.294,20,28,0.714,18,33,51,23,16.0,7,7,10,25,22,120,4.0,1,1,1,1,1,8,5,10,17,15,20,15,12,17,1,11,3,14,14,16,6,21,14,18,10,8,,117.6,106.7,15.4,18,3,6,116.0,1,12,84.17,17,15,1.6,101.0,0.444,0.686,0.559,19,6.7,0.503,17,113.9,107.3,102,11,0.511,1.44,17,0.562,14,0.526,0.157,16,17,43,0.104,60,251,251,1,0.092,26,PHX,2,0.75,11,2,0.078,4,0.039,26,51,18,6,3,4,26,0.118,0.353,0.423,0.51,19.9,3.06,7,1.167,390,120,6,192,2.36,31,0.308,0.935,0.571,0.431,103,0.333,0.495,42,0.516,11,0.611,22,7,0,6.6,11,64,0.429,21,0.579,27,6,0.531,7,8.0,0.429,7.1,,,,,,,,,,,,,,,,,,,,,,,,,,,,,,,,,,,,,,,,,,,,,,,,,,,,,,,,0,,0,,,0,0.5,0.308,0.7,29,4,24,0.526,0.6,7,7,3,0.269,0,8,22,2,1,28,6,0.0,0.846,0.5,26,3,0.429,2,0.333,10,0.375,26,0,7,0.357,0.593,0.287,0.0,16,27,0.593,0.758,9,0.0,4,33,,,0.333,10,0,0.292,0.5,0,25,14,,5,0,2,0.214,24,0.0,0.5,7,3,3,1,0,,0,,,,22.0,5,19.0,21,1,64.0,19,23.0,54.0,18,28.0,16.0,8,12,12,15.0,2026,20251022,False
1610612757,Portland Trail Blazers,1,0,1,0.0,48.0,36,90,0.4,13,42,0.31,29,35,0.829,7,32,39,25,16.0,10,3,10,17,29,114,-4.0,1,13,13,13,1,23,10,23,11,6,18,4,4,4,21,15,17,9,14,2,22,21,1,3,20,14,,110.7,110.0,17.1,13,12,17,112.4,5,14,86.67,4,10,-1.7,104.0,0.333,0.694,0.541,10,-12.1,0.489,14,99.7,111.8,103,15,0.694,1.56,15,0.505,23,0.472,0.155,14,22,41,0.107,71,298,298,4,0.084,32,POR,3,0.75,14,8,0.054,4,0.108,45,74,31,5,12,16,28,0.068,0.419,0.5,0.608,20.2,2.85,9,0.0,424,114,2,241,2.3,14,0.269,1.0,0.444,0.205,84,0.156,0.464,35,0.604,3,0.429,8,6,0,5.7,5,53,0.2,27,0.681,31,4,0.5,6,6.5,0.2,5.9,,,,,,,,,,,,,,,,,,,,,,,,,,,,,,,,,,,,,,,,,,,,,,,,,,,,,,,,0,,0,,,0,1.0,0.31,0.667,14,4,27,0.472,0.0,0,8,5,0.235,0,8,18,3,2,10,5,0.0,0.563,0.667,34,2,0.333,3,0.6,3,0.625,32,0,6,0.3,0.559,0.395,0.0,19,34,0.559,0.529,14,0.0,3,34,0.0,0.0,0.5,3,0,0.2,0.333,0,18,6,0.0,2,0,1,0.333,30,0.0,0.667,6,2,7,0,0,,0,,,,16.0,19,15.0,14,18,42.0,12,20.0,40.0,19,10.0,22.0,16,20,4,11.0,2026,20251022,False
1610612758,Sacramento Kings,1,0,1,0.0,48.0,47,94,0.5,9,24,0.375,13,23,0.565,9,28,37,24,13.0,10,10,7,22,25,116,-4.0,1,13,13,13,1,6,7,7,20,21,11,22,19,24,16,19,21,12,4,2,2,18,6,9,17,14,,116.0,106.7,17.1,7,22,9,117.6,8,13,84.17,18,19,-1.6,101.0,0.314,0.556,0.557,9,-6.7,0.497,24,107.3,113.9,100,14,0.511,1.85,17,0.438,12,0.548,0.13,5,18,30,0.105,60,267,267,2,0.09,28,SAC,2,0.833,12,3,0.049,2,0.073,29,41,8,1,5,6,28,0.024,0.195,0.429,0.707,22.3,3.4,9,1.6,394,116,5,194,2.81,16,0.294,0.625,0.556,0.351,89,0.321,0.416,29,0.444,4,0.444,13,6,1,6.8,9,63,0.31,19,0.483,24,5,0.446,5,8.9,0.321,7.3,,,,,,,,,,,,,,,,,,,,,,,,,,,,,,,,,,,,,,,,,,,,,,,,,,,,,,,,0,,0,,,0,0.333,0.529,0.4,10,5,25,0.548,1.0,8,9,0,0.409,0,2,14,0,0,32,2,0.0,0.778,0.0,22,11,0.55,0,0.0,13,0.0,18,0,20,0.406,0.686,0.368,0.0,24,35,0.686,0.667,8,0.0,11,24,,,0.375,11,0,0.421,0.455,1,16,19,,8,0,5,0.316,19,0.5,0.727,8,6,3,2,0,,0,,,,28.0,12,23.0,11,6,54.0,24,19.0,64.0,15,22.0,15.0,7,2,20,16.0,2026,20251022,False
1610612759,San Antonio Spurs,1,1,0,1.0,48.0,50,87,0.575,8,20,0.4,17,28,0.607,11,39,50,24,15.0,10,5,3,24,24,125,33.0,1,1,1,1,1,2,16,1,22,24,7,18,12,22,11,4,4,12,9,2,12,1,11,12,6,1,,125.0,102.4,17.4,11,4,3,91.1,9,1,83.75,22,1,33.9,100.5,0.311,0.764,0.629,8,30.3,0.688,4,121.0,90.7,100,1,0.48,1.6,19,0.56,3,0.621,0.15,13,5,39,0.12,61,267,267,4,0.09,32,SAS,4,0.75,15,4,0.075,4,0.075,39,53,19,5,6,8,25,0.094,0.358,0.6,0.736,21.1,3.25,10,1.0,389,125,4,202,2.38,20,0.321,1.0,0.8,0.3,83,0.282,0.602,21,0.619,4,0.364,15,6,0,4.8,11,63,0.524,28,0.684,35,7,0.649,6,11.3,0.524,6.2,,,,,,,,,,,,,,,,,,,,,,,,,,,,,,,,,,,,,,,,,,,,,,,,,,,,,,,,0,,0,,,0,0.667,0.4,0.625,20,8,18,0.621,0.5,4,6,2,0.429,0,6,25,1,0,22,5,0.0,0.781,0.0,14,8,0.615,2,0.4,9,0.333,32,0,13,0.409,0.316,0.229,0.0,6,19,0.316,0.737,9,0.0,7,38,0.0,0.0,0.333,10,0,0.455,0.286,0,28,12,0.0,6,0,2,0.5,11,0.0,0.6,5,6,3,0,0,,0,,,,10.0,2,19.0,11,14,68.0,4,19.0,26.0,2,14.0,8.0,3,12,1,31.0,2026,20251022,False
1610612761,Toronto Raptors,1,1,0,1.0,48.0,54,95,0.568,6,25,0.24,24,29,0.828,12,42,54,36,19.0,10,4,6,31,24,138,20.0,1,1,1,1,1,1,5,2,24,20,24,8,11,6,8,2,2,2,22,2,14,14,24,12,1,3,,122.1,114.5,22.0,5,2,5,104.4,5,3,94.17,7,2,17.7,113.0,0.333,0.786,0.64,2,17.0,0.616,3,120.3,103.3,113,4,0.667,1.89,1,0.584,5,0.6,0.168,21,4,58,0.139,83,309,309,4,0.117,43,TOR,3,0.875,13,4,0.039,2,0.078,34,51,21,7,7,8,23,0.137,0.412,0.565,0.667,21.6,2.93,14,0.0,441,138,3,213,2.23,34,0.313,1.118,0.714,0.333,90,0.286,0.6,28,0.646,6,0.5,18,7,0,5.3,12,65,0.429,30,0.724,36,6,0.651,7,6.2,0.429,5.5,,,,,,,,,,,,,,,,,,,,,,,,,,,,,,,,,,,,,,,,,,,,,,,,,,,,,,,,0,,0,,,0,0.667,0.308,0.739,38,10,22,0.6,0.0,0,6,0,0.333,0,7,35,5,0,17,2,0.0,0.814,0.0,18,5,0.5,0,0.0,8,0.0,43,0,10,0.471,0.636,0.367,0.0,21,33,0.636,0.795,10,0.0,4,44,0.0,0.0,0.3,12,0,0.2,0.5,0,35,10,0.0,7,0,2,0.4,15,0.0,0.583,3,4,3,0,0,,0,,,,16.0,1,22.0,21,8,86.0,12,23.0,56.0,1,19.0,11.0,5,5,14,34.0,2026,20251022,False
1610612762,Utah Jazz,1,1,0,1.0,48.0,48,87,0.552,17,44,0.386,16,20,0.8,13,33,46,38,13.0,11,6,6,21,21,129,21.0,1,1,1,1,1,4,16,3,3,3,10,19,21,10,5,11,10,1,4,1,8,14,4,20,4,2,,135.8,96.5,25.5,2,6,1,113.7,3,2,79.17,1,14,22.1,95.0,0.39,0.667,0.673,1,23.6,0.621,18,134.7,111.1,95,2,0.792,2.92,23,0.543,1,0.649,0.137,8,1,60,0.158,101,292,292,3,0.13,46,UTA,5,0.833,9,3,0.059,2,0.088,24,34,16,4,5,6,9,0.118,0.471,1.0,0.706,20.9,3.0,11,0.667,418,129,3,234,2.08,29,0.309,1.034,0.182,0.37,74,0.273,0.622,23,0.623,8,0.615,17,4,1,5.9,9,53,0.565,24,0.66,29,5,0.657,3,10.2,0.591,7.1,,,,,,,,,,,,,,,,,,,,,,,,,,,,,,,,,,,,,,,,,,,,,,,,,,,,,,,,0,,0,,,0,0.25,0.432,0.846,30,2,48,0.649,0.0,2,13,4,0.371,0,9,10,4,1,24,5,0.0,0.833,0.25,35,2,0.286,3,0.6,19,0.444,12,0,7,0.792,0.826,0.261,0.0,19,23,0.826,0.789,14,0.0,5,19,0.0,0.0,0.357,7,0,0.387,0.4,0,15,11,0.0,4,0,2,0.909,31,0.0,0.571,12,10,5,0,0,,0,,,,25.0,8,22.0,21,2,58.0,22,23.0,46.0,14,27.0,8.0,3,5,8,17.0,2026,20251022,False
1610612764,Washington Wizards,1,0,1,0.0,48.0,46,98,0.469,17,42,0.405,11,19,0.579,13,43,56,23,13.0,5,4,6,19,22,120,-13.0,1,13,13,13,1,7,1,11,3,6,6,24,22,23,5,1,1,14,4,20,14,14,2,18,10,20,,112.1,107.4,16.0,8,5,16,124.3,15,19,89.17,19,21,-12.1,107.0,0.276,0.846,0.564,15,-9.9,0.441,1,112.8,122.7,107,20,0.5,1.77,7,0.545,9,0.556,0.121,4,16,43,0.097,57,268,268,1,0.086,26,WAS,2,0.5,14,3,0.068,3,0.068,32,44,9,5,3,6,28,0.114,0.205,0.5,0.727,20.1,3.02,6,0.75,400,120,8,207,2.42,21,0.3,0.381,0.5,0.214,81,0.116,0.691,30,0.782,7,0.538,12,3,1,5.4,5,55,0.433,38,0.811,44,6,0.718,2,7.5,0.448,5.9,,,,,,,,,,,,,,,,,,,,,,,,,,,,,,,,,,,,,,,,,,,,,,,,,,,,,,,,0,,0,,,0,0.5,0.375,0.571,8,3,26,0.556,0.6,6,14,3,0.389,0,6,16,3,2,17,3,0.0,0.64,0.667,36,7,0.5,1,0.333,6,0.5,25,0,14,0.353,0.703,0.378,0.0,26,37,0.703,0.567,9,0.0,6,30,0.0,0.0,0.556,9,0,0.382,0.333,0,17,9,0.0,5,0,2,0.444,34,0.0,0.556,13,4,5,1,0,,0,,,,8.0,18,1.0,7,18,44.0,3,17.0,60.0,13,10.0,22.0,16,24,18,18.0,2026,20251022,False
1610612743,Denver Nuggets,1,0,1,0.0,53.0,51,95,0.537,16,40,0.4,13,14,0.929,7,36,43,32,13.0,8,4,3,22,16,131,-6.0,1,3,3,3,3,1,3,1,2,3,1,4,4,1,4,3,3,2,2,2,1,2,2,4,4,3,,123.6,97.9,21.6,2,4,2,128.0,3,3,80.38,2,4,-4.5,96.45,0.222,0.709,0.647,1,-3.4,0.485,4,122.2,125.7,106,3,0.627,2.46,3,0.49,1,0.621,0.123,4,1,55,0.135,79,274,274,3,0.117,37,DEN,2,1.0,10,1,0.065,2,0.032,23,31,10,4,2,2,18,0.129,0.323,0.556,0.742,22.5,3.32,20,0.0,406,131,7,207,2.46,18,0.323,1.111,0.8,0.256,74,0.222,0.581,24,0.655,3,0.429,11,7,1,6.0,8,55,0.292,28,0.735,32,4,0.642,6,13.1,0.304,7.1,,,,,,,,,,,,,,,,,,,,,,,,,,,,,,,,,,,,,,,,,,,,,,,,,,,,,,,,0,,0,,,0,0.727,0.412,0.909,20,16,38,0.621,0.0,0,12,4,0.343,0,5,12,2,1,26,3,0.0,0.8,0.5,35,7,0.5,3,1.0,16,0.8,15,0,14,0.615,0.655,0.364,0.012,24,36,0.667,0.727,10,0.0,7,22,,,0.5,14,0,0.355,0.571,0,16,11,,11,0,4,0.364,31,0.0,0.786,11,4,5,0,0,,0,,,,14.0,2,11.0,2,1,56.0,2,16.0,58.0,2,19.0,9.0,1,4,4,17.0,2026,20251023,False
1610612744,Golden State Warriors,1,1,0,1.0,53.0,50,99,0.505,18,47,0.383,19,25,0.76,10,33,43,33,9.0,11,3,4,16,22,137,6.0,1,1,1,1,3,2,2,2,1,1,2,3,3,3,2,4,3,1,1,1,3,3,1,3,2,1,,128.0,97.9,21.2,1,1,1,123.6,1,2,80.38,1,3,4.5,96.45,0.291,0.778,0.623,2,3.4,0.515,2,125.7,122.2,107,2,0.66,3.67,3,0.51,2,0.596,0.084,1,2,65,0.125,91,360,360,6,0.092,45,GSW,6,0.833,11,3,0.057,3,0.057,27,53,26,6,5,6,17,0.113,0.491,0.647,0.509,22.6,2.76,20,0.0,492,137,4,281,2.14,38,0.278,0.842,0.55,0.326,81,0.212,0.531,25,0.579,7,0.7,14,5,0,6.7,7,57,0.4,26,0.635,28,2,0.566,5,3.8,0.4,6.1,,,,,,,,,,,,,,,,,,,,,,,,,,,,,,,,,,,,,,,,,,,,,,,,,,,,,,,,0,,0,,,0,0.8,0.421,0.7,32,11,47,0.596,0.0,0,14,4,0.378,0,10,21,6,2,14,4,0.0,0.75,0.333,37,3,0.3,2,0.5,8,0.4,28,0,10,0.571,0.709,0.279,0.0,34,48,0.708,0.71,14,0.0,6,31,,,0.429,7,0,0.355,0.333,1,22,8,,3,0,2,0.625,31,0.5,0.429,11,5,6,2,0,,0,,,,19.0,1,16.0,1,3,58.0,4,11.0,56.0,4,14.0,17.0,3,3,2,9.0,2026,20251023,False
1610612754,Indiana Pacers,1,0,1,0.0,58.0,46,105,0.438,13,43,0.302,30,40,0.75,11,44,55,21,14.0,6,4,2,37,33,135,-6.0,1,3,3,3,1,3,1,4,3,2,3,2,2,4,1,2,2,3,3,3,1,1,4,2,3,3,,108.0,102.6,13.0,3,2,4,114.6,2,4,85.52,3,2,-6.6,102.62,0.246,0.821,0.551,3,-7.7,0.447,1,107.5,115.2,125,4,0.457,1.5,1,0.504,4,0.5,0.112,2,4,42,0.065,53,387,387,3,0.054,25,IND,1,0.938,13,8,0.033,2,0.133,43,60,22,3,15,16,27,0.05,0.367,0.481,0.717,24.2,2.7,12,0.5,538,135,4,291,2.1,22,0.251,0.909,0.333,0.291,89,0.295,0.618,30,0.688,3,0.273,16,7,0,7.1,13,64,0.367,31,0.772,39,8,0.671,7,12.9,0.367,8.3,,,,,,,,,,,,,,,,,,,,,,,,,,,,,,,,,,,,,,,,,,,,,,,,,,,,,,,,0,,0,,,0,0.667,0.321,0.727,20,4,25,0.5,0.0,2,11,2,0.344,0,11,18,3,1,18,8,0.0,0.667,0.333,32,5,0.294,1,0.125,10,0.182,27,0,17,0.556,0.691,0.337,-0.066,20,32,0.625,0.633,16,0.0,10,30,,,0.188,15,0,0.367,0.3,0,19,4,,10,0,3,0.0,30,0.0,0.667,11,0,3,0,0,,0,,,,11.0,2,20.0,4,2,56.0,1,21.0,50.0,1,18.0,13.0,2,2,1,23.0,2026,20251023,False
1610612760,Oklahoma City Thunder,1,1,0,1.0,58.0,43,95,0.453,10,35,0.286,45,51,0.882,9,51,60,17,14.0,6,2,4,33,37,141,6.0,1,1,1,1,1,4,3,3,4,4,4,1,1,2,3,1,1,4,3,3,4,3,3,1,1,1,,114.6,102.6,11.3,4,3,3,108.0,4,1,85.52,4,1,6.6,102.62,0.179,0.754,0.6,4,7.7,0.553,3,115.2,107.5,123,1,0.395,1.21,1,0.496,3,0.505,0.114,3,3,40,0.079,50,279,279,0,0.061,22,OKC,5,0.95,20,10,0.029,2,0.143,64,70,22,4,19,20,35,0.057,0.314,0.571,0.914,27.0,3.85,6,0.5,421,141,6,178,3.39,21,0.335,0.952,0.833,0.283,99,0.216,0.606,34,0.708,6,0.667,17,8,1,6.4,11,72,0.265,40,0.785,43,3,0.659,7,9.1,0.273,6.8,,,,,,,,,,,,,,,,,,,,,,,,,,,,,,,,,,,,,,,,,,,,,,,,,,,,,,,,0,,0,,,0,1.0,0.269,0.727,20,5,21,0.505,0.0,3,8,2,0.296,0,8,15,4,2,22,4,0.0,0.714,0.5,27,8,0.471,0,0.0,10,0.25,21,0,17,0.455,0.64,0.248,0.0,32,50,0.64,0.655,13,0.0,5,29,,,0.308,15,0,0.273,0.2,0,19,11,,8,0,1,0.455,22,0.0,0.533,6,5,4,0,0,,0,,,,18.0,4,21.0,3,4,50.0,3,20.0,56.0,3,11.0,23.0,4,1,2,13.0,2026,20251023,False
1610612737,Atlanta Hawks,1,1,0,1.0,48.0,41,85,0.482,8,29,0.276,21,28,0.75,9,31,40,26,16.0,9,5,3,21,26,111,4.0,1,1,1,1,3,12,15,9,24,20,24,11,9,14,19,11,16,8,6,14,5,4,9,6,15,9,,109.9,104.3,18.7,7,19,15,103.9,19,5,85.0,8,4,6.0,102.0,0.255,0.642,0.57,7,3.8,0.566,17,106.4,102.6,101,8,0.634,1.63,11,0.46,15,0.529,0.158,8,12,44,0.117,68,291,291,4,0.089,34,ATL,4,0.917,16,6,0.035,2,0.105,43,57,20,4,11,12,29,0.07,0.351,0.552,0.754,21.4,3.09,11,0.0,414,111,3,213,2.47,25,0.268,0.76,0.727,0.35,68,0.29,0.588,29,0.674,5,0.556,14,4,1,6.4,9,46,0.31,22,0.721,26,4,0.625,3,7.9,0.321,6.7,,,,,,,,,,,,,,,,,,,,,,,,,,,,,,,,,,,,,,,,,,,,,,,,,,,,,,,,0,,0,,,0,0.5,0.346,0.615,19,8,25,0.529,0.0,0,3,5,0.158,0,10,19,4,3,21,6,0.0,0.679,0.75,19,4,0.571,2,0.333,10,0.5,28,0,7,0.476,0.693,0.431,0.041,55,75,0.733,0.645,15,0.0,4,31,0.0,0.0,0.4,7,0,0.2,0.5,0,20,13,0.0,3,0,2,0.538,15,0.0,0.429,3,7,6,0,0,,0,,,,19.0,5,22.0,2,14,58.0,17,13.0,52.0,8,13.0,15.0,10,6,14,18.0,2026,20251024,False
1610612738,Boston Celtics,1,0,1,0.0,48.0,35,82,0.427,15,44,0.341,10,15,0.667,8,29,37,19,16.0,10,7,4,25,17,95,-10.0,1,13,13,13,3,21,19,20,10,5,16,23,21,19,22,14,21,23,6,10,4,9,16,23,24,19,,101.1,96.3,15.2,19,23,22,112.9,21,19,77.92,22,15,-11.8,93.5,0.235,0.545,0.536,22,-11.0,0.438,23,98.3,109.4,94,20,0.543,1.19,21,0.396,17,0.518,0.17,10,19,47,0.088,53,285,285,5,0.067,25,BOS,1,1.0,10,1,0.098,4,0.024,22,41,14,4,2,2,21,0.098,0.341,0.476,0.537,20.3,3.03,5,0.5,402,95,4,208,2.33,14,0.236,0.929,0.4,0.378,86,0.276,0.43,32,0.509,6,0.75,14,5,0,5.6,8,57,0.25,21,0.558,23,2,0.457,5,5.5,0.25,5.6,,,,,,,,,,,,,,,,,,,,,,,,,,,,,,,,,,,,,,,,,,,,,,,,,,,,,,,,0,,0,,,0,1.0,0.375,0.75,13,2,36,0.518,1.0,2,13,2,0.342,0,6,13,3,1,13,3,0.0,0.722,0.333,38,2,0.286,1,0.333,5,0.333,18,0,7,0.385,0.574,0.269,0.035,28,46,0.609,0.75,13,0.0,6,20,,,0.462,7,0,0.267,0.333,1,15,5,,3,0,2,0.0,30,1.0,0.429,8,0,6,1,0,,0,,,,21.0,20,16.0,20,23,36.0,19,23.0,30.0,24,7.0,15.0,10,18,1,2.0,2026,20251024,False
1610612751,Brooklyn Nets,1,0,1,0.0,48.0,49,96,0.51,19,45,0.422,7,7,1.0,10,28,38,30,20.0,9,0,5,28,18,124,-7.0,1,13,13,13,3,3,4,7,1,2,7,24,24,1,14,18,18,4,17,14,24,15,22,21,6,18,,119.2,107.2,20.1,12,11,6,124.8,13,18,87.08,12,20,-5.5,104.5,0.319,0.705,0.626,5,-10.6,0.441,9,113.7,124.3,104,16,0.612,1.5,7,0.505,6,0.609,0.192,18,6,53,0.118,77,287,287,4,0.105,34,BKN,0,1.0,9,2,0.079,3,0.053,23,38,15,7,4,4,18,0.184,0.395,0.5,0.605,22.7,3.24,11,0.0,420,124,1,223,2.43,25,0.295,0.84,0.364,0.553,78,0.607,0.487,34,0.609,4,0.4,21,6,2,5.6,17,46,0.294,11,0.667,17,6,0.528,4,6.8,0.313,5.9,,,,,,,,,,,,,,,,,,,,,,,,,,,,,,,,,,,,,,,,,,,,,,,,,,,,,,,,0,,0,,,0,0.5,0.5,0.667,21,4,45,0.609,0.0,0,16,3,0.421,0,7,17,2,2,14,5,0.0,0.68,1.0,38,8,0.667,1,0.2,5,0.429,25,0,12,0.357,0.67,0.378,0.007,44,65,0.677,0.63,16,0.0,2,27,1.0,0.0,0.375,14,0,0.467,1.0,0,17,6,0.0,9,0,2,0.167,30,0.0,0.643,14,1,6,0,0,,0,,,,10.0,16,20.0,10,7,44.0,5,20.0,48.0,19,19.0,8.0,5,12,11,8.0,2026,20251024,False
1610612739,Cleveland Cavaliers,1,1,0,1.0,48.0,44,82,0.537,18,42,0.429,25,35,0.714,9,27,36,32,17.0,14,5,0,18,28,131,7.0,1,1,1,1,3,8,19,5,3,7,6,4,4,16,19,22,23,2,9,2,5,1,3,2,3,7,,124.8,107.2,21.6,3,14,5,119.2,15,7,87.08,2,19,5.5,104.5,0.295,0.681,0.672,2,10.6,0.559,12,124.3,113.7,105,9,0.727,1.88,7,0.495,3,0.646,0.162,9,3,57,0.147,84,307,307,10,0.104,45,CLE,3,0.75,6,2,0.04,1,0.08,16,25,10,1,3,4,10,0.04,0.4,0.6,0.64,18.8,2.58,9,0.4,437,131,5,223,1.96,28,0.3,0.714,0.444,0.333,72,0.333,0.5,20,0.5,3,0.333,12,8,0,7.6,9,54,0.45,18,0.587,24,6,0.563,8,10.9,0.45,8.4,,,,,,,,,,,,,,,,,,,,,,,,,,,,,,,,,,,,,,,,,,,,,,,,,,,,,,,,0,,0,,,0,1.0,0.375,0.714,20,4,36,0.646,0.333,2,14,4,0.438,0,10,18,2,0,11,8,0.0,0.72,0.0,32,2,0.5,4,0.5,6,0.4,25,0,4,0.545,0.59,0.271,0.022,30,49,0.612,0.704,21,0.0,2,27,0.0,0.0,0.476,2,0,0.409,0.5,0,19,8,0.0,0,0,1,0.625,22,0.0,0.0,9,5,10,0,0,,0,,,,19.0,12,20.0,10,18,48.0,17,20.0,44.0,19,10.0,8.0,5,12,8,8.0,2026,20251024,False
1610612742,Dallas Mavericks,1,0,1,0.0,48.0,38,88,0.432,10,34,0.294,21,27,0.778,9,39,48,23,21.0,11,5,8,19,24,107,-10.0,1,13,13,13,3,16,11,19,20,15,21,11,11,10,19,2,6,18,22,8,5,22,5,10,18,19,,99.1,110.8,16.1,21,12,24,107.3,22,16,90.42,13,8,-8.3,108.5,0.226,0.774,0.536,20,-11.0,0.469,2,95.6,106.6,108,19,0.605,1.1,5,0.5,20,0.489,0.194,19,20,47,0.091,62,298,298,0,0.077,27,DAL,4,0.7,9,5,0.058,3,0.096,25,52,23,7,7,10,21,0.135,0.442,0.429,0.481,22.6,3.15,11,0.286,431,107,7,233,2.48,25,0.248,0.88,0.364,0.208,91,0.154,0.527,34,0.639,4,0.444,10,11,3,6.1,6,61,0.265,33,0.736,38,5,0.6,8,10.5,0.29,6.9,,,,,,,,,,,,,,,,,,,,,,,,,,,,,,,,,,,,,,,,,,,,,,,,,,,,,,,,0,,0,,,0,0.333,0.321,0.6,22,4,26,0.489,0.333,2,7,3,0.259,0,7,16,1,0,14,6,0.0,0.485,0.0,27,4,0.571,3,0.5,8,0.429,33,0,7,0.571,0.665,0.362,0.038,45,64,0.703,0.514,14,0.0,2,35,0.0,0.0,0.5,8,0,0.227,0.5,0,18,7,0.0,3,0,1,0.571,22,0.0,0.375,5,4,7,0,0,,0,,,,5.0,12,17.0,14,11,48.0,1,21.0,40.0,8,16.0,21.0,20,17,7,18.0,2026,20251024,False
1610612765,Detroit Pistons,1,1,0,1.0,48.0,42,90,0.467,16,39,0.41,15,23,0.652,15,33,48,26,18.0,6,11,2,31,24,115,4.0,1,1,1,1,3,9,7,12,5,11,11,17,17,22,6,8,6,8,11,20,2,3,24,10,13,9,,115.0,102.1,17.8,14,8,9,111.0,3,8,83.33,10,13,4.0,100.0,0.392,0.649,0.574,11,1.7,0.532,16,111.5,109.8,100,10,0.619,1.44,13,0.528,10,0.556,0.18,15,11,58,0.103,69,319,319,4,0.082,33,DET,3,1.0,8,1,0.075,3,0.025,18,40,16,5,2,2,20,0.125,0.4,0.4,0.45,21.4,2.84,21,0.0,452,115,1,263,2.0,27,0.254,0.593,0.333,0.438,86,0.333,0.558,31,0.559,10,0.667,21,9,4,7.0,11,59,0.484,22,0.611,27,5,0.623,5,7.8,0.556,7.3,,,,,,,,,,,,,,,,,,,,,,,,,,,,,,,,,,,,,,,,,,,,,,,,,,,,,,,,0,,0,,,0,0.375,0.424,0.571,16,7,41,0.556,0.0,0,13,3,0.448,0,10,18,5,2,15,5,0.0,0.621,0.4,29,0,0.0,1,0.2,8,0.3,29,0,7,0.533,0.538,0.394,-0.09,30,67,0.448,0.633,12,0.0,4,30,0.0,0.0,0.333,8,0,0.429,0.0,0,19,8,0.0,3,0,0,0.5,28,0.0,0.375,12,4,4,0,0,,0,,,,22.0,9,16.0,10,2,52.0,20,20.0,38.0,11,25.0,13.0,9,18,6,16.0,2026,20251024,False
1610612744,Golden State Warriors,1,0,1,0.0,48.0,35,80,0.438,16,38,0.421,33,39,0.846,12,29,41,24,25.0,12,3,5,22,28,119,-20.0,1,13,13,13,3,21,21,17,5,12,8,2,2,7,10,14,13,15,24,5,17,15,12,2,9,22,,107.2,111.6,16.1,23,10,18,126.4,10,21,92.08,5,21,-19.2,110.5,0.34,0.705,0.612,18,-15.0,0.427,9,108.0,123.0,111,21,0.686,0.96,3,0.516,13,0.538,0.225,24,7,51,0.099,75,322,322,3,0.075,32,GSW,5,0.625,6,4,0.102,5,0.082,18,49,21,5,5,8,17,0.102,0.429,0.353,0.367,23.0,3.05,5,0.0,453,119,2,229,2.36,25,0.263,0.64,0.8,0.317,78,0.241,0.526,28,0.58,6,0.5,13,4,0,5.8,7,50,0.429,22,0.63,28,6,0.554,4,8.1,0.429,6.5,,,,,,,,,,,,,,,,,,,,,,,,,,,,,,,,,,,,,,,,,,,,,,,,,,,,,,,,0,,0,,,0,0.5,0.481,0.625,16,4,38,0.538,0.0,0,11,5,0.379,0,9,13,3,1,8,6,0.0,0.565,0.333,29,4,0.364,4,0.667,2,0.556,23,0,11,0.25,0.659,0.336,0.061,64,89,0.719,0.583,16,0.0,3,24,0.0,0.0,0.5,6,0,0.36,0.333,0,14,5,0.0,2,0,1,0.2,25,0.0,0.333,9,1,8,1,0,,0,,,,10.0,23,22.0,24,9,30.0,5,25.0,66.0,11,17.0,30.0,24,6,23,16.0,2026,20251024,False
1610612745,Houston Rockets,1,0,1,0.0,48.0,32,83,0.386,10,22,0.455,37,48,0.771,17,28,45,15,14.0,14,2,11,24,31,111,-4.0,1,13,13,13,3,24,17,23,20,24,4,1,1,12,3,18,9,24,4,2,22,23,13,1,15,14,,111.0,102.1,11.1,22,17,12,115.0,9,17,83.33,24,16,-4.0,100.0,0.351,0.608,0.533,24,-1.7,0.468,22,109.8,111.5,100,15,0.469,1.07,13,0.472,24,0.446,0.14,4,21,33,0.083,44,252,252,2,0.06,21,HOU,4,0.75,5,6,0.043,2,0.13,20,46,14,2,9,12,24,0.043,0.304,0.208,0.435,20.8,3.28,4,0.4,381,111,5,176,2.46,25,0.291,0.8,1.75,0.444,88,0.357,0.511,40,0.549,10,0.588,20,3,1,7.0,10,51,0.425,18,0.571,25,7,0.529,2,6.4,0.436,6.8,,,,,,,,,,,,,,,,,,,,,,,,,,,,,,,,,,,,,,,,,,,,,,,,,,,,,,,,0,,0,,,0,0.5,0.471,0.667,20,7,23,0.446,0.333,2,8,2,0.421,0,3,13,1,1,23,2,0.0,0.5,1.0,19,3,0.25,1,0.5,6,0.667,26,0,12,0.261,0.642,0.273,0.056,37,53,0.698,0.483,4,0.0,6,29,0.0,0.0,0.5,11,0,0.412,0.5,1,14,14,0.0,2,0,3,0.214,17,0.5,0.182,7,3,2,2,0,,0,,,,25.0,19,20.0,5,4,38.0,23,16.0,52.0,16,22.0,16.0,13,12,14,13.0,2026,20251024,False
1610612746,LA Clippers,1,1,0,1.0,48.0,45,76,0.592,16,29,0.552,23,26,0.885,10,35,45,32,19.0,12,5,4,19,25,129,27.0,1,1,1,1,3,5,23,1,5,20,1,7,12,4,14,7,9,2,13,5,5,9,5,7,4,2,,133.0,98.0,23.0,6,7,2,105.2,14,1,80.83,3,6,27.8,97.0,0.303,0.667,0.738,1,31.4,0.674,13,133.8,102.4,97,2,0.711,1.68,17,0.533,1,0.697,0.196,20,1,43,0.148,87,263,263,4,0.122,39,LAC,3,1.0,6,1,0.077,3,0.026,15,39,21,7,2,2,13,0.179,0.538,0.462,0.385,22.9,3.61,15,1.0,380,129,10,177,2.89,24,0.339,1.083,1.133,0.378,73,0.371,0.616,16,0.583,4,0.4,17,6,0,7.2,13,60,0.625,22,0.648,28,6,0.672,6,9.0,0.625,7.6,,,,,,,,,,,,,,,,,,,,,,,,,,,,,,,,,,,,,,,,,,,,,,,,,,,,,,,,0,,0,,,0,0.778,0.591,0.714,26,17,39,0.697,0.667,10,13,3,0.542,0,5,19,3,1,17,2,0.0,0.905,0.333,24,3,0.333,2,1.0,7,0.6,21,0,9,0.412,0.732,0.277,-0.018,35,49,0.714,0.8,7,0.0,4,25,0.0,0.0,0.571,8,0,0.542,0.25,0,20,8,0.0,3,0,1,0.5,24,0.0,0.375,13,4,4,0,0,,0,,,,13.0,9,24.0,14,11,52.0,10,21.0,34.0,2,16.0,7.0,4,2,3,26.0,2026,20251024,False
1610612747,Los Angeles Lakers,1,1,0,1.0,48.0,45,76,0.592,12,29,0.414,26,32,0.813,7,31,38,26,12.0,6,3,3,20,27,128,18.0,1,1,1,1,3,5,23,1,18,20,10,3,5,8,23,11,18,8,1,20,17,4,8,4,5,4,,137.6,94.7,20.3,1,16,1,117.0,18,3,77.92,17,17,20.6,93.5,0.265,0.627,0.71,4,17.9,0.614,19,134.6,116.7,93,3,0.578,2.17,21,0.482,2,0.671,0.129,2,2,32,0.128,62,234,234,4,0.111,30,LAL,0,0.5,15,2,0.049,2,0.049,33,41,14,3,2,4,22,0.073,0.341,0.682,0.805,20.7,3.6,9,1.333,345,128,3,164,2.91,18,0.371,1.111,0.667,0.368,57,0.323,0.667,15,0.705,4,0.571,14,4,0,6.0,10,44,0.467,21,0.775,24,3,0.717,4,8.4,0.467,6.5,,,,,,,,,,,,,,,,,,,,,,,,,,,,,,,,,,,,,,,,,,,,,,,,,,,,,,,,0,,0,,,0,0.667,0.5,0.769,20,6,27,0.671,1.0,4,9,3,0.429,0,8,13,5,1,24,3,0.0,0.765,0.2,21,5,0.833,2,0.667,15,0.375,17,0,6,0.625,0.613,0.301,0.027,32,50,0.64,0.667,8,0.0,3,21,0.0,0.0,0.375,9,0,0.474,0.667,0,14,14,0.0,8,0,2,0.643,19,0.0,0.889,9,9,3,2,0,,0,,,,22.0,6,15.0,1,22,56.0,20,8.0,46.0,17,8.0,6.0,2,21,10,11.0,2026,20251024,False
1610612763,Memphis Grizzlies,1,0,1,0.0,48.0,38,95,0.4,13,45,0.289,25,28,0.893,12,29,41,29,20.0,8,4,4,19,25,114,-32.0,1,13,13,13,3,16,5,22,14,2,23,4,9,3,10,14,13,6,17,17,11,9,5,7,14,24,,100.9,115.0,18.2,13,22,23,129.2,17,23,94.17,1,22,-28.3,113.0,0.283,0.62,0.531,10,-28.5,0.375,21,98.9,127.3,113,24,0.763,1.45,1,0.436,23,0.468,0.177,12,22,54,0.13,75,293,293,6,0.099,38,MEM,3,0.917,7,6,0.116,5,0.14,25,43,12,2,11,12,19,0.047,0.279,0.368,0.581,21.7,3.02,5,0.545,431,114,11,216,2.37,23,0.265,0.783,0.8,0.439,77,0.31,0.532,31,0.604,9,0.75,18,3,0,6.5,9,48,0.387,19,0.644,22,3,0.554,3,5.6,0.387,6.2,,,,,,,,,,,,,,,,,,,,,,,,,,,,,,,,,,,,,,,,,,,,,,,,,,,,,,,,0,,0,,,0,1.0,0.4,0.667,18,4,38,0.468,0.4,6,12,1,0.324,0,8,10,3,0,29,5,0.0,0.667,0.0,37,3,0.5,1,0.2,12,0.125,15,0,6,0.414,0.595,0.45,0.016,55,90,0.611,0.632,15,0.0,0,19,,,0.2,10,0,0.355,0.0,0,12,20,,4,0,0,0.4,31,0.0,0.4,11,8,3,0,0,,0,,,,24.0,16,22.0,20,17,44.0,22,23.0,72.0,6,11.0,26.0,22,6,24,19.0,2026,20251024,False
1610612748,Miami Heat,1,1,0,1.0,48.0,55,102,0.539,19,40,0.475,17,22,0.773,17,40,57,34,20.0,15,4,4,25,19,146,32.0,1,1,1,1,3,1,1,3,1,9,2,15,18,11,3,1,2,1,17,1,11,9,16,18,1,1,,129.2,115.0,20.5,5,3,3,100.9,4,2,94.17,11,2,28.3,113.0,0.38,0.717,0.654,3,28.5,0.625,8,127.3,98.9,113,1,0.618,1.7,1,0.564,4,0.632,0.177,12,5,52,0.132,92,303,303,4,0.112,40,MIA,2,0.75,12,2,0.075,4,0.038,28,53,19,6,3,4,26,0.113,0.358,0.462,0.528,19.3,2.63,5,0.286,442,146,7,213,2.1,32,0.33,1.188,0.4,0.404,103,0.35,0.553,34,0.556,9,0.529,23,8,2,7.0,14,72,0.5,26,0.606,34,8,0.6,6,5.9,0.531,6.6,,,,,,,,,,,,,,,,,,,,,,,,,,,,,,,,,,,,,,,,,,,,,,,,,,,,,,,,0,,0,,,0,0.0,0.469,0.864,38,2,45,0.632,0.0,2,13,6,0.433,0,10,23,6,4,31,4,0.0,0.821,0.667,30,0,0.0,2,0.5,13,0.6,28,0,3,0.419,0.653,0.27,0.027,34,50,0.68,0.788,20,0.0,0,33,,,0.45,6,0,0.526,0.0,0,26,23,,2,0,0,0.348,19,0.0,0.333,10,8,9,1,0,,0,,,,11.0,1,23.0,17,3,72.0,8,22.0,44.0,2,24.0,19.0,18,4,8,26.0,2026,20251024,False
1610612749,Milwaukee Bucks,1,1,0,1.0,48.0,47,90,0.522,14,40,0.35,14,25,0.56,14,37,51,25,19.0,9,5,4,24,21,122,6.0,1,1,1,1,3,4,7,6,12,9,14,20,14,24,9,6,4,11,13,14,5,9,13,14,7,8,,117.3,105.5,16.9,15,5,7,110.5,5,11,87.08,23,11,6.8,104.5,0.373,0.745,0.604,15,4.7,0.518,5,115.1,110.4,104,7,0.532,1.32,7,0.559,7,0.6,0.183,16,8,45,0.113,63,275,275,5,0.091,31,MIL,1,0.667,14,3,0.02,1,0.059,33,51,27,7,4,6,17,0.137,0.529,0.824,0.647,21.8,3.19,6,0.4,409,122,5,201,2.49,21,0.298,0.762,0.333,0.255,75,0.189,0.68,32,0.74,6,0.429,13,6,1,5.6,7,50,0.438,30,0.822,37,7,0.739,5,10.4,0.452,6.9,,,,,,,,,,,,,,,,,,,,,,,,,,,,,,,,,,,,,,,,,,,,,,,,,,,,,,,,0,,0,,,0,1.0,0.333,0.462,16,2,29,0.6,0.0,2,11,3,0.379,0,11,23,4,2,6,7,0.0,0.719,0.5,29,6,0.5,1,0.143,4,0.273,32,0,12,0.667,0.646,0.317,-0.06,34,58,0.586,0.694,14,0.0,7,36,0.0,0.0,0.357,2,0,0.393,0.571,0,25,2,0.0,0,0,4,1.0,28,0.0,0.0,11,2,5,1,0,,0,,,,10.0,7,18.0,5,9,54.0,5,16.0,54.0,18,17.0,18.0,15,16,17,10.0,2026,20251024,False
1610612750,Minnesota Timberwolves,1,0,1,0.0,48.0,41,88,0.466,13,38,0.342,15,21,0.714,15,25,40,24,12.0,4,3,3,27,20,110,-18.0,1,13,13,13,3,12,11,13,14,12,15,17,19,16,6,23,16,15,1,24,17,4,20,17,17,21,,117.0,94.7,17.5,2,9,8,137.6,5,22,77.92,16,24,-20.6,93.5,0.373,0.735,0.566,13,-17.9,0.386,7,116.7,134.6,94,22,0.585,2.0,21,0.518,11,0.54,0.128,1,15,37,0.091,58,287,287,2,0.084,26,MIN,0,0.75,10,6,0.068,3,0.136,30,44,14,1,9,12,20,0.023,0.318,0.5,0.682,21.1,3.09,2,0.333,409,110,6,222,2.39,21,0.269,0.667,2.0,0.325,61,0.16,0.656,24,0.595,9,0.6,13,5,0,8.1,4,42,0.625,21,0.676,27,6,0.714,5,8.5,0.625,8.2,,,,,,,,,,,,,,,,,,,,,,,,,,,,,,,,,,,,,,,,,,,,,,,,,,,,,,,,0,,0,,,0,1.0,0.375,0.778,14,4,26,0.54,0.0,2,10,3,0.345,0,9,19,3,1,17,6,0.0,0.826,0.333,29,5,0.5,2,0.333,4,0.333,23,0,10,0.235,0.642,0.355,-0.099,32,59,0.542,0.655,9,0.0,6,29,0.0,0.0,0.333,10,0,0.345,0.5,0,19,5,0.0,4,0,3,0.4,29,0.0,0.4,10,2,3,0,0,,0,,,,8.0,15,8.0,3,4,46.0,3,15.0,56.0,22,22.0,11.0,8,24,19,6.0,2026,20251024,False
1610612740,New Orleans Pelicans,1,0,1,0.0,53.0,42,97,0.433,10,32,0.313,22,29,0.759,16,29,45,24,15.0,10,3,13,21,27,116,-4.0,1,13,13,13,1,9,3,18,20,17,19,9,7,13,5,14,9,15,5,10,17,24,9,4,11,14,,110.5,98.4,16.1,8,21,13,112.1,11,15,80.0,19,14,-1.7,96.0,0.339,0.533,0.528,18,-4.0,0.479,24,106.7,110.7,105,13,0.571,1.6,19,0.437,21,0.485,0.143,5,23,49,0.095,63,315,315,2,0.076,30,NOP,4,0.6,13,5,0.088,6,0.074,32,68,23,7,6,10,30,0.103,0.338,0.433,0.471,24.1,3.15,8,0.5,459,116,4,268,2.46,19,0.253,0.632,0.5,0.378,98,0.241,0.459,40,0.475,10,0.625,17,5,1,6.5,7,61,0.4,22,0.509,28,6,0.484,4,6.8,0.41,6.6,,,,,,,,,,,,,,,,,,,,,,,,,,,,,,,,,,,,,,,,,,,,,,,,,,,,,,,,0,,0,,,0,0.4,0.28,0.5,12,4,21,0.485,0.5,2,8,2,0.296,0,5,20,2,2,23,3,0.0,0.556,1.0,27,2,0.333,0,0.0,10,0.4,36,0,6,0.435,0.684,0.388,0.026,49,69,0.71,0.5,8,0.0,5,40,0.0,0.0,0.375,8,0,0.304,0.2,0,20,12,0.0,5,0,1,0.5,23,0.0,0.625,7,6,3,1,0,,0,,,,26.0,4,24.0,10,11,60.0,24,20.0,64.0,6,16.0,23.0,21,2,22,19.0,2026,20251024,False
1610612752,New York Knicks,1,1,0,1.0,48.0,33,86,0.384,17,45,0.378,22,25,0.88,21,32,53,23,20.0,7,4,7,17,25,105,10.0,1,1,1,1,3,23,13,24,4,2,13,9,14,6,1,10,3,18,17,18,11,21,2,7,20,5,,112.9,96.3,16.3,20,2,10,101.1,2,6,77.92,4,3,11.8,93.5,0.455,0.765,0.541,17,11.0,0.562,4,109.4,98.3,93,5,0.697,1.15,21,0.604,22,0.483,0.215,23,18,45,0.087,64,299,299,2,0.077,26,NYK,1,1.0,5,4,0.061,3,0.082,19,49,18,3,8,8,19,0.061,0.367,0.263,0.388,21.9,3.05,7,0.0,432,105,1,239,2.44,29,0.243,0.345,0.286,0.396,90,0.406,0.589,38,0.582,8,0.381,21,8,2,7.3,13,55,0.553,19,0.653,32,13,0.646,6,8.5,0.583,7.7,,,,,,,,,,,,,,,,,,,,,,,,,,,,,,,,,,,,,,,,,,,,,,,,,,,,,,,,0,,0,,,0,0.5,0.412,0.3,10,2,42,0.483,0.0,0,13,4,0.394,0,12,12,7,1,12,5,0.0,0.48,0.143,33,1,0.25,3,0.6,3,0.333,25,0,4,0.25,0.686,0.204,0.02,24,34,0.706,0.481,14,0.0,2,27,,,0.357,9,0,0.375,0.5,0,13,2,,1,0,1,0.5,32,0.0,0.111,12,1,5,0,0,,0,,,,7.0,23,23.0,5,6,30.0,2,16.0,36.0,13,21.0,2.0,1,4,4,15.0,2026,20251024,False
1610612753,Orlando Magic,1,0,1,0.0,48.0,37,78,0.474,9,31,0.29,24,37,0.649,12,33,45,21,22.0,7,3,5,26,21,107,-4.0,1,13,13,13,3,19,22,11,23,19,22,6,3,23,10,8,9,22,23,18,17,15,19,14,18,14,,103.9,104.3,14.7,24,6,21,109.9,8,20,85.0,20,10,-6.0,102.0,0.358,0.745,0.567,23,-3.8,0.434,6,102.6,106.4,103,17,0.568,0.95,11,0.54,14,0.532,0.214,22,14,44,0.112,57,278,278,4,0.076,31,ORL,6,0.667,12,3,0.1,5,0.06,29,50,18,3,4,6,23,0.06,0.36,0.522,0.58,20.5,3.07,11,0.5,401,107,2,206,2.34,23,0.267,1.043,0.364,0.422,81,0.273,0.556,23,0.541,10,0.833,19,5,0,6.8,9,61,0.522,24,0.589,26,2,0.592,5,5.1,0.522,6.4,,,,,,,,,,,,,,,,,,,,,,,,,,,,,,,,,,,,,,,,,,,,,,,,,,,,,,,,0,,0,,,0,0.667,0.391,0.9,24,4,25,0.532,0.0,1,5,4,0.25,0,11,20,4,1,15,7,0.0,0.769,0.25,20,2,0.333,3,0.429,6,0.364,26,0,6,0.4,0.652,0.352,-0.055,37,62,0.597,0.741,13,0.0,3,27,0.0,0.0,0.308,4,0,0.263,0.667,0,20,12,0.0,1,0,2,0.417,19,0.0,0.25,5,5,4,0,0,,0,,,,13.0,9,13.0,17,7,52.0,10,22.0,58.0,13,19.0,18.0,15,23,20,15.0,2026,20251024,False
1610612756,Phoenix Suns,1,0,1,0.0,48.0,37,90,0.411,16,47,0.34,12,15,0.8,15,22,37,23,18.0,12,4,5,25,19,102,-27.0,1,13,13,13,3,19,7,21,5,1,17,21,21,9,6,24,21,18,11,5,11,15,16,18,23,23,,105.2,98.0,16.5,17,18,19,133.0,12,24,80.83,9,23,-27.8,97.0,0.333,0.697,0.528,16,-31.4,0.326,11,102.4,133.8,97,23,0.622,1.28,17,0.467,19,0.5,0.186,17,24,46,0.095,61,275,275,2,0.084,26,PHX,1,0.833,8,3,0.133,6,0.067,21,45,22,4,5,6,14,0.089,0.489,0.571,0.467,19.2,2.85,2,0.0,403,102,1,199,2.22,25,0.253,0.56,1.0,0.324,69,0.273,0.536,40,0.71,6,0.4,12,2,0,5.7,6,31,0.375,16,0.759,25,9,0.552,2,6.3,0.375,6.0,,,,,,,,,,,,,,,,,,,,,,,,,,,,,,,,,,,,,,,,,,,,,,,,,,,,,,,,0,,0,,,0,1.0,0.379,0.375,14,2,33,0.5,0.0,0,13,3,0.361,0,11,9,4,0,22,7,0.0,0.643,0.0,36,4,0.571,3,0.429,8,0.273,14,0,7,0.364,0.692,0.3,-0.026,34,51,0.667,0.5,13,0.0,5,20,0.0,0.0,0.308,11,0,0.353,0.8,0,10,7,0.0,5,0,4,0.286,34,0.0,0.455,12,2,4,0,0,,0,,,,16.0,22,21.0,22,14,34.0,12,24.0,52.0,21,13.0,26.0,22,9,14,7.0,2026,20251024,False
1610612757,Portland Trail Blazers,1,1,0,1.0,48.0,50,93,0.538,16,34,0.471,23,25,0.92,10,28,38,30,19.0,13,5,3,28,22,139,20.0,1,1,1,1,3,2,6,4,5,15,3,7,14,2,14,18,18,4,13,4,5,4,22,13,2,3,,126.4,111.6,19.7,10,15,4,107.2,15,4,92.08,14,7,19.2,110.5,0.295,0.66,0.668,6,15.0,0.573,15,123.0,108.0,110,4,0.6,1.58,3,0.484,5,0.624,0.173,11,4,49,0.121,78,306,306,4,0.098,37,POR,3,0.0,13,0,0.053,3,0.0,27,57,23,5,0,0,30,0.088,0.404,0.433,0.474,18.7,2.56,8,1.0,438,139,3,220,1.89,27,0.317,0.852,1.125,0.342,75,0.25,0.507,26,0.56,6,0.6,13,3,1,6.2,7,50,0.385,21,0.583,25,4,0.528,2,8.4,0.4,6.7,,,,,,,,,,,,,,,,,,,,,,,,,,,,,,,,,,,,,,,,,,,,,,,,,,,,,,,,0,,0,,,0,1.0,0.407,0.727,23,9,33,0.624,1.0,3,11,5,0.407,0,7,28,2,2,12,5,0.0,0.718,1.0,27,1,0.125,3,0.6,5,0.714,39,0,8,0.417,0.612,0.349,-0.043,33,58,0.569,0.725,10,0.0,5,40,0.0,0.0,0.5,7,0,0.44,0.2,0,29,6,0.0,2,0,1,0.333,25,0.0,0.286,11,2,5,0,0,,0,,,,17.0,2,25.0,17,18,66.0,15,22.0,30.0,1,10.0,16.0,13,1,1,30.0,2026,20251024,False
1610612758,Sacramento Kings,1,1,0,1.0,48.0,40,83,0.482,14,32,0.438,11,15,0.733,5,28,33,23,13.0,10,4,1,18,16,105,1.0,1,1,1,1,3,15,17,10,12,17,5,22,21,15,24,18,24,18,3,10,11,2,3,24,20,12,,108.2,100.0,18.4,4,24,16,105.1,24,13,81.67,18,5,3.2,98.0,0.109,0.633,0.586,8,6.1,0.496,18,107.6,101.5,97,11,0.575,1.77,15,0.379,8,0.566,0.134,3,9,34,0.113,58,284,284,7,0.081,32,SAC,2,1.0,9,2,0.053,2,0.053,22,38,12,2,4,4,21,0.053,0.316,0.429,0.579,20.5,3.1,12,0.0,396,105,4,207,2.43,21,0.265,0.619,0.333,0.515,70,0.464,0.471,14,0.491,4,0.8,17,5,0,6.8,13,57,0.357,15,0.538,16,1,0.508,5,5.6,0.357,6.6,,,,,,,,,,,,,,,,,,,,,,,,,,,,,,,,,,,,,,,,,,,,,,,,,,,,,,,,0,,0,,,0,0.667,0.333,0.5,13,4,18,0.566,0.0,0,11,3,0.44,0,7,8,4,2,21,3,0.0,0.615,0.5,25,8,0.471,1,0.333,10,0.429,13,0,17,0.476,0.713,0.326,-0.018,41,59,0.695,0.526,11,0.0,10,19,0.0,0.0,0.455,7,0,0.455,0.5,0,10,14,0.0,2,0,5,0.571,22,0.0,0.286,10,8,5,0,0,,0,,,,12.0,20,15.0,14,21,36.0,9,21.0,48.0,22,9.0,15.0,10,21,11,6.0,2026,20251024,False
1610612759,San Antonio Spurs,1,1,0,1.0,53.0,45,98,0.459,13,43,0.302,17,26,0.654,20,39,59,25,19.0,6,13,3,27,21,120,4.0,1,1,1,1,1,5,2,14,14,6,20,15,12,21,2,2,1,11,13,20,1,4,20,14,8,9,,112.1,98.4,15.7,15,4,11,110.5,1,10,80.0,21,11,1.7,96.0,0.467,0.661,0.548,21,4.0,0.521,14,110.7,106.7,107,12,0.556,1.32,19,0.563,16,0.526,0.178,14,17,63,0.101,67,306,306,3,0.082,31,SAS,3,0.7,9,5,0.1,4,0.125,25,40,9,2,7,10,18,0.05,0.225,0.5,0.625,22.1,2.93,18,0.75,452,120,8,240,1.95,37,0.265,1.027,0.444,0.237,101,0.179,0.584,39,0.574,7,0.35,14,10,2,6.9,7,68,0.513,32,0.65,45,13,0.648,8,8.6,0.541,7.5,,,,,,,,,,,,,,,,,,,,,,,,,,,,,,,,,,,,,,,,,,,,,,,,,,,,,,,,0,,0,,,0,0.75,0.286,0.773,38,8,30,0.526,0.5,6,8,5,0.258,0,12,31,7,4,7,5,0.0,0.705,0.571,31,0,0.0,1,0.2,1,0.417,44,0,4,0.143,0.498,0.328,-0.041,27,59,0.458,0.689,16,0.0,3,45,0.0,0.0,0.5,3,0,0.185,0.0,0,31,4,0.0,1,0,0,0.0,27,0.0,0.333,5,0,8,0,0,,0,,,,16.0,3,20.0,22,1,64.0,12,24.0,60.0,4,26.0,19.0,18,12,21,23.0,2026,20251024,False
1610612761,Toronto Raptors,1,0,1,0.0,48.0,42,85,0.494,11,27,0.407,21,32,0.656,10,31,41,25,16.0,10,4,5,21,24,116,-6.0,1,13,13,13,3,9,15,8,19,23,12,11,5,20,14,11,13,11,6,10,11,15,9,10,11,17,,110.5,105.5,17.5,11,20,13,117.3,20,14,87.08,15,18,-6.8,104.5,0.255,0.627,0.585,14,-4.7,0.482,19,110.4,115.1,105,18,0.595,1.56,7,0.441,9,0.559,0.152,6,10,32,0.104,63,278,278,3,0.09,29,TOR,1,0.833,12,6,0.083,5,0.1,35,60,21,7,10,12,28,0.117,0.35,0.429,0.583,20.1,2.99,8,0.333,403,116,3,188,2.28,21,0.288,0.905,0.75,0.146,68,0.032,0.603,27,0.633,5,0.5,6,4,0,7.0,1,49,0.37,30,0.689,35,5,0.641,4,5.2,0.37,6.6,,,,,,,,,,,,,,,,,,,,,,,,,,,,,,,,,,,,,,,,,,,,,,,,,,,,,,,,0,,0,,,0,1.0,0.45,0.667,19,6,26,0.559,0.0,1,8,3,0.381,0,6,17,2,1,23,4,0.0,0.68,0.5,21,4,0.4,2,0.5,10,0.5,25,0,10,0.435,0.651,0.361,0.011,43,65,0.662,0.643,6,0.0,3,28,0.0,0.0,0.5,10,0,0.381,0.333,0,18,17,0.0,4,0,1,0.471,21,0.0,0.4,8,8,3,0,0,,0,,,,17.0,7,16.0,9,18,54.0,15,18.0,54.0,8,10.0,10.0,7,18,17,18.0,2026,20251024,False
1610612762,Utah Jazz,1,0,1,0.0,48.0,38,86,0.442,13,41,0.317,15,17,0.882,11,39,50,25,20.0,6,1,4,16,18,104,-1.0,1,13,13,13,3,16,13,16,14,8,18,17,20,5,13,2,5,11,17,20,23,9,1,21,22,13,,105.1,100.0,17.7,18,1,20,108.2,7,12,81.67,7,9,-3.2,98.0,0.367,0.891,0.556,12,-6.1,0.504,1,101.5,107.6,99,14,0.658,1.25,15,0.621,18,0.517,0.202,21,16,49,0.099,68,294,294,1,0.085,29,UTA,3,1.0,10,2,0.121,4,0.061,24,33,9,2,4,4,17,0.061,0.273,0.588,0.727,22.3,3.18,8,0.5,421,104,4,222,2.16,26,0.247,0.462,0.625,0.36,89,0.308,0.562,34,0.684,6,0.545,18,9,1,5.8,12,57,0.324,26,0.796,31,5,0.625,8,6.8,0.333,6.0,,,,,,,,,,,,,,,,,,,,,,,,,,,,,,,,,,,,,,,,,,,,,,,,,,,,,,,,0,,0,,,0,0.333,0.333,0.417,12,5,30,0.517,0.5,2,9,4,0.281,0,9,10,2,0,25,7,0.0,0.714,0.0,32,1,0.167,4,0.571,14,0.444,14,0,6,0.56,0.696,0.275,0.028,34,47,0.723,0.591,14,0.0,2,22,0.0,0.0,0.286,6,0,0.31,0.0,0,13,13,0.0,4,0,0,0.615,29,0.0,0.667,9,8,4,0,0,,0,,,,9.0,12,21.0,3,16,48.0,4,15.0,36.0,13,12.0,6.0,2,9,4,15.0,2026,20251024,False
1610612764,Washington Wizards,1,1,0,1.0,48.0,41,90,0.456,15,36,0.417,20,29,0.69,10,38,48,27,17.0,11,8,5,24,19,117,10.0,1,1,1,1,3,12,7,15,10,14,9,14,7,18,14,5,6,7,9,8,3,15,13,18,10,5,,107.3,110.8,18.2,9,12,17,99.1,22,9,90.42,6,1,8.3,108.5,0.226,0.774,0.569,9,11.0,0.531,2,106.6,95.6,109,6,0.659,1.59,5,0.5,12,0.539,0.156,7,13,49,0.138,76,261,261,4,0.103,36,WAS,5,1.0,9,2,0.077,3,0.051,23,39,14,4,4,4,19,0.103,0.359,0.474,0.59,19.0,2.94,11,0.0,388,117,3,172,2.32,18,0.302,0.722,0.909,0.333,70,0.263,0.686,17,0.691,6,0.6,16,4,0,7.3,10,55,0.588,27,0.745,30,3,0.727,4,8.6,0.588,7.6,,,,,,,,,,,,,,,,,,,,,,,,,,,,,,,,,,,,,,,,,,,,,,,,,,,,,,,,0,,0,,,0,0.8,0.48,0.5,13,10,35,0.539,0.0,0,10,5,0.357,0,8,16,5,4,12,3,0.0,0.64,0.8,28,6,0.353,1,0.333,4,0.625,25,0,17,0.333,0.589,0.382,0.045,45,71,0.634,0.607,16,0.0,9,28,0.0,0.0,0.563,10,0,0.3,0.333,0,17,6,0.0,4,0,3,0.333,20,0.0,0.4,6,2,9,1,0,,0,,,,16.0,18,21.0,8,24,40.0,12,17.0,48.0,5,5.0,18.0,15,9,11,21.0,2026,20251024,False
1610612737,Atlanta Hawks,1,0,1,0.0,48.0,35,85,0.412,16,39,0.41,14,21,0.667,15,31,46,25,17.0,7,5,3,23,19,100,-17.0,1,6,6,6,1,9,8,8,3,4,2,10,9,10,1,8,4,6,6,6,1,3,4,10,9,8,,104.2,97.8,18.0,7,7,7,123.2,3,7,79.58,2,8,-19.0,95.5,0.333,0.627,0.531,6,-13.8,0.406,10,103.9,117.8,96,8,0.714,1.47,9,0.476,8,0.506,0.177,7,8,61,0.109,68,312,312,6,0.08,34,ATL,3,0.875,7,4,0.052,3,0.069,22,58,30,6,7,8,19,0.103,0.517,0.368,0.379,19.3,2.66,3,0.0,436,100,2,232,2.11,22,0.229,0.636,0.0,0.391,78,0.323,0.59,27,0.596,8,0.533,18,10,4,6.5,10,52,0.556,21,0.674,28,7,0.676,6,7.9,0.652,7.0,,,,,,,,,,,,,,,,,,,,,,,,,,,,,,,,,,,,,,,,,,,,,,,,,,,,,,,,0,,0,,,0,0.0,0.405,0.5,14,0,44,0.506,0.0,0,8,8,0.421,0,20,9,8,2,24,12,0.0,0.6,0.25,19,2,0.286,6,0.5,8,0.4,15,0,7,0.333,0.67,0.412,-0.007,73,110,0.664,0.579,21,0.0,5,19,0.0,0.0,0.381,10,0,0.421,0.4,0,11,11,0.0,3,0,2,0.273,19,0.0,0.3,8,3,8,0,0,,0,,,,30.0,9,17.0,10,10,34.0,10,29.0,50.0,10,9.0,13.0,4,6,6,9.0,2026,20251025,False
1610612766,Charlotte Hornets,1,0,1,0.0,48.0,43,89,0.483,16,42,0.381,19,28,0.679,13,32,45,30,17.0,6,3,5,26,25,121,-4.0,1,6,6,6,1,2,3,2,3,2,4,6,6,9,4,6,6,3,6,8,7,7,8,4,4,6,,117.5,105.2,19.9,5,5,5,120.2,2,6,86.25,5,7,-2.7,103.5,0.34,0.673,0.597,3,-4.1,0.478,4,114.9,119.0,103,6,0.698,1.76,5,0.505,2,0.573,0.165,6,3,50,0.127,79,268,268,2,0.112,34,CHA,2,0.5,9,3,0.089,5,0.054,21,56,25,8,3,6,20,0.143,0.446,0.45,0.375,21.0,3.12,12,0.0,404,121,3,203,2.5,28,0.3,0.857,0.833,0.356,93,0.313,0.484,33,0.508,6,0.462,16,9,2,7.6,10,63,0.394,22,0.571,29,7,0.536,7,11.1,0.419,8.6,,,,,,,,,,,,,,,,,,,,,,,,,,,,,,,,,,,,,,,,,,,,,,,,,,,,,,,,0,,0,,,0,0.8,0.412,0.846,24,10,41,0.573,0.0,0,12,4,0.375,0,10,20,2,1,10,8,0.0,0.714,0.5,32,3,0.333,3,0.375,4,0.4,28,0,9,0.4,0.622,0.337,-0.046,34,59,0.576,0.69,14,0.0,7,29,0.0,0.0,0.357,5,0,0.379,0.429,0,20,5,0.0,2,0,3,0.4,29,0.0,0.4,11,2,5,0,0,,0,,,,15.0,6,13.0,7,4,48.0,5,23.0,40.0,6,16.0,18.0,7,7,4,14.0,2026,20251025,False
1610612741,Chicago Bulls,1,1,0,1.0,48.0,39,83,0.47,10,27,0.37,22,29,0.759,9,37,46,26,20.0,13,2,5,26,25,110,12.0,1,1,1,1,1,6,10,4,8,9,6,5,5,7,10,3,4,5,8,2,9,7,8,4,7,4,,102.8,106.6,18.2,8,9,8,90.7,10,3,89.58,7,1,12.1,107.5,0.208,0.667,0.574,5,11.0,0.604,6,103.0,92.0,107,4,0.667,1.3,1,0.457,6,0.53,0.187,9,6,36,0.1,65,309,309,3,0.084,31,CHI,2,0.75,10,8,0.033,2,0.133,32,60,22,6,12,16,25,0.1,0.367,0.4,0.533,20.8,2.88,11,0.889,433,110,9,238,2.23,19,0.254,0.895,0.364,0.261,75,0.216,0.613,20,0.649,4,0.444,12,7,1,6.6,8,57,0.45,29,0.725,34,5,0.676,6,4.9,0.474,6.3,,,,,,,,,,,,,,,,,,,,,,,,,,,,,,,,,,,,,,,,,,,,,,,,,,,,,,,,0,,0,,,0,0.333,0.4,0.7,17,4,28,0.53,0.75,8,8,2,0.444,0,9,20,3,2,21,6,0.0,0.667,0.667,18,2,0.4,0,0.0,7,0.222,30,0,5,0.333,0.667,0.446,-0.021,53,82,0.646,0.618,12,0.0,3,34,0.0,0.0,0.167,2,0,0.533,0.0,0,21,17,0.0,1,0,0,0.412,15,0.0,0.5,8,7,2,0,0,,0,,,,29.0,4,24.0,3,8,54.0,9,13.0,58.0,2,13.0,10.0,2,3,9,22.0,2026,20251025,False
1610612743,Denver Nuggets,1,1,0,1.0,48.0,43,84,0.512,9,31,0.29,38,42,0.905,11,32,43,31,16.0,14,1,4,23,29,133,22.0,1,1,1,1,1,2,9,1,9,8,9,1,1,1,6,6,8,1,5,1,10,5,4,1,1,2,,125.5,106.6,20.5,2,3,2,105.7,3,1,87.92,1,5,19.8,105.5,0.333,0.706,0.649,2,18.7,0.644,3,123.7,105.0,106,2,0.721,1.94,3,0.538,3,0.565,0.151,5,1,55,0.143,82,272,272,2,0.114,39,DEN,6,0.833,6,3,0.154,4,0.115,17,26,7,5,5,6,10,0.192,0.269,0.6,0.654,21.4,3.23,26,1.125,397,133,8,198,2.19,29,0.335,1.345,1.077,0.488,74,0.531,0.581,22,0.615,4,0.364,21,3,0,5.2,17,52,0.5,15,0.653,22,7,0.606,3,7.0,0.5,5.6,,,,,,,,,,,,,,,,,,,,,,,,,,,,,,,,,,,,,,,,,,,,,,,,,,,,,,,,0,,0,,,0,0.727,0.32,0.789,39,28,23,0.565,0.5,9,6,2,0.25,1,6,27,2,0,8,4,1.0,0.692,0.0,24,3,0.5,2,0.5,4,0.333,39,1,6,0.5,0.645,0.273,0.061,36,51,0.706,0.683,14,1.0,6,41,0.0,0.0,0.214,2,1,0.313,0.5,0,28,4,0.0,0,1,3,0.75,16,0.0,0.0,5,3,3,0,0,,0,,,,14.0,1,28.0,6,4,62.0,4,19.0,34.0,1,16.0,11.0,3,2,1,28.0,2026,20251025,False
1610612754,Indiana Pacers,1,0,1,0.0,48.0,36,89,0.404,14,40,0.35,17,23,0.739,11,33,44,25,13.0,2,5,4,21,22,103,-25.0,1,6,6,6,1,8,3,9,6,3,7,8,7,8,6,5,7,6,2,10,1,5,2,8,8,10,,101.0,104.1,18.0,4,10,9,126.7,9,9,84.58,6,10,-25.8,101.5,0.232,0.673,0.52,6,-17.7,0.388,5,101.9,119.5,102,10,0.694,1.92,7,0.45,9,0.483,0.127,2,9,47,0.096,67,334,334,5,0.075,32,IND,2,0.75,8,4,0.033,2,0.066,23,61,29,5,6,8,24,0.082,0.475,0.333,0.377,20.6,2.65,6,0.667,465,103,6,253,2.0,24,0.222,0.667,0.333,0.318,77,0.152,0.571,18,0.541,9,0.818,14,9,0,7.2,5,61,0.611,28,0.635,30,2,0.647,9,6.6,0.611,7.1,,,,,,,,,,,,,,,,,,,,,,,,,,,,,,,,,,,,,,,,,,,,,,,,,,,,,,,,0,,0,,,0,0.5,0.429,0.7,16,2,35,0.483,0.5,4,11,3,0.324,0,6,14,4,2,18,2,0.0,0.609,0.5,34,4,0.5,1,0.5,4,0.5,23,0,8,0.222,0.619,0.359,-0.04,40,69,0.58,0.556,25,0.0,3,27,,,0.4,6,0,0.316,0.333,0,15,9,,3,0,1,0.111,19,0.0,0.5,6,1,10,0,0,,0,,,,19.0,8,5.0,2,9,36.0,8,12.0,56.0,5,10.0,19.0,8,10,8,17.0,2026,20251025,False
1610612763,Memphis Grizzlies,1,1,0,1.0,48.0,44,97,0.454,15,39,0.385,25,32,0.781,10,39,49,31,6.0,6,4,5,22,21,128,25.0,1,1,1,1,1,1,1,6,5,4,3,3,3,5,9,1,3,1,1,8,5,7,3,9,2,1,,126.7,104.1,20.8,1,1,1,101.0,6,2,84.58,4,2,25.8,101.5,0.327,0.768,0.576,1,17.7,0.612,2,119.5,101.9,101,1,0.705,5.17,7,0.55,5,0.531,0.059,1,5,60,0.14,86,279,279,3,0.111,39,MEM,5,0.7,11,6,0.0,0,0.146,31,41,9,2,7,10,26,0.049,0.22,0.423,0.756,20.7,3.06,7,0.0,405,128,1,217,2.45,24,0.316,0.708,0.571,0.347,85,0.308,0.576,24,0.619,5,0.5,17,8,1,7.0,12,63,0.417,27,0.696,31,4,0.636,7,6.5,0.435,6.9,,,,,,,,,,,,,,,,,,,,,,,,,,,,,,,,,,,,,,,,,,,,,,,,,,,,,,,,0,,0,,,0,1.0,0.343,0.667,17,4,36,0.531,0.0,0,14,1,0.424,0,6,15,2,0,24,4,0.0,0.517,0.0,33,1,0.2,1,0.25,13,0.167,29,0,5,0.542,0.592,0.401,0.003,69,116,0.595,0.515,17,0.0,4,33,,,0.412,6,0,0.364,0.25,0,17,15,,4,0,1,0.467,22,0.0,0.667,8,7,7,0,0,,0,,,,10.0,3,12.0,1,3,56.0,2,5.0,36.0,3,19.0,17.0,6,9,3,19.0,2026,20251025,False
1610612760,Oklahoma City Thunder,1,1,0,1.0,48.0,43,93,0.462,14,37,0.378,17,19,0.895,15,35,50,21,13.0,13,3,5,19,23,117,17.0,1,1,1,1,1,2,2,5,6,7,5,8,10,2,1,4,2,9,2,2,7,7,1,6,5,3,,123.2,97.8,15.6,6,4,3,104.2,1,4,79.58,9,4,19.0,95.5,0.373,0.667,0.577,9,13.8,0.594,6,117.8,103.9,95,3,0.488,1.62,9,0.524,4,0.538,0.137,3,4,45,0.082,56,280,280,1,0.075,23,OKC,1,1.0,12,3,0.034,2,0.051,31,59,23,4,6,6,29,0.068,0.39,0.414,0.525,21.7,3.18,4,0.833,408,117,6,213,2.63,28,0.287,0.857,1.0,0.42,90,0.229,0.556,35,0.593,13,0.867,21,2,0,6.6,8,59,0.429,27,0.614,29,2,0.568,2,4.9,0.429,6.1,,,,,,,,,,,,,,,,,,,,,,,,,,,,,,,,,,,,,,,,,,,,,,,,,,,,,,,,0,,0,,,0,1.0,0.406,0.733,24,4,38,0.538,0.667,5,11,3,0.393,0,9,18,1,0,17,8,0.0,0.581,0.0,28,4,0.5,3,0.375,7,0.333,31,0,8,0.412,0.575,0.24,0.062,44,69,0.638,0.571,13,0.0,3,35,0.0,0.0,0.308,12,0,0.417,0.333,0,20,5,0.0,8,0,1,0.0,24,0.0,0.667,10,0,4,1,0,,0,,,,9.0,5,29.0,5,1,50.0,1,17.0,34.0,7,30.0,9.0,1,1,1,13.0,2026,20251025,False
1610612753,Orlando Magic,1,0,1,0.0,48.0,34,87,0.391,3,24,0.125,27,33,0.818,15,38,53,12,20.0,8,5,2,25,26,98,-12.0,1,6,6,6,1,10,6,10,10,10,10,2,2,3,1,2,1,10,8,5,1,2,6,2,10,7,,90.7,106.6,8.6,10,2,10,102.8,3,8,89.58,10,3,-12.1,107.5,0.333,0.792,0.483,10,-11.0,0.396,1,92.0,103.0,108,7,0.353,0.6,1,0.543,10,0.408,0.185,8,10,35,0.053,30,283,283,1,0.042,15,ORL,2,0.688,15,8,0.085,5,0.136,42,59,14,1,11,16,32,0.017,0.237,0.469,0.712,21.0,3.02,6,0.5,417,98,2,208,2.22,24,0.235,1.125,0.667,0.396,75,0.289,0.707,29,0.745,10,0.667,21,5,0,4.5,11,51,0.517,27,0.826,32,5,0.757,5,4.8,0.517,4.6,,,,,,,,,,,,,,,,,,,,,,,,,,,,,,,,,,,,,,,,,,,,,,,,,,,,,,,,0,,0,,,0,0.667,0.118,0.818,27,4,6,0.408,0.0,1,3,0,0.188,0,8,22,5,0,17,3,0.0,0.55,0.0,16,2,0.333,0,0.0,7,0.0,40,0,6,0.412,0.614,0.359,-0.001,57,93,0.613,0.537,12,0.0,2,41,0.0,0.0,0.083,4,0,0.2,0.5,0,22,13,0.0,1,0,1,0.462,15,0.0,0.25,3,6,1,0,0,,0,,,,13.0,2,13.0,8,2,58.0,3,24.0,54.0,9,29.0,22.0,9,7,7,10.0,2026,20251025,False
1610612755,Philadelphia 76ers,1,1,0,1.0,48.0,41,87,0.471,18,39,0.462,25,32,0.781,11,29,40,29,15.0,10,5,3,25,26,125,4.0,1,1,1,1,1,5,6,3,1,4,1,3,3,5,6,9,9,4,4,4,1,3,6,2,3,5,,120.2,105.2,19.3,3,6,4,117.5,7,5,86.25,3,6,2.7,103.5,0.327,0.66,0.618,4,4.1,0.522,9,119.0,114.9,104,5,0.707,1.93,5,0.495,1,0.575,0.144,4,2,44,0.098,78,348,348,3,0.083,34,PHI,2,0.75,7,4,0.049,2,0.098,21,41,12,3,6,8,22,0.073,0.293,0.318,0.512,20.8,2.63,4,0.667,476,125,3,252,1.97,15,0.263,0.8,0.5,0.275,84,0.207,0.476,29,0.46,5,0.455,11,5,0,7.6,6,63,0.379,23,0.5,29,6,0.506,5,6.1,0.379,7.2,,,,,,,,,,,,,,,,,,,,,,,,,,,,,,,,,,,,,,,,,,,,,,,,,,,,,,,,0,,0,,,0,0.5,0.5,0.6,12,2,44,0.575,1.0,2,17,1,0.515,0,6,14,3,1,14,3,0.0,0.519,0.333,33,3,0.429,0,0.0,6,0.167,27,0,7,0.429,0.687,0.317,-0.021,38,57,0.667,0.5,8,0.0,5,30,0.0,0.0,0.125,5,0,0.531,0.2,0,15,7,0.0,2,0,1,0.714,32,0.0,0.4,17,5,1,0,0,,0,,,,16.0,7,23.0,3,6,40.0,6,13.0,48.0,4,15.0,14.0,5,4,5,18.0,2026,20251025,False
1610612756,Phoenix Suns,1,0,1,0.0,48.0,38,88,0.432,17,50,0.34,18,22,0.818,12,26,38,24,20.0,7,4,1,29,23,111,-22.0,1,6,6,6,1,7,5,7,2,1,8,7,8,3,5,10,10,8,8,6,5,1,10,6,6,9,,105.7,106.6,16.7,9,8,6,125.5,8,10,87.92,8,9,-19.8,105.5,0.294,0.667,0.568,8,-18.7,0.356,6,105.0,123.7,105,9,0.632,1.2,3,0.462,7,0.528,0.19,10,7,54,0.102,73,304,304,2,0.079,31,PHX,5,1.0,7,1,0.128,5,0.026,16,39,18,5,2,2,12,0.128,0.462,0.583,0.41,20.8,2.84,12,0.667,439,111,3,234,1.95,24,0.253,0.75,0.667,0.289,70,0.154,0.543,26,0.578,7,0.583,11,5,0,7.1,4,45,0.462,22,0.65,27,5,0.585,5,6.0,0.462,6.8,,,,,,,,,,,,,,,,,,,,,,,,,,,,,,,,,,,,,,,,,,,,,,,,,,,,,,,,0,,0,,,0,0.333,0.306,0.5,18,8,33,0.528,1.0,2,12,5,0.308,0,11,13,6,2,15,5,0.0,0.765,0.333,39,4,0.667,3,0.6,4,0.455,17,0,6,0.267,0.694,0.362,-0.009,63,92,0.685,0.722,17,0.0,3,18,0.0,0.0,0.412,6,0,0.303,0.667,0,13,10,0.0,2,0,2,0.4,33,0.0,0.333,10,4,7,1,0,,0,,,,16.0,9,19.0,9,7,34.0,6,28.0,62.0,8,14.0,28.0,10,5,10,11.0,2026,20251025,False
1610612738,Boston Celtics,1,0,1,0.0,48.0,40,94,0.426,15,45,0.333,18,24,0.75,12,26,38,17,12.0,11,8,5,26,24,113,-6.0,1,10,10,10,1,7,4,14,3,3,10,13,13,12,8,16,16,18,1,6,1,12,10,10,12,12,,114.1,105.2,12.7,11,18,8,120.2,7,12,82.5,18,15,-6.1,99.0,0.333,0.526,0.54,18,-4.4,0.446,18,108.1,112.4,99,13,0.425,1.42,15,0.43,14,0.505,0.121,2,15,42,0.074,49,272,272,1,0.063,20,BOS,2,1.0,12,5,0.027,1,0.135,34,37,12,3,8,8,19,0.081,0.324,0.632,0.919,20.5,3.09,3,0.0,398,113,1,198,2.49,14,0.284,0.571,0.667,0.342,93,0.192,0.409,30,0.394,8,0.667,13,6,1,6.6,5,66,0.4,21,0.426,25,4,0.437,5,8.5,0.414,7.2,,,,,,,,,,,,,,,,,,,,,,,,,,,,,,,,,,,,,,,,,,,,,,,,,,,,,,0.382,16.0,31,0.456,34,0.313,5.0,13,0.5,0.323,0.444,8,2,30,0.505,0.0,0,13,2,0.325,0,5,7,3,1,24,2,0.0,0.583,0.333,40,5,0.385,1,0.5,13,0.4,12,0,13,0.542,0.617,0.3,0.004,49,79,0.62,0.611,10,0.0,6,18,0.0,0.0,0.4,9,0,0.314,0.333,0,11,13,0.0,6,0,2,0.462,35,0.0,0.667,11,6,4,3,10,0.345,31,29.0,10.0,0.484,32.0,16,13.0,2,5,40.0,18,13.0,50.0,11,19.0,21.0,12,16,12,14.0,2026,20251026,False
1610612751,Brooklyn Nets,1,0,1,0.0,48.0,34,87,0.391,16,50,0.32,23,24,0.958,11,23,34,22,12.0,9,0,6,30,23,107,-11.0,1,10,10,10,1,17,10,16,2,2,11,10,13,1,10,18,18,14,1,10,18,14,18,13,16,17,,112.6,98.2,16.5,3,16,9,124.2,12,17,79.17,5,16,-11.6,95.0,0.302,0.605,0.548,11,-12.0,0.408,17,108.6,120.6,95,17,0.647,1.83,17,0.438,15,0.483,0.126,3,13,51,0.086,60,301,301,3,0.073,26,BKN,1,1.0,7,4,0.04,2,0.08,23,50,23,5,8,8,19,0.1,0.46,0.368,0.46,22.1,3.13,13,0.0,423,107,1,239,2.39,18,0.253,0.667,0.308,0.265,75,0.13,0.453,35,0.535,6,0.545,9,8,0,6.6,3,43,0.314,20,0.657,25,5,0.507,8,8.6,0.314,7.3,,,,,,,,,,,,,,,,,,,,,,,,,,,,,,,,,,,,,,,,,,,,,,,,,,,,,,0.324,16.0,27,0.397,34,0.313,5.0,11,0.25,0.324,0.625,12,4,35,0.483,0.0,0,15,1,0.375,0,10,10,2,0,9,8,0.0,0.714,0.0,40,4,0.286,1,0.125,4,0.1,14,0,14,0.444,0.67,0.38,0.014,65,95,0.684,0.688,18,0.0,6,16,0.0,0.0,0.167,12,0,0.406,0.333,0,11,3,0.0,4,0,2,0.333,32,0.0,0.333,13,1,3,0,12,0.324,37,34.0,11.0,0.473,18.0,18,21.0,7,7,28.0,13,18.0,48.0,13,17.0,25.0,16,8,8,10.0,2026,20251026,False
1610612766,Charlotte Hornets,1,1,0,1.0,48.0,47,92,0.511,15,38,0.395,30,36,0.833,11,41,52,30,12.0,12,4,4,16,27,139,26.0,1,1,1,1,1,3,6,3,3,8,3,3,4,7,10,1,2,3,1,2,8,8,1,3,1,1,,127.5,109.4,19.6,1,2,1,104.6,13,1,90.42,7,2,22.9,108.5,0.292,0.811,0.644,3,25.0,0.638,1,127.7,102.7,109,1,0.638,2.5,3,0.564,3,0.592,0.11,1,3,50,0.141,79,270,270,5,0.111,38,CHA,3,1.0,12,6,0.059,3,0.118,36,51,16,5,10,10,25,0.098,0.314,0.48,0.706,21.0,3.17,13,0.0,398,139,1,188,2.64,23,0.349,0.913,0.615,0.25,87,0.195,0.598,31,0.695,5,0.455,13,5,1,6.9,8,59,0.355,33,0.745,39,6,0.634,4,6.3,0.367,6.8,,,,,,,,,,,,,,,,,,,,,,,,,,,,,,,,,,,,,,,,,,,,,,,,,,,,,,0.143,10.0,6,0.214,14,0.2,2.0,2,0.5,0.5,0.692,21,8,43,0.592,0.0,0,11,4,0.407,0,11,22,3,1,19,8,0.0,0.647,0.333,27,1,1.0,3,0.375,9,0.364,34,0,1,0.474,0.602,0.346,-0.058,50,92,0.543,0.622,13,0.0,0,37,,,0.462,8,0,0.375,0.0,1,23,8,,4,0,0,0.5,24,0.5,0.5,9,4,6,2,15,0.464,30,28.0,13.0,0.717,11.0,2,23.0,5,7,62.0,2,16.0,46.0,9,17.0,18.0,11,7,6,17.0,2026,20251026,False
1610612739,Cleveland Cavaliers,1,1,0,1.0,48.0,39,87,0.448,12,40,0.3,28,35,0.8,10,34,44,23,17.0,10,2,6,23,26,118,5.0,1,1,1,1,1,9,10,11,10,6,14,5,7,9,13,9,11,12,13,8,14,14,5,6,7,8,,114.6,104.9,16.2,16,4,7,109.7,4,9,85.83,14,6,4.9,103.0,0.347,0.778,0.576,13,-4.8,0.504,2,107.9,112.6,103,8,0.59,1.35,9,0.553,11,0.517,0.165,14,9,48,0.098,63,307,307,4,0.075,30,CLE,3,0.833,9,3,0.028,1,0.083,23,36,12,2,5,6,17,0.056,0.333,0.529,0.639,19.3,2.6,17,0.0,445,118,1,234,1.8,26,0.265,0.5,0.588,0.159,77,0.088,0.571,27,0.642,4,0.4,7,8,0,5.8,3,53,0.37,30,0.756,36,6,0.638,8,9.3,0.37,6.6,,,,,,,,,,,,,,,,,,,,,,,,,,,,,,,,,,,,,,,,,,,,,,,,,,,,,,0.467,14.0,31,0.517,30,0.214,3.0,14,0.4,0.321,0.385,13,10,27,0.517,0.0,0,9,3,0.31,0,11,13,5,1,15,6,0.0,0.619,0.2,29,7,0.636,2,0.333,7,0.273,21,0,11,0.467,0.646,0.304,-0.001,51,79,0.646,0.591,15,0.0,5,22,0.0,0.0,0.333,10,0,0.28,0.8,0,13,10,0.0,5,0,4,0.5,25,0.0,0.5,7,5,5,0,9,0.346,28,26.0,9.0,0.482,8.0,16,24.0,8,12,40.0,1,19.0,48.0,16,14.0,5.0,1,5,8,7.0,2026,20251026,False
1610612742,Dallas Mavericks,1,1,0,1.0,48.0,50,85,0.588,10,26,0.385,29,39,0.744,12,37,49,32,20.0,12,7,1,26,28,139,10.0,1,1,1,1,1,1,12,1,14,17,7,4,2,14,8,4,5,2,17,2,3,2,10,2,1,3,,127.5,111.4,20.9,6,7,1,116.2,14,6,91.67,6,13,11.3,110.0,0.286,0.661,0.68,1,11.6,0.563,13,126.2,114.6,109,3,0.64,1.6,1,0.5,1,0.647,0.183,17,1,41,0.135,80,289,289,4,0.111,39,DAL,3,0.833,12,6,0.043,2,0.128,37,47,15,5,10,12,23,0.106,0.319,0.522,0.787,22.1,3.17,12,0.0,419,139,2,194,2.43,30,0.332,1.167,0.583,0.224,80,0.081,0.613,20,0.587,8,0.667,11,7,1,6.8,3,63,0.6,34,0.649,38,4,0.671,6,7.4,0.632,6.9,,,,,,,,,,,,,,,,,,,,,,,,,,,,,,,,,,,,,,,,,,,,,,,,,,,,,,0.435,8.0,23,0.5,23,0.375,3.0,10,1.0,0.421,0.882,35,7,23,0.647,0.0,0,7,3,0.467,0,11,25,2,0,17,9,0.0,0.806,0.0,15,5,0.455,3,0.333,10,0.273,31,0,11,0.588,0.651,0.357,0.006,65,99,0.657,0.818,19,0.0,6,33,0.0,0.0,0.474,3,0,0.333,0.333,0,27,15,0.0,1,0,2,0.533,9,0.0,0.333,3,8,9,0,8,0.389,19,18.0,7.0,0.605,11.0,1,20.0,17,15,70.0,2,30.0,58.0,5,12.0,21.0,12,9,15,22.0,2026,20251026,False
1610612765,Detroit Pistons,1,1,0,1.0,48.0,39,93,0.419,9,34,0.265,32,36,0.889,19,36,55,22,16.0,7,5,8,24,26,119,6.0,1,1,1,1,1,9,5,15,17,10,18,2,4,4,1,6,1,14,7,14,6,17,7,6,6,7,,120.2,105.2,14.9,14,1,4,114.1,1,7,82.5,15,11,6.1,99.0,0.474,0.667,0.547,16,4.4,0.554,12,112.4,108.1,99,6,0.564,1.38,15,0.57,16,0.468,0.162,13,14,54,0.097,59,288,288,2,0.076,28,DET,4,1.0,8,5,0.043,2,0.109,26,46,19,3,10,10,19,0.065,0.413,0.421,0.565,21.2,3.04,12,0.25,419,119,8,226,2.34,33,0.284,1.0,0.167,0.509,103,0.417,0.534,42,0.563,13,0.684,28,7,3,6.5,15,64,0.452,21,0.6,27,6,0.573,4,6.4,0.487,6.5,,,,,,,,,,,,,,,,,,,,,,,,,,,,,,,,,,,,,,,,,,,,,,,,,,,,,,0.375,7.0,15,0.469,16,0.429,3.0,6,0.25,0.207,0.722,33,2,18,0.468,0.25,2,7,2,0.318,0,12,17,9,1,23,3,0.0,0.654,0.111,22,5,0.5,1,0.333,8,0.167,26,0,10,0.348,0.566,0.34,-0.094,42,89,0.472,0.645,15,0.0,4,31,0.0,0.0,0.2,6,0,0.35,0.25,0,20,17,0.0,1,0,1,0.412,20,0.0,0.167,7,7,3,0,6,0.222,28,27.0,6.0,0.321,19.0,7,13.0,2,1,50.0,14,13.0,40.0,6,32.0,14.0,7,16,2,21.0,2026,20251026,False
1610612754,Indiana Pacers,1,0,1,0.0,48.0,39,91,0.429,14,40,0.35,18,27,0.667,16,33,49,24,17.0,7,5,4,27,24,110,-4.0,1,10,10,10,1,9,8,13,6,6,9,13,11,17,3,11,5,10,13,14,6,8,14,10,15,10,,108.9,102.6,16.6,12,7,15,111.8,5,11,84.58,9,9,-2.9,101.5,0.345,0.673,0.535,10,-6.7,0.465,11,105.9,112.6,101,10,0.615,1.41,13,0.5,12,0.505,0.168,15,16,50,0.105,67,324,324,7,0.074,34,IND,3,0.75,11,2,0.08,4,0.04,26,50,17,3,3,4,23,0.06,0.34,0.478,0.52,20.0,2.61,8,0.333,459,110,6,259,1.97,21,0.24,0.857,0.75,0.265,79,0.121,0.62,30,0.623,9,0.563,13,10,3,6.1,4,53,0.533,29,0.717,36,7,0.71,7,7.4,0.593,6.6,,,,,,,,,,,,,,,,,,,,,,,,,,,,,,,,,,,,,,,,,,,,,,,,,,,,,,0.261,9.0,15,0.326,23,0.333,3.0,6,0.5,0.344,0.667,18,6,33,0.505,0.0,2,12,2,0.343,0,5,20,3,2,13,2,0.0,0.667,0.667,35,1,0.125,0,0.0,4,0.4,30,0,8,0.308,0.622,0.348,-0.007,59,96,0.615,0.606,21,0.0,6,33,0.0,0.0,0.286,8,0,0.421,0.0,0,20,4,0.0,3,0,0,0.5,19,0.0,0.375,8,2,6,0,11,0.367,31,30.0,11.0,0.532,13.0,8,15.0,15,2,48.0,5,26.0,54.0,4,21.0,7.0,2,15,13,23.0,2026,20251026,False
1610612746,LA Clippers,1,1,0,1.0,48.0,44,80,0.55,12,31,0.387,14,15,0.933,7,39,46,26,24.0,11,8,2,27,21,114,7.0,1,1,1,1,1,5,15,2,10,15,6,17,18,2,17,3,9,5,18,6,1,4,14,15,10,5,,110.7,104.3,18.7,18,6,12,104.9,15,3,85.42,13,3,5.8,102.5,0.278,0.645,0.658,4,8.1,0.59,16,110.0,101.9,103,7,0.591,1.08,11,0.51,2,0.625,0.233,18,2,37,0.104,62,289,289,4,0.09,30,LAC,0,0.833,9,3,0.095,4,0.071,23,42,14,6,5,6,19,0.143,0.333,0.474,0.548,24.9,3.54,10,0.889,422,114,9,212,2.81,20,0.27,1.05,1.0,0.326,100,0.256,0.46,25,0.5,5,0.714,15,11,0,6.6,10,78,0.28,29,0.582,31,2,0.517,11,12.3,0.28,7.5,,,,,,,,,,,,,,,,,,,,,,,,,,,,,,,,,,,,,,,,,,,,,,,,,,,,,,0.429,12.0,29,0.518,28,0.417,5.0,12,0.8,0.4,0.833,21,10,23,0.625,0.8,8,8,4,0.308,0,5,16,2,2,21,3,0.0,0.727,1.0,26,1,0.167,2,0.667,15,0.8,22,0,6,0.714,0.683,0.301,-0.041,52,81,0.642,0.76,8,0.0,4,25,,,0.75,11,0,0.261,0.25,0,19,8,,6,0,1,0.75,23,0.0,0.545,6,6,6,1,8,0.368,20,19.0,7.0,0.575,16.0,2,16.0,17,13,62.0,9,30.0,44.0,13,13.0,29.0,17,13,5,10.0,2026,20251026,False
1610612747,Los Angeles Lakers,1,1,0,1.0,48.0,39,80,0.488,8,25,0.32,41,46,0.891,10,37,47,26,17.0,9,3,4,17,26,127,7.0,1,1,1,1,1,9,15,7,18,18,11,1,1,3,13,4,8,5,13,10,12,8,3,6,4,5,,118.7,109.6,17.8,8,5,5,111.1,11,5,89.58,3,8,7.6,107.5,0.302,0.678,0.633,6,11.2,0.578,10,118.4,107.2,107,4,0.667,1.53,5,0.52,7,0.538,0.159,12,4,42,0.139,64,237,237,4,0.11,33,LAL,3,0.9,10,5,0.028,1,0.139,29,36,12,2,9,10,18,0.056,0.333,0.556,0.806,20.7,3.45,15,1.143,361,127,7,156,2.83,25,0.352,1.08,0.867,0.362,83,0.324,0.566,21,0.569,5,0.5,17,7,1,6.2,12,65,0.476,25,0.627,30,5,0.618,6,4.2,0.5,5.8,,,,,,,,,,,,,,,,,,,,,,,,,,,,,,,,,,,,,,,,,,,,,,,,,,,,,,0.417,11.0,26,0.542,24,0.545,6.0,10,0.667,0.188,0.647,27,13,8,0.538,0.75,8,8,0,0.381,0,4,11,0,0,24,4,0.0,0.478,0.0,21,3,0.375,0,0.0,17,0.0,23,0,8,0.708,0.614,0.292,-0.011,47,78,0.603,0.586,9,0.0,5,29,0.0,0.0,0.222,9,0,0.438,0.2,0,17,11,0.0,4,0,1,0.727,16,0.0,0.444,7,8,2,1,3,0.143,16,14.0,2.0,0.25,21.0,5,27.0,13,11,56.0,15,24.0,46.0,11,15.0,16.0,9,3,6,14.0,2026,20251026,False
1610612748,Miami Heat,1,1,0,1.0,48.0,38,83,0.458,13,37,0.351,26,31,0.839,9,41,50,25,16.0,7,1,3,16,24,115,8.0,1,1,1,1,1,15,14,9,7,9,8,8,9,6,15,1,4,7,7,14,16,6,1,10,9,4,,109.5,105.4,17.5,7,7,14,102.9,16,4,87.08,4,1,6.6,104.5,0.265,0.689,0.595,9,11.2,0.583,9,111.0,99.8,105,5,0.658,1.56,7,0.5,8,0.536,0.152,8,7,49,0.119,66,252,252,4,0.099,30,MIA,1,0.813,8,8,0.093,4,0.186,29,43,14,2,13,16,17,0.047,0.326,0.471,0.674,18.5,2.93,2,0.0,378,115,5,175,2.45,12,0.304,1.25,1.0,0.24,97,0.244,0.515,22,0.539,2,0.222,12,9,2,6.1,10,76,0.409,31,0.594,38,7,0.568,7,16.9,0.45,8.1,,,,,,,,,,,,,,,,,,,,,,,,,,,,,,,,,,,,,,,,,,,,,,,,,,,,,,0.286,3.0,9,0.321,14,0.333,1.0,4,1.0,0.389,0.75,15,2,40,0.536,0.0,0,12,1,0.414,0,8,19,2,0,10,6,0.0,0.655,0.0,29,1,0.143,1,0.167,5,0.125,29,0,7,0.5,0.629,0.258,0.042,49,73,0.671,0.633,16,0.0,1,30,,,0.25,5,0,0.417,0.0,0,19,7,,2,0,0,0.429,24,0.0,0.4,10,3,4,0,14,0.353,36,34.0,12.0,0.556,21.0,8,20.0,1,7,48.0,15,11.0,42.0,1,17.0,10.0,4,9,4,31.0,2026,20251026,False
1610612749,Milwaukee Bucks,1,0,1,0.0,48.0,40,79,0.506,13,33,0.394,20,28,0.714,9,28,37,25,18.0,12,6,2,26,23,113,-5.0,1,10,10,10,1,7,17,4,7,12,4,12,10,15,15,14,17,7,16,2,4,4,10,13,12,11,,109.7,104.9,18.2,13,15,13,114.6,17,10,85.83,8,12,-4.9,103.0,0.222,0.653,0.619,5,4.8,0.496,15,112.6,107.9,103,11,0.625,1.39,9,0.447,4,0.589,0.175,16,6,47,0.109,66,302,302,5,0.083,33,MIL,3,0.5,11,3,0.071,3,0.071,25,42,16,5,3,6,20,0.119,0.381,0.55,0.595,22.9,3.19,6,0.0,431,113,4,222,2.21,17,0.262,1.118,0.833,0.432,65,0.429,0.569,16,0.56,4,0.444,16,4,0,6.3,12,50,0.563,16,0.609,20,4,0.607,4,7.1,0.563,6.5,,,,,,,,,,,,,,,,,,,,,,,,,,,,,,,,,,,,,,,,,,,,,,,,,,,,,,0.412,10.0,18,0.529,17,0.4,4.0,7,1.0,0.423,0.889,19,5,31,0.589,0.0,0,10,3,0.345,0,4,22,2,1,8,2,0.0,0.759,0.5,29,3,0.333,2,1.0,2,0.75,29,0,9,0.25,0.612,0.289,-0.035,45,78,0.577,0.759,11,0.0,3,29,0.0,0.0,0.545,3,0,0.348,0.0,1,22,7,0.0,3,0,0,0.0,23,0.333,1.0,8,0,6,3,11,0.391,26,23.0,9.0,0.596,14.0,8,19.0,13,18,48.0,7,24.0,40.0,18,8.0,7.0,2,11,2,5.0,2026,20251026,False
1610612750,Minnesota Timberwolves,1,1,0,1.0,48.0,39,84,0.464,10,33,0.303,26,37,0.703,13,35,48,19,14.0,9,4,5,24,27,114,4.0,1,1,1,1,1,9,13,8,14,12,13,8,3,16,6,8,7,17,4,10,8,12,7,3,10,9,,111.8,102.6,13.8,15,7,10,108.9,8,8,84.58,17,4,2.9,101.5,0.327,0.655,0.568,17,6.7,0.535,14,112.6,105.9,102,9,0.487,1.36,13,0.5,10,0.524,0.137,4,10,39,0.077,51,312,312,2,0.061,24,MIN,3,0.75,11,4,0.039,2,0.078,29,51,19,5,6,8,25,0.098,0.373,0.44,0.569,21.4,2.93,8,0.5,439,114,4,244,2.23,15,0.26,1.133,0.75,0.229,78,0.2,0.615,28,0.648,4,0.308,11,7,3,7.5,7,54,0.464,28,0.7,37,9,0.676,4,10.8,0.52,8.4,,,,,,,,,,,,,,,,,,,,,,,,,,,,,,,,,,,,,,,,,,,,,,,,,,,,,,0.417,12.0,25,0.521,24,0.417,5.0,10,0.6,0.261,0.778,17,6,17,0.524,0.0,2,9,1,0.409,0,11,19,4,0,17,7,0.0,0.655,0.0,22,2,0.4,1,0.143,8,0.091,29,0,5,0.471,0.618,0.354,-0.036,53,91,0.582,0.688,17,0.0,2,32,0.0,0.0,0.176,10,0,0.438,1.0,0,22,7,0.0,4,0,2,0.143,16,0.0,0.4,7,1,3,0,5,0.238,22,21.0,5.0,0.341,21.0,6,26.0,4,13,54.0,15,15.0,48.0,16,13.0,23.0,15,4,8,7.0,2026,20251026,False
1610612752,New York Knicks,1,0,1,0.0,48.0,38,98,0.388,15,54,0.278,16,21,0.762,16,36,52,23,16.0,9,3,1,24,16,107,-8.0,1,10,10,10,1,15,3,17,3,1,16,16,16,11,3,6,2,12,7,10,12,2,7,17,16,15,,102.9,105.4,15.8,10,7,18,109.5,10,15,87.08,11,5,-6.6,104.5,0.311,0.735,0.499,14,-11.2,0.417,3,99.8,111.0,104,14,0.605,1.44,7,0.5,17,0.464,0.154,9,18,51,0.081,60,346,346,3,0.066,28,NYK,2,0.667,13,3,0.106,7,0.045,31,66,31,6,4,6,24,0.091,0.47,0.542,0.47,22.7,2.86,7,1.333,476,107,3,272,2.27,14,0.225,0.857,0.0,0.212,95,0.111,0.547,37,0.6,7,0.438,11,11,3,6.6,4,60,0.432,32,0.692,41,9,0.619,8,13.3,0.471,8.7,,,,,,,,,,,,,,,,,,,,,,,,,,,,,,,,,,,,,,,,,,,,,,,,,,,,,,0.345,13.0,24,0.414,29,0.308,4.0,10,0.0,0.256,0.714,12,0,33,0.464,0.667,4,9,6,0.257,0,19,15,15,4,16,4,0.0,0.682,0.267,35,2,0.333,2,0.5,6,0.316,22,0,6,0.375,0.652,0.26,-0.005,42,65,0.646,0.682,24,0.0,2,22,,,0.25,8,0,0.29,0.5,0,15,11,,3,0,1,0.364,31,0.0,0.375,9,4,6,0,11,0.268,42,41.0,11.0,0.393,17.0,15,11.0,9,2,42.0,10,20.0,48.0,13,21.0,31.0,18,18,8,10.0,2026,20251026,False
1610612757,Portland Trail Blazers,1,0,1,0.0,48.0,34,92,0.37,11,41,0.268,28,34,0.824,18,24,42,24,16.0,12,2,8,21,27,107,-7.0,1,10,10,10,1,17,6,18,13,5,17,5,8,8,2,17,13,10,7,2,14,17,4,3,16,13,,104.9,104.3,16.2,9,13,16,110.7,3,16,85.42,1,7,-5.8,102.5,0.355,0.722,0.5,12,-8.1,0.41,4,101.9,110.0,102,12,0.706,1.5,11,0.49,18,0.429,0.157,10,17,48,0.111,62,261,261,3,0.092,29,POR,2,0.625,6,4,0.059,3,0.078,18,51,22,5,5,8,20,0.098,0.431,0.3,0.353,17.5,2.68,7,0.0,391,107,1,208,2.02,26,0.274,0.692,0.571,0.405,79,0.167,0.532,32,0.511,13,0.722,17,5,1,7.3,4,47,0.563,20,0.558,25,5,0.568,4,8.7,0.581,7.9,,,,,,,,,,,,,,,,,,,,,,,,,,,,,,,,,,,,,,,,,,,,,,,,,,,,,,0.241,18.0,18,0.31,29,0.222,4.0,7,0.5,0.292,0.545,18,4,21,0.429,0.0,0,11,0,0.289,0,3,18,3,0,14,0,0.0,0.643,0.0,38,1,0.111,0,0.0,4,0.0,28,0,9,0.286,0.68,0.337,-0.041,53,83,0.639,0.613,4,0.0,3,31,,,0.25,7,0,0.263,0.333,0,19,9,,2,0,1,0.111,38,0.0,0.286,10,1,1,0,7,0.304,24,23.0,7.0,0.438,13.0,14,30.0,5,10,44.0,5,16.0,62.0,2,16.0,10.0,4,1,16,29.0,2026,20251026,False
1610612758,Sacramento Kings,1,0,1,0.0,48.0,45,101,0.446,18,43,0.419,12,18,0.667,13,27,40,27,16.0,13,4,3,26,17,120,-7.0,1,10,10,10,1,4,1,12,1,4,2,18,17,17,6,15,14,4,7,1,8,6,10,16,5,13,,111.1,109.6,17.5,4,14,11,118.7,9,14,89.58,12,14,-7.6,107.5,0.322,0.698,0.551,8,-11.2,0.422,8,107.2,118.4,108,15,0.6,1.69,5,0.48,9,0.535,0.148,7,12,44,0.121,72,265,265,5,0.102,32,SAC,0,0.5,11,4,0.065,3,0.087,29,46,18,4,4,8,21,0.087,0.391,0.524,0.63,21.3,3.23,5,0.0,397,120,4,195,2.47,20,0.302,0.3,0.4,0.25,68,0.185,0.588,25,0.614,5,0.385,10,8,2,6.0,5,44,0.52,22,0.711,30,8,0.667,6,7.1,0.565,6.3,,,,,,,,,,,,,,,,,,,,,,,,,,,,,,,,,,,,,,,,,,,,,,,,,,,,,,0.353,11.0,27,0.397,34,0.273,3.0,12,0.5,0.469,0.5,6,2,45,0.535,0.0,0,7,11,0.292,0,19,10,10,3,24,9,0.0,0.556,0.3,24,4,0.25,8,0.889,13,0.579,18,0,16,0.542,0.688,0.356,-0.011,63,93,0.677,0.6,27,0.0,9,25,0.0,0.0,0.444,10,0,0.294,0.333,1,15,11,0.0,6,0,3,0.273,17,0.5,0.6,5,3,12,2,15,0.484,31,31.0,15.0,0.726,15.0,12,24.0,16,2,46.0,8,27.0,56.0,10,21.0,14.0,7,5,14,16.0,2026,20251026,False
1610612759,San Antonio Spurs,1,1,0,1.0,48.0,39,78,0.5,12,27,0.444,28,36,0.778,11,34,45,20,15.0,7,6,0,23,30,118,11.0,1,1,1,1,1,9,18,5,10,16,1,5,4,10,10,9,10,16,5,14,4,1,5,1,7,2,,124.2,98.2,15.4,17,3,3,112.6,2,2,79.17,16,10,11.6,95.0,0.395,0.698,0.629,15,12.0,0.592,7,120.6,108.6,95,2,0.513,1.33,17,0.563,5,0.577,0.158,11,5,38,0.1,56,270,270,4,0.074,27,SAS,3,0.667,10,3,0.122,5,0.073,26,41,11,4,4,6,21,0.098,0.268,0.476,0.634,20.1,3.14,5,0.5,385,118,6,208,2.26,21,0.306,0.619,1.0,0.4,91,0.265,0.495,23,0.5,9,0.818,18,6,0,6.7,9,68,0.478,25,0.548,27,2,0.529,6,4.5,0.478,6.1,,,,,,,,,,,,,,,,,,,,,,,,,,,,,,,,,,,,,,,,,,,,,,,,,,,,,,0.294,4.0,11,0.324,17,0.25,1.0,5,1.0,0.478,0.625,13,5,33,0.577,0.5,3,5,7,0.357,0,13,21,6,1,8,7,0.0,0.677,0.167,14,3,0.25,6,0.857,3,0.538,31,0,12,0.375,0.557,0.273,-0.05,37,73,0.507,0.656,16,0.0,5,32,0.0,0.0,0.5,6,0,0.364,0.0,0,21,8,0.0,2,0,0,0.5,11,0.0,0.333,4,4,8,0,11,0.478,23,23.0,11.0,0.717,17.0,8,18.0,11,6,48.0,10,21.0,28.0,3,18.0,10.0,4,12,1,25.0,2026,20251026,False
1610612761,Toronto Raptors,1,0,1,0.0,48.0,49,100,0.49,13,33,0.394,18,24,0.75,14,29,43,33,16.0,10,1,7,28,26,129,-10.0,1,10,10,10,1,2,2,6,7,12,4,13,13,12,5,13,12,1,7,8,16,16,17,6,3,16,,116.2,111.4,20.2,2,7,6,127.5,6,13,91.67,2,17,-11.3,110.0,0.339,0.714,0.583,2,-11.6,0.437,5,114.6,126.2,111,16,0.673,2.06,1,0.5,6,0.555,0.144,6,8,53,0.12,83,308,308,1,0.107,37,TOR,3,0.75,12,4,0.02,1,0.078,32,51,19,4,6,8,27,0.078,0.373,0.444,0.627,19.8,2.66,13,0.0,446,129,4,229,1.92,31,0.289,0.871,0.615,0.326,73,0.241,0.589,34,0.617,7,0.5,14,5,0,5.8,7,47,0.412,22,0.69,29,7,0.632,5,7.4,0.412,6.3,,,,,,,,,,,,,,,,,,,,,,,,,,,,,,,,,,,,,,,,,,,,,,,,,,,,,,0.593,8.0,37,0.685,27,0.625,5.0,16,0.8,0.346,0.688,27,8,26,0.555,0.0,0,12,1,0.462,0,7,18,4,0,29,3,0.0,0.692,0.0,26,7,0.583,1,0.333,11,0.143,26,0,12,0.379,0.626,0.389,0.064,71,103,0.689,0.656,13,0.0,9,32,0.0,0.0,0.231,10,0,0.5,0.667,0,21,16,0.0,5,0,6,0.25,20,0.0,0.5,10,4,3,0,9,0.32,26,25.0,8.0,0.5,12.0,4,30.0,9,16,58.0,4,20.0,70.0,6,11.0,22.0,14,1,18,21.0,2026,20251026,False
1610612764,Washington Wizards,1,0,1,0.0,48.0,41,91,0.451,10,34,0.294,21,25,0.84,7,33,40,25,15.0,5,4,4,27,16,113,-26.0,1,10,10,10,1,6,8,10,14,10,15,11,12,5,17,11,14,7,5,18,8,8,14,17,12,18,,104.6,109.4,17.6,5,17,17,127.5,18,18,90.42,10,17,-22.9,108.5,0.189,0.708,0.554,7,-25.0,0.362,6,102.7,127.7,108,18,0.61,1.67,3,0.436,12,0.505,0.139,5,11,42,0.11,59,264,264,3,0.095,29,WAS,1,0.75,9,6,0.089,4,0.133,27,45,14,6,9,12,21,0.133,0.311,0.429,0.6,20.5,3.16,15,0.5,388,113,4,179,2.58,15,0.291,0.8,0.733,0.4,72,0.333,0.556,21,0.611,5,0.714,16,5,0,7.0,11,54,0.333,22,0.673,24,2,0.597,5,11.0,0.333,7.7,,,,,,,,,,,,,,,,,,,,,,,,,,,,,,,,,,,,,,,,,,,,,,,,,,,,,,0.467,15.0,31,0.517,30,0.2,3.0,14,0.625,0.391,0.5,12,11,25,0.505,1.0,2,8,2,0.258,0,3,15,3,2,18,0,0.0,0.577,0.667,31,8,0.615,0,0.0,8,0.667,26,0,13,0.444,0.649,0.388,-0.01,69,108,0.639,0.5,7,0.0,6,30,,,0.714,10,0,0.25,0.667,0,15,9,,7,0,4,0.333,28,0.0,0.7,7,3,5,1,9,0.368,23,19.0,7.0,0.543,17.0,12,16.0,12,16,46.0,10,23.0,62.0,8,11.0,17.0,10,13,16,18.0,2026,20251026,False
