level_0,index,PLAYER_ID,PLAYER_NAME,NICKNAME,TEAM_ID,TEAM_ABBREVIATION,AGE,GP,W,L,W_PCT,MIN,FGM,FGA,FG_PCT,FG3M,FG3A,FG3_PCT,FTM,FTA,FT_PCT,OREB,DREB,REB,AST,TOV,STL,BLK,BLKA,PF,PFD,PTS,PLUS_MINUS,NBA_FANTASY_PTS,DD2,TD3,WNBA_FANTASY_PTS,GP_RANK,W_RANK,L_RANK,W_PCT_RANK,MIN_RANK,FGM_RANK,FGA_RANK,FG_PCT_RANK,FG3M_RANK,FG3A_RANK,FG3_PCT_RANK,FTM_RANK,FTA_RANK,FT_PCT_RANK,OREB_RANK,DREB_RANK,REB_RANK,AST_RANK,TOV_RANK,STL_RANK,BLK_RANK,BLKA_RANK,PF_RANK,PFD_RANK,PTS_RANK,PLUS_MINUS_RANK,NBA_FANTASY_PTS_RANK,DD2_RANK,TD3_RANK,WNBA_FANTASY_PTS_RANK,E_PACE,PACE_RANK,sp_work_OFF_RATING,TS_PCT,REB_PCT,E_DEF_RATING,PACE,sp_work_DEF_RATING_RANK,E_NET_RATING,sp_work_NET_RATING_RANK,EFG_PCT,sp_work_DEF_RATING,sp_work_OFF_RATING_RANK,DEF_RATING,FGM_PG_RANK,AST_RATIO_RANK,USG_PCT_RANK,TM_TOV_PCT_RANK,FGA_PG_RANK,EFG_PCT_RANK,OFF_RATING,AST_RATIO,TM_TOV_PCT,E_OFF_RATING,OREB_PCT_RANK,DEF_RATING_RANK,NET_RATING_RANK,E_DEF_RATING_RANK,USG_PCT,OFF_RATING_RANK,sp_work_PACE_RANK,FGM_PG,E_TOV_PCT_RANK,NET_RATING,AST_TO,DREB_PCT,E_NET_RATING_RANK,AST_PCT,PIE_RANK,REB_PCT_RANK,E_PACE_RANK,AST_TO_RANK,E_USG_PCT_RANK,POSS,DREB_PCT_RANK,FGA_PG,E_TOV_PCT,sp_work_NET_RATING,sp_work_PACE,OREB_PCT,E_USG_PCT,PIE,AST_PCT_RANK,PACE_PER40,TS_PCT_RANK,E_OFF_RATING_RANK,PASSES_MADE,AST_PTS_CREATED,PASSES_RECEIVED,FT_AST,AST_ADJ,POTENTIAL_AST,AST_TO_PASS_PCT_ADJ,SECONDARY_AST,AST_TO_PASS_PCT,DRIVE_AST,DRIVE_PF_PCT,DRIVES,DRIVE_FGA,DRIVE_PASSES,DRIVE_PTS,DRIVE_TOV_PCT,DRIVE_FTM,DRIVE_FT_PCT,DRIVE_PF,DRIVE_AST_PCT,DRIVE_TOV,DRIVE_PASSES_PCT,DRIVE_FGM,DRIVE_FG_PCT,DRIVE_PTS_PCT,DRIVE_FTA,PTS_PER_POST_TOUCH,PTS_PER_ELBOW_TOUCH,AVG_SEC_PER_TOUCH,TOUCHES,POINTS,PTS_PER_PAINT_TOUCH,POST_TOUCHES,TIME_OF_POSS,AVG_DRIB_PER_TOUCH,PAINT_TOUCHES,ELBOW_TOUCHES,PTS_PER_TOUCH,FRONT_CT_TOUCHES,REB_CHANCES,DREB_CONTEST_PCT,OREB_CONTEST,OREB_CHANCE_PCT,OREB_CHANCES,OREB_CHANCE_PCT_ADJ,AVG_REB_DIST,OREB_CONTEST_PCT,DREB_CHANCE_DEFER,REB_CHANCE_PCT,OREB_UNCONTEST,REB_CHANCE_DEFER,REB_CONTEST,OREB_CHANCE_DEFER,DREB_CHANCE_PCT,DREB_CHANCE_PCT_ADJ,REB_UNCONTEST,DREB_CHANCES,AVG_OREB_DIST,AVG_DREB_DIST,DREB_CONTEST,REB_CHANCE_PCT_ADJ,REB_CONTEST_PCT,DREB_UNCONTEST,very_tight_FGA_FREQUENCY,very_tight_FG3M,very_tight_FG_PCT,very_tight_FGM,G,very_tight_FG2_PCT,very_tight_FG2M,very_tight_FG3A,very_tight_FG3_PCT,very_tight_EFG_PCT,very_tight_FG3A_FREQUENCY,very_tight_FG2A,very_tight_FGA,very_tight_FG2A_FREQUENCY,tight_EFG_PCT,tight_FG2_PCT,tight_FGM,tight_FG2A,tight_FG_PCT,tight_FGA_FREQUENCY,tight_FG3A,tight_FG3A_FREQUENCY,tight_FG2M,tight_FG2A_FREQUENCY,tight_FG3M,tight_FGA,tight_FG3_PCT,open_FG2A,open_FG_PCT,open_FG2M,open_FG3_PCT,open_FGA,open_EFG_PCT,open_FG2A_FREQUENCY,open_FGA_FREQUENCY,open_FG3A,open_FG3M,open_FG2_PCT,open_FG3A_FREQUENCY,open_FGM,wide_open_FG3A_FREQUENCY,wide_open_FGM,wide_open_FG2M,wide_open_FG2_PCT,wide_open_FG2A,wide_open_FG3M,wide_open_FG2A_FREQUENCY,wide_open_FG3A,wide_open_FGA_FREQUENCY,wide_open_FG3_PCT,wide_open_FGA,wide_open_FG_PCT,wide_open_EFG_PCT,PULL_UP_PTS,PULL_UP_FG3M,PULL_UP_EFG_PCT,PULL_UP_FGM,PULL_UP_FG_PCT,PULL_UP_FG3A,PULL_UP_FG3_PCT,PULL_UP_FGA,CATCH_SHOOT_PTS,CATCH_SHOOT_FG_PCT,EFF_FG_PCT,ELBOW_TOUCH_FG_PCT,PAINT_TOUCH_FG_PCT,POST_TOUCH_FG_PCT,POST_TOUCH_PTS,ELBOW_TOUCH_PTS,PAINT_TOUCH_PTS,CORNER_3_FG_PCT,MID_FGA,BACKCOURT_FGM,LEFT_CORNER_3_FG_PCT,MID_FG_PCT,ITP_FG_PCT,ITP_FGM,RIGHT_CORNER_3_FGA,BACKCOURT_FGA,CORNER_3_FGA,LEFT_CORNER_3_FGA,MID_FGM,ITP_FGA,RIGHT_CORNER_3_FG_PCT,LEFT_CORNER_3_FGM,RA_FGA,RA_FGM,ABOVE_BREAK_3_FGM,CORNER_3_FGM,BACKCOURT_FG_PCT,RIGHT_CORNER_3_FGM,ABOVE_BREAK_3_FGA,ABOVE_BREAK_3_FG_PCT,RA_FG_PCT,PLAYER_POSITION,FREQ,NS_LT_06_PCT,LT_06_PCT,FGA_LT_06,FGM_LT_06,PLUSMINUS,FGP_25_29,FGA_20_24,FGA_10_14,FGP_5_9,FGP_20_24,FGP_30_34,FGA_40_PLUS,FGM_25_29,FGA_25_29,FGM_LT_5,FGA_15_19,TEAM_ABBR,FGM_10_14,FGA_5_9,FGA_35_39,FGM_20_24,FGP_40_PLUS,FGM_40_PLUS,FGM_5_9,FGM_30_34,FGP_10_14,FGP_35_39,FGP_15_19,FGA_LT_5,FGA_30_34,FGM_35_39,FGM_15_19,FGP_LT_5,CATCH_SHOOT_FGM,CATCH_SHOOT_FG3M,CATCH_SHOOT_FGA,CATCH_SHOOT_FG3_PCT,CATCH_SHOOT_EFG_PCT,CATCH_SHOOT_FG3A,year,date,playoffs,team_poss,overall_def_D_FGM,overall_def_D_FGA,overall_def_D_FG_PCT,overall_def_NORMAL_FG_PCT,overall_def_PCT_PLUSMINUS,hustle_MIN,hustle_CONTESTED_SHOTS,hustle_CONTESTED_SHOTS_2PT,hustle_CONTESTED_SHOTS_3PT,hustle_DEFLECTIONS,hustle_CHARGES_DRAWN,hustle_SCREEN_ASSISTS,hustle_SCREEN_AST_PTS,hustle_OFF_LOOSE_BALLS_RECOVERED,hustle_DEF_LOOSE_BALLS_RECOVERED,hustle_LOOSE_BALLS_RECOVERED,hustle_PCT_LOOSE_BALLS_RECOVERED_OFF,hustle_PCT_LOOSE_BALLS_RECOVERED_DEF,hustle_OFF_BOXOUTS,hustle_DEF_BOXOUTS,hustle_BOX_OUTS,hustle_BOX_OUT_PLAYER_TEAM_REBS,hustle_BOX_OUT_PLAYER_REBS,hustle_PCT_BOX_OUTS_OFF,hustle_PCT_BOX_OUTS_DEF,hustle_PCT_BOX_OUTS_TEAM_REB,hustle_PCT_BOX_OUTS_REB,DIST_FEET,DIST_MILES,DIST_MILES_OFF,DIST_MILES_DEF,AVG_SPEED,AVG_SPEED_OFF,AVG_SPEED_DEF,GAME_ID,HTM,VTM
24398,24398,201569,Alex Caruso,Alex,1610612747.0,LAL,24.0,1,0,1,0.0,12.216666666666669,1,1,1.0,0,0,0.0,0,0,0.0,0,1,1,2,1,0,0,0,0,0,2,-10,5.2,0,0,5.0,1,37,37,37,55,46,62,1,28,50,28,32,35,32,33,43,53,19,33,38,23,1,1,46,53,56,57,7,2,58,110.8,6,89.7,1.0,0.045,125.2,113.94,62,-31.1,57,1.0,124.1,48,124.1,46,2,69,57,62,2,89.7,50.0,25.0,94.1,33,62,57,63,0.063,48,6,1.0,57,-34.5,2.0,0.111,56,0.2,43,50,13,8,69,29,33,1.0,25.0,-34.5,113.94,0.0,0.065,0.07,17,94.95,3,39,21.0,4.0,21.0,0.0,2.0,5.0,0.095,0.0,0.095,0.0,0.0,1.0,0.0,1.0,0.0,0.0,0.0,0.0,0.0,0.0,0.0,1.0,0.0,0.0,0.0,0.0,0.0,0.0,4.0,24.0,2.0,0.0,0.0,1.6,3.83,0.0,0.0,0.083,5.0,3.0,0.0,0.0,0.0,0.0,0.0,2.0,0.0,0.0,0.333,0.0,0.0,0.0,0.0,0.333,0.333,1.0,3.0,0.0,2.0,0.0,0.333,0.0,1.0,,,,,,,,,,,,,,,,,,,,,,,,,,,,1.0,1.0,1.0,,1.0,1.0,1.0,1.0,0.0,0.0,1.0,0.0,1.0,,,,,,,,,,,,,,2,,1.0,1,1.0,,,1,0.0,0.0,1.0,0.0,0.0,0.0,0.0,0.0,0.0,0.0,1.0,0.0,0.0,1.0,0.0,0.0,,0.0,0.0,0.0,1.0,0.0,,0.0,0.0,0.0,0.0,0.0,0.0,,0.0,0.0,0.0,G,0.333,0.528,0.0,1.0,0.0,-0.528,0.0,0.0,0.0,0.0,0.0,,0.0,0.0,0.0,0.0,1.0,LAL,0.0,0.0,,0.0,0.0,0.0,0.0,,0.0,,1.0,0.0,,,1.0,0.0,0,,0,,,,2018,20171203,False,103.0,3.0,7.0,0.429,0.466,-0.037,30.1,4.0,2.0,2.0,0.0,0.0,0.0,0.0,0.0,1.0,1.0,0.0,1.0,0.0,0.0,0.0,0.0,0.0,0.0,0.0,0.0,0.0,10594.0,2.0,1.0,1.0,4.0,4.32,3.73,21700338,,
24401,24401,201609,Andrew Bogut,Andrew,1610612747.0,LAL,33.0,1,0,1,0.0,11.1,0,0,0.0,0,0,0.0,0,0,0.0,0,2,2,1,3,1,2,0,3,0,0,-10,9.9,0,0,9.0,1,37,37,37,57,65,69,65,28,50,28,32,35,32,33,31,40,31,8,17,2,1,51,46,65,56,48,7,2,48,117.19,3,63.0,0.0,0.074,100.9,116.76,40,-38.9,60,0.0,100.0,71,100.0,65,16,63,72,69,65,63.0,25.0,75.0,62.0,33,40,60,44,0.103,71,5,0.0,72,-37.0,0.33,0.143,59,0.125,62,35,3,37,66,27,22,0.0,75.0,-37.0,116.76,0.0,0.102,-0.026,29,97.3,65,69,17.0,2.0,13.0,0.0,1.0,1.0,0.059,0.0,0.059,0.0,0.0,0.0,0.0,0.0,0.0,0.0,0.0,0.0,0.0,0.0,0.0,0.0,0.0,0.0,0.0,0.0,0.0,0.0,1.71,21.0,0.0,0.0,1.0,0.6,0.48,1.0,6.0,0.0,12.0,6.0,0.5,0.0,0.0,1.0,0.0,5.3,0.0,0.0,0.333,0.0,0.0,1.0,0.0,0.4,0.4,1.0,5.0,0.0,5.3,1.0,0.333,0.5,1.0,,,,,,,,,,,,,,,,,,,,,,,,,,,,,,,,,,,,,,,,,,,,,,,,,,,,,,0,,,0,,,,0,0.0,0.0,0.0,0.0,0.0,0.0,0.0,0.0,0.0,0.0,0.0,0.0,0.0,0.0,0.0,0.0,,0.0,0.0,0.0,0.0,0.0,,0.0,0.0,0.0,0.0,0.0,0.0,,0.0,0.0,0.0,C,0.333,0.67,1.0,3.0,3.0,0.33,0.0,0.0,0.0,0.0,0.0,,0.0,0.0,0.0,0.0,0.0,LAL,0.0,0.0,,0.0,0.0,0.0,0.0,,0.0,,0.0,0.0,,,0.0,0.0,0,,0,,,,2018,20171203,False,93.0,6.0,7.0,0.857,0.487,0.37,25.5,4.0,3.0,1.0,0.0,0.0,0.0,0.0,1.0,0.0,1.0,1.0,0.0,0.0,1.0,1.0,0.0,0.0,0.0,1.0,0.0,0.0,10378.0,2.0,1.1,0.8,4.4,4.47,3.83,21700338,,
24405,24405,2037,Brandon Ingram,Brandon,1610612747.0,LAL,20.0,1,0,1,0.0,30.516666666666666,3,15,0.2,0,1,0.0,6,7,0.857,0,5,5,4,1,0,0,0,1,6,12,-2,23.0,0,0,21.0,1,37,37,37,14,28,9,59,28,35,28,4,4,20,33,11,17,9,33,38,23,1,23,1,17,41,25,7,2,24,109.41,34,87.9,0.332,0.058,86.2,103.81,30,-2.7,39,0.2,90.9,51,90.9,28,27,18,23,9,61,87.9,18.2,4.5,83.5,33,30,39,26,0.237,51,34,3.0,22,-3.0,4.0,0.111,39,0.211,45,43,19,1,19,66,33,15.0,4.3,-3.0,103.81,0.0,0.246,0.063,16,86.51,57,54,20.0,9.0,33.0,0.0,4.0,4.0,0.2,0.0,0.2,1.0,0.143,7.0,3.0,1.0,5.0,0.143,2.0,1.0,1.0,0.143,1.0,0.143,1.0,0.333,0.714,2.0,0.0,0.0,3.81,43.0,12.0,0.0,1.0,2.7,3.26,4.0,2.0,0.279,30.0,10.0,0.0,0.0,0.0,5.0,0.0,5.1,0.0,0.0,0.5,0.0,0.0,0.0,0.0,1.0,1.0,5.0,5.0,0.0,5.1,0.0,0.5,0.0,5.0,0.267,0.0,0.0,0.0,1.0,0.0,0.0,0.0,,0.0,0.0,4.0,4.0,0.267,0.333,0.333,1.0,3.0,0.333,0.2,0.0,0.0,1.0,0.2,0.0,3.0,,6.0,0.286,2.0,0.0,7.0,0.286,0.4,0.467,1.0,0.0,0.333,0.067,2.0,0.0,0.0,0.0,0.0,1.0,0.0,0.067,0.0,0.067,,1.0,0.0,0.0,4,0.0,0.25,2,0.25,0.0,,8,0.0,0.0,0.2,0.0,0.0,0.0,0.0,0.0,0.0,0.0,7.0,0.0,0.0,0.286,0.0,0.0,,0.0,0.0,0.0,2.0,2.0,,0.0,5.0,1.0,0.0,0.0,0.0,,1.0,0.0,0.2,F-G,0.25,0.683,1.0,2.0,2.0,0.317,0.0,0.0,0.0,0.0,0.0,0.0,0.0,0.0,1.0,1.0,7.0,LAL,0.0,1.0,,0.0,0.0,0.0,0.0,0.0,0.0,,0.286,6.0,0.0,,2.0,0.167,0,0.0,1,0.0,0.0,1.0,2018,20171203,False,91.0,2.0,3.0,0.667,0.427,0.24,18.4,1.0,1.0,0.0,0.0,0.0,0.0,0.0,0.0,0.0,0.0,0.0,0.0,0.0,0.0,0.0,0.0,0.0,0.0,0.0,0.0,0.0,6716.0,1.3,0.8,0.5,4.25,4.47,3.95,21700338,,
24406,24406,201935,Brook Lopez,Brook,1610612747.0,LAL,30.0,1,0,1,0.0,28.73333333333333,7,19,0.368,1,5,0.2,5,5,1.0,4,2,6,2,1,1,1,0,3,3,20,-1,35.2,0,0,33.0,1,37,37,37,20,6,5,45,16,13,26,5,8,1,3,31,12,19,33,17,5,1,51,12,8,37,8,7,2,9,110.46,25,90.6,0.472,0.076,89.1,106.08,34,-1.3,38,0.395,93.7,46,93.7,6,41,9,21,5,51,90.6,8.3,4.2,87.8,9,34,38,30,0.301,46,25,7.0,21,-3.0,2.0,0.048,34,0.133,27,33,15,8,10,64,51,19.0,4.1,-3.0,106.08,0.108,0.3,0.122,26,88.4,44,45,28.0,6.0,32.0,0.0,3.0,1.0,0.107,1.0,0.071,0.0,0.0,2.0,2.0,0.0,4.0,0.0,0.0,0.0,0.0,0.0,0.0,0.0,2.0,1.0,2.0,0.0,0.0,1.0,1.52,48.0,20.0,0.667,4.0,1.2,0.58,9.0,6.0,0.417,33.0,13.0,0.5,2.0,0.571,7.0,0.571,6.5,0.5,1.0,0.462,2.0,1.0,3.0,0.0,0.333,0.4,3.0,6.0,6.1,7.4,1.0,0.5,0.5,1.0,,,,,,,,,,,,,,,0.556,0.556,5.0,9.0,0.556,0.474,0.0,0.0,5.0,0.474,0.0,9.0,,2.0,0.0,0.0,,2.0,0.0,0.105,0.105,0.0,0.0,0.0,0.0,0.0,0.263,2.0,1.0,0.333,3.0,1.0,0.158,5.0,0.421,0.2,8.0,0.25,0.313,4,0.0,0.333,2,0.333,0.0,,6,7.0,0.375,0.395,0.75,0.4,0.0,0.0,6.0,6.0,1.0,6.0,0.0,1.0,0.167,0.6,3.0,,0.0,1.0,1.0,1.0,5.0,,1.0,3.0,2.0,0.0,1.0,0.0,,4.0,0.0,0.667,C,0.444,0.639,0.625,8.0,5.0,-0.014,0.0,1.0,4.0,0.0,1.0,0.0,0.0,0.0,4.0,2.0,6.0,LAL,3.0,1.0,,1.0,0.0,0.0,0.0,0.0,0.75,,0.167,3.0,0.0,,1.0,0.667,3,1.0,8,0.2,0.438,5.0,2018,20171203,False,103.0,6.0,11.0,0.545,0.442,0.104,35.3,4.0,2.0,2.0,2.0,0.0,0.0,0.0,0.0,0.0,0.0,0.0,0.0,0.0,3.0,3.0,2.0,0.0,0.0,1.0,1.0,0.0,11664.0,2.2,1.1,1.1,3.75,3.82,3.7,21700338,,
24430,24430,203937,Julius Randle,Julius,1610612747.0,LAL,23.0,1,0,1,0.0,17.958333333333332,4,8,0.5,0,1,0.0,1,2,0.5,2,4,6,1,2,0,1,0,2,2,9,-25,18.7,0,0,18.0,1,37,37,37,43,19,29,20,28,35,28,26,19,30,11,18,12,31,16,38,5,1,38,23,26,73,33,7,2,28,110.55,10,70.7,0.507,0.143,125.3,110.92,64,-52.2,66,0.5,128.6,62,128.6,19,38,23,47,29,24,70.7,9.1,18.2,73.2,13,64,66,64,0.222,62,10,4.0,46,-57.8,0.5,0.182,65,0.111,34,12,14,31,18,41,19,8.0,16.8,-57.8,110.92,0.1,0.249,0.087,32,92.44,32,61,26.0,2.0,17.0,0.0,1.0,2.0,0.038,0.0,0.038,0.0,0.0,1.0,0.0,0.0,0.0,1.0,0.0,0.0,0.0,0.0,1.0,0.0,0.0,0.0,0.0,0.0,0.0,0.75,1.93,37.0,9.0,1.5,1.0,1.2,0.78,4.0,4.0,0.243,17.0,8.0,0.25,0.0,1.0,2.0,1.0,9.0,0.0,1.0,0.75,2.0,1.0,1.0,0.0,0.667,0.8,5.0,6.0,11.4,7.9,1.0,0.857,0.167,3.0,,,,,,,,,,,,,,,0.667,0.667,2.0,3.0,0.667,0.429,0.0,0.0,2.0,0.429,0.0,3.0,,2.0,0.5,1.0,,2.0,0.5,0.286,0.286,0.0,0.0,0.5,0.0,1.0,0.143,0.0,0.0,0.0,1.0,0.0,0.143,1.0,0.286,0.0,2.0,0.0,0.0,0,0.0,0.0,0,0.0,0.0,,1,0.0,0.0,0.5,0.5,1.0,0.0,0.0,3.0,6.0,0.0,2.0,0.0,0.0,0.0,0.0,0.0,,0.0,0.0,0.0,0.0,1.0,,0.0,4.0,4.0,0.0,0.0,0.0,,1.0,0.0,1.0,F-C,0.4,0.623,0.75,8.0,6.0,0.127,0.0,1.0,0.0,0.0,0.0,,0.0,0.0,1.0,4.0,1.0,LAL,0.0,1.0,,0.0,0.0,0.0,0.0,,0.0,,0.0,4.0,,,0.0,1.0,0,0.0,2,0.0,0.0,1.0,2018,20171203,False,94.0,2.0,4.0,0.5,0.477,0.023,22.0,5.0,4.0,1.0,2.0,0.0,1.0,2.0,0.0,0.0,0.0,0.0,0.0,0.0,1.0,1.0,1.0,1.0,0.0,1.0,1.0,1.0,8326.0,1.6,0.9,0.7,4.38,4.83,3.91,21700338,,
24434,24434,1626204,Kyle Kuzma,Kyle,1610612747.0,LAL,22.0,1,0,1,0.0,18.7,4,8,0.5,0,2,0.0,0,2,0.0,2,2,4,1,0,2,0,0,2,1,8,-17,20.3,0,0,17.0,1,37,37,37,42,19,29,20,28,24,28,32,19,32,11,31,25,31,55,5,23,1,38,33,30,65,27,7,2,33,108.27,12,81.0,0.45,0.095,116.0,110.37,57,-31.9,58,0.5,115.9,54,115.9,19,35,34,1,29,24,81.0,10.0,0.0,84.2,15,57,58,59,0.191,54,12,4.0,1,-35.0,0.0,0.095,57,0.1,36,26,24,40,33,42,37,8.0,0.0,-35.0,110.37,0.095,0.191,0.086,38,91.98,46,52,12.0,3.0,10.0,0.0,1.0,1.0,0.083,0.0,0.083,1.0,0.333,3.0,1.0,0.0,0.0,0.0,0.0,0.0,1.0,0.333,0.0,0.0,0.0,0.0,0.0,2.0,0.0,0.0,1.66,21.0,8.0,2.0,0.0,0.6,0.81,2.0,0.0,0.381,12.0,4.0,0.0,1.0,1.0,2.0,1.0,4.5,0.5,0.0,1.0,1.0,0.0,1.0,0.0,1.0,1.0,3.0,2.0,4.4,4.6,0.0,1.0,0.25,2.0,,,,,,,,,,,,,,,0.8,0.8,4.0,5.0,0.8,0.625,0.0,0.0,4.0,0.625,0.0,5.0,,1.0,0.0,0.0,0.0,2.0,0.0,0.125,0.25,1.0,0.0,0.0,0.125,0.0,0.125,0.0,0.0,,0.0,0.0,0.0,1.0,0.125,0.0,1.0,0.0,0.0,0,0.0,0.0,0,0.0,1.0,0.0,1,0.0,0.0,0.5,0.0,1.0,0.0,0.0,0.0,4.0,0.0,1.0,0.0,0.0,0.0,0.667,2.0,,0.0,1.0,1.0,0.0,3.0,,0.0,2.0,2.0,0.0,0.0,0.0,,1.0,0.0,1.0,F,0.25,0.528,0.0,1.0,0.0,-0.528,0.0,1.0,1.0,1.0,0.0,,0.0,0.0,1.0,3.0,1.0,LAL,0.0,1.0,,0.0,0.0,0.0,1.0,,0.0,,0.0,3.0,,,0.0,1.0,0,0.0,2,0.0,0.0,1.0,2018,20171203,False,,7.0,16.0,0.438,0.456,-0.018,30.0,12.0,8.0,4.0,2.0,0.0,1.0,2.0,0.0,0.0,0.0,0.0,0.0,1.0,3.0,4.0,3.0,1.0,0.25,0.75,1.0,0.333,11976.0,2.3,1.2,1.1,4.62,4.83,4.41,21700338,,
24440,24440,1626149,Lonzo Ball,Lonzo,1610612747.0,LAL,20.0,1,0,1,0.0,29.35,1,6,0.167,1,3,0.333,0,2,0.0,0,9,9,4,2,1,1,0,1,3,3,-14,23.8,0,0,21.0,1,37,37,37,18,46,35,63,16,18,14,32,19,32,33,3,8,9,16,17,5,1,23,12,48,61,23,7,2,24,114.06,16,78.8,0.218,0.107,95.5,108.76,39,-21.7,52,0.25,98.5,57,98.5,46,12,59,43,35,57,78.8,30.8,15.4,73.9,33,39,52,37,0.123,57,16,1.0,44,-19.7,2.0,0.196,51,0.19,41,22,7,8,60,66,18,6.0,15.5,-19.7,108.76,0.0,0.118,0.075,19,90.63,61,59,56.0,9.0,57.0,1.0,5.0,13.0,0.089,0.0,0.071,2.0,0.2,5.0,2.0,0.0,0.0,0.0,0.0,0.0,1.0,0.4,0.0,0.0,0.0,0.0,0.0,2.0,0.0,3.0,4.02,71.0,3.0,0.0,0.0,4.8,3.83,0.0,1.0,0.042,16.0,16.0,0.111,0.0,0.0,5.0,0.0,7.2,0.0,0.0,0.563,0.0,0.0,1.0,0.0,0.818,0.818,8.0,11.0,0.0,7.2,1.0,0.563,0.111,8.0,,,,,,,,,,,,,,,0.0,0.0,0.0,2.0,0.0,0.5,1.0,0.167,0.0,0.333,0.0,3.0,0.0,1.0,0.0,0.0,,1.0,0.0,0.167,0.167,0.0,0.0,0.0,0.0,0.0,0.333,1.0,0.0,,0.0,1.0,0.0,2.0,0.333,0.5,2.0,0.5,0.75,0,0.0,0.0,0,0.0,1.0,0.0,2,3.0,0.5,0.25,1.0,0.0,0.0,0.0,3.0,0.0,0.0,0.0,0.0,0.0,0.0,0.0,0.0,,0.0,0.0,0.0,0.0,1.0,,0.0,2.0,0.0,1.0,0.0,0.0,,3.0,0.333,0.0,G,0.438,0.575,0.286,7.0,2.0,-0.289,0.333,0.0,0.0,0.0,0.0,0.0,0.0,1.0,3.0,0.0,0.0,LAL,0.0,1.0,,0.0,0.0,0.0,0.0,0.0,0.0,,0.0,2.0,0.0,,0.0,0.0,1,1.0,2,0.5,0.75,2.0,2018,20171203,False,91.0,2.0,6.0,0.333,0.472,-0.139,12.5,4.0,4.0,0.0,0.0,0.0,1.0,3.0,0.0,0.0,0.0,0.0,0.0,1.0,10.0,11.0,7.0,0.0,0.091,0.909,0.875,0.0,4577.0,0.9,0.4,0.5,4.33,4.87,3.98,21700338,,
24442,24442,201156,Luol Deng,Luol,1610612747.0,LAL,33.0,1,0,1,0.0,13.133333333333333,1,2,0.5,0,0,0.0,0,0,0.0,0,0,0,1,1,1,0,0,0,0,2,-7,5.5,0,0,5.0,1,37,37,37,51,46,54,20,28,50,28,32,35,32,33,56,59,31,33,17,23,1,1,46,53,53,56,7,2,58,111.4,19,89.7,0.5,0.0,110.4,107.82,53,-26.8,53,0.5,110.0,48,110.0,46,16,67,57,54,24,89.7,25.0,25.0,83.7,33,53,53,55,0.091,48,19,1.0,57,-20.3,1.0,0.0,55,0.111,48,59,12,17,67,29,56,2.0,25.0,-20.3,107.82,0.0,0.088,0.039,32,89.85,33,53,9.0,2.0,7.0,0.0,1.0,2.0,0.111,0.0,0.111,0.0,0.0,0.0,0.0,0.0,0.0,0.0,0.0,0.0,0.0,0.0,0.0,0.0,0.0,0.0,0.0,0.0,0.0,0.0,1.9,12.0,2.0,0.0,0.0,0.4,0.83,0.0,0.0,0.167,6.0,,,,,,,,,,,,,,,,,,,,,,,,,0.5,0.0,1.0,1.0,1.0,1.0,1.0,0.0,,1.0,0.0,1.0,1.0,0.5,0.0,0.0,0.0,1.0,0.0,0.5,0.0,0.0,0.0,0.5,0.0,1.0,,,,,,,,,,,,,,,,,,,,,,,,,,,,0,,,0,,,,0,0.0,0.0,0.5,0.0,0.0,0.0,0.0,0.0,0.0,0.0,0.0,,0.0,0.0,0.0,0.0,,,0.0,0.0,0.0,1.0,,0.0,1.0,1.0,0.0,0.0,,,0.0,0.0,1.0,F,0.556,0.597,0.4,5.0,2.0,-0.197,0.0,0.0,0.0,0.0,0.0,0.0,0.0,0.0,0.0,1.0,0.0,LAL,0.0,0.0,,0.0,0.0,0.0,0.0,0.0,0.0,,0.0,2.0,0.0,,0.0,0.5,0,,0,,,,2018,20171203,False,92.0,2.0,5.0,0.4,0.444,-0.044,15.4,4.0,0.0,4.0,1.0,0.0,1.0,2.0,0.0,0.0,0.0,0.0,0.0,0.0,1.0,1.0,0.0,0.0,0.0,1.0,0.0,0.0,5665.0,1.1,0.6,0.5,4.04,4.78,3.4,21700338,,
24466,24466,1626145,Tyler Ennis,Tyler,1610612747.0,LAL,23.0,1,0,1,0.0,9.833333333333334,1,3,0.333,0,0,0.0,0,0,0.0,1,1,2,3,0,0,0,0,0,0,2,14,8.9,0,0,7.0,1,37,37,37,59,46,49,46,28,50,28,32,35,32,22,43,40,13,55,38,23,1,1,46,53,12,51,7,2,54,96.16,72,142.1,0.333,0.091,62.3,90.31,6,83.5,4,0.333,72.2,4,72.2,46,2,60,1,49,52,142.1,50.0,0.0,145.8,13,6,4,3,0.12,4,72,1.0,1,69.9,0.0,0.083,3,0.333,17,27,72,40,59,19,39,3.0,0.0,69.9,90.31,0.1,0.122,0.161,7,75.25,55,3,15.0,8.0,17.0,0.0,3.0,7.0,0.2,0.0,0.2,1.0,0.0,3.0,0.0,2.0,0.0,0.0,0.0,0.0,0.0,0.333,0.0,0.667,0.0,0.0,0.0,0.0,0.0,0.0,4.39,19.0,2.0,0.0,0.0,1.4,4.68,0.0,0.0,0.105,8.0,3.0,0.0,0.0,0.5,2.0,0.5,14.8,0.0,0.0,0.667,1.0,0.0,0.0,0.0,1.0,1.0,2.0,1.0,22.0,7.6,0.0,0.667,0.0,1.0,,,,,,,,,,,,,,,1.0,1.0,1.0,1.0,1.0,0.333,0.0,0.0,1.0,0.333,0.0,1.0,,,,,,,,,,,,,,,0.0,0.0,0.0,0.0,2.0,0.0,0.667,0.0,0.667,,2.0,0.0,0.0,0,,0.0,0,0.0,,,2,0.0,0.0,0.333,0.0,0.0,0.0,0.0,0.0,0.0,0.0,1.0,,0.0,0.0,0.0,0.0,,,0.0,0.0,0.0,1.0,,0.0,1.0,1.0,0.0,0.0,,,0.0,0.0,1.0,,,,,,,,0.0,0.0,1.0,0.0,0.0,,,0.0,0.0,1.0,1.0,LAL,0.0,0.0,,0.0,,,0.0,,0.0,,0.0,1.0,,,0.0,1.0,0,,0,,,,2018,20171203,False,91.0,1.0,4.0,0.25,0.394,-0.144,12.7,2.0,1.0,1.0,1.0,0.0,0.0,0.0,0.0,0.0,0.0,0.0,0.0,0.0,0.0,0.0,0.0,0.0,0.0,0.0,0.0,0.0,5094.0,1.0,0.6,0.4,4.76,5.07,4.35,21700338,,
24372,24372,201628,T.J. Leaf,T.J.,1610612745.0,HOU,21.0,1,0,1,0.0,6.283333333333333,0,2,0.0,0,0,0.0,0,0,0.0,1,0,1,0,0,0,0,0,0,0,0,0,1.2,0,0,1.0,1,89,89,89,159,155,150,155,79,126,79,99,104,99,48,150,131,123,105,82,52,1,1,128,161,79,167,9,1,168,82.66,165,100.0,0.0,0.083,107.8,84.03,72,-11.7,83,0.0,100.0,91,100.0,155,123,100,1,150,155,100.0,0.0,0.0,96.2,11,72,83,108,0.167,91,165,0.0,1,0.0,0.0,0.0,110,0.0,172,79,169,84,112,11,150,2.0,0.0,0.0,84.03,0.143,0.161,-0.071,123,70.03,161,111,4.0,0.0,4.0,0.0,0.0,1.0,0.0,0.0,0.0,0.0,0.0,2.0,1.0,1.0,0.0,0.0,0.0,0.0,0.0,0.0,0.0,0.5,0.0,0.0,0.0,0.0,0.0,0.0,1.81,6.0,0.0,0.0,0.0,0.2,1.33,1.0,0.0,0.0,5.0,2.0,0.0,1.0,1.0,1.0,1.0,5.4,1.0,0.0,0.5,0.0,0.0,1.0,0.0,0.0,0.0,0.0,1.0,5.4,0.0,0.0,0.5,1.0,0.0,,,,,,,,,,,,,,,0.0,0.0,0.0,2.0,0.0,1.0,0.0,0.0,0.0,1.0,0.0,2.0,,,,,,,,,,,,,,,,,,,,,,,,,,,,0,,,0,,,,0,0.0,0.0,0.0,0.0,0.0,0.0,0.0,0.0,0.0,,0.0,,,0.0,0.0,0.0,,,,,0.0,0.0,,,2.0,0.0,0.0,,,,0.0,0.0,0.0,F,0.379,0.581,0.513,39.0,20.0,-0.068,0.0,0.0,0.0,0.0,0.0,,,0.0,0.0,0.0,0.0,IND,0.0,0.0,,0.0,,,0.0,,0.0,,0.0,2.0,,,0.0,0.0,0,,0,,,,2018,20171203,False,103.0,,,,,,,,,,,,,,,,,,,,,,,,,,,,539.0,0.1,0.1,0.0,3.8,5.91,0.0,21700338,LAL,HOU
24373,24373,1627742,T.J. Warren,T.J.,1610612747.0,LAL,24.0,1,1,0,1.0,29.973333333333333,7,14,0.5,0,1,0.0,3,5,0.6,0,0,0,0,0,0,0,1,3,3,17,6,17.0,0,0,17.0,1,1,1,1,35,17,19,51,79,98,79,24,13,68,91,150,156,123,105,82,52,113,113,24,24,55,95,9,1,89,103.96,106,105.1,0.525,0.0,85.5,96.89,45,10.8,55,0.5,90.3,71,90.3,17,123,48,1,19,70,105.1,0.0,0.0,96.3,91,45,55,27,0.235,71,106,7.0,1,14.8,0.0,0.0,62,0.0,111,156,26,84,49,59,150,14.0,0.0,14.8,96.89,0.0,0.24,0.065,123,80.74,87,110,20.0,0.0,30.0,0.0,0.0,2.0,0.0,0.0,0.0,0.0,0.333,3.0,1.0,1.0,2.0,0.0,2.0,1.0,1.0,0.0,0.0,0.333,0.0,0.0,0.667,2.0,0.0,1.0,1.57,36.0,17.0,1.333,0.0,0.9,0.83,3.0,4.0,0.472,32.0,,,,,,,,,,,,,,,,,,,,,,,,,0.077,0.0,1.0,1.0,1.0,1.0,1.0,0.0,,1.0,0.0,1.0,1.0,0.077,0.5,0.5,3.0,6.0,0.5,0.462,0.0,0.0,3.0,0.462,0.0,6.0,,4.0,0.4,2.0,0.0,5.0,0.4,0.308,0.385,1.0,0.0,0.5,0.077,2.0,0.0,1.0,1.0,1.0,1.0,0.0,0.077,0.0,0.077,,1.0,1.0,1.0,2,0.0,0.5,1,0.5,0.0,,2,6.0,0.6,0.5,0.667,0.667,0.0,0.0,4.0,4.0,0.0,6.0,0.0,0.0,0.667,0.333,1.0,0.0,0.0,0.0,0.0,4.0,3.0,0.0,0.0,4.0,2.0,0.0,0.0,0.0,0.0,1.0,0.0,0.5,F,0.386,0.601,0.516,122.0,63.0,-0.084,0.0,2.0,2.0,0.0,0.5,,0.0,0.0,0.0,2.0,4.0,PHX,2.0,2.0,0.0,1.0,0.0,0.0,0.0,,1.0,0.0,0.5,4.0,,0.0,2.0,0.5,3,0.0,5,0.0,0.6,1.0,2018,20171203,False,103.0,3.0,7.0,0.429,0.444,-0.015,37.1,5.0,3.0,2.0,2.0,0.0,0.0,0.0,2.0,0.0,2.0,1.0,0.0,0.0,1.0,1.0,1.0,0.0,0.0,1.0,1.0,0.0,14198.0,2.7,1.5,1.1,4.38,4.94,3.52,21700338,LAL,HOU
24380,24380,101108,Trey Lyles,Trey,1610612745.0,HOU,22.0,1,1,0,1.0,27.516666666666666,7,11,0.636,1,4,0.25,1,3,0.333,0,8,8,0,0,1,0,0,1,3,16,15,28.6,0,0,27.0,1,1,1,1,54,17,38,28,37,32,57,68,44,95,91,8,15,123,105,26,52,1,40,24,29,20,39,9,1,35,92.91,146,123.5,0.649,0.123,92.4,90.71,47,22.9,20,0.682,90.6,28,90.6,17,123,75,1,38,31,123.5,0.0,0.0,115.4,91,47,20,58,0.197,28,146,7.0,1,33.0,0.0,0.229,35,0.0,20,42,130,84,80,51,23,11.0,0.0,33.0,90.71,0.0,0.197,0.222,123,75.59,43,40,46.0,0.0,37.0,0.0,1.0,4.0,0.022,1.0,0.0,0.0,0.2,5.0,4.0,0.0,6.0,0.0,0.0,0.0,1.0,0.0,0.0,0.0,3.0,0.75,1.2,2.0,0.0,0.0,1.87,59.0,16.0,0.667,0.0,1.8,0.83,3.0,3.0,0.271,35.0,17.0,0.5,0.0,0.0,5.0,0.0,4.3,0.0,0.0,0.471,0.0,0.0,4.0,0.0,0.615,0.615,4.0,13.0,0.0,4.3,4.0,0.471,0.5,4.0,0.364,0.0,0.5,2.0,1.0,0.667,2.0,1.0,0.0,0.5,0.091,3.0,4.0,0.273,0.8,1.0,4.0,4.0,0.8,0.455,1.0,0.091,4.0,0.364,0.0,5.0,0.0,0.0,0.5,0.0,0.5,2.0,0.75,0.0,0.182,2.0,1.0,,0.182,1.0,,,,,,,,,,,,,,0,0.0,0.0,0,0.0,2.0,0.0,2,3.0,0.5,0.682,0.0,1.0,0.0,0.0,0.0,2.0,0.0,0.0,0.0,0.0,0.0,0.0,0.0,0.0,0.0,0.0,0.0,0.0,0.0,0.0,0.0,7.0,6.0,1.0,0.0,0.0,0.0,4.0,0.25,0.857,F,0.401,0.592,0.558,77.0,43.0,-0.034,0.0,1.0,0.0,0.0,1.0,0.0,0.0,0.0,3.0,6.0,0.0,DEN,0.0,0.0,0.0,1.0,0.0,0.0,0.0,0.0,0.0,0.0,0.0,7.0,0.0,0.0,0.0,0.857,1,1.0,2,0.5,0.75,2.0,2018,20171203,False,103.0,5.0,10.0,0.5,0.442,0.058,33.0,2.0,0.0,2.0,5.0,1.0,1.0,2.0,0.0,0.0,0.0,0.0,0.0,0.0,1.0,1.0,1.0,0.0,0.0,1.0,1.0,0.0,11279.0,2.1,1.1,1.0,3.83,3.94,3.72,21700338,LAL,HOU
24381,24381,203991,Troy Daniels,Troy,1610612745.0,HOU,26.0,1,1,0,1.0,20.105,2,4,0.5,2,3,0.667,0,0,0.0,0,0,0,1,1,0,1,0,1,0,6,-4,9.5,0,0,11.0,1,1,1,1,108,102,122,51,14,56,15,99,104,99,91,150,156,82,50,82,19,1,40,128,106,109,134,9,1,119,102.37,27,95.5,0.75,0.0,110.3,105.05,98,-14.9,105,0.75,104.5,116,104.5,102,68,152,142,122,19,95.5,16.7,16.7,95.4,91,98,105,117,0.102,116,27,2.0,143,-9.1,1.0,0.0,115,0.1,118,156,42,51,153,44,150,4.0,16.7,-9.1,105.05,0.0,0.106,0.053,84,87.54,23,122,14.0,2.0,17.0,0.0,1.0,1.0,0.071,0.0,0.071,0.0,0.0,1.0,1.0,0.0,0.0,0.0,0.0,0.0,0.0,0.0,0.0,0.0,0.0,0.0,0.0,0.0,0.0,0.0,2.15,21.0,6.0,0.0,0.0,0.8,0.95,0.0,0.0,0.286,15.0,,,,,,,,,,,,,,,,,,,,,,,,,,,,,,,,,,,,,,,1.0,0.0,2.0,1.0,0.667,0.75,2.0,0.5,0.0,0.25,2.0,3.0,1.0,,,,,,,,,,,,,,0.25,0.0,0.0,,0.0,0.0,0.0,1.0,0.25,0.0,1.0,0.0,0.0,0,0.0,,0,,0.0,,0,6.0,0.667,0.75,0.0,0.0,0.0,0.0,0.0,0.0,0.0,0.0,0.0,0.0,0.0,0.0,0.0,0.0,0.0,1.0,1.0,0.0,0.0,0.0,0.0,1.0,0.0,2.0,0.0,0.0,0.0,2.0,1.0,0.0,G,0.325,0.58,0.608,74.0,45.0,0.028,1.0,2.0,0.0,0.0,0.5,0.0,0.0,1.0,1.0,0.0,0.0,PHX,0.0,0.0,,1.0,0.0,0.0,0.0,0.0,0.0,,0.0,1.0,0.0,,0.0,0.0,2,2.0,3,0.667,1.0,3.0,2018,20171203,False,103.0,4.0,13.0,0.308,0.488,-0.181,22.6,12.0,10.0,2.0,1.0,0.0,3.0,6.0,0.0,0.0,0.0,0.0,0.0,2.0,5.0,7.0,4.0,3.0,0.286,0.714,1.0,0.75,8886.0,1.7,1.0,0.7,4.54,4.87,4.12,21700338,LAL,HOU
24417,24417,203903,DeMar DeRozan,DeMar,1610612747.0,LAL,28.0,1,1,0,1.0,32.05,2,9,0.222,0,0,0.0,7,8,0.875,1,5,6,5,5,2,1,0,1,4,11,-3,29.7,0,0,28.0,1,1,1,1,9,37,24,56,28,50,28,1,3,19,22,11,12,7,2,5,5,1,23,9,22,45,12,7,2,14,102.56,57,103.0,0.439,0.085,101.2,100.34,50,3.7,41,0.222,107.5,22,107.5,37,23,21,54,24,59,103.0,21.7,21.7,104.9,32,50,41,46,0.231,22,57,2.0,54,-4.5,1.0,0.132,30,0.25,38,30,48,17,22,67,25,9.0,22.2,-4.5,100.34,0.03,0.228,0.084,11,83.62,47,18,37.0,12.0,47.0,0.0,6.0,8.0,0.162,1.0,0.135,2.0,0.136,22.0,6.0,8.0,7.0,0.136,5.0,0.833,3.0,0.091,3.0,0.364,1.0,0.167,0.318,6.0,0.0,2.0,4.61,56.0,11.0,0.0,0.0,4.3,4.64,0.0,1.0,0.196,31.0,10.0,0.2,0.0,0.333,3.0,0.5,8.8,0.0,0.0,0.6,1.0,1.0,1.0,1.0,0.714,0.714,5.0,7.0,12.6,8.1,1.0,0.667,0.167,4.0,0.222,0.0,0.0,0.0,1.0,0.0,0.0,0.0,,0.0,0.0,2.0,2.0,0.222,0.333,0.333,1.0,3.0,0.333,0.333,0.0,0.0,1.0,0.333,0.0,3.0,,3.0,0.0,0.0,,3.0,0.0,0.333,0.333,0.0,0.0,0.0,0.0,0.0,0.0,1.0,1.0,1.0,1.0,0.0,0.111,0.0,0.111,,1.0,1.0,1.0,2,,0.2,1,0.2,,,5,2.0,1.0,0.222,1.0,0.0,0.0,0.0,2.0,0.0,0.0,2.0,0.0,0.0,0.0,0.4,2.0,0.0,0.0,0.0,0.0,0.0,5.0,0.0,0.0,2.0,0.0,0.0,0.0,0.0,0.0,0.0,0.0,0.0,G,0.25,0.622,0.667,3.0,2.0,0.044,0.0,0.0,4.0,0.0,0.0,,0.0,0.0,0.0,0.0,2.0,TOR,1.0,1.0,,0.0,0.0,0.0,0.0,,0.25,,0.5,2.0,,,1.0,0.0,1,,1,,1.0,,2018,20171203,False,,3.0,9.0,0.333,0.497,-0.164,20.6,6.0,2.0,4.0,0.0,0.0,0.0,0.0,0.0,0.0,0.0,0.0,0.0,0.0,0.0,0.0,0.0,0.0,0.0,0.0,0.0,0.0,7851.0,1.5,0.9,0.6,4.38,5.11,3.61,21700338,LAL,HOU
24419,24419,1628404,Denzel Valentine,Denzel,1610612747.0,LAL,24.0,1,0,1,0.0,25.516666666666666,4,10,0.4,4,7,0.571,0,0,0.0,0,2,2,0,1,0,0,0,4,0,12,-19,13.4,0,0,18.0,1,37,37,37,23,19,20,39,3,5,4,32,35,32,33,31,40,50,33,38,23,1,63,46,17,67,41,7,2,28,101.39,53,94.4,0.6,0.039,133.6,100.64,65,-41.5,61,0.6,132.1,41,132.1,19,50,36,31,20,17,94.4,0.0,9.1,92.1,33,65,61,65,0.186,41,53,4.0,31,-37.6,0.0,0.08,61,0.0,54,53,64,40,35,54,42,10.0,9.1,-37.6,100.64,0.0,0.185,0.029,50,83.87,20,41,23.0,0.0,26.0,0.0,0.0,3.0,0.0,0.0,0.0,0.0,0.0,6.0,3.0,3.0,0.0,0.0,0.0,0.0,0.0,0.0,0.0,0.5,0.0,0.0,0.0,0.0,0.0,0.0,3.29,34.0,12.0,0.0,0.0,1.9,2.44,0.0,0.0,0.353,28.0,10.0,0.0,0.0,0.0,1.0,0.0,4.8,0.0,4.0,0.2,0.0,4.0,0.0,0.0,0.222,0.4,2.0,9.0,0.0,4.8,0.0,0.333,0.0,2.0,0.1,0.0,0.0,0.0,1.0,,0.0,1.0,0.0,0.0,0.1,0.0,1.0,0.0,0.0,0.0,0.0,3.0,0.0,0.3,0.0,0.0,0.0,0.3,0.0,3.0,,0.0,0.667,0.0,0.667,3.0,1.0,0.0,0.3,3.0,2.0,,0.3,2.0,0.3,2.0,0.0,,0.0,2.0,0.0,3.0,0.3,0.667,3.0,0.667,1.0,3,1.0,0.3,1,0.2,2.0,0.5,5,9.0,0.6,0.6,0.0,0.0,0.0,0.0,0.0,0.0,0.5,2.0,0.0,0.0,0.0,0.0,0.0,2.0,0.0,2.0,0.0,0.0,1.0,0.5,0.0,0.0,0.0,3.0,1.0,0.0,1.0,5.0,0.6,0.0,F,0.313,0.636,0.4,5.0,2.0,-0.236,0.6,2.0,2.0,0.0,0.5,0.0,0.0,3.0,5.0,0.0,0.0,CHI,0.0,1.0,0.0,1.0,0.0,0.0,0.0,0.0,0.0,0.0,0.0,0.0,0.0,0.0,0.0,0.0,3,3.0,5,0.6,0.9,5.0,2018,20171203,False,103.0,2.0,5.0,0.4,0.417,-0.017,15.1,7.0,3.0,4.0,0.0,0.0,0.0,0.0,0.0,0.0,0.0,0.0,0.0,0.0,1.0,1.0,1.0,0.0,0.0,1.0,1.0,0.0,5635.0,1.1,0.6,0.5,4.38,4.54,4.21,21700338,LAL,HOU
24426,24426,203484,Jerian Grant,Jerian,1610612747.0,LAL,25.0,1,0,1,0.0,27.166666666666668,3,9,0.333,0,1,0.0,1,1,1.0,1,1,2,7,2,2,0,0,1,1,7,-11,23.9,0,0,20.0,1,37,37,37,21,28,24,46,28,35,28,26,30,1,22,43,40,3,16,5,23,1,23,33,35,58,22,7,2,26,97.96,66,100.0,0.371,0.034,119.8,96.29,61,-24.5,51,0.333,118.2,27,118.2,28,7,41,34,24,52,100.0,38.9,11.1,95.3,30,61,51,61,0.167,27,66,3.0,34,-18.2,3.5,0.038,53,0.389,37,55,68,3,40,54,53,9.0,10.8,-18.2,96.29,0.031,0.174,0.084,4,80.25,54,38,68.0,16.0,74.0,0.0,8.0,15.0,0.118,1.0,0.103,2.0,0.0,13.0,4.0,7.0,3.0,0.0,0.0,0.0,0.0,0.154,0.0,0.538,1.0,0.25,0.231,0.0,0.0,0.0,4.04,80.0,7.0,0.0,0.0,5.4,4.04,1.0,0.0,0.088,38.0,5.0,0.0,0.0,0.25,4.0,0.25,6.5,0.0,0.0,0.4,1.0,0.0,0.0,0.0,1.0,1.0,2.0,1.0,3.5,9.5,0.0,0.4,0.0,1.0,,,,,,,,,,,,,,,0.333,0.4,2.0,5.0,0.333,0.667,1.0,0.111,2.0,0.556,0.0,6.0,0.0,2.0,0.5,1.0,,2.0,0.5,0.222,0.222,0.0,0.0,0.5,0.0,1.0,0.0,0.0,0.0,0.0,1.0,0.0,0.111,0.0,0.111,,1.0,0.0,0.0,2,0.0,0.5,1,0.5,0.0,,2,0.0,0.0,0.333,0.0,0.0,0.0,0.0,0.0,0.0,0.0,3.0,0.0,0.0,0.333,0.333,1.0,,0.0,0.0,0.0,1.0,3.0,,0.0,2.0,1.0,0.0,0.0,0.0,,1.0,0.0,0.5,G,0.455,0.595,0.4,5.0,2.0,-0.195,0.0,0.0,1.0,0.0,0.0,,0.0,0.0,1.0,2.0,2.0,CHI,0.0,2.0,,0.0,0.0,0.0,0.0,,0.0,,0.5,3.0,,,1.0,0.667,0,0.0,2,0.0,0.0,1.0,2018,20171203,False,103.0,7.0,11.0,0.636,0.461,0.176,34.9,6.0,2.0,4.0,2.0,0.0,0.0,0.0,0.0,0.0,0.0,0.0,0.0,0.0,1.0,1.0,0.0,0.0,0.0,1.0,0.0,0.0,12717.0,2.4,1.3,1.1,4.14,4.52,3.74,21700338,LAL,HOU
24431,24431,1628398,Justin Holiday,Justin,1610612747.0,LAL,29.0,1,0,1,0.0,34.88333333333333,5,16,0.313,4,12,0.333,1,1,1.0,0,4,4,2,1,1,1,1,0,3,15,1,27.8,0,0,29.0,1,37,37,37,3,12,7,52,3,2,14,26,30,1,33,18,25,19,33,17,5,52,1,12,12,28,17,7,2,12,101.72,58,102.7,0.456,0.053,104.7,99.76,44,-7.5,34,0.438,102.8,25,102.8,12,34,30,25,7,44,102.7,10.5,5.3,97.2,33,44,34,52,0.2,25,58,5.0,25,0.0,2.0,0.114,43,0.091,35,45,62,8,29,73,31,16.0,5.1,0.0,99.76,0.0,0.202,0.086,39,83.13,45,33,24.0,2.0,38.0,0.0,2.0,4.0,0.083,1.0,0.083,0.0,0.0,1.0,0.0,1.0,0.0,0.0,0.0,0.0,0.0,0.0,0.0,1.0,0.0,0.0,0.0,0.0,0.0,0.0,2.13,43.0,15.0,0.0,0.0,1.5,1.56,0.0,0.0,0.349,33.0,12.0,0.25,0.0,0.0,2.0,0.0,7.7,0.0,2.0,0.333,0.0,2.0,1.0,0.0,0.4,0.5,2.0,10.0,0.0,7.7,1.0,0.4,0.25,2.0,,,,,,,,,,,,,,,0.0,0.0,0.0,1.0,0.0,0.067,0.0,0.0,0.0,0.067,0.0,1.0,,1.0,0.375,1.0,0.286,8.0,0.5,0.067,0.533,7.0,2.0,1.0,0.467,3.0,0.267,2.0,0.0,0.0,2.0,2.0,0.133,4.0,0.4,0.5,6.0,0.333,0.5,8,2.0,0.5,3,0.375,5.0,0.4,8,6.0,0.286,0.438,0.0,0.0,0.0,0.0,0.0,0.0,0.333,3.0,0.0,0.5,0.333,0.0,0.0,1.0,0.0,3.0,2.0,1.0,1.0,0.0,1.0,0.0,0.0,3.0,1.0,0.0,0.0,9.0,0.333,0.0,G-F,0.429,0.656,0.333,3.0,1.0,-0.323,0.333,4.0,2.0,0.0,0.5,0.0,0.0,3.0,9.0,0.0,1.0,CHI,0.0,0.0,0.0,2.0,0.0,0.0,0.0,0.0,0.0,0.0,0.0,0.0,0.0,0.0,0.0,0.0,2,2.0,7,0.333,0.429,6.0,2018,20171203,False,103.0,3.0,6.0,0.5,0.479,0.021,27.6,5.0,5.0,0.0,1.0,0.0,1.0,2.0,0.0,1.0,1.0,0.0,1.0,0.0,3.0,3.0,1.0,1.0,0.0,1.0,1.0,1.0,11136.0,2.1,1.2,0.9,4.58,4.99,4.13,21700338,LAL,HOU
24435,24435,1628366,Kyle Lowry,Kyle,1610612747.0,LAL,32.0,1,1,0,1.0,31.33333333333333,4,7,0.571,1,3,0.333,3,3,1.0,0,4,4,9,4,1,0,0,1,3,12,1,29.3,0,0,28.0,1,1,1,1,13,19,32,16,16,18,14,12,15,1,33,18,25,2,3,17,23,1,23,12,17,28,13,7,2,14,103.37,49,110.6,0.721,0.062,103.3,101.11,52,8.6,31,0.643,109.1,15,109.1,19,4,44,49,32,14,110.6,42.9,19.0,111.9,33,52,31,48,0.158,15,49,4.0,49,1.5,2.25,0.114,26,0.474,20,42,41,7,44,66,31,7.0,18.8,1.5,101.11,0.0,0.164,0.143,3,84.26,11,12,48.0,23.0,49.0,0.0,9.0,12.0,0.188,0.0,0.188,1.0,0.0,10.0,2.0,5.0,2.0,0.2,0.0,0.0,0.0,0.1,2.0,0.5,1.0,0.5,0.2,0.0,0.0,2.0,3.46,61.0,12.0,0.0,0.0,3.5,3.1,0.0,1.0,0.197,27.0,5.0,0.0,0.0,0.0,0.0,0.0,7.7,0.0,0.0,0.8,0.0,0.0,0.0,0.0,0.8,0.8,4.0,5.0,0.0,7.7,0.0,0.8,0.0,4.0,0.143,0.0,1.0,1.0,1.0,1.0,1.0,0.0,,1.0,0.0,1.0,1.0,0.143,0.5,0.0,1.0,1.0,0.333,0.429,2.0,0.286,0.0,0.143,1.0,3.0,0.5,1.0,0.5,1.0,0.0,2.0,0.5,0.143,0.286,1.0,0.0,1.0,0.143,1.0,0.0,1.0,1.0,1.0,1.0,0.0,0.143,0.0,0.143,,1.0,1.0,1.0,2,0.0,0.5,1,0.5,0.0,,2,3.0,0.333,0.643,1.0,0.0,0.0,0.0,2.0,0.0,0.0,1.0,0.0,0.0,0.0,1.0,1.0,0.0,0.0,0.0,0.0,0.0,1.0,0.0,0.0,2.0,2.0,1.0,0.0,0.0,0.0,3.0,0.333,1.0,G,0.077,0.584,1.0,1.0,1.0,0.416,0.333,0.0,2.0,0.0,0.0,,0.0,1.0,3.0,2.0,0.0,TOR,1.0,0.0,,0.0,0.0,0.0,0.0,,0.5,,0.0,2.0,,,0.0,1.0,1,1.0,3,0.333,0.5,3.0,2018,20171203,False,103.0,5.0,11.0,0.455,0.46,-0.006,22.0,6.0,3.0,3.0,2.0,0.0,0.0,0.0,1.0,0.0,1.0,1.0,0.0,0.0,1.0,1.0,1.0,0.0,0.0,1.0,1.0,0.0,8278.0,1.6,0.9,0.7,4.39,5.09,3.71,21700338,LAL,HOU
24375,24375,1627362,Thon Maker,Thon,1610612745.0,HOU,21.0,1,0,1,0.0,17.116666666666667,0,2,0.0,0,1,0.0,0,0,0.0,0,3,3,0,1,0,1,0,0,1,0,-9,5.6,0,0,5.0,1,89,89,89,128,155,150,155,79,98,79,99,104,99,91,68,86,123,50,82,19,1,1,92,161,134,153,9,1,156,97.31,107,100.0,0.0,0.094,120.2,96.75,147,-19.2,137,0.0,122.9,91,122.9,155,123,163,170,150,155,100.0,0.0,33.3,101.1,91,147,137,145,0.083,91,107,0.0,170,-22.9,0.0,0.167,132,0.0,149,67,97,84,163,34,50,2.0,33.3,-22.9,96.75,0.0,0.087,0.007,123,80.62,161,85,15.0,0.0,5.0,0.0,0.0,0.0,0.0,0.0,0.0,0.0,0.0,0.0,0.0,0.0,0.0,0.0,0.0,0.0,0.0,0.0,0.0,0.0,0.0,0.0,0.0,0.0,0.0,0.0,1.57,18.0,0.0,0.0,0.0,0.5,0.06,1.0,1.0,0.0,5.0,5.0,0.333,0.0,0.0,1.0,0.0,9.3,0.0,0.0,0.6,0.0,0.0,1.0,0.0,0.75,0.75,2.0,4.0,0.0,9.3,1.0,0.6,0.333,2.0,,,,,,,,,,,,,,,0.0,0.0,0.0,1.0,0.0,0.5,0.0,0.0,0.0,0.5,0.0,1.0,,0.0,0.0,0.0,0.0,1.0,0.0,0.0,0.5,1.0,0.0,,0.5,0.0,,,,,,,,,,,,,,0,0.0,,0,,0.0,,0,0.0,0.0,0.0,0.0,0.0,0.0,0.0,0.0,0.0,0.0,0.0,0.0,0.0,0.0,0.0,0.0,0.0,0.0,0.0,0.0,0.0,0.0,0.0,0.0,1.0,0.0,0.0,0.0,0.0,0.0,1.0,0.0,0.0,C-F,0.529,0.612,0.604,164.0,99.0,-0.009,0.0,0.0,0.0,0.0,0.0,0.0,0.0,0.0,1.0,0.0,0.0,MIL,0.0,0.0,,0.0,0.0,0.0,0.0,0.0,0.0,,0.0,1.0,0.0,,0.0,0.0,0,0.0,1,0.0,0.0,1.0,2018,20171203,False,,,,,,,,,,,,,,,,,,,,,,,,,,,,,716.0,0.1,0.1,0.1,3.81,5.94,10.61,21700338,,
24391,24391,1627743,Will Barton,Will,1610612745.0,HOU,27.0,1,1,0,1.0,36.016666666666666,2,11,0.182,1,4,0.25,0,0,0.0,1,5,6,5,1,0,0,0,2,0,5,17,18.7,0,0,17.0,1,1,1,1,8,102,38,145,37,32,57,99,104,99,48,30,38,13,50,82,52,1,81,128,118,14,85,9,1,89,89.85,152,116.7,0.227,0.073,91.0,89.29,35,20.7,28,0.227,88.2,39,88.2,102,20,111,83,38,142,116.7,29.4,5.9,111.7,87,35,28,50,0.156,39,152,2.0,84,28.4,5.0,0.111,41,0.2,131,93,149,5,115,66,92,11.0,5.9,28.4,89.29,0.027,0.154,0.031,48,74.41,151,48,46.0,11.0,53.0,0.0,5.0,8.0,0.109,1.0,0.109,1.0,0.0,7.0,4.0,1.0,0.0,0.143,0.0,0.0,0.0,0.143,1.0,0.143,1.0,0.25,0.0,0.0,0.0,0.0,5.18,60.0,5.0,0.0,0.0,5.2,4.32,0.0,0.0,0.083,25.0,12.0,0.2,0.0,0.25,4.0,0.25,5.9,0.0,0.0,0.5,1.0,0.0,1.0,0.0,0.625,0.625,5.0,8.0,22.0,2.7,1.0,0.5,0.167,4.0,0.091,0.0,0.0,0.0,1.0,0.0,0.0,0.0,,0.0,0.0,1.0,1.0,0.091,0.0,0.0,0.0,3.0,0.0,0.273,0.0,0.0,0.0,0.273,0.0,3.0,,0.0,0.333,0.0,0.333,3.0,0.5,0.0,0.273,3.0,1.0,,0.273,1.0,0.091,1.0,1.0,0.333,3.0,0.0,0.273,1.0,0.364,0.0,4.0,0.25,0.25,2,0.0,0.333,1,0.333,1.0,0.0,3,3.0,0.333,0.227,0.0,0.0,0.0,0.0,0.0,0.0,0.0,2.0,0.0,0.0,0.5,0.0,0.0,0.0,0.0,0.0,0.0,1.0,1.0,0.0,0.0,4.0,0.0,1.0,0.0,0.0,0.0,4.0,0.25,0.0,F-G,0.412,0.592,0.581,129.0,75.0,-0.01,0.25,0.0,0.0,0.0,0.0,0.0,0.0,1.0,4.0,0.0,2.0,DEN,0.0,1.0,0.0,0.0,0.0,0.0,0.0,0.0,0.0,0.0,0.5,4.0,0.0,0.0,1.0,0.0,1,1.0,3,0.333,0.5,3.0,2018,20171203,False,,0.0,1.0,0.0,0.45,-0.45,1.6,1.0,0.0,1.0,0.0,0.0,0.0,0.0,0.0,0.0,0.0,0.0,0.0,0.0,0.0,0.0,0.0,0.0,0.0,0.0,0.0,0.0,526.0,0.1,0.1,0.0,3.8,5.93,0.0,21700338,,
