PLAYER_ID,date,SPINE_GAME_ID,SPINE_TEAM_ID,SPINE_TEAM_ABBR
1713,20170415,41600151,1610612763,MEM
1718,20170415,41600171,1610612746,LAC
1891,20170415,41600121,1610612749,MIL
1938,20170415,41600151,1610612759,SAS
2037,20170415,41600171,1610612746,LAC
2200,20170415,41600151,1610612759,SAS
2207,20170415,41600171,1610612762,UTA
2210,20170415,41600111,1610612739,CLE
2216,20170415,41600151,1610612763,MEM
2225,20170415,41600151,1610612759,SAS
2544,20170415,41600111,1610612739,CLE
2564,20170415,41600171,1610612762,UTA
2594,20170415,41600111,1610612739,CLE
2747,20170415,41600111,1610612739,CLE
101108,20170415,41600171,1610612746,LAC
101109,20170415,41600171,1610612746,LAC
101112,20170415,41600111,1610612739,CLE
101114,20170415,41600111,1610612739,CLE
101135,20170415,41600151,1610612759,SAS
101139,20170415,41600111,1610612754,IND
101145,20170415,41600111,1610612754,IND
200746,20170415,41600151,1610612759,SAS
200755,20170415,41600171,1610612746,LAC
200768,20170415,41600121,1610612761,TOR
200782,20170415,41600121,1610612761,TOR
201144,20170415,41600151,1610612763,MEM
201148,20170415,41600151,1610612763,MEM
201150,20170415,41600121,1610612749,MIL
201152,20170415,41600111,1610612754,IND
201166,20170415,41600111,1610612754,IND
201188,20170415,41600151,1610612763,MEM
201563,20170415,41600121,1610612749,MIL
201567,20170415,41600111,1610612739,CLE
201578,20170415,41600171,1610612746,LAC
201586,20170415,41600121,1610612761,TOR
201588,20170415,41600171,1610612762,UTA
201599,20170415,41600171,1610612746,LAC
201601,20170415,41600171,1610612746,LAC
201933,20170415,41600171,1610612746,LAC
201942,20170415,41600121,1610612761,TOR
201952,20170415,41600111,1610612754,IND
201960,20170415,41600121,1610612761,TOR
201980,20170415,41600151,1610612759,SAS
201988,20170415,41600151,1610612759,SAS
202324,20170415,41600171,1610612762,UTA
202328,20170415,41600121,1610612749,MIL
202330,20170415,41600171,1610612762,UTA
202331,20170415,41600111,1610612754,IND
202335,20170415,41600121,1610612761,TOR
202338,20170415,41600111,1610612754,IND
202362,20170415,41600111,1610612754,IND
202681,20170415,41600111,1610612739,CLE
202684,20170415,41600111,1610612739,CLE
202685,20170415,41600121,1610612761,TOR
202695,20170415,41600151,1610612759,SAS
202709,20170415,41600121,1610612761,TOR
202714,20170415,41600171,1610612762,UTA
202722,20170415,41600151,1610612759,SAS
202730,20170415,41600111,1610612754,IND
203114,20170415,41600121,1610612749,MIL
203141,20170415,41600121,1610612749,MIL
203210,20170415,41600151,1610612763,MEM
203473,20170415,41600151,1610612759,SAS
203481,20170415,41600171,1610612762,UTA
203497,20170415,41600171,1610612762,UTA
203503,20170415,41600121,1610612749,MIL
203507,20170415,41600121,1610612749,MIL
203512,20170415,41600121,1610612761,TOR
203516,20170415,41600151,1610612763,MEM
203521,20170415,41600121,1610612749,MIL
203584,20170415,41600151,1610612763,MEM
203613,20170415,41600151,1610612759,SAS
203918,20170415,41600171,1610612762,UTA
203937,20170415,41600151,1610612759,SAS
204060,20170415,41600171,1610612762,UTA
1626150,20170415,41600151,1610612763,MEM
1626153,20170415,41600121,1610612761,TOR
1626167,20170415,41600111,1610612754,IND
1626173,20170415,41600121,1610612749,MIL
1626181,20170415,41600121,1610612761,TOR
1626185,20170415,41600151,1610612763,MEM
1627735,20170415,41600151,1610612763,MEM
1627738,20170415,41600151,1610612763,MEM
1627748,20170415,41600121,1610612749,MIL
1627751,20170415,41600121,1610612761,TOR
1627763,20170415,41600121,1610612749,MIL
1627782,20170415,41600151,1610612763,MEM
1627832,20170415,41600121,1610612761,TOR
1627854,20170415,41600151,1610612759,SAS
2399,20170416,41600131,1610612737,ATL
2403,20170416,41600161,1610612745,HOU
2548,20170416,41600101,1610612741,CHI
2561,20170416,41600141,1610612744,GSW
2585,20170416,41600141,1610612744,GSW
2730,20170416,41600131,1610612737,ATL
2733,20170416,41600141,1610612744,GSW
2738,20170416,41600141,1610612744,GSW
2772,20170416,41600161,1610612745,HOU
101123,20170416,41600101,1610612738,BOS
101141,20170416,41600131,1610612737,ATL
101150,20170416,41600161,1610612745,HOU
101161,20170416,41600101,1610612738,BOS
101162,20170416,41600131,1610612764,WAS
101181,20170416,41600131,1610612737,ATL
200765,20170416,41600101,1610612741,CHI
200794,20170416,41600131,1610612737,ATL
201142,20170416,41600141,1610612744,GSW
201143,20170416,41600101,1610612738,BOS
201160,20170416,41600131,1610612764,WAS
201566,20170416,41600161,1610612760,OKC
201569,20170416,41600161,1610612745,HOU
201577,20170416,41600101,1610612741,CHI
201580,20170416,41600141,1610612744,GSW
201583,20170416,41600161,1610612745,HOU
201628,20170416,41600161,1610612745,HOU
201935,20170416,41600161,1610612745,HOU
201939,20170416,41600141,1610612744,GSW
201943,20170416,41600131,1610612764,WAS
201959,20170416,41600161,1610612760,OKC
201973,20170416,41600101,1610612738,BOS
201976,20170416,41600161,1610612745,HOU
202322,20170416,41600131,1610612764,WAS
202323,20170416,41600141,1610612757,POR
202329,20170416,41600141,1610612757,POR
202340,20170416,41600101,1610612738,BOS
202683,20170416,41600161,1610612760,OKC
202691,20170416,41600141,1610612744,GSW
202693,20170416,41600131,1610612764,WAS
202703,20170416,41600101,1610612741,CHI
202708,20170416,41600161,1610612760,OKC
202710,20170416,41600101,1610612741,CHI
202711,20170416,41600131,1610612764,WAS
202738,20170416,41600101,1610612738,BOS
203078,20170416,41600131,1610612764,WAS
203081,20170416,41600141,1610612757,POR
203086,20170416,41600141,1610612757,POR
203090,20170416,41600141,1610612757,POR
203092,20170416,41600101,1610612738,BOS
203107,20170416,41600131,1610612764,WAS
203109,20170416,41600101,1610612738,BOS
203110,20170416,41600141,1610612744,GSW
203145,20170416,41600131,1610612737,ATL
203459,20170416,41600141,1610612757,POR
203460,20170416,41600161,1610612760,OKC
203468,20170416,41600141,1610612757,POR
203471,20170416,41600131,1610612737,ATL
203482,20170416,41600101,1610612738,BOS
203488,20170416,41600131,1610612737,ATL
203490,20170416,41600131,1610612764,WAS
203500,20170416,41600161,1610612760,OKC
203501,20170416,41600131,1610612737,ATL
203506,20170416,41600161,1610612760,OKC
203518,20170416,41600161,1610612760,OKC
203546,20170416,41600141,1610612744,GSW
203894,20170416,41600141,1610612757,POR
203902,20170416,41600161,1610612760,OKC
203924,20170416,41600161,1610612760,OKC
203926,20170416,41600161,1610612760,OKC
203935,20170416,41600101,1610612738,BOS
203943,20170416,41600141,1610612757,POR
203949,20170416,41600141,1610612744,GSW
203991,20170416,41600161,1610612745,HOU
1626149,20170416,41600161,1610612745,HOU
1626162,20170416,41600131,1610612764,WAS
1626170,20170416,41600101,1610612741,CHI
1626171,20170416,41600101,1610612741,CHI
1626192,20170416,41600141,1610612757,POR
1626245,20170416,41600101,1610612741,CHI
1627734,20170416,41600161,1610612760,OKC
1627752,20170416,41600131,1610612737,ATL
1627759,20170416,41600101,1610612738,BOS
1627775,20170416,41600141,1610612744,GSW
1627786,20170416,41600161,1610612745,HOU
1627835,20170416,41600101,1610612741,CHI
1713,20170417,41600152,1610612763,MEM
1938,20170417,41600152,1610612759,SAS
2200,20170417,41600152,1610612759,SAS
2210,20170417,41600112,1610612739,CLE
2216,20170417,41600152,1610612763,MEM
2225,20170417,41600152,1610612759,SAS
2544,20170417,41600112,1610612739,CLE
2594,20170417,41600112,1610612739,CLE
2747,20170417,41600112,1610612739,CLE
101112,20170417,41600112,1610612739,CLE
101114,20170417,41600112,1610612739,CLE
101135,20170417,41600152,1610612759,SAS
101139,20170417,41600112,1610612754,IND
101145,20170417,41600112,1610612754,IND
200746,20170417,41600152,1610612759,SAS
201144,20170417,41600152,1610612763,MEM
201148,20170417,41600152,1610612763,MEM
201152,20170417,41600112,1610612754,IND
201188,20170417,41600152,1610612763,MEM
201567,20170417,41600112,1610612739,CLE
201952,20170417,41600112,1610612754,IND
201980,20170417,41600152,1610612759,SAS
201988,20170417,41600152,1610612759,SAS
202331,20170417,41600112,1610612754,IND
202338,20170417,41600112,1610612754,IND
202362,20170417,41600112,1610612754,IND
202681,20170417,41600112,1610612739,CLE
202684,20170417,41600112,1610612739,CLE
202695,20170417,41600152,1610612759,SAS
202697,20170417,41600112,1610612739,CLE
202730,20170417,41600112,1610612754,IND
203210,20170417,41600152,1610612763,MEM
203473,20170417,41600152,1610612759,SAS
203516,20170417,41600152,1610612763,MEM
203584,20170417,41600152,1610612763,MEM
203922,20170417,41600112,1610612754,IND
203937,20170417,41600152,1610612759,SAS
1626150,20170417,41600152,1610612763,MEM
1626167,20170417,41600112,1610612754,IND
1627782,20170417,41600152,1610612763,MEM
1718,20170418,41600172,1610612746,LAC
1891,20170418,41600122,1610612749,MIL
2037,20170418,41600172,1610612746,LAC
2207,20170418,41600172,1610612762,UTA
2548,20170418,41600102,1610612741,CHI
2564,20170418,41600172,1610612762,UTA
101108,20170418,41600172,1610612746,LAC
101109,20170418,41600172,1610612746,LAC
101161,20170418,41600102,1610612738,BOS
200755,20170418,41600172,1610612746,LAC
200765,20170418,41600102,1610612741,CHI
200768,20170418,41600122,1610612761,TOR
200782,20170418,41600122,1610612761,TOR
201143,20170418,41600102,1610612738,BOS
201150,20170418,41600122,1610612749,MIL
201577,20170418,41600102,1610612741,CHI
201578,20170418,41600172,1610612746,LAC
201586,20170418,41600122,1610612761,TOR
201588,20170418,41600172,1610612762,UTA
201599,20170418,41600172,1610612746,LAC
201601,20170418,41600172,1610612746,LAC
201933,20170418,41600172,1610612746,LAC
201942,20170418,41600122,1610612761,TOR
201960,20170418,41600122,1610612761,TOR
202324,20170418,41600172,1610612762,UTA
202328,20170418,41600122,1610612749,MIL
202330,20170418,41600172,1610612762,UTA
202335,20170418,41600122,1610612761,TOR
202340,20170418,41600102,1610612738,BOS
202685,20170418,41600122,1610612761,TOR
202703,20170418,41600102,1610612741,CHI
202709,20170418,41600122,1610612761,TOR
202710,20170418,41600102,1610612741,CHI
202714,20170418,41600172,1610612762,UTA
202738,20170418,41600102,1610612738,BOS
203092,20170418,41600102,1610612738,BOS
203109,20170418,41600102,1610612738,BOS
203114,20170418,41600122,1610612749,MIL
203141,20170418,41600122,1610612749,MIL
203481,20170418,41600172,1610612762,UTA
203482,20170418,41600102,1610612738,BOS
203487,20170418,41600102,1610612741,CHI
203503,20170418,41600122,1610612749,MIL
203507,20170418,41600122,1610612749,MIL
203521,20170418,41600122,1610612749,MIL
203918,20170418,41600172,1610612762,UTA
203923,20170418,41600102,1610612738,BOS
203935,20170418,41600102,1610612738,BOS
204060,20170418,41600172,1610612762,UTA
1626153,20170418,41600122,1610612761,TOR
1626170,20170418,41600102,1610612741,CHI
1626171,20170418,41600102,1610612741,CHI
1626179,20170418,41600102,1610612738,BOS
1626245,20170418,41600102,1610612741,CHI
1627748,20170418,41600122,1610612749,MIL
1627751,20170418,41600122,1610612761,TOR
1627756,20170418,41600102,1610612741,CHI
1627759,20170418,41600102,1610612738,BOS
1627763,20170418,41600122,1610612749,MIL
1627835,20170418,41600102,1610612741,CHI
2399,20170419,41600132,1610612737,ATL
2403,20170419,41600162,1610612745,HOU
2561,20170419,41600142,1610612744,GSW
2585,20170419,41600142,1610612744,GSW
2730,20170419,41600132,1610612737,ATL
2738,20170419,41600142,1610612744,GSW
2772,20170419,41600162,1610612745,HOU
101141,20170419,41600132,1610612737,ATL
101150,20170419,41600162,1610612745,HOU
101162,20170419,41600132,1610612764,WAS
101181,20170419,41600132,1610612737,ATL
200757,20170419,41600132,1610612737,ATL
200794,20170419,41600132,1610612737,ATL
201160,20170419,41600132,1610612764,WAS
201566,20170419,41600162,1610612760,OKC
201569,20170419,41600162,1610612745,HOU
201580,20170419,41600142,1610612744,GSW
201583,20170419,41600162,1610612745,HOU
201935,20170419,41600162,1610612745,HOU
201939,20170419,41600142,1610612744,GSW
201943,20170419,41600132,1610612764,WAS
201959,20170419,41600162,1610612760,OKC
201976,20170419,41600162,1610612745,HOU
202322,20170419,41600132,1610612764,WAS
202323,20170419,41600142,1610612757,POR
202329,20170419,41600142,1610612757,POR
202683,20170419,41600162,1610612760,OKC
202691,20170419,41600142,1610612744,GSW
202693,20170419,41600132,1610612764,WAS
202711,20170419,41600132,1610612764,WAS
202713,20170419,41600162,1610612760,OKC
203078,20170419,41600132,1610612764,WAS
203081,20170419,41600142,1610612757,POR
203086,20170419,41600142,1610612757,POR
203090,20170419,41600142,1610612757,POR
203110,20170419,41600142,1610612744,GSW
203145,20170419,41600132,1610612737,ATL
203459,20170419,41600142,1610612757,POR
203460,20170419,41600162,1610612760,OKC
203468,20170419,41600142,1610612757,POR
203471,20170419,41600132,1610612737,ATL
203488,20170419,41600132,1610612737,ATL
203490,20170419,41600132,1610612764,WAS
203500,20170419,41600162,1610612760,OKC
203501,20170419,41600132,1610612737,ATL
203506,20170419,41600162,1610612760,OKC
203518,20170419,41600162,1610612760,OKC
203546,20170419,41600142,1610612744,GSW
203894,20170419,41600142,1610612757,POR
203902,20170419,41600162,1610612760,OKC
203924,20170419,41600162,1610612760,OKC
203926,20170419,41600162,1610612760,OKC
203943,20170419,41600142,1610612757,POR
203949,20170419,41600142,1610612744,GSW
203991,20170419,41600162,1610612745,HOU
1626162,20170419,41600132,1610612764,WAS
1626192,20170419,41600142,1610612757,POR
1627734,20170419,41600162,1610612760,OKC
1627745,20170419,41600142,1610612744,GSW
1627752,20170419,41600132,1610612737,ATL
1627774,20170419,41600142,1610612757,POR
1627775,20170419,41600142,1610612744,GSW
1627817,20170419,41600142,1610612757,POR
1713,20170420,41600153,1610612763,MEM
1891,20170420,41600123,1610612749,MIL
1938,20170420,41600153,1610612759,SAS
2200,20170420,41600153,1610612759,SAS
2210,20170420,41600113,1610612739,CLE
2216,20170420,41600153,1610612763,MEM
2225,20170420,41600153,1610612759,SAS
2544,20170420,41600113,1610612739,CLE
2563,20170420,41600113,1610612739,CLE
2594,20170420,41600113,1610612739,CLE
2747,20170420,41600113,1610612739,CLE
101112,20170420,41600113,1610612739,CLE
101114,20170420,41600113,1610612739,CLE
101135,20170420,41600153,1610612759,SAS
101139,20170420,41600113,1610612754,IND
101145,20170420,41600113,1610612754,IND
200746,20170420,41600153,1610612759,SAS
200768,20170420,41600123,1610612761,TOR
200782,20170420,41600123,1610612761,TOR
201144,20170420,41600153,1610612763,MEM
201150,20170420,41600123,1610612749,MIL
201152,20170420,41600113,1610612754,IND
201188,20170420,41600153,1610612763,MEM
201563,20170420,41600123,1610612749,MIL
201567,20170420,41600113,1610612739,CLE
201586,20170420,41600123,1610612761,TOR
201942,20170420,41600123,1610612761,TOR
201952,20170420,41600113,1610612754,IND
201960,20170420,41600123,1610612761,TOR
201980,20170420,41600153,1610612759,SAS
201988,20170420,41600153,1610612759,SAS
202328,20170420,41600123,1610612749,MIL
202331,20170420,41600113,1610612754,IND
202335,20170420,41600123,1610612761,TOR
202338,20170420,41600113,1610612754,IND
202362,20170420,41600113,1610612754,IND
202681,20170420,41600113,1610612739,CLE
202684,20170420,41600113,1610612739,CLE
202685,20170420,41600123,1610612761,TOR
202695,20170420,41600153,1610612759,SAS
202697,20170420,41600113,1610612739,CLE
202709,20170420,41600123,1610612761,TOR
202722,20170420,41600153,1610612759,SAS
203114,20170420,41600123,1610612749,MIL
203210,20170420,41600153,1610612763,MEM
203473,20170420,41600153,1610612759,SAS
203503,20170420,41600123,1610612749,MIL
203507,20170420,41600123,1610612749,MIL
203512,20170420,41600123,1610612761,TOR
203516,20170420,41600153,1610612763,MEM
203521,20170420,41600123,1610612749,MIL
203584,20170420,41600153,1610612763,MEM
203613,20170420,41600153,1610612759,SAS
203922,20170420,41600113,1610612754,IND
203937,20170420,41600153,1610612759,SAS
1626150,20170420,41600153,1610612763,MEM
1626153,20170420,41600123,1610612761,TOR
1626167,20170420,41600113,1610612754,IND
1626173,20170420,41600123,1610612749,MIL
1626181,20170420,41600123,1610612761,TOR
1626185,20170420,41600153,1610612763,MEM
1627735,20170420,41600153,1610612763,MEM
1627738,20170420,41600153,1610612763,MEM
1627748,20170420,41600123,1610612749,MIL
1627749,20170420,41600153,1610612759,SAS
1627751,20170420,41600123,1610612761,TOR
1627763,20170420,41600123,1610612749,MIL
1627782,20170420,41600153,1610612763,MEM
1627832,20170420,41600123,1610612761,TOR
1718,20170421,41600173,1610612746,LAC
2037,20170421,41600173,1610612746,LAC
2207,20170421,41600173,1610612762,UTA
2403,20170421,41600163,1610612745,HOU
2548,20170421,41600103,1610612741,CHI
2564,20170421,41600173,1610612762,UTA
2772,20170421,41600163,1610612745,HOU
101108,20170421,41600173,1610612746,LAC
101109,20170421,41600173,1610612746,LAC
101123,20170421,41600103,1610612738,BOS
101150,20170421,41600163,1610612745,HOU
101161,20170421,41600103,1610612738,BOS
200755,20170421,41600173,1610612746,LAC
201143,20170421,41600103,1610612738,BOS
201566,20170421,41600163,1610612760,OKC
201569,20170421,41600163,1610612745,HOU
201577,20170421,41600103,1610612741,CHI
201578,20170421,41600173,1610612746,LAC
201583,20170421,41600163,1610612745,HOU
201588,20170421,41600173,1610612762,UTA
201599,20170421,41600173,1610612746,LAC
201601,20170421,41600173,1610612746,LAC
201627,20170421,41600103,1610612741,CHI
201933,20170421,41600173,1610612746,LAC
201935,20170421,41600163,1610612745,HOU
201959,20170421,41600163,1610612760,OKC
201973,20170421,41600103,1610612738,BOS
201976,20170421,41600163,1610612745,HOU
202324,20170421,41600173,1610612762,UTA
202325,20170421,41600173,1610612746,LAC
202330,20170421,41600173,1610612762,UTA
202340,20170421,41600103,1610612738,BOS
202683,20170421,41600163,1610612760,OKC
202703,20170421,41600103,1610612741,CHI
202708,20170421,41600163,1610612760,OKC
202710,20170421,41600103,1610612741,CHI
202714,20170421,41600173,1610612762,UTA
202738,20170421,41600103,1610612738,BOS
203109,20170421,41600103,1610612738,BOS
203460,20170421,41600163,1610612760,OKC
203482,20170421,41600103,1610612738,BOS
203487,20170421,41600103,1610612741,CHI
203500,20170421,41600163,1610612760,OKC
203506,20170421,41600163,1610612760,OKC
203518,20170421,41600163,1610612760,OKC
203526,20170421,41600173,1610612762,UTA
203530,20170421,41600103,1610612741,CHI
203918,20170421,41600173,1610612762,UTA
203923,20170421,41600103,1610612738,BOS
203924,20170421,41600163,1610612760,OKC
203926,20170421,41600163,1610612760,OKC
203935,20170421,41600103,1610612738,BOS
203991,20170421,41600163,1610612745,HOU
204060,20170421,41600173,1610612762,UTA
1626166,20170421,41600103,1610612741,CHI
1626170,20170421,41600103,1610612741,CHI
1626171,20170421,41600103,1610612741,CHI
1626179,20170421,41600103,1610612738,BOS
1626245,20170421,41600103,1610612741,CHI
1627756,20170421,41600103,1610612741,CHI
1627759,20170421,41600103,1610612738,BOS
1627835,20170421,41600103,1610612741,CHI
1713,20170422,41600154,1610612763,MEM
1891,20170422,41600124,1610612749,MIL
1938,20170422,41600154,1610612759,SAS
2200,20170422,41600154,1610612759,SAS
2216,20170422,41600154,1610612763,MEM
2225,20170422,41600154,1610612759,SAS
2399,20170422,41600133,1610612737,ATL
2561,20170422,41600143,1610612744,GSW
2585,20170422,41600143,1610612744,GSW
2730,20170422,41600133,1610612737,ATL
2738,20170422,41600143,1610612744,GSW
2743,20170422,41600133,1610612737,ATL
101135,20170422,41600154,1610612759,SAS
101141,20170422,41600133,1610612737,ATL
101162,20170422,41600133,1610612764,WAS
101181,20170422,41600133,1610612737,ATL
200746,20170422,41600154,1610612759,SAS
200757,20170422,41600133,1610612737,ATL
200768,20170422,41600124,1610612761,TOR
200782,20170422,41600124,1610612761,TOR
200794,20170422,41600133,1610612737,ATL
201144,20170422,41600154,1610612763,MEM
201160,20170422,41600133,1610612764,WAS
201188,20170422,41600154,1610612763,MEM
201563,20170422,41600124,1610612749,MIL
201580,20170422,41600143,1610612744,GSW
201586,20170422,41600124,1610612761,TOR
201939,20170422,41600143,1610612744,GSW
201942,20170422,41600124,1610612761,TOR
201943,20170422,41600133,1610612764,WAS
201960,20170422,41600124,1610612761,TOR
201980,20170422,41600154,1610612759,SAS
201988,20170422,41600154,1610612759,SAS
202322,20170422,41600133,1610612764,WAS
202323,20170422,41600143,1610612757,POR
202328,20170422,41600124,1610612749,MIL
202329,20170422,41600143,1610612757,POR
202335,20170422,41600124,1610612761,TOR
202685,20170422,41600124,1610612761,TOR
202691,20170422,41600143,1610612744,GSW
202693,20170422,41600133,1610612764,WAS
202695,20170422,41600154,1610612759,SAS
202709,20170422,41600124,1610612761,TOR
202711,20170422,41600133,1610612764,WAS
202722,20170422,41600154,1610612759,SAS
203078,20170422,41600133,1610612764,WAS
203081,20170422,41600143,1610612757,POR
203090,20170422,41600143,1610612757,POR
203107,20170422,41600133,1610612764,WAS
203110,20170422,41600143,1610612744,GSW
203114,20170422,41600124,1610612749,MIL
203145,20170422,41600133,1610612737,ATL
203210,20170422,41600154,1610612763,MEM
203459,20170422,41600143,1610612757,POR
203468,20170422,41600143,1610612757,POR
203471,20170422,41600133,1610612737,ATL
203488,20170422,41600133,1610612737,ATL
203490,20170422,41600133,1610612764,WAS
203501,20170422,41600133,1610612737,ATL
203503,20170422,41600124,1610612749,MIL
203507,20170422,41600124,1610612749,MIL
203516,20170422,41600154,1610612763,MEM
203521,20170422,41600124,1610612749,MIL
203546,20170422,41600143,1610612744,GSW
203584,20170422,41600154,1610612763,MEM
203613,20170422,41600154,1610612759,SAS
203894,20170422,41600143,1610612757,POR
203937,20170422,41600154,1610612759,SAS
203943,20170422,41600143,1610612757,POR
203994,20170422,41600143,1610612757,POR
1626150,20170422,41600154,1610612763,MEM
1626153,20170422,41600124,1610612761,TOR
1626162,20170422,41600133,1610612764,WAS
1626181,20170422,41600124,1610612761,TOR
1627098,20170422,41600133,1610612737,ATL
1627748,20170422,41600124,1610612749,MIL
1627752,20170422,41600133,1610612737,ATL
1627763,20170422,41600124,1610612749,MIL
1627775,20170422,41600143,1610612744,GSW
1627782,20170422,41600154,1610612763,MEM
1627815,20170422,41600133,1610612764,WAS
1627849,20170422,41600133,1610612764,WAS
1718,20170423,41600174,1610612746,LAC
2037,20170423,41600174,1610612746,LAC
2207,20170423,41600174,1610612762,UTA
2403,20170423,41600164,1610612745,HOU
2544,20170423,41600114,1610612739,CLE
2548,20170423,41600104,1610612741,CHI
2564,20170423,41600174,1610612762,UTA
2594,20170423,41600114,1610612739,CLE
2747,20170423,41600114,1610612739,CLE
2772,20170423,41600164,1610612745,HOU
101108,20170423,41600174,1610612746,LAC
101109,20170423,41600174,1610612746,LAC
101112,20170423,41600114,1610612739,CLE
101114,20170423,41600114,1610612739,CLE
101123,20170423,41600104,1610612738,BOS
101139,20170423,41600114,1610612754,IND
101145,20170423,41600114,1610612754,IND
101150,20170423,41600164,1610612745,HOU
200755,20170423,41600174,1610612746,LAC
201143,20170423,41600104,1610612738,BOS
201152,20170423,41600114,1610612754,IND
201566,20170423,41600164,1610612760,OKC
201567,20170423,41600114,1610612739,CLE
201569,20170423,41600164,1610612745,HOU
201577,20170423,41600104,1610612741,CHI
201578,20170423,41600174,1610612746,LAC
201583,20170423,41600164,1610612745,HOU
201588,20170423,41600174,1610612762,UTA
201599,20170423,41600174,1610612746,LAC
201601,20170423,41600174,1610612746,LAC
201935,20170423,41600164,1610612745,HOU
201952,20170423,41600114,1610612754,IND
201959,20170423,41600164,1610612760,OKC
201973,20170423,41600104,1610612738,BOS
201976,20170423,41600164,1610612745,HOU
202324,20170423,41600174,1610612762,UTA
202325,20170423,41600174,1610612746,LAC
202330,20170423,41600174,1610612762,UTA
202331,20170423,41600114,1610612754,IND
202338,20170423,41600114,1610612754,IND
202340,20170423,41600104,1610612738,BOS
202362,20170423,41600114,1610612754,IND
202681,20170423,41600114,1610612739,CLE
202683,20170423,41600164,1610612760,OKC
202684,20170423,41600114,1610612739,CLE
202697,20170423,41600114,1610612739,CLE
202703,20170423,41600104,1610612741,CHI
202708,20170423,41600164,1610612760,OKC
202710,20170423,41600104,1610612741,CHI
202714,20170423,41600174,1610612762,UTA
202730,20170423,41600114,1610612754,IND
202738,20170423,41600104,1610612738,BOS
203109,20170423,41600104,1610612738,BOS
203460,20170423,41600164,1610612760,OKC
203477,20170423,41600104,1610612741,CHI
203482,20170423,41600104,1610612738,BOS
203487,20170423,41600104,1610612741,CHI
203497,20170423,41600174,1610612762,UTA
203500,20170423,41600164,1610612760,OKC
203506,20170423,41600164,1610612760,OKC
203518,20170423,41600164,1610612760,OKC
203526,20170423,41600174,1610612762,UTA
203530,20170423,41600104,1610612741,CHI
203918,20170423,41600174,1610612762,UTA
203922,20170423,41600114,1610612754,IND
203924,20170423,41600164,1610612760,OKC
203926,20170423,41600164,1610612760,OKC
203935,20170423,41600104,1610612738,BOS
203957,20170423,41600174,1610612762,UTA
203991,20170423,41600164,1610612745,HOU
204060,20170423,41600174,1610612762,UTA
1626167,20170423,41600114,1610612754,IND
1626170,20170423,41600104,1610612741,CHI
1626171,20170423,41600104,1610612741,CHI
1626179,20170423,41600104,1610612738,BOS
1626245,20170423,41600104,1610612741,CHI
1627759,20170423,41600104,1610612738,BOS
1627835,20170423,41600104,1610612741,CHI
1891,20170424,41600125,1610612749,MIL
2399,20170424,41600134,1610612737,ATL
2561,20170424,41600144,1610612744,GSW
2585,20170424,41600144,1610612744,GSW
2730,20170424,41600134,1610612737,ATL
2738,20170424,41600144,1610612744,GSW
101141,20170424,41600134,1610612737,ATL
101162,20170424,41600134,1610612764,WAS
101181,20170424,41600134,1610612737,ATL
200757,20170424,41600134,1610612737,ATL
200768,20170424,41600125,1610612761,TOR
200782,20170424,41600125,1610612761,TOR
200794,20170424,41600134,1610612737,ATL
201142,20170424,41600144,1610612744,GSW
201160,20170424,41600134,1610612764,WAS
201563,20170424,41600125,1610612749,MIL
201580,20170424,41600144,1610612744,GSW
201586,20170424,41600125,1610612761,TOR
201939,20170424,41600144,1610612744,GSW
201942,20170424,41600125,1610612761,TOR
201943,20170424,41600134,1610612764,WAS
201960,20170424,41600125,1610612761,TOR
202322,20170424,41600134,1610612764,WAS
202323,20170424,41600144,1610612757,POR
202328,20170424,41600125,1610612749,MIL
202329,20170424,41600144,1610612757,POR
202335,20170424,41600125,1610612761,TOR
202685,20170424,41600125,1610612761,TOR
202691,20170424,41600144,1610612744,GSW
202693,20170424,41600134,1610612764,WAS
202709,20170424,41600125,1610612761,TOR
202711,20170424,41600134,1610612764,WAS
203078,20170424,41600134,1610612764,WAS
203081,20170424,41600144,1610612757,POR
203086,20170424,41600144,1610612757,POR
203089,20170424,41600125,1610612749,MIL
203090,20170424,41600144,1610612757,POR
203107,20170424,41600134,1610612764,WAS
203110,20170424,41600144,1610612744,GSW
203114,20170424,41600125,1610612749,MIL
203141,20170424,41600125,1610612749,MIL
203145,20170424,41600134,1610612737,ATL
203459,20170424,41600144,1610612757,POR
203468,20170424,41600144,1610612757,POR
203471,20170424,41600134,1610612737,ATL
203488,20170424,41600134,1610612737,ATL
203490,20170424,41600134,1610612764,WAS
203501,20170424,41600134,1610612737,ATL
203503,20170424,41600125,1610612749,MIL
203507,20170424,41600125,1610612749,MIL
203512,20170424,41600125,1610612761,TOR
203521,20170424,41600125,1610612749,MIL
203546,20170424,41600144,1610612744,GSW
203894,20170424,41600144,1610612757,POR
203943,20170424,41600144,1610612757,POR
203949,20170424,41600144,1610612744,GSW
1626153,20170424,41600125,1610612761,TOR
1626162,20170424,41600134,1610612764,WAS
1626173,20170424,41600125,1610612749,MIL
1626181,20170424,41600125,1610612761,TOR
1626192,20170424,41600144,1610612757,POR
1627745,20170424,41600144,1610612744,GSW
1627748,20170424,41600125,1610612749,MIL
1627751,20170424,41600125,1610612761,TOR
1627752,20170424,41600134,1610612737,ATL
1627763,20170424,41600125,1610612749,MIL
1627774,20170424,41600144,1610612757,POR
1627775,20170424,41600144,1610612744,GSW
1627815,20170424,41600134,1610612764,WAS
1627817,20170424,41600144,1610612757,POR
1627832,20170424,41600125,1610612761,TOR
1627849,20170424,41600134,1610612764,WAS
1713,20170425,41600155,1610612763,MEM
1718,20170425,41600175,1610612746,LAC
1938,20170425,41600155,1610612759,SAS
2037,20170425,41600175,1610612746,LAC
2200,20170425,41600155,1610612759,SAS
2207,20170425,41600175,1610612762,UTA
2216,20170425,41600155,1610612763,MEM
2225,20170425,41600155,1610612759,SAS
2403,20170425,41600165,1610612745,HOU
2564,20170425,41600175,1610612762,UTA
2772,20170425,41600165,1610612745,HOU
101108,20170425,41600175,1610612746,LAC
101109,20170425,41600175,1610612746,LAC
101135,20170425,41600155,1610612759,SAS
101138,20170425,41600175,1610612746,LAC
101150,20170425,41600165,1610612745,HOU
200746,20170425,41600155,1610612759,SAS
200755,20170425,41600175,1610612746,LAC
201144,20170425,41600155,1610612763,MEM
201188,20170425,41600155,1610612763,MEM
201566,20170425,41600165,1610612760,OKC
201569,20170425,41600165,1610612745,HOU
201578,20170425,41600175,1610612746,LAC
201583,20170425,41600165,1610612745,HOU
201588,20170425,41600175,1610612762,UTA
201599,20170425,41600175,1610612746,LAC
201601,20170425,41600175,1610612746,LAC
201935,20170425,41600165,1610612745,HOU
201959,20170425,41600165,1610612760,OKC
201976,20170425,41600165,1610612745,HOU
201980,20170425,41600155,1610612759,SAS
201988,20170425,41600155,1610612759,SAS
202324,20170425,41600175,1610612762,UTA
202325,20170425,41600175,1610612746,LAC
202330,20170425,41600175,1610612762,UTA
202683,20170425,41600165,1610612760,OKC
202695,20170425,41600155,1610612759,SAS
202708,20170425,41600165,1610612760,OKC
202722,20170425,41600155,1610612759,SAS
203085,20170425,41600175,1610612746,LAC
203210,20170425,41600155,1610612763,MEM
203460,20170425,41600165,1610612760,OKC
203473,20170425,41600155,1610612759,SAS
203497,20170425,41600175,1610612762,UTA
203500,20170425,41600165,1610612760,OKC
203506,20170425,41600165,1610612760,OKC
203516,20170425,41600155,1610612763,MEM
203518,20170425,41600165,1610612760,OKC
203526,20170425,41600175,1610612762,UTA
203584,20170425,41600155,1610612763,MEM
203613,20170425,41600155,1610612759,SAS
203918,20170425,41600175,1610612762,UTA
203924,20170425,41600165,1610612760,OKC
203926,20170425,41600165,1610612760,OKC
203937,20170425,41600155,1610612759,SAS
203957,20170425,41600175,1610612762,UTA
203991,20170425,41600165,1610612745,HOU
204060,20170425,41600175,1610612762,UTA
1626150,20170425,41600155,1610612763,MEM
1626185,20170425,41600155,1610612763,MEM
1627735,20170425,41600155,1610612763,MEM
1627738,20170425,41600155,1610612763,MEM
1627749,20170425,41600155,1610612759,SAS
1627782,20170425,41600155,1610612763,MEM
2399,20170426,41600135,1610612737,ATL
2548,20170426,41600105,1610612741,CHI
2730,20170426,41600135,1610612737,ATL
101123,20170426,41600105,1610612738,BOS
101141,20170426,41600135,1610612737,ATL
101162,20170426,41600135,1610612764,WAS
101181,20170426,41600135,1610612737,ATL
200757,20170426,41600135,1610612737,ATL
200794,20170426,41600135,1610612737,ATL
201143,20170426,41600105,1610612738,BOS
201160,20170426,41600135,1610612764,WAS
201577,20170426,41600105,1610612741,CHI
201627,20170426,41600105,1610612741,CHI
201943,20170426,41600135,1610612764,WAS
201973,20170426,41600105,1610612738,BOS
202322,20170426,41600135,1610612764,WAS
202340,20170426,41600105,1610612738,BOS
202693,20170426,41600135,1610612764,WAS
202703,20170426,41600105,1610612741,CHI
202710,20170426,41600105,1610612741,CHI
202711,20170426,41600135,1610612764,WAS
202738,20170426,41600105,1610612738,BOS
203078,20170426,41600135,1610612764,WAS
203107,20170426,41600135,1610612764,WAS
203109,20170426,41600105,1610612738,BOS
203145,20170426,41600135,1610612737,ATL
203471,20170426,41600135,1610612737,ATL
203477,20170426,41600105,1610612741,CHI
203482,20170426,41600105,1610612738,BOS
203487,20170426,41600105,1610612741,CHI
203488,20170426,41600135,1610612737,ATL
203490,20170426,41600135,1610612764,WAS
203501,20170426,41600135,1610612737,ATL
203935,20170426,41600105,1610612738,BOS
1626162,20170426,41600135,1610612764,WAS
1626171,20170426,41600105,1610612741,CHI
1626179,20170426,41600105,1610612738,BOS
1626245,20170426,41600105,1610612741,CHI
1627752,20170426,41600135,1610612737,ATL
1627756,20170426,41600105,1610612741,CHI
1627835,20170426,41600105,1610612741,CHI
1713,20170427,41600156,1610612763,MEM
1891,20170427,41600126,1610612749,MIL
1938,20170427,41600156,1610612759,SAS
2200,20170427,41600156,1610612759,SAS
2216,20170427,41600156,1610612763,MEM
2225,20170427,41600156,1610612759,SAS
101135,20170427,41600156,1610612759,SAS
200746,20170427,41600156,1610612759,SAS
200768,20170427,41600126,1610612761,TOR
200782,20170427,41600126,1610612761,TOR
201144,20170427,41600156,1610612763,MEM
201188,20170427,41600156,1610612763,MEM
201586,20170427,41600126,1610612761,TOR
201942,20170427,41600126,1610612761,TOR
201960,20170427,41600126,1610612761,TOR
201980,20170427,41600156,1610612759,SAS
201988,20170427,41600156,1610612759,SAS
202328,20170427,41600126,1610612749,MIL
202335,20170427,41600126,1610612761,TOR
202685,20170427,41600126,1610612761,TOR
202695,20170427,41600156,1610612759,SAS
202709,20170427,41600126,1610612761,TOR
202722,20170427,41600156,1610612759,SAS
203089,20170427,41600126,1610612749,MIL
203114,20170427,41600126,1610612749,MIL
203210,20170427,41600156,1610612763,MEM
203473,20170427,41600156,1610612759,SAS
203503,20170427,41600126,1610612749,MIL
203507,20170427,41600126,1610612749,MIL
203516,20170427,41600156,1610612763,MEM
203521,20170427,41600126,1610612749,MIL
203584,20170427,41600156,1610612763,MEM
203613,20170427,41600156,1610612759,SAS
1626150,20170427,41600156,1610612763,MEM
1626153,20170427,41600126,1610612761,TOR
1626181,20170427,41600126,1610612761,TOR
1627748,20170427,41600126,1610612749,MIL
1627763,20170427,41600126,1610612749,MIL
1627782,20170427,41600156,1610612763,MEM
1718,20170428,41600176,1610612746,LAC
2037,20170428,41600176,1610612746,LAC
2207,20170428,41600176,1610612762,UTA
2399,20170428,41600136,1610612737,ATL
2548,20170428,41600106,1610612741,CHI
2564,20170428,41600176,1610612762,UTA
2730,20170428,41600136,1610612737,ATL
101108,20170428,41600176,1610612746,LAC
101109,20170428,41600176,1610612746,LAC
101123,20170428,41600106,1610612738,BOS
101141,20170428,41600136,1610612737,ATL
101162,20170428,41600136,1610612764,WAS
101181,20170428,41600136,1610612737,ATL
200755,20170428,41600176,1610612746,LAC
200794,20170428,41600136,1610612737,ATL
201143,20170428,41600106,1610612738,BOS
201160,20170428,41600136,1610612764,WAS
201577,20170428,41600106,1610612741,CHI
201578,20170428,41600176,1610612746,LAC
201588,20170428,41600176,1610612762,UTA
201599,20170428,41600176,1610612746,LAC
201601,20170428,41600176,1610612746,LAC
201627,20170428,41600106,1610612741,CHI
201943,20170428,41600136,1610612764,WAS
201973,20170428,41600106,1610612738,BOS
202322,20170428,41600136,1610612764,WAS
202324,20170428,41600176,1610612762,UTA
202330,20170428,41600176,1610612762,UTA
202340,20170428,41600106,1610612738,BOS
202693,20170428,41600136,1610612764,WAS
202703,20170428,41600106,1610612741,CHI
202710,20170428,41600106,1610612741,CHI
202711,20170428,41600136,1610612764,WAS
202738,20170428,41600106,1610612738,BOS
203078,20170428,41600136,1610612764,WAS
203085,20170428,41600176,1610612746,LAC
203092,20170428,41600106,1610612738,BOS
203107,20170428,41600136,1610612764,WAS
203109,20170428,41600106,1610612738,BOS
203145,20170428,41600136,1610612737,ATL
203471,20170428,41600136,1610612737,ATL
203477,20170428,41600106,1610612741,CHI
203482,20170428,41600106,1610612738,BOS
203487,20170428,41600106,1610612741,CHI
203488,20170428,41600136,1610612737,ATL
203490,20170428,41600136,1610612764,WAS
203497,20170428,41600176,1610612762,UTA
203501,20170428,41600136,1610612737,ATL
203526,20170428,41600176,1610612762,UTA
203530,20170428,41600106,1610612741,CHI
203918,20170428,41600176,1610612762,UTA
203923,20170428,41600106,1610612738,BOS
203935,20170428,41600106,1610612738,BOS
204060,20170428,41600176,1610612762,UTA
1626162,20170428,41600136,1610612764,WAS
1626170,20170428,41600106,1610612741,CHI
1626171,20170428,41600106,1610612741,CHI
1626179,20170428,41600106,1610612738,BOS
1626245,20170428,41600106,1610612741,CHI
1627752,20170428,41600136,1610612737,ATL
1627756,20170428,41600106,1610612741,CHI
1627759,20170428,41600106,1610612738,BOS
1627815,20170428,41600136,1610612764,WAS
1627835,20170428,41600106,1610612741,CHI
1627849,20170428,41600136,1610612764,WAS
1718,20170430,41600177,1610612746,LAC
2037,20170430,41600177,1610612746,LAC
2207,20170430,41600177,1610612762,UTA
2564,20170430,41600177,1610612762,UTA
101108,20170430,41600177,1610612746,LAC
101109,20170430,41600177,1610612746,LAC
101123,20170430,41600201,1610612738,BOS
101161,20170430,41600201,1610612738,BOS
101162,20170430,41600201,1610612764,WAS
200755,20170430,41600177,1610612746,LAC
201143,20170430,41600201,1610612738,BOS
201160,20170430,41600201,1610612764,WAS
201578,20170430,41600177,1610612746,LAC
201588,20170430,41600177,1610612762,UTA
201599,20170430,41600177,1610612746,LAC
201601,20170430,41600177,1610612746,LAC
201943,20170430,41600201,1610612764,WAS
201973,20170430,41600201,1610612738,BOS
202322,20170430,41600201,1610612764,WAS
202324,20170430,41600177,1610612762,UTA
202330,20170430,41600177,1610612762,UTA
202340,20170430,41600201,1610612738,BOS
202693,20170430,41600201,1610612764,WAS
202711,20170430,41600201,1610612764,WAS
202714,20170430,41600177,1610612762,UTA
202738,20170430,41600201,1610612738,BOS
203078,20170430,41600201,1610612764,WAS
203085,20170430,41600177,1610612746,LAC
203107,20170430,41600201,1610612764,WAS
203109,20170430,41600201,1610612738,BOS
203481,20170430,41600177,1610612762,UTA
203482,20170430,41600201,1610612738,BOS
203490,20170430,41600201,1610612764,WAS
203497,20170430,41600177,1610612762,UTA
203526,20170430,41600177,1610612762,UTA
203918,20170430,41600177,1610612762,UTA
203923,20170430,41600201,1610612738,BOS
203935,20170430,41600201,1610612738,BOS
203957,20170430,41600177,1610612762,UTA
204060,20170430,41600177,1610612762,UTA
1626162,20170430,41600201,1610612764,WAS
1626179,20170430,41600201,1610612738,BOS
1627759,20170430,41600201,1610612738,BOS
1627849,20170430,41600201,1610612764,WAS
1938,20170501,41600231,1610612759,SAS
2200,20170501,41600231,1610612759,SAS
2225,20170501,41600231,1610612759,SAS
2403,20170501,41600231,1610612745,HOU
2544,20170501,41600211,1610612739,CLE
2563,20170501,41600211,1610612739,CLE
2592,20170501,41600211,1610612739,CLE
2594,20170501,41600211,1610612739,CLE
2747,20170501,41600211,1610612739,CLE
2772,20170501,41600231,1610612745,HOU
101112,20170501,41600211,1610612739,CLE
101114,20170501,41600211,1610612739,CLE
101135,20170501,41600231,1610612759,SAS
101150,20170501,41600231,1610612745,HOU
200746,20170501,41600231,1610612759,SAS
200768,20170501,41600211,1610612761,TOR
200782,20170501,41600211,1610612761,TOR
201567,20170501,41600211,1610612739,CLE
201569,20170501,41600231,1610612745,HOU
201583,20170501,41600231,1610612745,HOU
201586,20170501,41600211,1610612761,TOR
201628,20170501,41600231,1610612745,HOU
201935,20170501,41600231,1610612745,HOU
201942,20170501,41600211,1610612761,TOR
201960,20170501,41600211,1610612761,TOR
201976,20170501,41600231,1610612745,HOU
201980,20170501,41600231,1610612759,SAS
201988,20170501,41600231,1610612759,SAS
202335,20170501,41600211,1610612761,TOR
202681,20170501,41600211,1610612739,CLE
202682,20170501,41600211,1610612739,CLE
202684,20170501,41600211,1610612739,CLE
202685,20170501,41600211,1610612761,TOR
202695,20170501,41600231,1610612759,SAS
202697,20170501,41600211,1610612739,CLE
202709,20170501,41600211,1610612761,TOR
202722,20170501,41600231,1610612759,SAS
203473,20170501,41600231,1610612759,SAS
203613,20170501,41600231,1610612759,SAS
203937,20170501,41600231,1610612759,SAS
203991,20170501,41600231,1610612745,HOU
1626149,20170501,41600231,1610612745,HOU
1626153,20170501,41600211,1610612761,TOR
1626155,20170501,41600231,1610612745,HOU
1626181,20170501,41600211,1610612761,TOR
1627749,20170501,41600231,1610612759,SAS
1627751,20170501,41600211,1610612761,TOR
1627783,20170501,41600211,1610612761,TOR
1627786,20170501,41600231,1610612745,HOU
1627787,20170501,41600231,1610612745,HOU
1627832,20170501,41600211,1610612761,TOR
2207,20170502,41600221,1610612762,UTA
2440,20170502,41600221,1610612744,GSW
2561,20170502,41600221,1610612744,GSW
2564,20170502,41600221,1610612762,UTA
2585,20170502,41600221,1610612744,GSW
2733,20170502,41600221,1610612744,GSW
2738,20170502,41600221,1610612744,GSW
101161,20170502,41600202,1610612738,BOS
101162,20170502,41600202,1610612764,WAS
201142,20170502,41600221,1610612744,GSW
201143,20170502,41600202,1610612738,BOS
201160,20170502,41600202,1610612764,WAS
201580,20170502,41600221,1610612744,GSW
201588,20170502,41600221,1610612762,UTA
201939,20170502,41600221,1610612744,GSW
201943,20170502,41600202,1610612764,WAS
202322,20170502,41600202,1610612764,WAS
202324,20170502,41600221,1610612762,UTA
202330,20170502,41600221,1610612762,UTA
202340,20170502,41600202,1610612738,BOS
202691,20170502,41600221,1610612744,GSW
202693,20170502,41600202,1610612764,WAS
202711,20170502,41600202,1610612764,WAS
202714,20170502,41600221,1610612762,UTA
202738,20170502,41600202,1610612738,BOS
203078,20170502,41600202,1610612764,WAS
203109,20170502,41600202,1610612738,BOS
203110,20170502,41600221,1610612744,GSW
203482,20170502,41600202,1610612738,BOS
203490,20170502,41600202,1610612764,WAS
203497,20170502,41600221,1610612762,UTA
203526,20170502,41600221,1610612762,UTA
203546,20170502,41600221,1610612744,GSW
203918,20170502,41600221,1610612762,UTA
203935,20170502,41600202,1610612738,BOS
203949,20170502,41600221,1610612744,GSW
203957,20170502,41600221,1610612762,UTA
204060,20170502,41600221,1610612762,UTA
1626162,20170502,41600202,1610612764,WAS
1626168,20170502,41600221,1610612762,UTA
1626179,20170502,41600202,1610612738,BOS
1627759,20170502,41600202,1610612738,BOS
1627762,20170502,41600221,1610612762,UTA
1627775,20170502,41600221,1610612744,GSW
1938,20170503,41600232,1610612759,SAS
2200,20170503,41600232,1610612759,SAS
2210,20170503,41600212,1610612739,CLE
2225,20170503,41600232,1610612759,SAS
2403,20170503,41600232,1610612745,HOU
2544,20170503,41600212,1610612739,CLE
2563,20170503,41600212,1610612739,CLE
2592,20170503,41600212,1610612739,CLE
2594,20170503,41600212,1610612739,CLE
2747,20170503,41600212,1610612739,CLE
2772,20170503,41600232,1610612745,HOU
101112,20170503,41600212,1610612739,CLE
101114,20170503,41600212,1610612739,CLE
101135,20170503,41600232,1610612759,SAS
101150,20170503,41600232,1610612745,HOU
200746,20170503,41600232,1610612759,SAS
200768,20170503,41600212,1610612761,TOR
200782,20170503,41600212,1610612761,TOR
201567,20170503,41600212,1610612739,CLE
201569,20170503,41600232,1610612745,HOU
201583,20170503,41600232,1610612745,HOU
201586,20170503,41600212,1610612761,TOR
201628,20170503,41600232,1610612745,HOU
201935,20170503,41600232,1610612745,HOU
201942,20170503,41600212,1610612761,TOR
201960,20170503,41600212,1610612761,TOR
201976,20170503,41600232,1610612745,HOU
201980,20170503,41600232,1610612759,SAS
201988,20170503,41600232,1610612759,SAS
202335,20170503,41600212,1610612761,TOR
202681,20170503,41600212,1610612739,CLE
202684,20170503,41600212,1610612739,CLE
202685,20170503,41600212,1610612761,TOR
202695,20170503,41600232,1610612759,SAS
202697,20170503,41600212,1610612739,CLE
202709,20170503,41600212,1610612761,TOR
202722,20170503,41600232,1610612759,SAS
203473,20170503,41600232,1610612759,SAS
203613,20170503,41600232,1610612759,SAS
203937,20170503,41600232,1610612759,SAS
203991,20170503,41600232,1610612745,HOU
1626149,20170503,41600232,1610612745,HOU
1626153,20170503,41600212,1610612761,TOR
1626155,20170503,41600232,1610612745,HOU
1626181,20170503,41600212,1610612761,TOR
1627749,20170503,41600232,1610612759,SAS
1627751,20170503,41600212,1610612761,TOR
1627783,20170503,41600212,1610612761,TOR
1627786,20170503,41600232,1610612745,HOU
1627819,20170503,41600232,1610612745,HOU
1627832,20170503,41600212,1610612761,TOR
2207,20170504,41600222,1610612762,UTA
2440,20170504,41600222,1610612744,GSW
2561,20170504,41600222,1610612744,GSW
2564,20170504,41600222,1610612762,UTA
2585,20170504,41600222,1610612744,GSW
2733,20170504,41600222,1610612744,GSW
2738,20170504,41600222,1610612744,GSW
101123,20170504,41600203,1610612738,BOS
101133,20170504,41600203,1610612764,WAS
101161,20170504,41600203,1610612738,BOS
101162,20170504,41600203,1610612764,WAS
201142,20170504,41600222,1610612744,GSW
201143,20170504,41600203,1610612738,BOS
201160,20170504,41600203,1610612764,WAS
201580,20170504,41600222,1610612744,GSW
201939,20170504,41600222,1610612744,GSW
201943,20170504,41600203,1610612764,WAS
201973,20170504,41600203,1610612738,BOS
202322,20170504,41600203,1610612764,WAS
202324,20170504,41600222,1610612762,UTA
202330,20170504,41600222,1610612762,UTA
202340,20170504,41600203,1610612738,BOS
202691,20170504,41600222,1610612744,GSW
202693,20170504,41600203,1610612764,WAS
202711,20170504,41600203,1610612764,WAS
202714,20170504,41600222,1610612762,UTA
202738,20170504,41600203,1610612738,BOS
203078,20170504,41600203,1610612764,WAS
203092,20170504,41600203,1610612738,BOS
203107,20170504,41600203,1610612764,WAS
203109,20170504,41600203,1610612738,BOS
203110,20170504,41600222,1610612744,GSW
203482,20170504,41600203,1610612738,BOS
203490,20170504,41600203,1610612764,WAS
203497,20170504,41600222,1610612762,UTA
203504,20170504,41600203,1610612764,WAS
203526,20170504,41600222,1610612762,UTA
203546,20170504,41600222,1610612744,GSW
203918,20170504,41600222,1610612762,UTA
203923,20170504,41600203,1610612738,BOS
203935,20170504,41600203,1610612738,BOS
203949,20170504,41600222,1610612744,GSW
203957,20170504,41600222,1610612762,UTA
204060,20170504,41600222,1610612762,UTA
1626162,20170504,41600203,1610612764,WAS
1626179,20170504,41600203,1610612738,BOS
1627759,20170504,41600203,1610612738,BOS
1627775,20170504,41600222,1610612744,GSW
1627815,20170504,41600203,1610612764,WAS
1938,20170505,41600233,1610612759,SAS
2200,20170505,41600233,1610612759,SAS
2403,20170505,41600233,1610612745,HOU
2544,20170505,41600213,1610612739,CLE
2563,20170505,41600213,1610612739,CLE
2592,20170505,41600213,1610612739,CLE
2594,20170505,41600213,1610612739,CLE
2747,20170505,41600213,1610612739,CLE
2772,20170505,41600233,1610612745,HOU
101112,20170505,41600213,1610612739,CLE
101114,20170505,41600213,1610612739,CLE
101135,20170505,41600233,1610612759,SAS
101150,20170505,41600233,1610612745,HOU
200746,20170505,41600233,1610612759,SAS
200782,20170505,41600213,1610612761,TOR
201567,20170505,41600213,1610612739,CLE
201569,20170505,41600233,1610612745,HOU
201583,20170505,41600233,1610612745,HOU
201586,20170505,41600213,1610612761,TOR
201935,20170505,41600233,1610612745,HOU
201942,20170505,41600213,1610612761,TOR
201960,20170505,41600213,1610612761,TOR
201976,20170505,41600233,1610612745,HOU
201980,20170505,41600233,1610612759,SAS
201988,20170505,41600233,1610612759,SAS
202335,20170505,41600213,1610612761,TOR
202681,20170505,41600213,1610612739,CLE
202682,20170505,41600213,1610612739,CLE
202684,20170505,41600213,1610612739,CLE
202685,20170505,41600213,1610612761,TOR
202695,20170505,41600233,1610612759,SAS
202697,20170505,41600213,1610612739,CLE
202709,20170505,41600213,1610612761,TOR
203613,20170505,41600233,1610612759,SAS
203937,20170505,41600233,1610612759,SAS
203991,20170505,41600233,1610612745,HOU
1626153,20170505,41600213,1610612761,TOR
1626181,20170505,41600213,1610612761,TOR
1627749,20170505,41600233,1610612759,SAS
1627832,20170505,41600213,1610612761,TOR
2207,20170506,41600223,1610612762,UTA
2561,20170506,41600223,1610612744,GSW
2564,20170506,41600223,1610612762,UTA
2585,20170506,41600223,1610612744,GSW
2733,20170506,41600223,1610612744,GSW
2738,20170506,41600223,1610612744,GSW
201142,20170506,41600223,1610612744,GSW
201580,20170506,41600223,1610612744,GSW
201939,20170506,41600223,1610612744,GSW
202324,20170506,41600223,1610612762,UTA
202330,20170506,41600223,1610612762,UTA
202691,20170506,41600223,1610612744,GSW
202714,20170506,41600223,1610612762,UTA
203110,20170506,41600223,1610612744,GSW
203497,20170506,41600223,1610612762,UTA
203526,20170506,41600223,1610612762,UTA
203546,20170506,41600223,1610612744,GSW
203918,20170506,41600223,1610612762,UTA
203957,20170506,41600223,1610612762,UTA
204060,20170506,41600223,1610612762,UTA
1938,20170507,41600234,1610612759,SAS
2200,20170507,41600234,1610612759,SAS
2403,20170507,41600234,1610612745,HOU
2544,20170507,41600214,1610612739,CLE
2594,20170507,41600214,1610612739,CLE
2747,20170507,41600214,1610612739,CLE
2772,20170507,41600234,1610612745,HOU
101112,20170507,41600214,1610612739,CLE
101114,20170507,41600214,1610612739,CLE
101123,20170507,41600204,1610612738,BOS
101133,20170507,41600204,1610612764,WAS
101135,20170507,41600234,1610612759,SAS
101150,20170507,41600234,1610612745,HOU
101161,20170507,41600204,1610612738,BOS
101162,20170507,41600204,1610612764,WAS
200746,20170507,41600234,1610612759,SAS
200782,20170507,41600214,1610612761,TOR
201143,20170507,41600204,1610612738,BOS
201160,20170507,41600204,1610612764,WAS
201567,20170507,41600214,1610612739,CLE
201569,20170507,41600234,1610612745,HOU
201583,20170507,41600234,1610612745,HOU
201586,20170507,41600214,1610612761,TOR
201628,20170507,41600234,1610612745,HOU
201935,20170507,41600234,1610612745,HOU
201942,20170507,41600214,1610612761,TOR
201943,20170507,41600204,1610612764,WAS
201960,20170507,41600214,1610612761,TOR
201973,20170507,41600204,1610612738,BOS
201976,20170507,41600234,1610612745,HOU
201980,20170507,41600234,1610612759,SAS
201988,20170507,41600234,1610612759,SAS
202322,20170507,41600204,1610612764,WAS
202335,20170507,41600214,1610612761,TOR
202340,20170507,41600204,1610612738,BOS
202681,20170507,41600214,1610612739,CLE
202684,20170507,41600214,1610612739,CLE
202685,20170507,41600214,1610612761,TOR
202693,20170507,41600204,1610612764,WAS
202695,20170507,41600234,1610612759,SAS
202697,20170507,41600214,1610612739,CLE
202709,20170507,41600214,1610612761,TOR
202711,20170507,41600204,1610612764,WAS
202722,20170507,41600234,1610612759,SAS
202738,20170507,41600204,1610612738,BOS
203078,20170507,41600204,1610612764,WAS
203092,20170507,41600204,1610612738,BOS
203107,20170507,41600204,1610612764,WAS
203109,20170507,41600204,1610612738,BOS
203473,20170507,41600234,1610612759,SAS
203482,20170507,41600204,1610612738,BOS
203490,20170507,41600204,1610612764,WAS
203504,20170507,41600204,1610612764,WAS
203613,20170507,41600234,1610612759,SAS
203923,20170507,41600204,1610612738,BOS
203935,20170507,41600204,1610612738,BOS
203937,20170507,41600234,1610612759,SAS
203991,20170507,41600234,1610612745,HOU
1626149,20170507,41600234,1610612745,HOU
1626155,20170507,41600234,1610612745,HOU
1626179,20170507,41600204,1610612738,BOS
1626181,20170507,41600214,1610612761,TOR
1627749,20170507,41600234,1610612759,SAS
1627759,20170507,41600204,1610612738,BOS
1627786,20170507,41600234,1610612745,HOU
1627815,20170507,41600204,1610612764,WAS
1627819,20170507,41600234,1610612745,HOU
1627832,20170507,41600214,1610612761,TOR
1627854,20170507,41600234,1610612759,SAS
2207,20170508,41600224,1610612762,UTA
2440,20170508,41600224,1610612744,GSW
2561,20170508,41600224,1610612744,GSW
2564,20170508,41600224,1610612762,UTA
2585,20170508,41600224,1610612744,GSW
2733,20170508,41600224,1610612744,GSW
2738,20170508,41600224,1610612744,GSW
201142,20170508,41600224,1610612744,GSW
201580,20170508,41600224,1610612744,GSW
201939,20170508,41600224,1610612744,GSW
202324,20170508,41600224,1610612762,UTA
202330,20170508,41600224,1610612762,UTA
202691,20170508,41600224,1610612744,GSW
202714,20170508,41600224,1610612762,UTA
203110,20170508,41600224,1610612744,GSW
203497,20170508,41600224,1610612762,UTA
203526,20170508,41600224,1610612762,UTA
203546,20170508,41600224,1610612744,GSW
203918,20170508,41600224,1610612762,UTA
203949,20170508,41600224,1610612744,GSW
203957,20170508,41600224,1610612762,UTA
204060,20170508,41600224,1610612762,UTA
1626168,20170508,41600224,1610612762,UTA
1627762,20170508,41600224,1610612762,UTA
1627775,20170508,41600224,1610612744,GSW
1938,20170509,41600235,1610612759,SAS
2200,20170509,41600235,1610612759,SAS
2772,20170509,41600235,1610612745,HOU
101135,20170509,41600235,1610612759,SAS
101150,20170509,41600235,1610612745,HOU
200746,20170509,41600235,1610612759,SAS
201569,20170509,41600235,1610612745,HOU
201583,20170509,41600235,1610612745,HOU
201935,20170509,41600235,1610612745,HOU
201976,20170509,41600235,1610612745,HOU
201980,20170509,41600235,1610612759,SAS
201988,20170509,41600235,1610612759,SAS
202695,20170509,41600235,1610612759,SAS
203613,20170509,41600235,1610612759,SAS
203937,20170509,41600235,1610612759,SAS
203991,20170509,41600235,1610612745,HOU
101123,20170510,41600205,1610612738,BOS
101133,20170510,41600205,1610612764,WAS
101161,20170510,41600205,1610612738,BOS
101162,20170510,41600205,1610612764,WAS
201143,20170510,41600205,1610612738,BOS
201160,20170510,41600205,1610612764,WAS
201943,20170510,41600205,1610612764,WAS
202322,20170510,41600205,1610612764,WAS
202340,20170510,41600205,1610612738,BOS
202693,20170510,41600205,1610612764,WAS
202711,20170510,41600205,1610612764,WAS
202738,20170510,41600205,1610612738,BOS
203078,20170510,41600205,1610612764,WAS
203092,20170510,41600205,1610612738,BOS
203107,20170510,41600205,1610612764,WAS
203109,20170510,41600205,1610612738,BOS
203482,20170510,41600205,1610612738,BOS
203490,20170510,41600205,1610612764,WAS
203504,20170510,41600205,1610612764,WAS
203923,20170510,41600205,1610612738,BOS
203935,20170510,41600205,1610612738,BOS
1626162,20170510,41600205,1610612764,WAS
1626179,20170510,41600205,1610612738,BOS
1627759,20170510,41600205,1610612738,BOS
1627815,20170510,41600205,1610612764,WAS
1938,20170511,41600236,1610612759,SAS
2200,20170511,41600236,1610612759,SAS
2772,20170511,41600236,1610612745,HOU
101135,20170511,41600236,1610612759,SAS
101150,20170511,41600236,1610612745,HOU
200746,20170511,41600236,1610612759,SAS
201202,20170511,41600236,1610612759,SAS
201569,20170511,41600236,1610612745,HOU
201583,20170511,41600236,1610612745,HOU
201628,20170511,41600236,1610612745,HOU
201935,20170511,41600236,1610612745,HOU
201976,20170511,41600236,1610612745,HOU
201980,20170511,41600236,1610612759,SAS
201988,20170511,41600236,1610612759,SAS
202722,20170511,41600236,1610612759,SAS
203473,20170511,41600236,1610612759,SAS
203613,20170511,41600236,1610612759,SAS
203937,20170511,41600236,1610612759,SAS
203991,20170511,41600236,1610612745,HOU
1626149,20170511,41600236,1610612745,HOU
1626155,20170511,41600236,1610612745,HOU
1627749,20170511,41600236,1610612759,SAS
1627786,20170511,41600236,1610612745,HOU
1627819,20170511,41600236,1610612745,HOU
1627854,20170511,41600236,1610612759,SAS
101133,20170512,41600206,1610612764,WAS
101161,20170512,41600206,1610612738,BOS
101162,20170512,41600206,1610612764,WAS
201143,20170512,41600206,1610612738,BOS
201160,20170512,41600206,1610612764,WAS
201943,20170512,41600206,1610612764,WAS
202322,20170512,41600206,1610612764,WAS
202340,20170512,41600206,1610612738,BOS
202693,20170512,41600206,1610612764,WAS
202711,20170512,41600206,1610612764,WAS
202738,20170512,41600206,1610612738,BOS
203078,20170512,41600206,1610612764,WAS
203109,20170512,41600206,1610612738,BOS
203482,20170512,41600206,1610612738,BOS
203490,20170512,41600206,1610612764,WAS
203935,20170512,41600206,1610612738,BOS
1626162,20170512,41600206,1610612764,WAS
1626179,20170512,41600206,1610612738,BOS
1627759,20170512,41600206,1610612738,BOS
1938,20170514,41600311,1610612759,SAS
2200,20170514,41600311,1610612759,SAS
2440,20170514,41600311,1610612744,GSW
2561,20170514,41600311,1610612744,GSW
2585,20170514,41600311,1610612744,GSW
2733,20170514,41600311,1610612744,GSW
2738,20170514,41600311,1610612744,GSW
101135,20170514,41600311,1610612759,SAS
200746,20170514,41600311,1610612759,SAS
201142,20170514,41600311,1610612744,GSW
201580,20170514,41600311,1610612744,GSW
201939,20170514,41600311,1610612744,GSW
201980,20170514,41600311,1610612759,SAS
201988,20170514,41600311,1610612759,SAS
202691,20170514,41600311,1610612744,GSW
202695,20170514,41600311,1610612759,SAS
202722,20170514,41600311,1610612759,SAS
203110,20170514,41600311,1610612744,GSW
203546,20170514,41600311,1610612744,GSW
203613,20170514,41600311,1610612759,SAS
203937,20170514,41600311,1610612759,SAS
1627749,20170514,41600311,1610612759,SAS
101133,20170515,41600207,1610612764,WAS
101161,20170515,41600207,1610612738,BOS
101162,20170515,41600207,1610612764,WAS
201143,20170515,41600207,1610612738,BOS
201160,20170515,41600207,1610612764,WAS
201943,20170515,41600207,1610612764,WAS
202322,20170515,41600207,1610612764,WAS
202340,20170515,41600207,1610612738,BOS
202693,20170515,41600207,1610612764,WAS
202711,20170515,41600207,1610612764,WAS
202738,20170515,41600207,1610612738,BOS
203078,20170515,41600207,1610612764,WAS
203107,20170515,41600207,1610612764,WAS
203109,20170515,41600207,1610612738,BOS
203482,20170515,41600207,1610612738,BOS
203490,20170515,41600207,1610612764,WAS
203923,20170515,41600207,1610612738,BOS
203935,20170515,41600207,1610612738,BOS
1626162,20170515,41600207,1610612764,WAS
1626179,20170515,41600207,1610612738,BOS
1627759,20170515,41600207,1610612738,BOS
1627815,20170515,41600207,1610612764,WAS
1938,20170516,41600312,1610612759,SAS
2200,20170516,41600312,1610612759,SAS
2440,20170516,41600312,1610612744,GSW
2561,20170516,41600312,1610612744,GSW
2585,20170516,41600312,1610612744,GSW
2733,20170516,41600312,1610612744,GSW
101135,20170516,41600312,1610612759,SAS
200746,20170516,41600312,1610612759,SAS
201142,20170516,41600312,1610612744,GSW
201202,20170516,41600312,1610612759,SAS
201580,20170516,41600312,1610612744,GSW
201939,20170516,41600312,1610612744,GSW
201980,20170516,41600312,1610612759,SAS
201988,20170516,41600312,1610612759,SAS
202691,20170516,41600312,1610612744,GSW
202722,20170516,41600312,1610612759,SAS
203110,20170516,41600312,1610612744,GSW
203473,20170516,41600312,1610612759,SAS
203546,20170516,41600312,1610612744,GSW
203613,20170516,41600312,1610612759,SAS
203937,20170516,41600312,1610612759,SAS
203949,20170516,41600312,1610612744,GSW
1627745,20170516,41600312,1610612744,GSW
1627749,20170516,41600312,1610612759,SAS
1627775,20170516,41600312,1610612744,GSW
1627854,20170516,41600312,1610612759,SAS
2210,20170517,41600301,1610612739,CLE
2544,20170517,41600301,1610612739,CLE
2563,20170517,41600301,1610612739,CLE
2594,20170517,41600301,1610612739,CLE
2747,20170517,41600301,1610612739,CLE
101112,20170517,41600301,1610612739,CLE
101114,20170517,41600301,1610612739,CLE
101123,20170517,41600301,1610612738,BOS
101161,20170517,41600301,1610612738,BOS
201143,20170517,41600301,1610612738,BOS
201567,20170517,41600301,1610612739,CLE
202340,20170517,41600301,1610612738,BOS
202681,20170517,41600301,1610612739,CLE
202682,20170517,41600301,1610612739,CLE
202684,20170517,41600301,1610612739,CLE
202697,20170517,41600301,1610612739,CLE
202738,20170517,41600301,1610612738,BOS
203092,20170517,41600301,1610612738,BOS
203109,20170517,41600301,1610612738,BOS
203482,20170517,41600301,1610612738,BOS
203923,20170517,41600301,1610612738,BOS
203935,20170517,41600301,1610612738,BOS
1626179,20170517,41600301,1610612738,BOS
1627759,20170517,41600301,1610612738,BOS
2210,20170519,41600302,1610612739,CLE
2544,20170519,41600302,1610612739,CLE
2563,20170519,41600302,1610612739,CLE
2592,20170519,41600302,1610612739,CLE
2594,20170519,41600302,1610612739,CLE
2747,20170519,41600302,1610612739,CLE
101112,20170519,41600302,1610612739,CLE
101114,20170519,41600302,1610612739,CLE
101123,20170519,41600302,1610612738,BOS
101161,20170519,41600302,1610612738,BOS
201143,20170519,41600302,1610612738,BOS
201567,20170519,41600302,1610612739,CLE
201973,20170519,41600302,1610612738,BOS
202340,20170519,41600302,1610612738,BOS
202681,20170519,41600302,1610612739,CLE
202682,20170519,41600302,1610612739,CLE
202684,20170519,41600302,1610612739,CLE
202697,20170519,41600302,1610612739,CLE
202738,20170519,41600302,1610612738,BOS
203092,20170519,41600302,1610612738,BOS
203109,20170519,41600302,1610612738,BOS
203482,20170519,41600302,1610612738,BOS
203935,20170519,41600302,1610612738,BOS
1626175,20170519,41600302,1610612738,BOS
1626179,20170519,41600302,1610612738,BOS
1627759,20170519,41600302,1610612738,BOS
1938,20170520,41600313,1610612759,SAS
2200,20170520,41600313,1610612759,SAS
2440,20170520,41600313,1610612744,GSW
2561,20170520,41600313,1610612744,GSW
2733,20170520,41600313,1610612744,GSW
2738,20170520,41600313,1610612744,GSW
101135,20170520,41600313,1610612759,SAS
200746,20170520,41600313,1610612759,SAS
201142,20170520,41600313,1610612744,GSW
201202,20170520,41600313,1610612759,SAS
201580,20170520,41600313,1610612744,GSW
201939,20170520,41600313,1610612744,GSW
201980,20170520,41600313,1610612759,SAS
201988,20170520,41600313,1610612759,SAS
202691,20170520,41600313,1610612744,GSW
202722,20170520,41600313,1610612759,SAS
203110,20170520,41600313,1610612744,GSW
203473,20170520,41600313,1610612759,SAS
203546,20170520,41600313,1610612744,GSW
203613,20170520,41600313,1610612759,SAS
203937,20170520,41600313,1610612759,SAS
203949,20170520,41600313,1610612744,GSW
1627749,20170520,41600313,1610612759,SAS
1627775,20170520,41600313,1610612744,GSW
1627854,20170520,41600313,1610612759,SAS
2210,20170521,41600303,1610612739,CLE
2544,20170521,41600303,1610612739,CLE
2594,20170521,41600303,1610612739,CLE
2747,20170521,41600303,1610612739,CLE
101114,20170521,41600303,1610612739,CLE
101123,20170521,41600303,1610612738,BOS
101161,20170521,41600303,1610612738,BOS
201143,20170521,41600303,1610612738,BOS
201567,20170521,41600303,1610612739,CLE
201973,20170521,41600303,1610612738,BOS
202340,20170521,41600303,1610612738,BOS
202681,20170521,41600303,1610612739,CLE
202684,20170521,41600303,1610612739,CLE
202697,20170521,41600303,1610612739,CLE
203092,20170521,41600303,1610612738,BOS
203109,20170521,41600303,1610612738,BOS
203482,20170521,41600303,1610612738,BOS
203935,20170521,41600303,1610612738,BOS
1626179,20170521,41600303,1610612738,BOS
1627759,20170521,41600303,1610612738,BOS
1938,20170522,41600314,1610612759,SAS
2200,20170522,41600314,1610612759,SAS
2440,20170522,41600314,1610612744,GSW
2561,20170522,41600314,1610612744,GSW
2733,20170522,41600314,1610612744,GSW
2738,20170522,41600314,1610612744,GSW
200746,20170522,41600314,1610612759,SAS
201142,20170522,41600314,1610612744,GSW
201580,20170522,41600314,1610612744,GSW
201939,20170522,41600314,1610612744,GSW
201980,20170522,41600314,1610612759,SAS
201988,20170522,41600314,1610612759,SAS
202691,20170522,41600314,1610612744,GSW
202722,20170522,41600314,1610612759,SAS
203110,20170522,41600314,1610612744,GSW
203473,20170522,41600314,1610612759,SAS
203546,20170522,41600314,1610612744,GSW
203613,20170522,41600314,1610612759,SAS
203937,20170522,41600314,1610612759,SAS
203949,20170522,41600314,1610612744,GSW
1627745,20170522,41600314,1610612744,GSW
1627749,20170522,41600314,1610612759,SAS
1627775,20170522,41600314,1610612744,GSW
1627854,20170522,41600314,1610612759,SAS
2210,20170523,41600304,1610612739,CLE
2544,20170523,41600304,1610612739,CLE
2594,20170523,41600304,1610612739,CLE
2747,20170523,41600304,1610612739,CLE
101114,20170523,41600304,1610612739,CLE
201143,20170523,41600304,1610612738,BOS
201567,20170523,41600304,1610612739,CLE
201973,20170523,41600304,1610612738,BOS
202340,20170523,41600304,1610612738,BOS
202681,20170523,41600304,1610612739,CLE
202684,20170523,41600304,1610612739,CLE
202697,20170523,41600304,1610612739,CLE
203092,20170523,41600304,1610612738,BOS
203109,20170523,41600304,1610612738,BOS
203482,20170523,41600304,1610612738,BOS
203935,20170523,41600304,1610612738,BOS
1626179,20170523,41600304,1610612738,BOS
1627759,20170523,41600304,1610612738,BOS
2210,20170525,41600305,1610612739,CLE
2544,20170525,41600305,1610612739,CLE
2563,20170525,41600305,1610612739,CLE
2592,20170525,41600305,1610612739,CLE
2594,20170525,41600305,1610612739,CLE
2747,20170525,41600305,1610612739,CLE
101112,20170525,41600305,1610612739,CLE
101114,20170525,41600305,1610612739,CLE
101123,20170525,41600305,1610612738,BOS
101161,20170525,41600305,1610612738,BOS
201143,20170525,41600305,1610612738,BOS
201567,20170525,41600305,1610612739,CLE
201973,20170525,41600305,1610612738,BOS
202340,20170525,41600305,1610612738,BOS
202681,20170525,41600305,1610612739,CLE
202682,20170525,41600305,1610612739,CLE
202684,20170525,41600305,1610612739,CLE
202697,20170525,41600305,1610612739,CLE
203092,20170525,41600305,1610612738,BOS
203109,20170525,41600305,1610612738,BOS
203482,20170525,41600305,1610612738,BOS
203923,20170525,41600305,1610612738,BOS
203935,20170525,41600305,1610612738,BOS
1626175,20170525,41600305,1610612738,BOS
1626179,20170525,41600305,1610612738,BOS
1627759,20170525,41600305,1610612738,BOS
2210,20170601,41600401,1610612739,CLE
2440,20170601,41600401,1610612744,GSW
2544,20170601,41600401,1610612739,CLE
2561,20170601,41600401,1610612744,GSW
2563,20170601,41600401,1610612739,CLE
2585,20170601,41600401,1610612744,GSW
2592,20170601,41600401,1610612739,CLE
2594,20170601,41600401,1610612739,CLE
2733,20170601,41600401,1610612744,GSW
2738,20170601,41600401,1610612744,GSW
2747,20170601,41600401,1610612739,CLE
101114,20170601,41600401,1610612739,CLE
201142,20170601,41600401,1610612744,GSW
201567,20170601,41600401,1610612739,CLE
201580,20170601,41600401,1610612744,GSW
201939,20170601,41600401,1610612744,GSW
202681,20170601,41600401,1610612739,CLE
202682,20170601,41600401,1610612739,CLE
202684,20170601,41600401,1610612739,CLE
202691,20170601,41600401,1610612744,GSW
202697,20170601,41600401,1610612739,CLE
203110,20170601,41600401,1610612744,GSW
203546,20170601,41600401,1610612744,GSW
203949,20170601,41600401,1610612744,GSW
1627775,20170601,41600401,1610612744,GSW
2210,20170604,41600402,1610612739,CLE
2440,20170604,41600402,1610612744,GSW
2544,20170604,41600402,1610612739,CLE
2561,20170604,41600402,1610612744,GSW
2563,20170604,41600402,1610612739,CLE
2585,20170604,41600402,1610612744,GSW
2592,20170604,41600402,1610612739,CLE
2594,20170604,41600402,1610612739,CLE
2733,20170604,41600402,1610612744,GSW
2738,20170604,41600402,1610612744,GSW
2747,20170604,41600402,1610612739,CLE
101112,20170604,41600402,1610612739,CLE
101114,20170604,41600402,1610612739,CLE
201142,20170604,41600402,1610612744,GSW
201567,20170604,41600402,1610612739,CLE
201580,20170604,41600402,1610612744,GSW
201939,20170604,41600402,1610612744,GSW
202681,20170604,41600402,1610612739,CLE
202682,20170604,41600402,1610612739,CLE
202684,20170604,41600402,1610612739,CLE
202691,20170604,41600402,1610612744,GSW
202697,20170604,41600402,1610612739,CLE
203110,20170604,41600402,1610612744,GSW
203546,20170604,41600402,1610612744,GSW
203949,20170604,41600402,1610612744,GSW
1627775,20170604,41600402,1610612744,GSW
2210,20170607,41600403,1610612739,CLE
2440,20170607,41600403,1610612744,GSW
2544,20170607,41600403,1610612739,CLE
2561,20170607,41600403,1610612744,GSW
2585,20170607,41600403,1610612744,GSW
2594,20170607,41600403,1610612739,CLE
2733,20170607,41600403,1610612744,GSW
2738,20170607,41600403,1610612744,GSW
2747,20170607,41600403,1610612739,CLE
101114,20170607,41600403,1610612739,CLE
201142,20170607,41600403,1610612744,GSW
201567,20170607,41600403,1610612739,CLE
201580,20170607,41600403,1610612744,GSW
201939,20170607,41600403,1610612744,GSW
202681,20170607,41600403,1610612739,CLE
202684,20170607,41600403,1610612739,CLE
202691,20170607,41600403,1610612744,GSW
202697,20170607,41600403,1610612739,CLE
203110,20170607,41600403,1610612744,GSW
203546,20170607,41600403,1610612744,GSW
203949,20170607,41600403,1610612744,GSW
1627775,20170607,41600403,1610612744,GSW
2210,20170609,41600404,1610612739,CLE
2440,20170609,41600404,1610612744,GSW
2544,20170609,41600404,1610612739,CLE
2561,20170609,41600404,1610612744,GSW
2563,20170609,41600404,1610612739,CLE
2585,20170609,41600404,1610612744,GSW
2592,20170609,41600404,1610612739,CLE
2594,20170609,41600404,1610612739,CLE
2733,20170609,41600404,1610612744,GSW
2738,20170609,41600404,1610612744,GSW
2747,20170609,41600404,1610612739,CLE
101114,20170609,41600404,1610612739,CLE
201142,20170609,41600404,1610612744,GSW
201567,20170609,41600404,1610612739,CLE
201580,20170609,41600404,1610612744,GSW
201939,20170609,41600404,1610612744,GSW
202681,20170609,41600404,1610612739,CLE
202682,20170609,41600404,1610612739,CLE
202684,20170609,41600404,1610612739,CLE
202691,20170609,41600404,1610612744,GSW
202697,20170609,41600404,1610612739,CLE
203110,20170609,41600404,1610612744,GSW
203546,20170609,41600404,1610612744,GSW
203949,20170609,41600404,1610612744,GSW
1627775,20170609,41600404,1610612744,GSW
2210,20170612,41600405,1610612739,CLE
2440,20170612,41600405,1610612744,GSW
2544,20170612,41600405,1610612739,CLE
2561,20170612,41600405,1610612744,GSW
2585,20170612,41600405,1610612744,GSW
2594,20170612,41600405,1610612739,CLE
2733,20170612,41600405,1610612744,GSW
2738,20170612,41600405,1610612744,GSW
2747,20170612,41600405,1610612739,CLE
101114,20170612,41600405,1610612739,CLE
201142,20170612,41600405,1610612744,GSW
201567,20170612,41600405,1610612739,CLE
201939,20170612,41600405,1610612744,GSW
202681,20170612,41600405,1610612739,CLE
202684,20170612,41600405,1610612739,CLE
202691,20170612,41600405,1610612744,GSW
202697,20170612,41600405,1610612739,CLE
203110,20170612,41600405,1610612744,GSW
1627775,20170612,41600405,1610612744,GSW
