EntityId,TeamId,Name,ShortName,RowId,TeamAbbreviation,SecondsPlayed,GamesPlayed,PlusMinus,OffPoss,DefPoss,PenaltyOffPoss,PenaltyDefPoss,SecondChanceOffPoss,TotalPoss,AtRimFGM,AtRimFGA,SecondChanceAtRimFGM,SecondChanceAtRimFGA,PenaltyAtRimFGM,PenaltyAtRimFGA,ShortMidRangeFGM,ShortMidRangeFGA,LongMidRangeFGM,LongMidRangeFGA,Corner3FGM,Corner3FGA,SecondChanceCorner3FGM,SecondChanceCorner3FGA,PenaltyCorner3FGM,PenaltyCorner3FGA,Arc3FGM,Arc3FGA,SecondChanceArc3FGM,SecondChanceArc3FGA,PenaltyArc3FGM,PenaltyArc3FGA,FG2M,FG2A,FG3M,FG3A,FtPoints,Points,OpponentPoints,SecondChanceFG2M,SecondChanceFG2A,SecondChanceFG3M,SecondChanceFG3A,SecondChanceFtPoints,SecondChancePoints,PenaltyFG2M,PenaltyFG2A,PenaltyFG3M,PenaltyFG3A,PenaltyFtPoints,PenaltyPoints,PtsAssisted2s,PtsUnassisted2s,PtsAssisted3s,PtsUnassisted3s,PtsPutbacks,HeaveMakes,HeaveAttempts,NonHeaveArc3FGA,NonHeaveArc3FGM,Fg2aBlocked,Fg3aBlocked,TwoPtAssists,ThreePtAssists,Assists,Arc3Assists,Corner3Assists,AtRimAssists,ShortMidRangeAssists,LongMidRangeAssists,AssistPoints,OffThreePtRebounds,OffTwoPtRebounds,FTOffRebounds,DefThreePtRebounds,DefTwoPtRebounds,FTDefRebounds,DefRebounds,OffRebounds,Rebounds,SelfOReb,Steals,BadPassSteals,LostBallSteals,LiveBallTurnovers,BadPassOutOfBoundsTurnovers,BadPassTurnovers,DeadBallTurnovers,LostBallOutOfBoundsTurnovers,LostBallTurnovers,Travels,Turnovers,SecondChanceTurnovers,PenaltyTurnovers,ShootingFouls,Fouls,Clear Path Fouls,Loose Ball Fouls,Offensive Fouls,FTA,2pt And 1 Free Throw Trips,Technical Free Throw Trips,TwoPtShootingFoulsDrawn,ThreePtShootingFoulsDrawn,NonShootingFoulsDrawn,Blocked2s,Blocked3s,BlockedArc3,BlockedAtRim,BlockedCorner3,BlockedLongMidRange,BlockedShortMidRange,Blocks,RecoveredBlocks,DefensiveGoaltends,OffensiveGoaltends,3SecondViolations,Defensive 3 Seconds Violations,FirstChancePoints,PenaltyPointsExcludingTakeFouls,PenaltyOffPossExcludingTakeFouls,NonShootingPenaltyNonTakeFouls,Assisted2sPct,NonPutbacksAssisted2sPct,Assisted3sPct,Fg3Pct,SecondChanceFg3Pct,PenaltyFg3Pct,NonHeaveFg3Pct,Fg2Pct,SecondChanceFg2Pct,PenaltyFg2Pct,EfgPct,SecondChanceEfgPct,PenaltyEfgPct,TsPct,SecondChanceTsPct,PenaltyTsPct,FG3APct,FG3APctBlocked,FG2APctBlocked,AtRimPctBlocked,ShortMidRangePctBlocked,LongMidRangePctBlocked,Corner3PctBlocked,Arc3PctBlocked,LiveBallTurnoverPct,DefFTReboundPct,OffFTReboundPct,DefTwoPtReboundPct,OffTwoPtReboundPct,DefThreePtReboundPct,OffThreePtReboundPct,DefFGReboundPct,OffFGReboundPct,OffAtRimReboundPct,OffShortMidRangeReboundPct,OffLongMidRangeReboundPct,OffArc3ReboundPct,OffCorner3ReboundPct,DefAtRimReboundPct,DefShortMidRangeReboundPct,DefLongMidRangeReboundPct,DefArc3ReboundPct,DefCorner3ReboundPct,SelfORebPct,Pace,BlocksRecoveredPct,SecondsPerPossOff,SecondsPerPossDef,SecondsExcludingORebsPerPossOff,SecondsExcludingORebsPerPossDef,AtRimFrequency,AtRimAccuracy,UnblockedAtRimAccuracy,AtRimPctAssisted,ShortMidRangeFrequency,ShortMidRangeAccuracy,UnblockedShortMidRangeAccuracy,ShortMidRangePctAssisted,LongMidRangeFrequency,LongMidRangeAccuracy,UnblockedLongMidRangeAccuracy,LongMidRangePctAssisted,Corner3Frequency,Corner3Accuracy,UnblockedCorner3Accuracy,Corner3PctAssisted,Arc3Frequency,Arc3Accuracy,UnblockedArc3Accuracy,Arc3PctAssisted,SecondChanceAtRimFrequency,SecondChanceAtRimAccuracy,SecondChanceAtRimPctAssisted,SecondChanceCorner3Frequency,SecondChanceCorner3Accuracy,SecondChanceCorner3PctAssisted,SecondChanceArc3Frequency,SecondChanceArc3Accuracy,SecondChanceArc3PctAssisted,PenaltyAtRimFrequency,PenaltyAtRimAccuracy,PenaltyCorner3Frequency,PenaltyCorner3Accuracy,PenaltyArc3Frequency,PenaltyArc3Accuracy,AtRimFG3AFrequency,NonHeaveArc3Accuracy,ShotQualityAvg,SecondChanceShotQualityAvg,PenaltyShotQualityAvg,ShootingFoulsDrawnPct,TwoPtShootingFoulsDrawnPct,ThreePtShootingFoulsDrawnPct,SecondChancePointsPct,PenaltyPointsPct,Avg2ptShotDistance,Avg3ptShotDistance,PenaltyOffPossPct,3pt And 1 Free Throw Trips,FoulsDrawn,Offensive Fouls Drawn,season,year,StepOutOfBoundsTurnovers,Loose Ball Fouls Drawn,NonShootingPenaltyNonTakeFoulsDrawn,BlockingFouls,Charge Fouls,Charge Fouls Drawn,BlockingFoulsDrawn,Transition Take Fouls,Transition Take Fouls Drawn
1610612758,1610612758,SAC,SAC,1610612758,SAC,240960.0,82,477.0,7910,7910,2143,1778,984,15820,1414,2267,268,480,359,548,496,1403,743,1946,131,361,17,41,38,108,348,992,28,86,93,290,2653,5616,479,1353,1600,8343,7866,387,787,45,127,247,1156,621,1300,131,398,702,2337,2940,2366,1146,291,466,2.0,28.0,962,346,471,5.0,1470,382,1852,261,121,825,188,457,4086,206,926,42.0,492,2221,181,2894,1174,4068,147,793,489,304,666,138,413,555,91,253,70,1221,117,325,709,1596,4.0,104,140,2075,160,87.0,787,1,286,423,9,7.0,191,2.0,35.0,197,432,233,36.0,3.0,26.0,14.0,7187,2337,2143,184,0.554089709762533,0.6074380165289256,0.7974947807933194,0.3540280857354028,0.3543307086614173,0.329145728643216,0.36,0.4724002849002849,0.4917407878017789,0.4776923076923077,0.4837853350552447,0.4972647702407002,0.4814487632508833,0.5241659266776608,0.5459715639810426,0.5456900612341027,0.1941455015066724,0.0036954915003695,0.0838675213675213,0.1168945743273048,0.1290092658588738,0.0128468653648509,0.0055401662049861,0.003024193548387,0.5454545454545454,0.8578199052132701,0.168,0.6773406526379994,0.3155025553662691,0.7182481751824817,0.2515262515262515,0.684409687184662,0.3015450186467768,0.4087677725118483,0.3711111111111111,0.2073887489504618,0.2567567567567567,0.237885462555066,0.5437853107344632,0.6725589225589226,0.749819233550253,0.7306889352818372,0.6893203883495146,0.0447897623400365,94.54183266932272,0.5393518518518519,14.683565107458913,15.779140328697853,13.99165613147914,14.954614412136536,0.3252977471660209,0.623731804146449,0.7062937062937062,0.5834512022630834,0.2013201320132013,0.353528153955809,0.4058919803600654,0.3790322580645161,0.2792366193141053,0.381808838643371,0.3867777199375325,0.6150740242261103,0.0518008322571387,0.3628808864265928,0.3649025069637883,0.9236641221374046,0.1423446692495336,0.3508064516129032,0.3518705763397371,0.75,0.5251641137855579,0.5583333333333333,0.1343283582089552,0.0448577680525164,0.4146341463414634,0.8823529411764706,0.0940919037199124,0.3255813953488372,0.7857142857142857,0.3227326266195524,0.6551094890510949,0.0636042402826855,0.3518518518518518,0.1707891637220259,0.3206896551724137,0.5194432486726933,0.3596673596673597,0.4852503098875756,0.4996776129032258,0.4756651315789473,0.1037251546663156,0.1260611885311549,0.000738552437223,0.1385592712453554,0.2801150665228335,8.497934472934473,25.40968218773097,0.2709228824273072,,,,2000,2001,,,,,,,,,
1610612758,1610612758,SAC,SAC,1610612758,SAC,237060.0,82,624.0,7881,7887,2318,1854,976,15768,1422,2302,291,526,387,601,466,1195,953,2346,152,381,18,45,44,110,274,779,26,85,84,259,2841,5843,426,1160,1618,8578,7954,445,832,44,130,190,1212,753,1493,128,369,731,2621,3180,2502,1107,171,548,,9.0,770,274,384,3.0,1590,369,1959,229,140,812,171,607,4287,179,953,39.0,504,2213,177,2894,1171,4065,167,741,434,307,633,140,392,495,76,241,49,1128,96,318,741,1560,4.0,94,144,2154,198,80.0,859,4,270,371,4,3.0,191,1.0,31.0,149,375,238,19.0,4.0,16.0,27.0,7366,2621,2318,178,0.5596620908130939,0.6194000779119595,0.8661971830985915,0.3672413793103448,0.3384615384615385,0.3468834688346883,0.3701129452649869,0.4862228307376348,0.5348557692307693,0.5043536503683858,0.4969298871912038,0.5311850311850311,0.5075187969924813,0.535777273872512,0.5607606679035251,0.5648389904264578,0.1656432957304012,0.0025862068965517,0.0657196645558788,0.0990443092962641,0.1104602510460251,0.0102301790281329,0.0052493438320209,0.0012836970474967,0.5611702127659575,0.815668202764977,0.1317567567567567,0.6939479460645971,0.3197986577181208,0.721030042918455,0.2594202898550725,0.6988168724279835,0.3084468664850136,0.4200913242009132,0.3462068965517241,0.2422044960116026,0.2403433476394849,0.2991071428571428,0.6052998605299861,0.687382297551789,0.7439716312056738,0.7195357833655706,0.7252747252747253,0.0507907542579075,95.78132118451023,0.6346666666666667,14.389671361502348,15.678331431469507,13.772363913208984,14.901483453784708,0.3287162644580894,0.6177237185056472,0.6856316297010607,0.5710267229254571,0.1706411537912323,0.3899581589958159,0.438381937911571,0.3669527896995708,0.334999286020277,0.4062233589087809,0.4104220499569336,0.6369359916054564,0.0544052548907611,0.3989501312335958,0.4010554089709762,0.9210526315789472,0.1112380408396401,0.3517329910141206,0.352185089974293,0.8357664233576643,0.5467775467775468,0.5532319391634981,0.1512027491408934,0.0467775467775467,0.4,0.7222222222222222,0.0883575883575883,0.3058823529411765,0.8461538461538461,0.3227712137486573,0.6439267886855241,0.0590762620837808,0.4,0.1390977443609022,0.3243243243243243,0.4943595601884906,0.3558441558441558,0.4933708732999284,0.5129694278903456,0.4886528108108108,0.112545644235785,0.1320725707257072,0.0034364261168384,0.1412916763814408,0.3055490790394031,9.029009070682868,24.847758620689657,0.2941251110265195,,,,2001,2002,,,,,,,,,
1610612758,1610612758,SAC,SAC,1610612758,SAC,237960.0,82,533.0,7914,7913,2117,2022,911,15827,1313,2049,230,427,306,490,464,1242,974,2411,207,480,16,39,42,111,284,808,27,81,90,270,2751,5702,491,1288,1367,8342,7809,371,757,43,120,144,1015,630,1307,132,381,595,2251,3210,2292,1287,186,404,1.0,33.0,774,283,347,9.0,1605,429,2034,241,188,806,174,625,4497,189,839,34.0,546,2215,210,2971,1062,4033,124,736,442,294,683,159,420,508,81,263,45,1191,90,328,825,1666,2.0,110,146,1832,147,68.0,732,3,220,452,5,4.0,197,1.0,42.0,213,457,257,18.0,3.0,19.0,27.0,7327,2251,2117,191,0.5834242093784079,0.6296586896822284,0.8737270875763747,0.3812111801242236,0.3583333333333333,0.3464566929133858,0.3904382470119522,0.4824622939319537,0.4900924702774108,0.4820198928844682,0.4989270386266094,0.4965792474344356,0.490521327014218,0.5315465503975378,0.5248704663212436,0.5434466019417475,0.1842632331902718,0.0069875776397515,0.0608558400561206,0.0932162030258662,0.110305958132045,0.0078805474906677,0.00625,0.0074257425742574,0.5734676742233418,0.8433734939759037,0.1566820276497695,0.6736618004866181,0.2868376068376068,0.7338709677419355,0.2564450474898236,0.6847718253968254,0.2807209175314036,0.354706684856753,0.333764553686934,0.226215644820296,0.2505353319057816,0.2666666666666666,0.5363128491620112,0.6625708884688091,0.7463672391017173,0.7518115942028986,0.6822916666666666,0.0374283127075158,95.77609682299546,0.562363238512035,14.14569118018701,15.924554530519398,13.542582764720748,15.082143308479717,0.2931330472103004,0.6408003904343582,0.7066738428417654,0.6138613861386139,0.1776824034334763,0.3735909822866344,0.4199095022624434,0.375,0.3449213161659513,0.4039817503110742,0.407190635451505,0.6416837782340863,0.0686695278969957,0.43125,0.4339622641509434,0.9082125603864736,0.1155937052932761,0.3514851485148514,0.3541147132169576,0.8485915492957746,0.4868871151653364,0.5386416861826698,0.1869565217391304,0.0444697833523375,0.4102564102564102,1.0,0.0923603192702394,0.3333333333333333,0.8888888888888888,0.2902843601895735,0.6244897959183674,0.0657582938388625,0.3783783783783784,0.159952606635071,0.3333333333333333,0.4773962804005722,0.3656330749354005,0.4894489575844716,0.5021246052631579,0.4816797411198074,0.0969912905779889,0.1164307300779386,0.0023237800154918,0.1216734596020139,0.2698393670582594,9.677253595229743,25.23385093167702,0.2675006317917614,,,,2002,2003,,,,,,,,,
1610612758,1610612758,SAC,SAC,1610612758,SAC,237360.0,82,411.0,7680,7690,2248,1914,878,15370,1216,1949,206,366,320,518,356,1039,930,2225,200,475,18,50,59,133,401,1023,44,89,114,337,2502,5213,601,1498,1626,8433,8022,329,701,62,139,201,1045,617,1322,173,470,797,2550,3268,1736,1554,249,340,,20.0,1003,401,403,10.0,1634,518,2152,333,185,816,154,664,4822,218,797,30.0,517,2021,169,2707,1045,3752,110,709,420,289,651,168,435,486,37,216,38,1137,94,316,725,1586,3.0,115,125,2044,165,63.0,748,18,301,312,13,10.0,176,3.0,20.0,116,325,192,16.0,1.0,10.0,15.0,7388,2550,2248,185,0.6530775379696243,0.7006861063464837,0.8618968386023295,0.4012016021361815,0.4460431654676259,0.3680851063829787,0.4066305818673884,0.4799539612507194,0.4693295292439372,0.4667170953101361,0.5071524362986142,0.5023809523809524,0.4891183035714285,0.5504665527664607,0.5507399577167019,0.564279359430605,0.2232156161525853,0.0066755674232309,0.0773067331670823,0.1277578245253976,0.1260827718960539,0.0103370786516853,0.0042105263157894,0.0078201368523949,0.5725593667546174,0.757847533632287,0.1408450704225352,0.6862478777589134,0.2969448584202682,0.6958277254374159,0.2561692126909518,0.688177874186551,0.2871287128712871,0.3767123287671233,0.3239227340267459,0.2373145979703357,0.2634315424610052,0.2408759124087591,0.5865921787709497,0.6663135593220338,0.756420233463035,0.7142857142857143,0.6492890995260664,0.0351887396033269,93.24570273003032,0.5907692307692308,14.949088541666669,15.936410923276982,14.303255208333333,15.123276983094929,0.290418715541648,0.6239096972806567,0.7152941176470589,0.6710526315789473,0.1548204440470868,0.3426371511068335,0.3920704845814978,0.4325842696629213,0.3315452242586797,0.4179775280898876,0.4223433242506812,0.7139784946236559,0.0707793175383698,0.4210526315789473,0.4228329809725158,0.925,0.1524362986142154,0.3919843597262952,0.3950738916256157,0.830423940149626,0.4357142857142857,0.5628415300546448,0.2233009708737864,0.0595238095238095,0.36,0.7777777777777778,0.1059523809523809,0.4943820224719101,0.7727272727272727,0.2890625,0.6177606177606177,0.07421875,0.4436090225563909,0.1880580357142857,0.3382789317507418,0.5136343316942333,0.3998005982053838,0.4927661806490205,0.5008790697674419,0.4854301971830986,0.1048166392993979,0.1290545203588682,0.0119047619047619,0.1239179414206095,0.3023834934187122,9.575215806637251,24.88871829105474,0.2927083333333333,4.0,,,2003,2004,19.0,,,,,,,,
1610612758,1610612758,SAC,SAC,1610612758,SAC,238260.0,82,177.0,7740,7740,2247,1900,1005,15480,1148,1887,256,476,307,516,438,1040,1095,2655,154,369,16,35,36,99,368,1027,39,121,101,340,2681,5582,522,1396,1577,8505,8328,423,813,55,156,194,1205,685,1406,137,439,749,2530,3120,2242,1335,231,478,,13.0,1014,368,353,12.0,1560,445,2005,304,141,635,164,761,4455,264,877,38.0,547,1917,215,2679,1179,3858,126,674,409,265,622,143,411,451,45,211,39,1073,96,301,855,1685,7.0,98,114,2004,170,56.0,767,10,277,311,5,2.0,190,3.0,21.0,100,316,183,13.0,3.0,7.0,9.0,7300,2530,2247,206,0.5818724356583365,0.6388206388206388,0.8524904214559387,0.3739255014326647,0.3525641025641026,0.3120728929384966,0.3774403470715835,0.4802938015048369,0.5202952029520295,0.4871977240398293,0.4964173115505875,0.521671826625387,0.4826558265582655,0.5378402442126685,0.5549907578558225,0.548513986013986,0.2000573230151906,0.0085959885386819,0.0632389824435686,0.1149973502914679,0.1048076923076923,0.0101694915254237,0.010840108401084,0.0077896786757546,0.5796831314072693,0.8082706766917294,0.1735159817351598,0.6679442508710801,0.3060013956734124,0.6959287531806616,0.3184559710494571,0.6739606126914661,0.3087956698240866,0.3879781420765027,0.3579831932773109,0.2469135802469135,0.3175895765472312,0.3209302325581395,0.5699346405228758,0.6489130434782608,0.7459915611814346,0.7036363636363636,0.6779661016949152,0.0377584656877434,93.55829765802063,0.5791139240506329,14.9687338501292,15.814211886304909,14.28798449612403,14.95452196382429,0.2704213241616509,0.6083730789613142,0.6874251497005988,0.5531358885017421,0.1490398394955574,0.4211538461538461,0.4704618689581095,0.3744292237442922,0.380481513327601,0.4124293785310734,0.4166666666666667,0.6949771689497717,0.0528804815133276,0.4173441734417344,0.421917808219178,0.9155844155844156,0.147176841501863,0.3583252190847127,0.3611383709519136,0.8260869565217391,0.4912280701754385,0.5378151260504201,0.12890625,0.0361197110423116,0.4571428571428571,0.8125,0.1248710010319917,0.3223140495867768,0.8974358974358975,0.2796747967479674,0.5949612403100775,0.0536585365853658,0.3636363636363636,0.1842818428184282,0.2970588235294117,0.4704786471768415,0.3629191321499014,0.4800264401666427,0.5021420854271357,0.4707979496992893,0.1024390243902439,0.1241301181420942,0.0071123755334281,0.1416813639035861,0.297472075249853,10.499032604801146,24.975214899713468,0.2903100775193798,,,,2004,2005,15.0,,,,,,,,
1610612758,1610612758,SAC,SAC,1610612758,SAC,237960.0,82,126.0,7620,7631,2322,1911,878,15251,1176,1887,217,385,333,534,376,933,908,2272,129,359,7,27,35,102,365,1049,34,86,109,353,2460,5092,494,1408,1704,8106,7980,353,689,41,113,209,1038,669,1387,144,455,801,2571,2786,2134,1296,186,354,,19.0,1030,365,395,8.0,1393,432,1825,310,122,666,132,595,4082,243,751,21.0,579,1922,203,2704,1015,3719,81,608,378,230,656,123,420,543,44,236,80,1199,96,318,738,1672,3.0,100,132,2173,193,62.0,841,8,300,283,16,12.0,178,4.0,20.0,85,299,170,9.0,4.0,17.0,23.0,7068,2571,2322,227,0.566260162601626,0.6101620674551029,0.8744939271255061,0.3508522727272727,0.3628318584070796,0.3164835164835164,0.3556515478761699,0.4831107619795758,0.5123367198838897,0.4823359769286229,0.4924615384615384,0.5168329177057357,0.4804560260586319,0.5405042918454935,0.5595882990249187,0.5541829215431296,0.2166153846153846,0.0056818181818181,0.0775726630007855,0.1377848436671966,0.1146838156484458,0.0123239436619718,0.0083565459610027,0.0047664442326024,0.5471226021684737,0.871244635193133,0.0886075949367088,0.6916156890967974,0.2881811204911742,0.7246558197747184,0.2825581395348837,0.698993851313583,0.2867859203693018,0.3748231966053748,0.2631578947368421,0.2529673590504451,0.287519747235387,0.2687224669603524,0.5631067961165048,0.7127272727272728,0.7526358475263585,0.7241992882562278,0.7257383966244726,0.0263843648208469,92.29046898638428,0.568561872909699,15.500918635170605,15.70475691259337,14.871653543307088,14.931594810640808,0.2903076923076923,0.6232114467408585,0.7228027043638598,0.5663265306122449,0.1435384615384615,0.4030010718113612,0.4552058111380145,0.351063829787234,0.3495384615384615,0.3996478873239437,0.4046345811051693,0.6552863436123348,0.0552307692307692,0.3593314763231198,0.3623595505617977,0.9457364341085271,0.1613846153846153,0.3479504289799809,0.3496168582375479,0.8493150684931506,0.4800498753117207,0.5636363636363636,0.1935483870967742,0.0336658354114713,0.2592592592592592,1.0,0.1072319201995012,0.3953488372093023,0.8235294117647058,0.2899022801302932,0.6235955056179775,0.0553745928338762,0.3431372549019608,0.1916395222584147,0.3087818696883853,0.5069230769230769,0.3543689320388349,0.4839440790489424,0.4920316279069768,0.4730569901315789,0.118641699273337,0.1465156794425087,0.0056497175141242,0.1280532938564026,0.3171724648408586,10.000726630007854,25.08970170454546,0.3047244094488189,,1868.0,186.0,2005,2006,15.0,127.0,269.0,,,,,,
1610612758,1610612758,SAC,SAC,1610612758,SAC,237660.0,82,-148.0,7816,7838,2535,2175,820,15654,1190,2006,203,381,392,640,461,1126,760,1887,112,317,15,31,33,105,418,1196,33,94,132,417,2411,5019,530,1513,1891,8303,8451,321,632,48,125,179,965,723,1451,165,522,879,2820,2420,2402,1365,225,360,,10.0,1186,418,400,5.0,1210,455,1665,349,106,624,148,438,3785,230,706,26.0,646,1741,229,2616,962,3578,115,671,418,253,572,119,329,622,39,243,137,1194,94,356,849,1792,4.0,121,170,2473,216,77.0,991,12,299,256,9,5.0,156,4.0,25.0,75,265,148,12.0,1.0,29.0,31.0,7338,2820,2535,241,0.501866445458316,0.5423576871358136,0.8584905660377359,0.3502974223397224,0.384,0.3160919540229885,0.3526280771789754,0.4803745766088862,0.5079113924050633,0.4982770503101309,0.4908144519289651,0.5191545574636723,0.4918905220476431,0.5412892214782723,0.5528735632183908,0.5623996789727127,0.2316289038579302,0.0033046926635822,0.0796971508268579,0.135593220338983,0.0932504440497335,0.0121886592474827,0.0031545741324921,0.0033444816053511,0.4790619765494137,0.8841698841698842,0.0931899641577061,0.6897781299524565,0.273855702094647,0.7091108671789242,0.2449414270500532,0.6949053857350801,0.2661359112880295,0.362962962962963,0.2798789712556732,0.2050587172538392,0.2574525745257452,0.1990049751243781,0.5795454545454546,0.6983471074380165,0.7550274223034735,0.719047619047619,0.6868327402135231,0.0369181380417335,94.84877556172684,0.5584905660377358,14.979529170931425,15.384026537381985,14.428735926305016,14.624904312324572,0.307103490508267,0.5932203389830508,0.6862745098039216,0.5243697478991597,0.172382118799755,0.4094138543516873,0.4515181194906954,0.3210412147505423,0.2888854868340477,0.4027556968733439,0.407725321888412,0.5763157894736842,0.0485303123086344,0.3533123028391167,0.3544303797468354,0.9464285714285714,0.1830985915492957,0.3494983277591973,0.3506711409395973,0.8349282296650717,0.5033025099075297,0.5328083989501312,0.2068965517241379,0.0409511228533685,0.4838709677419355,1.0,0.1241743725231175,0.351063829787234,0.8787878787878788,0.3243791180942726,0.6125,0.0532184490623416,0.3142857142857143,0.2113532691332995,0.316546762589928,0.5387323943661971,0.3524451939291737,0.4920434258975146,0.507888524590164,0.4896046890927625,0.1370593058212626,0.1710390058681394,0.0078740157480314,0.1162230519089485,0.339636276044803,8.979717075114564,25.01440846001322,0.3243346980552712,1.0,1989.0,166.0,2006,2007,15.0,113.0,282.0,,,,,,
1610612758,1610612758,SAC,SAC,1610612758,SAC,237960.0,82,-185.0,7821,7818,2340,2196,864,15639,1321,2225,234,440,375,652,420,1107,792,1859,146,376,11,32,40,116,364,991,22,76,97,328,2533,5191,510,1367,1812,8408,8593,328,674,33,108,183,938,662,1413,137,444,786,2521,2284,2782,1275,255,360,,14.0,977,364,442,10.0,1142,425,1567,285,140,633,98,411,3559,194,795,24.0,689,1735,229,2653,1013,3666,142,651,405,246,661,147,415,656,55,246,114,1317,120,366,972,1839,6.0,121,167,2272,216,77.0,966,6,235,310,24,17.0,198,7.0,16.0,96,334,197,13.0,4.0,24.0,37.0,7470,2521,2340,214,0.4508487958941966,0.4853378665533361,0.8333333333333334,0.3730797366495976,0.3055555555555556,0.3085585585585585,0.376940133037694,0.4879599306492005,0.486646884272997,0.4685067232837933,0.5028972247636474,0.4827365728900256,0.4671513193322563,0.5529419560031805,0.523542600896861,0.541486603284356,0.2084476974687404,0.0073152889539136,0.0851473704488537,0.136629213483146,0.1038843721770551,0.0123722431414739,0.0106382978723404,0.0060544904137235,0.5018982536066818,0.8875968992248062,0.1025641025641025,0.6774697383834439,0.3030880670987419,0.7337593184238551,0.2380368098159509,0.6925714285714286,0.2876672484002326,0.3835005574136009,0.3037037037037037,0.2340627973358706,0.238095238095238,0.237885462555066,0.6327608982826949,0.6710700132100397,0.7144221585482331,0.7511664074650077,0.6959459459459459,0.047349116372124,94.63842662632376,0.5898203592814372,15.218386395601586,15.21322588897416,14.631377061756808,14.46815042210284,0.3392802683745044,0.5937078651685394,0.6876626756897449,0.4791824375473126,0.1688014638609332,0.3794037940379404,0.4233870967741935,0.2333333333333333,0.2834705702958219,0.4260355029585799,0.4313725490196078,0.5189393939393939,0.0573345532174443,0.3882978723404255,0.3924731182795699,0.958904109589041,0.1511131442512961,0.367305751765893,0.3695431472081218,0.782967032967033,0.5626598465473146,0.5318181818181819,0.1623931623931624,0.0409207161125319,0.34375,1.0,0.0971867007672634,0.2894736842105263,0.8636363636363636,0.3511039310716209,0.5751533742331288,0.0624663435648896,0.3448275862068966,0.176628971459343,0.2957317073170731,0.5477279658432449,0.3725690890481064,0.4960371771358703,0.5157412746585736,0.489126003253796,0.1329503487894952,0.1625988890759131,0.0043795620437956,0.1115604186489058,0.2998334919124643,8.596436139472162,25.02304316020483,0.2991944764096663,3.0,1887.0,166.0,2007,2008,21.0,118.0,215.0,,,,,,
1610612758,1610612758,SAC,SAC,1610612758,SAC,238860.0,82,-718.0,7810,7821,2119,2378,844,15631,1207,2044,249,458,310,544,439,1183,758,1864,189,445,17,38,53,129,397,1149,22,73,105,345,2404,5091,586,1594,1682,8248,8966,356,721,39,111,159,988,562,1271,158,474,659,2257,2312,2496,1389,369,408,,23.0,1126,397,414,9.0,1156,463,1619,286,177,595,133,428,3701,205,790,29.0,540,1758,249,2547,1024,3571,102,569,368,201,704,124,426,562,41,278,102,1266,93,309,1045,1910,5.0,94,137,2107,158,61.0,875,15,209,338,11,9.0,225,2.0,12.0,101,349,197,15.0,4.0,19.0,23.0,7260,2257,2119,241,0.480865224625624,0.5254545454545455,0.7901023890784983,0.3676286072772898,0.3513513513513513,0.3333333333333333,0.3730108211330363,0.4722058534669023,0.49375866851595,0.4421715184893784,0.4910994764397905,0.4981971153846153,0.4578796561604584,0.5374524465433557,0.5329373650107991,0.5287871637564889,0.2384442782348541,0.0056461731493099,0.0813199764289923,0.12279843444227,0.1200338123415046,0.0112660944206008,0.0044943820224719,0.0060922541340295,0.5560821484992101,0.8355704697986577,0.1442786069651741,0.6689497716894978,0.2986767485822306,0.6801007556675063,0.2160168598524763,0.6715371127995324,0.276850306065665,0.4216867469879518,0.2912087912087912,0.2097516099356025,0.2234957020057306,0.1952191235059761,0.5829493087557603,0.6558861578266494,0.7548125633232016,0.679144385026738,0.6824034334763949,0.0320452403393025,94.23360964581764,0.5644699140401146,15.226888604353393,15.335379107531006,14.586939820742638,14.568085922516302,0.3057591623036649,0.5905088062622309,0.6731734523145566,0.4929577464788732,0.1769633507853403,0.3710904480135249,0.4217098943323727,0.3029612756264236,0.2788332086761406,0.4066523605150214,0.4112859468258275,0.5646437994722955,0.0665669409124906,0.4247191011235955,0.4266365688487584,0.9365079365079364,0.1718773373223635,0.3455178416013925,0.3476357267950963,0.7204030226700252,0.5504807692307693,0.5436681222707423,0.1485943775100401,0.0456730769230769,0.4473684210526316,0.8823529411764706,0.0877403846153846,0.3013698630136986,0.7272727272727273,0.3117478510028653,0.5698529411764706,0.0739255014326647,0.4108527131782946,0.1977077363896848,0.3043478260869565,0.5442034405385191,0.3525754884547069,0.4945189209498046,0.5182727338129496,0.4874541569767442,0.1200431615861882,0.1506542699724518,0.0093399750933997,0.1197866149369544,0.2736420950533462,8.826242388528776,25.14861982434128,0.2713188220230473,3.0,1735.0,149.0,2008,2009,23.0,95.0,190.0,,,,,,
1610612758,1610612758,SAC,SAC,1610612758,SAC,238560.0,82,-358.0,7776,7781,1906,2310,995,15557,1412,2347,298,543,354,601,519,1318,731,1847,149,360,15,33,39,86,333,1023,24,77,77,276,2662,5512,482,1383,1430,8200,8558,439,839,39,110,195,1190,617,1271,116,362,501,2083,2508,2816,1275,171,532,,21.0,1002,333,462,6.0,1254,425,1679,281,144,637,177,440,3783,194,949,30.0,642,1859,208,2709,1173,3882,143,564,359,205,586,146,342,641,39,244,119,1227,102,270,913,1827,6.0,135,161,1968,209,51.0,872,6,186,364,2,2.0,226,,11.0,127,366,210,13.0,6.0,24.0,30.0,7010,2083,1906,216,0.4710743801652892,0.5233722871452421,0.8817427385892116,0.3485177151120752,0.3545454545454545,0.3204419889502762,0.3538913362701908,0.4829462989840348,0.5232419547079857,0.4854445318646735,0.4909354604786077,0.5242360379346681,0.4843845682792406,0.5265875064532782,0.5550887021475257,0.532133676092545,0.2005801305293691,0.0043383947939262,0.0838171262699564,0.1154665530464422,0.1282245827010622,0.0119112073632918,0.0055555555555555,0.0039100684261974,0.4775876120619396,0.8559670781893004,0.1079136690647482,0.6880088823094005,0.3379629629629629,0.7588652482269503,0.229585798816568,0.7049041713641488,0.3128935121817684,0.4,0.41191381495564,0.2321755027422303,0.2,0.3219512195121951,0.5930087390761548,0.6651108518086347,0.7796934865900383,0.7570093457943925,0.7647058823529411,0.0448135380758382,93.90543259557344,0.5737704918032787,15.424254115226338,15.244955661226063,14.750385802469136,14.562010024418456,0.3403915881073242,0.6016190881976992,0.6801541425818882,0.4511331444759207,0.1911530094271211,0.3937784522003035,0.4516971279373368,0.3410404624277456,0.2678752719361856,0.3957769355711965,0.4005479452054794,0.6019151846785226,0.0522117476432197,0.4138888888888888,0.4162011173184357,0.9664429530201344,0.1483683828861494,0.3255131964809384,0.3267909715407262,0.8438438438438438,0.5721812434141201,0.5488029465930019,0.1073825503355704,0.0347734457323498,0.4545454545454545,1.0,0.0811380400421496,0.3116883116883117,0.9166666666666666,0.3680342927127985,0.589018302828619,0.0526638089406001,0.4534883720930232,0.1690140845070422,0.2789855072463768,0.5409717186366932,0.3323353293413174,0.5012126474442988,0.5219257946210268,0.4991282352941176,0.116106850039672,0.1412145748987854,0.0043258832011535,0.1451219512195121,0.2540243902439024,8.148022496371553,25.16102675343456,0.2451131687242798,2.0,1650.0,148.0,2009,2010,16.0,113.0,166.0,,,,,,
1610612758,1610612758,SAC,SAC,1610612758,SAC,238260.0,82,-438.0,7832,7846,2070,2115,1087,15678,1418,2257,342,596,382,596,556,1546,732,1899,153,374,17,29,30,89,275,903,30,73,65,258,2706,5702,428,1277,1455,8151,8589,453,906,47,102,232,1279,664,1409,95,347,589,2202,2598,2814,1128,156,568,1.0,30.0,872,274,457,7.0,1299,376,1675,229,147,661,224,414,3726,222,1024,35.0,637,1818,230,2685,1281,3966,167,608,383,225,666,123,377,658,76,289,123,1324,117,333,885,1805,2.0,124,100,1981,197,59.0,842,16,198,382,9,3.0,192,6.0,12.0,178,391,222,50.0,9.0,24.0,38.0,6872,2159,2043,176,0.4800443458980044,0.5363336085879439,0.8785046728971962,0.3351605324980423,0.4607843137254901,0.2737752161383285,0.3424218123496391,0.4745703262013329,0.5,0.4712562100780695,0.479724888952572,0.5193452380952381,0.4592824601366743,0.5172941927249521,0.5481513327601032,0.5189933523266856,0.1829775039403926,0.0054815974941268,0.0801473167309715,0.1081081081081081,0.1261319534282018,0.0094786729857819,0.0026737967914438,0.0066445182724252,0.5030211480362538,0.8914728682170543,0.1310861423220973,0.6834586466165413,0.3458291117865586,0.7693236714975845,0.2817258883248731,0.7038417431192661,0.3323552947452654,0.4657863145258103,0.3605720122574055,0.2463011314186249,0.2816901408450704,0.2818181818181818,0.609129814550642,0.6645962732919255,0.7542799597180262,0.7726523887973641,0.7601809954751131,0.050744454573078,94.75497355829766,0.5677749360613811,15.21897344228805,15.175248534284986,14.510597548518897,14.469156257965842,0.3233987677317667,0.6282676118741692,0.704421261798311,0.4661495063469675,0.2215217079810861,0.3596377749029754,0.4115470022205773,0.4028776978417266,0.2721020203467545,0.3854660347551343,0.3891547049441786,0.5655737704918032,0.0535893394469121,0.4090909090909091,0.4101876675603217,0.9607843137254902,0.1293881644934804,0.3045404208194905,0.3065774804905239,0.8327272727272728,0.5912698412698413,0.5738255033557047,0.0994152046783625,0.0287698412698412,0.5862068965517241,1.0,0.0724206349206349,0.410958904109589,0.9,0.3394077448747152,0.6409395973154363,0.0506833712984054,0.3370786516853932,0.1469248291571754,0.251937984496124,0.5063762716721594,0.3142201834862385,0.4919451354857307,0.5234372571428572,0.4863983188405797,0.1123477805420976,0.1326610997321569,0.0124031007751937,0.15691326217642,0.2701509017298491,8.971255699754472,25.50203602192639,0.2643003064351379,3.0,1722.0,102.0,2010,2011,15.0,106.0,157.0,42.0,104.0,67.0,50.0,,
1610612758,1610612758,SAC,SAC,1610612758,SAC,190980.0,66,-375.0,6271,6285,1544,1471,838,12556,1251,2088,271,507,288,468,400,1158,428,1165,124,361,5,20,24,87,287,940,25,81,71,245,2079,4411,411,1301,1127,6518,6893,362,748,30,101,172,986,462,1002,95,332,414,1623,1898,2260,966,267,440,2.0,20.0,918,285,416,7.0,949,322,1271,203,119,610,125,214,2864,205,793,34.0,549,1383,154,2086,1032,3118,151,561,352,209,518,86,313,434,41,205,72,952,75,224,634,1287,2.0,105,49,1532,140,42.0,675,6,134,316,7,3.0,164,4.0,18.0,134,323,188,20.0,3.0,13.0,18.0,5532,1604,1533,120,0.4564694564694564,0.5104895104895105,0.7834549878345499,0.3159108378170638,0.297029702970297,0.286144578313253,0.3192818110850898,0.4713216957605985,0.4839572192513369,0.4610778443113772,0.4719012605042016,0.4793875147232038,0.4531484257871064,0.50782962730974,0.5151515151515151,0.5088105726872246,0.227766106442577,0.005380476556495,0.094309680344593,0.1154214559386973,0.1373056994818652,0.0137339055793991,0.0055401662049861,0.0053191489361702,0.5441176470588235,0.875,0.1619047619047619,0.6523584905660378,0.3432900432900433,0.7369127516778523,0.2443384982121573,0.6743455497382199,0.3169260082565894,0.4091456077015644,0.3594164456233422,0.2510344827586206,0.2528735632183908,0.2217391304347826,0.5674342105263158,0.6287339971550497,0.7367119901112484,0.7274436090225563,0.7605633802816901,0.0552708638360175,94.67295004712535,0.5820433436532507,15.088662095359592,15.331583134447095,14.355605166640087,14.574224343675418,0.3655462184873949,0.5991379310344828,0.6773145641580942,0.4876099120703437,0.2027310924369748,0.3454231433506045,0.4004004004004004,0.3125,0.2039565826330532,0.367381974248927,0.3724978241949521,0.5,0.0632002801120448,0.3434903047091412,0.3454038997214484,0.9596774193548387,0.1645658263305322,0.3053191489361702,0.306951871657754,0.7073170731707317,0.5971731448763251,0.534516765285996,0.1623616236162361,0.0235571260306242,0.25,1.0,0.0954063604240282,0.3086419753086419,0.76,0.3508245877061469,0.6153846153846154,0.0652173913043478,0.2758620689655172,0.1836581709145427,0.2897959183673469,0.593312324929972,0.3104575163398693,0.5103388087277846,0.5264709103840683,0.4986796197718631,0.1089251439539347,0.1364739183178326,0.004594180704441,0.1512733967474685,0.2490027615833077,7.792133303105872,25.22943889315911,0.2462127252431829,1.0,1312.0,59.0,2011,2012,25.0,90.0,107.0,32.0,64.0,70.0,37.0,,
1610612758,1610612758,SAC,SAC,1610612758,SAC,237960.0,82,-400.0,7736,7746,1951,2211,963,15482,1415,2379,301,545,335,556,532,1371,529,1473,178,462,18,46,50,113,432,1219,34,103,108,340,2476,5223,610,1681,1437,8219,8619,414,801,52,149,151,1135,568,1169,158,453,602,2212,2432,2520,1476,354,480,1.0,20.0,1198,431,509,8.0,1216,492,1708,325,167,703,212,301,3908,275,846,25.0,776,1612,179,2567,1146,3713,155,671,416,255,624,132,388,574,68,236,91,1198,94,273,795,1717,7.0,112,68,1869,168,38.0,764,21,211,332,10,8.0,181,2.0,18.0,133,342,193,17.0,6.0,18.0,15.0,7084,2161,1921,193,0.4911147011308562,0.5438282647584973,0.8065573770491803,0.362879238548483,0.348993288590604,0.3487858719646799,0.3666465984346779,0.4740570553321845,0.5168539325842697,0.485885372112917,0.4911645422943221,0.5178947368421053,0.4963008631319359,0.5298304646046331,0.5374762808349146,0.5585699797160243,0.2434820393974507,0.0047590719809637,0.0974535707447827,0.1282051282051282,0.1298322392414296,0.0176510522742701,,0.0065627563576702,0.5208681135225376,0.8731707317073171,0.1275510204081632,0.6636475916014821,0.3117170228445099,0.7198515769944341,0.2701375245579567,0.6809238665526091,0.3003751339764201,0.396875,0.3353584447144593,0.2030075187969924,0.2578018995929443,0.302491103202847,0.6014388489208633,0.6420047732696897,0.7321428571428571,0.724,0.7103658536585366,0.048032228075612,93.68835098335856,0.564327485380117,15.22569803516029,15.5143299767622,14.506334022750776,14.705138135812032,0.3445828505214368,0.594787725935267,0.6822565091610414,0.4968197879858657,0.1985805330243337,0.3880379285193289,0.4459346186085499,0.3984962406015037,0.2133545770567786,0.3591310251188052,0.3655839668279198,0.5689981096408318,0.0669177288528389,0.3852813852813853,0.3852813852813853,0.9382022471910112,0.1765643105446118,0.3543888433141919,0.356729975227085,0.7523148148148148,0.5736842105263158,0.5522935779816514,0.1461794019933555,0.0484210526315789,0.391304347826087,0.8333333333333334,0.1084210526315789,0.3300970873786408,0.8529411764705882,0.3427866831072749,0.6025179856115108,0.0696670776818742,0.4424778761061947,0.2096177558569667,0.3176470588235294,0.5880648899188876,0.3597662771285476,0.5035639700537868,0.5218157199471598,0.4985647058823529,0.1044438531133581,0.1312940367760783,0.0123747790218031,0.1380946587176055,0.2691324978707872,8.035018188780395,25.188756692444976,0.2521975180972078,5.0,1632.0,62.0,2012,2013,17.0,101.0,161.0,30.0,66.0,39.0,36.0,,
1610612758,1610612758,SAC,SAC,1610612758,SAC,237960.0,82,-238.0,7766,7793,2451,2192,1005,15559,1293,2074,306,543,397,632,622,1624,620,1593,114,308,9,23,33,86,377,1167,46,105,108,392,2535,5291,491,1475,1698,8241,8479,433,817,55,128,225,1256,722,1496,141,478,825,2692,2346,2724,1122,351,528,1.0,13.0,1153,376,450,9.0,1173,374,1547,263,111,656,194,323,3468,253,907,34.0,822,1757,262,2841,1194,4035,177,587,363,224,637,138,352,615,71,285,87,1252,112,386,848,1849,2.0,139,131,2234,210,57.0,870,21,298,315,3,1.0,177,2.0,11.0,127,318,180,32.0,5.0,13.0,19.0,6985,2651,2428,198,0.4627218934911242,0.5165125495376486,0.7617107942973523,0.3328813559322034,0.4296875,0.2949790794979079,0.33515731874145,0.4791154791154791,0.5299877600979193,0.4826203208556149,0.4835205438959503,0.5455026455026455,0.4728976697061803,0.5291268406096615,0.576036866359447,0.5441056910569105,0.2180017735737511,0.0061016949152542,0.085050085050085,0.1186113789778206,0.1133004926108374,0.012554927809165,0.0129870129870129,0.0042844901456726,0.5087859424920128,0.903448275862069,0.1245421245421245,0.7130681818181818,0.3328440366972477,0.7618164967562558,0.2700106723585913,0.7279141970081852,0.3167667941015838,0.4252577319587629,0.3615307150050352,0.2280334728033473,0.2586666666666666,0.3155080213903743,0.6590214067278287,0.6882966396292005,0.7729672650475184,0.7672090112640801,0.7464285714285714,0.0551230146371846,94.15431164901663,0.5660377358490566,15.68632500643832,14.90311818298473,14.963559103785732,14.1987681252406,0.3065326633165829,0.6234329797492768,0.7073304157549234,0.5073472544470224,0.2400236476500147,0.3830049261083744,0.4319444444444444,0.3118971061093247,0.2354419154596512,0.389202762084118,0.3941513032422123,0.5209677419354839,0.045521726278451,0.3701298701298701,0.375,0.9736842105263158,0.1724800472953,0.3230505569837189,0.3244406196213425,0.6976127320954907,0.5746031746031746,0.56353591160221,0.15359477124183,0.0243386243386243,0.391304347826087,1.0,0.1111111111111111,0.4380952380952381,0.6956521739130435,0.32016210739615,0.6281645569620253,0.0435663627152988,0.3837209302325581,0.1985815602836879,0.2755102040816326,0.5245344368903341,0.3261058109280139,0.4823196441808747,0.5059487325728771,0.4791434082779764,0.1196937130574959,0.1461939169887414,0.0140656396517079,0.1524086882659871,0.326659385996845,8.653449253449253,25.221016949152546,0.315606489827453,3.0,1895.0,89.0,2013,2014,27.0,114.0,253.0,32.0,59.0,66.0,41.0,,
1610612758,1610612758,SAC,SAC,1610612758,SAC,238260.0,82,-304.0,7864,7889,2677,1878,961,15753,1433,2360,289,486,476,752,518,1426,598,1481,151,408,15,43,36,108,310,942,29,82,108,350,2549,5267,461,1350,1829,8310,8614,380,730,44,125,272,1164,821,1635,144,458,868,2942,2562,2536,1158,225,446,,18.0,924,310,505,3.0,1281,386,1667,244,142,765,208,308,3720,200,869,53.0,964,1762,204,2930,1122,4052,165,550,359,191,712,152,419,621,79,293,76,1333,117,444,803,1696,3.0,146,104,2400,173,58.0,966,11,278,313,11,9.0,177,2.0,20.0,116,324,174,27.0,4.0,16.0,14.0,7146,2896,2648,147,0.5025500196155355,0.5507308684436801,0.8373101952277657,0.3414814814814815,0.352,0.314410480349345,0.3460960960960961,0.4839567116005316,0.5205479452054794,0.5021406727828747,0.4897234396252078,0.5216374269005848,0.4954610606784519,0.5368926994024422,0.5714990138067061,0.559487375669472,0.2040199486171981,0.0022222222222222,0.095880007594456,0.1322033898305084,0.123422159887798,0.0114787305874409,0.0049019607843137,0.0010615711252653,0.5341335333833458,0.8395061728395061,0.1886120996441281,0.706495589414595,0.324374766703994,0.7513639906469213,0.2403846153846154,0.7217368281705057,0.3044716604955853,0.4102285092491839,0.3170189098998888,0.2404181184668989,0.2352941176470588,0.2519685039370078,0.6140602582496413,0.6989498249708285,0.7819148936170213,0.7455310199789695,0.7680722891566265,0.0547808764940239,95.20825988416016,0.5370370370370371,15.174847405900303,15.074787679046771,14.520727365208543,14.312587146659906,0.3566570953604352,0.6072033898305085,0.69970703125,0.5338450802512212,0.215505516094907,0.3632538569424965,0.4144,0.4015444015444015,0.2238174399274595,0.4037812288993923,0.4084699453551912,0.5150501672240803,0.0616593622487532,0.3700980392156863,0.3719211822660098,0.9403973509933776,0.1423605863684449,0.3290870488322717,0.3294367693942614,0.7870967741935484,0.5684210526315789,0.5946502057613169,0.1453287197231834,0.0502923976608187,0.3488372093023256,0.8,0.095906432748538,0.3536585365853658,0.7586206896551724,0.3592928810320114,0.6329787234042553,0.0516005733397037,0.3333333333333333,0.1672240802675585,0.3085714285714285,0.5606770439776334,0.3354978354978355,0.4978547019566206,0.508417349726776,0.4920250965250965,0.1316711590296496,0.1594059405940594,0.0080882352941176,0.1400722021660649,0.3540312876052948,7.965141446743877,25.162814814814816,0.340412004069176,1.0,1952.0,79.0,2014,2015,22.0,127.0,224.0,55.0,68.0,61.0,57.0,,
1610612758,1610612758,SAC,SAC,1610612758,SAC,237660.0,82,-203.0,8233,8233,2386,2148,907,16466,1556,2480,263,465,430,677,556,1466,511,1298,182,434,19,35,47,118,478,1405,41,113,138,444,2623,5244,660,1839,1514,8740,8943,356,706,60,148,176,1068,701,1386,185,562,642,2599,2886,2360,1698,282,410,,18.0,1387,478,427,10.0,1443,566,2009,398,168,900,261,282,4584,250,768,44.0,1092,1649,194,2935,1062,3997,165,733,475,258,722,177,465,604,99,257,72,1326,104,346,788,1676,3.0,92,88,2089,176,58.0,810,26,265,362,6,4.0,204,2.0,12.0,146,368,214,28.0,2.0,12.0,17.0,7672,2574,2365,164,0.5501334349980938,0.5967741935483871,0.8575757575757575,0.3588907014681892,0.4054054054054054,0.3291814946619217,0.3624382207578254,0.5001906941266209,0.5042492917847026,0.5057720057720058,0.5100945926867146,0.522248243559719,0.5023100616016427,0.5435625,0.5536458333333333,0.548728813559322,0.2596357475645913,0.0054377379010331,0.0814263920671243,0.1024193548387096,0.1098226466575716,0.0092449922958397,0.0069124423963133,0.0049822064056939,0.5444947209653092,0.8546255506607929,0.16,0.6902469652574299,0.2959537572254335,0.7816750178954903,0.2230151650312221,0.7239830956154253,0.2739504843918192,0.3648208469055374,0.3207964601769911,0.1844155844155844,0.2269099201824401,0.2090163934426229,0.5966386554621849,0.6732788798133023,0.7897310513447433,0.7763157894736842,0.7946210268948656,0.0502589095339628,99.76874526634688,0.5815217391304348,14.090610955909144,14.776144783189602,13.486214016761812,14.115753674237824,0.3501341239587745,0.6274193548387097,0.6990116801437556,0.5784061696658098,0.2069744458562755,0.3792633015006821,0.4260536398467432,0.4694244604316547,0.1832556826203586,0.3936825885978428,0.3973561430793157,0.5518590998043053,0.0612734716927855,0.4193548387096774,0.4222737819025522,0.9230769230769232,0.1983622758718057,0.3402135231316726,0.3419170243204578,0.8326359832635983,0.544496487119438,0.5655913978494623,0.1787072243346007,0.040983606557377,0.5428571428571428,0.9473684210526316,0.1323185011709602,0.3628318584070796,0.8292682926829268,0.3475359342915811,0.6351550960118169,0.0605749486652977,0.3983050847457627,0.2279260780287474,0.3108108108108108,0.6097698715233658,0.3446286950252343,0.5034475779036827,0.5137474415204678,0.4968639378238342,0.1080801551389786,0.1378019734603606,0.0140010770059235,0.1221967963386727,0.2973684210526315,7.498512585812357,25.259053833605225,0.2898093040204056,8.0,1797.0,86.0,2015,2016,26.0,109.0,209.0,70.0,47.0,61.0,61.0,,
1610612758,1610612758,SAC,SAC,1610612758,SAC,238560.0,82,-318.0,7816,7825,1985,2041,788,15641,1297,2108,218,395,328,518,536,1349,535,1317,198,479,24,49,42,112,539,1481,31,108,131,420,2368,4774,737,1960,1483,8430,8748,297,576,55,157,147,906,561,1072,173,532,590,2231,2396,2340,1938,273,326,1.0,22.0,1458,538,403,17.0,1198,646,1844,453,193,726,245,227,4334,236,631,26.0,1161,1461,192,2814,893,3707,125,627,396,231,694,146,456,507,86,238,54,1201,80,275,823,1667,3.0,103,89,1913,184,79.0,773,29,204,315,9,8.0,193,1.0,9.0,113,324,183,12.0,3.0,4.0,9.0,7524,2215,1972,190,0.5059121621621622,0.5433106575963719,0.8765264586160109,0.3760204081632653,0.3503184713375796,0.325187969924812,0.3797729618163055,0.4960201089233347,0.515625,0.523320895522388,0.5158152658152658,0.5177353342428377,0.5115336658354115,0.5541937193586856,0.5515337423312884,0.5672290388548057,0.2910602910602911,0.0086734693877551,0.0844155844155844,0.1195445920303605,0.0941438102297998,0.0182232346241457,0.0062630480167014,0.0094530722484807,0.5778517901748543,0.8648648648648649,0.1226415094339622,0.7047756874095513,0.2654606647034077,0.7693836978131213,0.2045060658578856,0.7319932998324958,0.2455395072217502,0.3399503722084367,0.2583850931677018,0.1945169712793733,0.2063854047890536,0.1985559566787003,0.6325925925925926,0.6841359773371105,0.796242774566474,0.781786941580756,0.7275362318840579,0.0400898011545862,94.41247484909456,0.5648148148148148,15.659544524053224,14.845367412140575,15.044907881269191,14.15143769968051,0.313038313038313,0.6152751423149905,0.6988146551724138,0.5597532767925983,0.2003267003267003,0.3973313565604151,0.4386252045826514,0.457089552238806,0.1955746955746955,0.4062262718299165,0.4137664346481052,0.4242990654205607,0.0711315711315711,0.4133611691022965,0.4159663865546218,0.9747474747474748,0.2199287199287199,0.3639432815665091,0.3674164962508521,0.8404452690166976,0.538881309686221,0.5518987341772152,0.1834862385321101,0.0668485675306957,0.4897959183673469,1.0,0.1473396998635743,0.287037037037037,0.935483870967742,0.3229426433915212,0.6332046332046332,0.0698254364089775,0.375,0.2618453865336658,0.3119047619047619,0.604098604098604,0.3689986282578875,0.4941369195162013,0.5211110139860139,0.4901192088607594,0.1092196649870625,0.1441357449188886,0.0146464646464646,0.1074733096085409,0.264650059311981,8.101382488479263,25.26494897959184,0.2539662231320369,9.0,1642.0,84.0,2016,2017,14.0,95.0,172.0,54.0,41.0,44.0,73.0,,
1610612758,1610612758,SAC,SAC,1610612758,SAC,237060.0,82,-573.0,7757,7766,1529,2053,847,15523,1216,1961,239,407,236,372,661,1711,564,1424,177,429,13,39,30,80,561,1538,51,119,122,352,2441,5096,738,1967,1008,8104,8677,331,666,64,158,88,942,438,909,152,432,337,1669,2330,2552,1809,405,382,1.0,30.0,1507,560,372,17.0,1165,603,1768,438,165,643,261,261,4139,207,740,21.0,1227,1358,175,2760,968,3728,131,643,412,231,635,118,405,488,81,230,68,1123,82,182,780,1639,2.0,75,78,1371,162,39.0,593,20,133,324,16,15.0,194,1.0,16.0,114,340,176,23.0,5.0,7.0,10.0,7162,1659,1523,152,0.4772634166325276,0.5177777777777778,0.8170731707317073,0.3751906456532791,0.4050632911392405,0.3518518518518518,0.3804852865255549,0.4790031397174254,0.496996996996997,0.4818481848184818,0.5023361177969701,0.5182038834951457,0.4966442953020134,0.5281413612565445,0.5358361774744027,0.53751617076326,0.2784935579781962,0.0086426029486527,0.0729984301412872,0.1040285568587455,0.0859146697837521,0.0147471910112359,0.0069930069930069,0.0091027308192457,0.5654496883348175,0.8974358974358975,0.1135135135135135,0.702534919813761,0.2817974105102818,0.7921239509360878,0.1798436142484795,0.7423894313612867,0.2507280910775748,0.3741588156123822,0.300288739172281,0.1777251184834123,0.1758849557522123,0.194331983805668,0.6263888888888889,0.6847507331378299,0.8286252354048964,0.7990196078431373,0.7661538461538462,0.0386316720731347,94.29309035687167,0.5176470588235295,15.62756220188217,14.915915529229975,14.95823127497744,14.317537986093226,0.2776440605974798,0.6200917899031106,0.6920887877063175,0.5287828947368421,0.2422483364009627,0.3863237872589129,0.4226342710997442,0.394856278366112,0.2016140450233611,0.3960674157303371,0.4019957234497505,0.4627659574468085,0.0607390627212232,0.4125874125874126,0.4154929577464789,0.9322033898305084,0.2177544952569729,0.3647594278283485,0.3681102362204724,0.7807486631016043,0.4939320388349514,0.5872235872235873,0.1380753138075313,0.0473300970873786,0.3333333333333333,0.8461538461538461,0.1444174757281553,0.4285714285714285,0.9019607843137256,0.2774049217002237,0.6344086021505376,0.0596569724086502,0.375,0.2624906785980611,0.3465909090909091,0.556137618575676,0.371599203715992,0.4886865086145521,0.5384557580174927,0.4812384908536585,0.0816571200213134,0.1072914781979374,0.0101010101010101,0.116238894373149,0.2059476801579467,8.623037676609105,25.62938485002542,0.1971122856774526,7.0,1420.0,83.0,2017,2018,34.0,90.0,118.0,31.0,38.0,33.0,21.0,,
1610612758,1610612758,SAC,SAC,1610612758,SAC,236760.0,82,-92.0,8448,8443,2389,2440,947,16891,1547,2453,293,492,420,669,645,1663,422,1066,206,521,34,74,34,109,721,1934,53,140,202,550,2614,5182,927,2455,1354,9363,9455,371,701,87,214,124,1127,681,1356,236,659,592,2662,2650,2578,2274,507,466,,18.0,1916,721,406,14.0,1325,758,2083,570,188,859,274,192,4924,290,775,16.0,1399,1404,193,2996,1081,4077,152,679,449,230,618,120,392,474,66,226,75,1092,93,299,847,1751,1.0,94,81,1865,182,44.0,761,30,205,347,16,11.0,194,5.0,16.0,137,363,210,25.0,7.0,8.0,13.0,8236,2641,2376,184,0.5068859984697781,0.5564888702225955,0.8176914778856527,0.3775967413441955,0.4065420560747663,0.3581183611532625,0.3803857201477226,0.5044384407564647,0.5292439372325249,0.5022123893805309,0.5243551132643708,0.5480874316939891,0.5136476426799007,0.5521610420367081,0.5687563195146613,0.5546711353162966,0.3214613067958622,0.0057026476578411,0.0783481281358548,0.0994700366897676,0.0883944678292242,0.0140712945590994,0.0057581573896353,0.0056876938986556,0.5659340659340659,0.8283261802575107,0.0620155038759689,0.6717703349282297,0.3053585500394011,0.7815642458100559,0.1967435549525101,0.7224226804123711,0.2654536390827517,0.3752783964365256,0.2889771598808341,0.2322274881516587,0.1989664082687338,0.1884984025559105,0.6396713615023474,0.6530612244897959,0.76431718061674,0.7921225382932167,0.747016706443914,0.0422927100723427,102.73289406994424,0.5785123966942148,13.499171401515152,14.53499940779344,12.981770833333334,13.932488451972048,0.3211994238575357,0.6306563391765185,0.7003168854685378,0.5552682611506141,0.2177556632185413,0.3878532772098617,0.4254617414248021,0.4248062015503876,0.1395836061280607,0.3958724202626641,0.4015223596574691,0.4549763033175355,0.0682205054340709,0.3953934740882917,0.3976833976833976,0.912621359223301,0.2532408013617913,0.3728024819027921,0.374934997399896,0.7905686546463245,0.5377049180327869,0.5955284552845529,0.1467576791808873,0.0808743169398907,0.4594594594594595,0.7941176470588235,0.1530054644808743,0.3785714285714285,0.9622641509433962,0.3320099255583126,0.6278026905829597,0.0540942928039702,0.3119266055045872,0.2729528535980149,0.3672727272727272,0.6426607306533979,0.3763048016701461,0.5079042750197005,0.5262483641536273,0.5024080661322645,0.0959951456310679,0.1320951223745877,0.0121016538926986,0.120367403609954,0.2843105842144612,7.1961211887302206,25.439348268839105,0.2827888257575757,6.0,1751.0,163.0,2018,2019,17.0,96.0,172.0,,43.0,20.0,,,
1610612758,1610612758,SAC,SAC,1610612758,SAC,209460.0,72,-147.0,7183,7168,1623,2112,732,14351,1226,1903,218,350,268,423,523,1296,280,654,225,573,26,67,45,120,689,1938,59,151,139,442,2029,3853,914,2511,1127,7927,8074,267,480,85,218,123,912,409,803,184,562,413,1783,1912,2146,2271,471,362,1.0,10.0,1927,688,281,23.0,956,757,1713,545,212,635,200,121,4183,293,535,15.0,1229,1142,161,2532,843,3375,130,556,344,212,557,112,329,486,59,228,68,1043,71,217,718,1595,,97,109,1464,140,36.0,616,30,129,271,22,11.0,158,11.0,7.0,106,293,169,19.0,3.0,4.0,10.0,7015,1744,1597,171,0.4711680630852636,0.5173160173160173,0.8282275711159738,0.3639984070091597,0.3899082568807339,0.3274021352313167,0.3650539784086365,0.5266026472878277,0.55625,0.5093399750933998,0.5342551854179761,0.5651862464183381,0.5018315018315018,0.5645553331426937,0.5900259067357513,0.5522063393412057,0.3945631678189817,0.0091596973317403,0.0729301842719958,0.0882816605359958,0.0779320987654321,0.018348623853211,0.0157068062827225,0.0072239422084623,0.5340364333652924,0.8846153846153846,0.093167701863354,0.707997520148791,0.2998878923766816,0.7883258499037845,0.1881824020552344,0.7474779319041615,0.2478299910206525,0.3802395209580838,0.2889182058047493,0.1731843575418994,0.1815181518151815,0.2115942028985507,0.678513731825525,0.6944024205748865,0.7897897897897898,0.7953020134228188,0.7656675749318801,0.0427490956922065,98.66055571469494,0.5767918088737202,14.473200612557427,14.718052455357142,13.994013643324516,14.202985491071429,0.2990257699560025,0.6442459274829218,0.7066282420749279,0.5179445350734094,0.2036455059710873,0.4035493827160494,0.4376569037656904,0.3824091778202677,0.1027655562539283,0.4281345565749235,0.4361370716510903,0.4321428571428571,0.0900377121307353,0.3926701570680628,0.3989361702127659,0.9422222222222222,0.3045254556882464,0.3555211558307533,0.3581081081081081,0.7910014513788098,0.501432664756447,0.6228571428571429,0.1330275229357798,0.0959885386819484,0.3880597014925373,0.9615384615384616,0.2163323782234957,0.390728476821192,0.7966101694915254,0.3098901098901099,0.6335697399527187,0.0879120879120879,0.375,0.3238095238095238,0.3144796380090497,0.6935889377749843,0.3570316554229372,0.5114064912557114,0.5313989919354838,0.4994413220088626,0.0939685314685314,0.1422961422961423,0.0114398422090729,0.1150498296959757,0.2249274631007947,6.8130028549182455,25.43405017921147,0.2259501601002366,5.0,1404.0,142.0,2019,2020,21.0,84.0,95.0,,35.0,27.0,,,
1610612758,1610612758,SAC,SAC,1610612758,SAC,207660.0,72,-265.0,7189,7180,1684,1746,719,14369,1260,1872,218,340,304,421,711,1575,222,535,232,546,20,47,48,112,642,1854,56,139,135,436,2193,3982,874,2400,1181,8189,8454,267,479,76,186,119,881,499,898,183,548,390,1937,2264,2122,2112,510,332,,15.0,1839,642,319,17.0,1132,704,1836,477,227,677,355,100,4376,268,540,9.0,1096,1220,153,2469,817,3286,133,543,362,181,545,101,342,418,60,203,60,963,79,212,707,1400,2.0,65,87,1585,171,37.0,720,17,118,343,15,12.0,195,3.0,6.0,142,358,218,27.0,6.0,5.0,9.0,7308,1899,1658,123,0.5161878704970361,0.5584607794770597,0.8054919908466819,0.3641666666666667,0.4086021505376344,0.333941605839416,0.3664570230607966,0.5507282772476143,0.55741127348643,0.5556792873051225,0.5490441867753055,0.5729323308270676,0.534923928077455,0.5775276125743416,0.5920698924731183,0.571513353115727,0.3760576621748668,0.0070833333333333,0.080110497237569,0.0918803418803418,0.0857142857142857,0.022429906542056,0.0073260073260073,0.0070118662351672,0.5659397715472482,0.9161676646706588,0.0466321243523316,0.6718061674008811,0.3057757644394111,0.7745583038869258,0.1815718157181571,0.7168059424326834,0.2492288710672424,0.3832236842105263,0.2919109026963657,0.1901639344262295,0.18337617823479,0.174757281553398,0.6233183856502242,0.6609271523178808,0.7755102040816326,0.7782805429864253,0.7612903225806451,0.0455791638108293,99.64056631031494,0.6089385474860335,14.2489915148143,14.655153203342618,13.780358881624704,14.112952646239554,0.2933249764963961,0.6730769230769231,0.7411764705882353,0.5373015873015873,0.2467878408022563,0.4514285714285714,0.49375,0.4992967651195499,0.0838295205264807,0.4149532710280373,0.4244741873804971,0.4504504504504504,0.0855531181447822,0.4249084249084249,0.4280442804428044,0.978448275862069,0.2905045440300846,0.3462783171521035,0.3487235198261814,0.7429906542056075,0.5112781954887218,0.6411764705882353,0.1788990825688073,0.0706766917293233,0.425531914893617,0.95,0.2090225563909774,0.4028776978417266,0.8571428571428571,0.2911479944674965,0.7220902612826603,0.0774550484094052,0.4285714285714285,0.301521438450899,0.3096330275229357,0.6693826386712629,0.3491027732463295,0.5200065241314259,0.5942239316239316,0.5050711336599021,0.1058772687986171,0.158905318914147,0.0062214848610535,0.107583343509586,0.2365368176822566,6.51049723756906,25.48058333333333,0.2342467658923355,4.0,1347.0,71.0,2020,2021,22.0,61.0,79.0,,28.0,31.0,,,
1610612758,1610612758,SAC,SAC,1610612758,SAC,237660.0,82,-448.0,8172,8173,2141,1848,884,16345,1377,2094,258,414,335,535,693,1668,314,739,239,624,25,59,55,149,698,2098,70,179,156,529,2384,4501,937,2722,1466,9045,9493,323,576,95,238,151,1082,576,1114,211,678,571,2356,2374,2394,2268,543,380,1.0,14.0,2083,697,376,19.0,1187,756,1943,526,230,762,327,98,4642,352,612,25.0,1327,1395,168,2890,989,3879,101,588,382,206,668,122,411,488,72,257,49,1156,99,288,754,1552,,97,106,1908,236,58.0,844,16,172,340,29,22.0,196,7.0,9.0,135,369,206,28.0,5.0,8.0,9.0,7963,2309,2112,110,0.4979026845637584,0.54102096627165,0.8068303094983992,0.3442321822189566,0.3991596638655462,0.3112094395280236,0.345642540620384,0.5296600755387691,0.5607638888888888,0.5170556552962298,0.5246434999307766,0.5718673218673219,0.498046875,0.5612448546837969,0.6031390134529148,0.5500940733772343,0.3768517236605289,0.0069801616458486,0.0835369917796045,0.0969436485195797,0.0989208633093525,0.0108254397834912,0.0080128205128205,0.0066730219256434,0.5778546712802768,0.9281767955801103,0.1141552511415525,0.6821515892420538,0.2925430210325048,0.7706155632984901,0.2031159838430467,0.7225909211574197,0.2520261437908497,0.3656821378340366,0.2864529472595656,0.181159420289855,0.1998525073746312,0.2148541114058355,0.642570281124498,0.6749716874292185,0.7686746987951807,0.7796352583586627,0.7413793103448276,0.029360465116279,99.0355970714466,0.5582655826558266,14.250489476260402,14.82992781108528,13.712922173274595,14.252049431053468,0.2899072407586875,0.6575931232091691,0.7281861448968799,0.5533769063180828,0.230928976879413,0.4154676258992806,0.4610778443113772,0.4718614718614718,0.1023120587013706,0.4248985115020298,0.4295485636114911,0.3121019108280254,0.0863906963865429,0.3830128205128205,0.3861066235864297,0.9623430962343096,0.2904610272739859,0.332697807435653,0.3349328214971209,0.7535816618911175,0.5085995085995086,0.6231884057971014,0.1937984496124031,0.0724815724815724,0.423728813559322,0.92,0.2199017199017199,0.3910614525139664,0.8857142857142857,0.2985491071428571,0.6261682242990654,0.0831473214285714,0.3691275167785235,0.2952008928571428,0.2948960302457467,0.6667589644192163,0.3346135381661065,0.5165526786953504,0.5374865811965812,0.5037903543307086,0.1095104538500764,0.1651986690154629,0.0054844606946983,0.1196241017136539,0.2604754007739082,6.81621861808487,25.479867744305658,0.2619921683798336,2.0,1665.0,125.0,2021,2022,27.0,87.0,125.0,,42.0,27.0,,,
1610612758,1610612758,SAC,SAC,1610612758,SAC,237960.0,82,217.0,8263,8256,2071,1998,843,16519,1506,2159,248,385,325,483,708,1485,231,528,291,732,22,60,59,164,837,2328,76,197,212,585,2445,4172,1128,3060,1624,9898,9681,316,533,98,257,171,1097,555,997,271,749,567,2490,2470,2420,3006,378,350,,12.0,2316,837,323,18.0,1235,1002,2237,720,282,851,285,99,5476,432,509,22.0,1292,1382,181,2855,963,3818,130,574,383,191,598,143,385,507,59,213,89,1105,79,245,856,1616,3.0,119,107,2055,217,56.0,911,10,182,251,24,15.0,133,9.0,8.0,110,275,173,12.0,,5.0,16.0,8801,2459,2054,135,0.5051124744376279,0.5440528634361234,0.8882978723404256,0.3686274509803922,0.3813229571984435,0.3618157543391188,0.3700787401574803,0.5860498561840843,0.5928705440900562,0.5566700100300903,0.5720409292035398,0.5860759493670886,0.5506872852233677,0.6071692535107169,0.6228668941979523,0.6001451378809869,0.4231194690265487,0.0058823529411764,0.0774209012464046,0.0880037054191755,0.0861952861952862,0.0094696969696969,0.0095628415300546,0.0047250859106529,0.5411764705882353,0.8701923076923077,0.1013824884792626,0.7025927808845959,0.2987089201877934,0.7825560266505148,0.2286924298570672,0.7390823659480376,0.2618981352630114,0.3333333333333333,0.2963446475195822,0.2275862068965517,0.2188575361321404,0.2614678899082568,0.6553254437869822,0.7139664804469273,0.7575757575757576,0.7922185430463576,0.7562076749435666,0.0399385560675883,99.96369137670196,0.6290909090909091,13.764129250877405,15.046875,13.256565412077938,14.534520348837209,0.2985342920353982,0.6975451597962019,0.7648552564753682,0.5650730411686588,0.2053373893805309,0.4767676767676768,0.5217391304347826,0.4025423728813559,0.0730088495575221,0.4375,0.4416826003824092,0.4285714285714285,0.101216814159292,0.3975409836065574,0.4013793103448276,0.9690721649484536,0.3219026548672566,0.3595360824742268,0.3612429866206301,0.8602150537634409,0.4873417721518987,0.6441558441558441,0.2096774193548387,0.0759493670886076,0.3666666666666666,0.9090909090909092,0.2493670886075949,0.3857868020304568,0.8421052631578947,0.2766323024054983,0.6728778467908902,0.0939289805269186,0.3597560975609756,0.3350515463917525,0.3623931623931624,0.7216537610619469,0.3613989637305699,0.5288469797727903,0.5385144135188866,0.5093536930178881,0.1159420289855072,0.1872174270448006,0.002932551319648,0.1108304708021822,0.251565972923823,6.079434324065197,25.418692810457514,0.2506353624591553,,1709.0,141.0,2022,2023,21.0,96.0,155.0,,31.0,56.0,,2.0,7.0
1610612758,1610612758,SAC,SAC,1610612758,SAC,238260.0,82,143.0,8158,8131,1728,2089,943,16289,1313,1909,236,369,242,369,836,1759,226,568,315,817,42,82,46,162,863,2402,85,228,149,475,2375,4236,1178,3219,1274,9558,9415,338,600,127,310,140,1197,461,869,195,637,420,1927,2578,2172,3105,429,372,,9.0,2393,863,346,24.0,1289,1035,2324,727,308,778,396,115,5683,480,580,26.0,1300,1425,162,2887,1086,3973,142,625,376,249,606,135,359,472,69,247,62,1078,97,222,835,1632,2.0,82,97,1710,183,51.0,758,17,137,320,22,15.0,133,7.0,14.0,173,342,206,15.0,2.0,8.0,18.0,8361,1900,1708,158,0.5427368421052632,0.5888533576975788,0.8786078098471987,0.3659521590556073,0.4096774193548387,0.3061224489795918,0.3669781931464174,0.5606704438149197,0.5633333333333334,0.5304948216340621,0.5556002682763246,0.5807692307692308,0.500332005312085,0.5814593009044243,0.602112676056338,0.5455840455840456,0.4317907444668008,0.0074557315936626,0.0816808309726156,0.0948140387637506,0.0881182490051165,0.0176056338028169,0.0024479804161566,0.0091590341382181,0.562152133580705,0.905027932960894,0.111587982832618,0.7211538461538461,0.3178082191780822,0.7883565797453002,0.2421796165489404,0.7517241379310344,0.2784344628316259,0.3593220338983051,0.3234649122807017,0.2260061919504644,0.2409395973154362,0.2459349593495935,0.6844660194174758,0.7081673306772909,0.8220338983050848,0.7751873438800999,0.8236607142857143,0.0412071967498549,98.44774615965753,0.6023391812865497,14.194042657514096,15.061493051285204,13.551850943858788,14.544213503874062,0.2560697518443997,0.6877946568884232,0.7598379629629629,0.5925361766945926,0.2359490274983232,0.4752700397953383,0.5211970074812967,0.4736842105263157,0.0761904761904762,0.397887323943662,0.4050179211469534,0.5088495575221239,0.1095908786049631,0.3855569155446756,0.3865030674846625,0.9777777777777776,0.3221998658618377,0.3592839300582847,0.3626050420168067,0.8424101969872537,0.4054945054945055,0.6395663956639567,0.2161016949152542,0.0901098901098901,0.5121951219512195,0.9523809523809524,0.2505494505494505,0.3728070175438596,0.8470588235294118,0.2450199203187251,0.6558265582655827,0.1075697211155378,0.2839506172839506,0.3154050464807437,0.3136842105263158,0.6878604963112005,0.3606351859590472,0.5301515517936316,0.5334320671378092,0.5088126920507682,0.0962207856787667,0.1575556017459987,0.0049489638107021,0.1252354048964218,0.2016112157355095,6.523607176581681,25.61550170860516,0.21181662172101,2.0,1504.0,98.0,2023,2024,13.0,98.0,107.0,,22.0,33.0,,6.0,5.0
1610612758,1610612758,SAC,SAC,1610612758,SAC,172020.0,59,-87.0,5902,5906,1406,1351,648,11808,801,1197,163,255,183,281,645,1398,146,374,239,613,14,49,38,125,618,1666,61,152,137,382,1592,2969,857,2279,1050,6805,6892,225,403,75,201,116,791,360,677,175,507,340,1585,1716,1468,2175,396,258,2.0,16.0,1648,616,252,24.0,858,725,1583,493,232,456,336,66,3891,310,415,16.0,986,976,104,2066,741,2807,102,476,271,205,467,107,275,378,43,192,38,845,71,201,610,1110,,67,72,1325,141,21.0,581,36,101,248,20,17.0,114,3.0,11.0,123,268,162,18.0,2.0,3.0,1.0,6014,1571,1398,74,0.5389447236180904,0.5864661654135338,0.8459743290548425,0.3760421237384818,0.373134328358209,0.34516765285996054,0.377817057003977,0.5362074772650725,0.5583126550868487,0.5317577548005908,0.5483041158536586,0.5587748344370861,0.5257601351351351,0.5839642119752236,0.5896860986547086,0.5698847262247838,0.4342606707317073,0.010530934620447565,0.08487706298416975,0.0810359231411863,0.10228898426323318,0.03208556149732621,0.009787928221859706,0.010804321728691477,0.5526627218934911,0.859504132231405,0.11188811188811189,0.6912181303116147,0.30380673499267935,0.7413533834586467,0.22578295702840495,0.7155361050328227,0.2646951442132165,0.3638676844783715,0.2923898531375167,0.23660714285714285,0.2313060817547358,0.21081081081081082,0.6166219839142091,0.6927710843373494,0.7626666666666667,0.7532082922013821,0.7034700315457413,0.041329011345218804,98.8461806766655,0.6044776119402985,15.00218569976279,14.134287165594312,14.41484242629617,13.450592617676941,0.22808689024390244,0.6691729323308271,0.7281818181818182,0.5692883895131086,0.2663871951219512,0.4613733905579399,0.5139442231075697,0.5209302325581395,0.07126524390243902,0.39037433155080214,0.40331491712707185,0.4520547945205479,0.11680640243902439,0.3898858075040783,0.39373970345963755,0.9707112970711297,0.3174542682926829,0.3709483793517407,0.375,0.7977346278317152,0.42218543046357615,0.6392156862745098,0.15337423312883436,0.08112582781456953,0.2857142857142857,0.9285714285714286,0.25165562913907286,0.40131578947368424,0.8524590163934426,0.23733108108108109,0.6512455516014235,0.10557432432432433,0.304,0.32263513513513514,0.3586387434554974,0.6623475609756098,0.3737864077669903,0.528419102735795,0.5426631979695432,0.5144565124250214,0.10803712134477325,0.1704312114989733,0.015638575152041704,0.11623806024981631,0.23291697281410728,6.606736274840014,25.803203159280386,0.23822433073534396,13.0,1123.0,65.0,2024,2025,26.0,71.0,86.0,,27.0,16.0,,4.0,3.0
