index,EntityId,TeamId,Name,ShortName,RowId,TeamAbbreviation,SecondsPlayed,GamesPlayed,PlusMinus,OffPoss,DefPoss,PenaltyOffPoss,PenaltyDefPoss,SecondChanceOffPoss,TotalPoss,AtRimFGM,AtRimFGA,SecondChanceAtRimFGM,SecondChanceAtRimFGA,PenaltyAtRimFGM,PenaltyAtRimFGA,ShortMidRangeFGM,ShortMidRangeFGA,LongMidRangeFGM,LongMidRangeFGA,Corner3FGM,Corner3FGA,SecondChanceCorner3FGM,SecondChanceCorner3FGA,PenaltyCorner3FGM,PenaltyCorner3FGA,Arc3FGM,Arc3FGA,SecondChanceArc3FGM,SecondChanceArc3FGA,PenaltyArc3FGM,PenaltyArc3FGA,FG2M,FG2A,FG3M,FG3A,FtPoints,Points,OpponentPoints,SecondChanceFG2M,SecondChanceFG2A,SecondChanceFG3M,SecondChanceFG3A,SecondChanceFtPoints,SecondChancePoints,PenaltyFG2M,PenaltyFG2A,PenaltyFG3M,PenaltyFG3A,PenaltyFtPoints,PenaltyPoints,PtsAssisted2s,PtsUnassisted2s,PtsAssisted3s,PtsUnassisted3s,PtsPutbacks,HeaveAttempts,NonHeaveArc3FGA,NonHeaveArc3FGM,Fg2aBlocked,Fg3aBlocked,TwoPtAssists,ThreePtAssists,Assists,Arc3Assists,Corner3Assists,AtRimAssists,ShortMidRangeAssists,LongMidRangeAssists,AssistPoints,OffThreePtRebounds,OffTwoPtRebounds,FTOffRebounds,DefThreePtRebounds,DefTwoPtRebounds,FTDefRebounds,DefRebounds,OffRebounds,Rebounds,SelfOReb,Steals,BadPassSteals,LostBallSteals,LiveBallTurnovers,BadPassOutOfBoundsTurnovers,BadPassTurnovers,DeadBallTurnovers,LostBallOutOfBoundsTurnovers,LostBallTurnovers,StepOutOfBoundsTurnovers,Travels,Turnovers,SecondChanceTurnovers,PenaltyTurnovers,ShootingFouls,Fouls,Clear Path Fouls,Loose Ball Fouls,Offensive Fouls,FoulsDrawn,Loose Ball Fouls Drawn,Offensive Fouls Drawn,FTA,2pt And 1 Free Throw Trips,3pt And 1 Free Throw Trips,Technical Free Throw Trips,TwoPtShootingFoulsDrawn,ThreePtShootingFoulsDrawn,NonShootingFoulsDrawn,Blocked2s,Blocked3s,BlockedArc3,BlockedAtRim,BlockedCorner3,BlockedLongMidRange,BlockedShortMidRange,Blocks,RecoveredBlocks,DefensiveGoaltends,OffensiveGoaltends,3SecondViolations,Defensive 3 Seconds Violations,FirstChancePoints,PenaltyPointsExcludingTakeFouls,PenaltyOffPossExcludingTakeFouls,NonShootingPenaltyNonTakeFouls,NonShootingPenaltyNonTakeFoulsDrawn,Assisted2sPct,NonPutbacksAssisted2sPct,Assisted3sPct,Fg3Pct,SecondChanceFg3Pct,PenaltyFg3Pct,NonHeaveFg3Pct,Fg2Pct,SecondChanceFg2Pct,PenaltyFg2Pct,EfgPct,SecondChanceEfgPct,PenaltyEfgPct,TsPct,SecondChanceTsPct,PenaltyTsPct,FG3APct,FG3APctBlocked,FG2APctBlocked,AtRimPctBlocked,ShortMidRangePctBlocked,LongMidRangePctBlocked,Corner3PctBlocked,Arc3PctBlocked,LiveBallTurnoverPct,DefFTReboundPct,OffFTReboundPct,DefTwoPtReboundPct,OffTwoPtReboundPct,DefThreePtReboundPct,OffThreePtReboundPct,DefFGReboundPct,OffFGReboundPct,OffAtRimReboundPct,OffShortMidRangeReboundPct,OffLongMidRangeReboundPct,OffArc3ReboundPct,OffCorner3ReboundPct,DefAtRimReboundPct,DefShortMidRangeReboundPct,DefLongMidRangeReboundPct,DefArc3ReboundPct,DefCorner3ReboundPct,SelfORebPct,Pace,BlocksRecoveredPct,SecondsPerPossOff,SecondsPerPossDef,SecondsExcludingORebsPerPossOff,SecondsExcludingORebsPerPossDef,AtRimFrequency,AtRimAccuracy,UnblockedAtRimAccuracy,AtRimPctAssisted,ShortMidRangeFrequency,ShortMidRangeAccuracy,UnblockedShortMidRangeAccuracy,ShortMidRangePctAssisted,LongMidRangeFrequency,LongMidRangeAccuracy,UnblockedLongMidRangeAccuracy,LongMidRangePctAssisted,Corner3Frequency,Corner3Accuracy,UnblockedCorner3Accuracy,Corner3PctAssisted,Arc3Frequency,Arc3Accuracy,UnblockedArc3Accuracy,Arc3PctAssisted,SecondChanceAtRimFrequency,SecondChanceAtRimAccuracy,SecondChanceAtRimPctAssisted,SecondChanceCorner3Frequency,SecondChanceCorner3Accuracy,SecondChanceCorner3PctAssisted,SecondChanceArc3Frequency,SecondChanceArc3Accuracy,SecondChanceArc3PctAssisted,PenaltyAtRimFrequency,PenaltyAtRimAccuracy,PenaltyCorner3Frequency,PenaltyCorner3Accuracy,PenaltyArc3Frequency,PenaltyArc3Accuracy,AtRimFG3AFrequency,NonHeaveArc3Accuracy,ShotQualityAvg,SecondChanceShotQualityAvg,PenaltyShotQualityAvg,ShootingFoulsDrawnPct,TwoPtShootingFoulsDrawnPct,ThreePtShootingFoulsDrawnPct,SecondChancePointsPct,PenaltyPointsPct,Avg2ptShotDistance,Avg3ptShotDistance,PenaltyOffPossPct,HeaveMakes,season,year,FG2_miss,FG3_miss,fg_miss,Season,OREB,DREB,FTM,avg_ortg,avg_orb%,FGA,FGM,FG2_points,FG3_points,2shooting_factor,3shooting_factor,turnover_factor,oreb_factor,ft_factor,opp_ft_factor,opp_oreb_factor,opp_turnover_factor,opp_2shooting_factor,opp_3shooting_factor,OffMinutes,DefMinutes,OPace,DPace,o_rating,d_rating,3p_rate,TEAM_ID
0,1610612754,1610612754,IND,IND,1610612754,IND,236460.0,82,-247,7941,7943,2057,2575,818,15884,1220,2077,214,403,298,508,470,1158,671,1692,135,370,17,39,35,102,524,1526,40,118,126,424,2361,4927,659,1896,1564,8263,8510,292,603,57,157,165,920,558,1159,161,526,537,2136,2240,2482,1830,147,334,16,1510,524,402,12,1120,610,1730,480,130,616,147,357,4070,242,679,17,607,1935,251,2793,938,3731,118,585,303,282,654,130,413,578,73,241,19,105,1232,86,329,1000,1848,5.0,113,133,1708,98,185,2019,214,3.0,57,874,29,174,432,7,5.0,280,2.0,17,135,439,243,30,6,16,42,7343,2136,2057,219,160,0.4743752647183397,0.5104831358249772,0.9256449165402124,0.3475738396624472,0.3630573248407643,0.3060836501901141,0.350531914893617,0.4791962654759488,0.4842454394693201,0.4814495254529767,0.4909130880844203,0.4967105263157895,0.4744807121661721,0.5348171287257582,0.5325960419091967,0.5281094527363184,0.2778836289022424,0.0063291139240506,0.0815912319870103,0.130958112662494,0.0958549222797927,0.0112293144208037,0.0027027027027027,0.0072083879423328,0.5308441558441559,0.8807017543859649,0.0726495726495726,0.6830215319449346,0.2684855674179517,0.7286914765906363,0.2052586938083121,0.6933987997817785,0.2483818770226537,0.3584018801410106,0.275811209439528,0.187,0.2025316455696202,0.2164502164502164,0.5611353711790393,0.6543909348441926,0.791907514450867,0.7430894308943089,0.6880733944954128,0.0357250983953981,96.73077899010404,0.5535307517084282,14.42840952021156,15.344831927483318,13.809092053897494,14.60757900037769,0.3044115491719185,0.587385652383245,0.6759002770083102,0.5049180327868853,0.1697200644877619,0.4058721934369603,0.448901623686724,0.3127659574468085,0.2479847574380771,0.3965721040189125,0.4010759115361625,0.5320417287630402,0.0542283453026527,0.3648648648648648,0.3658536585365853,0.9629629629629628,0.2236552835995896,0.3433813892529488,0.3458745874587459,0.916030534351145,0.5302631578947369,0.5310173697270472,0.1682242990654205,0.0513157894736842,0.4358974358974359,0.9411764705882352,0.1552631578947368,0.3389830508474576,0.875,0.3014836795252225,0.5866141732283464,0.0605341246290801,0.3431372549019608,0.2516320474777448,0.2971698113207547,0.582295178074161,0.3470198675496688,0.5078614824083615,0.5322176271186441,0.4977909363745498,0.1202556931681981,0.1564345802756399,0.0150884495317377,0.1113397071281616,0.2585017548106015,8.766429876192408,25.552056962025315,0.2590353859715401,0.0,2009,2010,2566,1237,3803,2009-10,938,2793,1564,1.0777591681496217,0.2848084989402928,6823,3020,4722,1977,199.52703385578388,313.27191619141,-1327.799295160334,-199.07839556279407,723.0245210928501,799.6194912592899,35.2660266920241,-1322.4104993195858,190.69725179138868,290.4730677051316,1909.6,2031.4,99.80310012568077,93.84267007974795,104.05490492381313,107.13836082084855,27.788362890224242,1610612754
1,1610612764,1610612764,WAS,WAS,1610612764,WAS,237960.0,82,-392,7556,7545,1976,1920,958,15101,1203,2024,319,555,299,514,493,1286,880,2165,113,296,11,20,32,75,319,929,27,74,79,285,2576,5475,432,1225,1444,7892,8284,424,822,38,94,164,1126,589,1288,111,360,572,2083,2444,2708,1005,291,436,20,909,319,406,9,1222,335,1557,228,107,602,193,427,3449,189,916,28,641,1794,193,2628,1133,3761,123,493,297,196,569,123,337,650,90,232,27,119,1219,115,312,915,1752,5.0,64,167,1682,87,159,1895,181,0.0,58,812,11,182,417,4,3.0,229,1.0,24,164,421,235,31,6,24,30,6766,2083,1976,175,169,0.4743788819875776,0.5182357930449534,0.7754629629629629,0.3526530612244898,0.4042553191489361,0.3083333333333333,0.35850622406639,0.4705022831050228,0.5158150851581509,0.4572981366459627,0.4811940298507463,0.5251091703056768,0.4584344660194174,0.5214646464646465,0.5522167487684729,0.5198193677872553,0.1828358208955224,0.0073469387755102,0.0741552511415525,0.1195652173913043,0.1049766718506998,0.0133949191685912,0.0,0.0096878363832077,0.4667760459392945,0.8391304347826087,0.1212121212121212,0.6870930677901187,0.3211781206171108,0.7226606538895152,0.2599724896836313,0.6961120640365923,0.3087454596255937,0.4294478527607362,0.3286264441591784,0.246422893481717,0.2641165755919854,0.247191011235955,0.616643929058663,0.6658097686375322,0.7490909090909091,0.7269938650306749,0.7106382978723405,0.0387767969735182,91.38275340393344,0.5581947743467933,15.950635256749605,15.564877402253147,15.159211222869242,14.73094764744864,0.3020895522388059,0.5943675889328063,0.6750841750841751,0.5004156275976724,0.1919402985074627,0.3833592534992224,0.4283231972198089,0.3914807302231237,0.3231343283582089,0.4064665127020785,0.4119850187265917,0.4852272727272727,0.0441791044776119,0.3817567567567567,0.3817567567567567,0.9469026548672568,0.1386567164179104,0.3433799784714747,0.3467391304347826,0.7147335423197492,0.6058951965065502,0.5747747747747748,0.1473354231974921,0.0218340611353711,0.55,0.9090909090909092,0.0807860262008733,0.3648648648648648,0.925925925925926,0.3118932038834951,0.5817120622568094,0.045509708737864,0.4266666666666667,0.1729368932038835,0.2771929824561403,0.4849253731343284,0.3509350935093509,0.4877231807951988,0.5204868852459017,0.4792425925925926,0.1120947970580223,0.1329839502129053,0.0088996763754045,0.1426761277242777,0.2639381652306132,9.66288584474886,25.605061224489795,0.2615140285865537,0.0,2009,2010,2899,793,3692,2009-10,1133,2628,1444,1.0777591681496217,0.2848084989402928,6700,3008,5152,1296,141.13101501943538,219.16031094028062,-1313.788425974389,51.602698385159876,656.2227136327156,722.0589867057466,41.20695345000861,-1201.7014724868282,319.0898320465235,291.9288221966974,2008.716666666667,1957.2833333333333,90.27853604706155,92.5159872953158,104.44679724722076,109.79456593770709,18.28358208955224,1610612764
2,1610612765,1610612765,DET,DET,1610612765,DET,237360.0,82,-419,7288,7292,1907,2149,1018,14580,1251,2150,312,560,310,526,530,1309,785,1953,130,398,20,54,32,104,244,792,34,94,66,260,2566,5412,374,1190,1455,7709,8128,451,880,54,148,161,1225,582,1214,98,364,578,2036,2516,2616,999,123,474,19,773,244,393,8,1258,333,1591,206,127,624,207,427,3515,233,980,40,654,1530,227,2411,1253,3664,127,596,363,233,549,123,318,551,54,231,20,79,1100,111,268,834,1822,2.0,98,151,1701,120,139,1998,172,3.0,54,817,15,225,301,12,8.0,207,4.0,20,74,313,166,18,5,15,27,6484,2036,1907,274,208,0.490257209664848,0.5401459854014599,0.8903743315508021,0.3142857142857143,0.3648648648648648,0.2692307692307692,0.3193851409052092,0.4741315594974131,0.5125,0.4794069192751236,0.47364435019691,0.5175097276264592,0.4619771863117871,0.5121592731159808,0.5322299651567944,0.5170744138634047,0.1802484095728567,0.0067226890756302,0.0726164079822616,0.1237209302325581,0.0748663101604278,0.0148489503328213,0.0050251256281407,0.0075757575757575,0.4990909090909091,0.908,0.144927536231884,0.6864064602960969,0.3507516105941303,0.7250554323725056,0.3082010582010582,0.6975407218141169,0.3416901408450704,0.445823927765237,0.3464052287581699,0.2799650043744532,0.2926829268292683,0.3371212121212121,0.5838751625487646,0.6805054151624549,0.7770419426048565,0.7340590979782271,0.7027027027027027,0.0401644528779253,88.45298281092012,0.5303514376996805,17.12239297475302,15.437739989029073,16.08424807903403,14.726823916620956,0.3256588912450772,0.5818604651162791,0.6640127388535032,0.4988009592326139,0.1982732505301424,0.4048892284186401,0.4376548307184145,0.3905660377358491,0.2958194486519236,0.4019457245263697,0.408004158004158,0.5439490445859873,0.0602847621932747,0.3266331658291457,0.3282828282828283,0.9769230769230768,0.1199636473795819,0.308080808080808,0.3104325699745547,0.8442622950819673,0.5447470817120622,0.5571428571428572,0.1474358974358974,0.0525291828793774,0.3703703703703703,1.0,0.0914396887159533,0.3617021276595745,0.9411764705882352,0.3333333333333333,0.5893536121673004,0.0659062103929024,0.3076923076923077,0.164765525982256,0.2538461538461538,0.505907300817934,0.315653298835705,0.4862421789409616,0.5167317185697808,0.4813802056555269,0.1146163383386141,0.134885256727753,0.0124792013311148,0.1589051757685821,0.2641068880529251,8.78268662232077,25.5836974789916,0.2616630076838639,0.0,2009,2010,2846,816,3662,2009-10,1253,2411,1455,1.0777591681496217,0.2848084989402928,6602,2940,5132,1122,172.76122915517044,89.94184615621339,-1185.5350849645838,176.02251902871728,628.768266513137,746.2805924840361,7.611636492799665,-1265.2892634076559,467.8229839635833,362.6520218927143,2079.8,1876.2,84.10039426867968,93.27790214262872,105.77661909989023,111.46461876028525,18.024840957285672,1610612765
3,1610612766,1610612766,CHA,CHA,1610612766,CHA,238560.0,82,120,7439,7442,2136,1736,910,14881,1508,2609,263,482,408,682,332,866,558,1500,148,392,13,37,46,114,312,939,36,94,94,318,2398,4975,460,1331,1637,7813,7693,339,710,49,131,174,999,623,1265,140,432,667,2333,2524,2272,1188,192,376,23,915,311,497,5,1262,396,1658,255,141,828,122,312,3712,232,812,33,774,1707,183,2664,1077,3741,122,632,412,220,614,181,423,676,58,191,22,82,1290,128,340,731,1597,5.0,91,182,1799,105,161,2180,187,2.0,67,911,9,229,438,8,6.0,354,2.0,25,59,446,269,26,9,46,29,6814,2333,2136,146,202,0.5262718932443703,0.5710407239819004,0.8608695652173913,0.3456048084147258,0.3740458015267175,0.324074074074074,0.3509174311926605,0.4820100502512562,0.4774647887323943,0.4924901185770751,0.4896923564858864,0.490487514863258,0.4908662345315262,0.5345444536195981,0.5241596638655462,0.5495260663507109,0.211068823342848,0.0037565740045078,0.0998994974874371,0.1536987351475661,0.092378752886836,0.0106666666666666,0.0051020408163265,0.0031948881789137,0.475968992248062,0.8840579710144928,0.1304347826086956,0.6953156822810591,0.3194335169158143,0.7378455672068637,0.2846625766871166,0.7080479452054794,0.3109919571045576,0.3952424519670631,0.3301707779886148,0.2234273318872017,0.2755632582322357,0.3067226890756303,0.6002155172413793,0.6924428822495606,0.7891440501043842,0.736986301369863,0.7398119122257053,0.0425828970331588,89.82494969818913,0.6031390134529148,16.411748890979972,15.65076592313894,15.421024331227317,14.946519752754636,0.413732952743419,0.5779992334227674,0.6829710144927537,0.5490716180371353,0.1373295274341896,0.3833718244803695,0.4223918575063613,0.3674698795180723,0.2378686964795432,0.372,0.376010781671159,0.5591397849462365,0.0621630193466539,0.3775510204081632,0.3794871794871794,0.9527027027027029,0.1489058039961941,0.3322683706070287,0.3333333333333333,0.8173076923076923,0.5731272294887039,0.5456431535269709,0.1749049429657794,0.0439952437574316,0.3513513513513513,0.9230769230769232,0.1117717003567182,0.3829787234042553,0.9722222222222222,0.4018856806128462,0.5982404692082112,0.0671773718326458,0.4035087719298245,0.187389510901591,0.2955974842767295,0.6248017760862671,0.3398907103825136,0.5132926318304922,0.5242688953488372,0.5066869695158398,0.1307375301975273,0.1598526057203018,0.0067264573991031,0.1278638167157302,0.2986048892870856,7.168763819095477,25.532306536438767,0.2871353676569431,1.0,2009,2010,2577,871,3448,2009-10,1077,2664,1637,1.0777591681496217,0.2848084989402928,6306,2858,4796,1380,225.17109846450012,212.86032684660756,-1390.309326913012,52.63917914874768,732.3073990718445,561.2655710248088,-10.696047956624083,-1353.6655151959249,251.3495937546138,235.8308831387534,2034.7833333333335,1941.2166666666665,87.74202003489313,92.00827659629272,105.02755746740154,103.37274926095135,21.10688233428481,1610612766
4,1610612737,1610612737,ATL,ATL,1610612737,ATL,238260.0,82,382,7439,7414,1792,1899,950,14853,1344,2152,313,544,322,490,570,1340,743,1854,211,581,25,71,44,131,313,874,28,103,78,234,2657,5346,524,1455,1452,8338,7956,397,761,53,174,166,1119,591,1151,122,365,546,2094,2710,2604,1302,270,470,26,847,312,349,10,1355,434,1789,236,198,725,195,435,4012,254,860,23,627,1772,207,2606,1137,3743,157,592,394,198,506,121,299,474,55,207,10,71,980,85,214,821,1632,3.0,110,127,1580,91,106,1914,189,10.0,81,811,25,174,407,6,6.0,282,0.0,24,101,413,223,16,2,15,10,7219,2094,1792,154,161,0.5099736544975536,0.5594549958711809,0.8282442748091603,0.3601374570446735,0.3045977011494253,0.3342465753424657,0.3659902029391182,0.4970071081182192,0.5216819973718791,0.5134665508253693,0.5062490810174974,0.5096256684491979,0.5105540897097626,0.5433526011560693,0.5335892514395394,0.568814855270344,0.2139391265990295,0.0068728522336769,0.065282454171343,0.1115241635687732,0.067910447761194,0.0097087378640776,0.0103270223752151,0.0045766590389016,0.5163265306122449,0.8961038961038961,0.1036036036036036,0.6763358778625954,0.3239171374764595,0.7307692307692307,0.2912844036697247,0.6897642323174238,0.3158491635951233,0.4382022471910112,0.3232588699080158,0.2406221408966148,0.2896281800391389,0.2936288088642659,0.5980707395498392,0.672514619883041,0.7517447657028913,0.749613601236476,0.6729857819905213,0.0494643982356647,89.76882397381013,0.5399515738498789,16.118161043150963,15.963987051524144,15.374378276650088,15.249527920151063,0.3164240552859874,0.6245353159851301,0.702928870292887,0.5394345238095238,0.1970298485516835,0.4253731343283582,0.4563650920736589,0.3421052631578947,0.2726069695632995,0.4007551240560949,0.4046840958605665,0.585464333781965,0.0854286134392001,0.3631669535283993,0.3669565217391304,0.9383886255924172,0.1285105131598294,0.3581235697940503,0.3597701149425287,0.7539936102236422,0.5818181818181818,0.5753676470588235,0.1757188498402556,0.0759358288770053,0.352112676056338,0.92,0.1101604278074866,0.2718446601941747,0.8571428571428571,0.3232189973614776,0.6571428571428571,0.0864116094986807,0.3358778625954198,0.154353562005277,0.3333333333333333,0.5303631818850169,0.3683589138134592,0.4983468763845813,0.5303628088426527,0.4860467536813923,0.1123958053240118,0.1358914209115281,0.0170068027210884,0.1342048452866394,0.2511393619573039,8.71821922933034,25.246941580756012,0.2408925930904691,1.0,2009,2010,2689,931,3620,2009-10,1137,2606,1452,1.0777591681496217,0.2848084989402928,6801,3181,5314,1572,377.7014038217717,289.6354882500443,-1056.2039847866292,74.63798828264815,656.7430650057572,612.1181478767575,50.272375401554456,-1223.2566558498206,315.6628789155825,219.70217139637384,1998.3833333333337,1972.6166666666666,89.34021667514574,90.2030298165719,112.08495765559887,107.31049366064202,21.393912659902956,1610612737
5,1610612738,1610612738,BOS,BOS,1610612738,BOS,237360.0,82,300,7531,7517,2105,2112,787,15048,1438,2269,205,338,363,595,509,1182,593,1410,111,329,13,38,32,92,388,1104,40,88,97,327,2540,4861,499,1433,1559,8136,7836,301,544,53,126,156,917,606,1198,129,419,660,2259,2972,2108,1332,165,226,15,1089,388,380,6,1486,444,1930,337,107,870,201,415,4304,229,614,35,624,1773,240,2637,878,3515,89,701,440,261,578,141,375,641,56,203,23,100,1219,103,312,877,1816,4.0,85,201,1772,82,126,2090,181,1.0,85,849,11,229,395,7,4.0,265,3.0,27,103,402,213,13,1,31,46,7219,2259,2105,211,213,0.5850393700787402,0.6122785331685208,0.8897795591182365,0.3482205163991625,0.4206349206349206,0.3078758949880668,0.3519040902679831,0.5225262291709525,0.5533088235294118,0.5058430717863105,0.5224817286304417,0.567910447761194,0.4944341372912801,0.5599222330231912,0.5883870967741935,0.5528917449332674,0.2276771528439783,0.0041870202372644,0.0781732153877803,0.1225209343323049,0.0693739424703891,0.0141843971631205,0.0,0.0054347826086956,0.4741591468416735,0.8695652173913043,0.1305970149253731,0.6901518100428182,0.268591426071741,0.7367178276269185,0.2602272727272727,0.7016978922716628,0.266266582438408,0.3503030303030303,0.2223903177004538,0.2225,0.2807807807807808,0.1962616822429906,0.578698224852071,0.6857562408223201,0.7833173537871524,0.7568438003220612,0.6814159292035398,0.0318198069360028,91.29221435793733,0.5298507462686567,15.69353339529943,15.8536650259412,14.949940246979152,15.100439004922176,0.3605020654591674,0.6337593653591891,0.7222501255650426,0.6050069541029207,0.1877979027645376,0.4306260575296108,0.4627272727272727,0.3948919449901768,0.2240228789323164,0.4205673758865248,0.4266187050359712,0.6998313659359191,0.0522720050842071,0.3373860182370821,0.3373860182370821,0.963963963963964,0.1754051477597712,0.3514492753623188,0.3533697632058288,0.8685567010309279,0.5044776119402985,0.606508875739645,0.2975609756097561,0.0567164179104477,0.3421052631578947,1.0,0.1313432835820895,0.4545454545454545,0.925,0.3679653679653679,0.6100840336134454,0.056895485466914,0.3478260869565217,0.2022263450834879,0.2966360856269113,0.5881792183031459,0.3562901744719926,0.5157977830940988,0.5270407335907336,0.5087423872180451,0.123350545037292,0.1535539880629408,0.0076230076230076,0.112708947885939,0.2776548672566372,8.022073647397656,25.16461967899512,0.2795113530739609,0.0,2009,2010,2321,934,3255,2009-10,878,2637,1559,1.0777591681496217,0.2848084989402928,6294,3039,5080,1497,553.4551710832,239.2670548620356,-1313.788425974389,-107.81082043465653,692.3307425241632,713.5722984053872,3.758169835669627,-1382.7650127359645,214.65547092371048,205.87539245861842,1969.8,1986.2,91.75753883643009,90.83073205115295,108.03346169167442,104.2437142477052,22.767715284397838,1610612738
6,1610612739,1610612739,CLE,CLE,1610612739,CLE,237360.0,82,535,7487,7489,1910,1795,818,14976,1476,2231,287,461,345,526,407,988,616,1590,219,539,18,43,55,150,383,1043,42,92,98,319,2499,4809,602,1582,1569,8373,7838,353,632,60,135,162,1048,546,1039,153,469,617,2168,2752,2246,1377,429,394,16,1027,383,321,4,1376,459,1835,254,205,910,168,298,4129,223,673,53,743,1893,217,2853,949,3802,106,564,366,198,542,126,359,596,70,183,22,92,1138,77,261,828,1591,2.0,102,146,1706,90,123,2179,213,0.0,77,915,19,217,416,9,4.0,295,5.0,32,89,425,240,18,4,30,36,7325,2168,1910,154,199,0.5506202480992397,0.5977410947002606,0.7624584717607974,0.3805309734513274,0.4444444444444444,0.326226012793177,0.384418901660281,0.519650655021834,0.5585443037974683,0.5255052935514918,0.5323110624315444,0.5775749674054759,0.5142572944297082,0.5665848001091555,0.5990836197021764,0.5658381808566896,0.2475355969331873,0.0025284450063211,0.0667498440424204,0.1021963245181532,0.0769230769230769,0.010691823899371,0.0037105751391465,0.0019175455417066,0.4762741652021089,0.9079497907949792,0.1784511784511784,0.7071348524467688,0.2964757709251101,0.7946524064171123,0.2431842966194111,0.7297895902547066,0.2811421399435205,0.3968042609853529,0.2583479789103691,0.24,0.2396006655574043,0.25,0.5921052631578947,0.7286135693215339,0.7773000859845228,0.7961876832844574,0.7905138339920948,0.0369466713140467,90.85540950455004,0.5647058823529412,16.434219313476692,15.264654827079717,15.718178175504208,14.559620777139806,0.3490846502894695,0.6615867324069924,0.7368946580129805,0.6165311653116531,0.1545923955562509,0.4119433198380566,0.4462719298245614,0.4127764127764127,0.2487873572210921,0.3874213836477987,0.3916083916083916,0.4837662337662338,0.0843373493975903,0.4063079777365491,0.4078212290502793,0.9360730593607306,0.1631982475355969,0.3672099712368168,0.3679154658981748,0.6631853785900783,0.6010430247718384,0.6225596529284165,0.2125435540069686,0.0560625814863103,0.4186046511627907,0.7777777777777778,0.119947848761408,0.4565217391304347,0.7142857142857143,0.3488063660477453,0.655893536121673,0.0994694960212201,0.3666666666666666,0.2115384615384615,0.3072100313479624,0.5966202472226568,0.3729308666017527,0.5189180590452261,0.551171160130719,0.514117203219316,0.1313273340832396,0.1660315732172019,0.0118675827607745,0.125164218320793,0.258927505075839,8.310272405905593,25.132616940581546,0.2551088553492721,0.0,2009,2010,2310,980,3290,2009-10,949,2853,1569,1.0777591681496217,0.2848084989402928,6391,3101,4998,1806,524.1221431470819,401.800867469134,-1226.4899333542694,-46.63766804102511,669.0710945950658,651.825456226665,-106.47994312193218,-1126.2583307163547,133.87246684708316,246.47045320405618,2050.7166666666667,1905.2833333333333,87.62205082775941,94.33557563616961,111.83384533190865,104.66016824676191,24.753559693318728,1610612739
7,1610612740,1610612740,NOH,NOH,1610612740,NOH,237960.0,82,-202,7656,7633,1793,1853,867,15289,1336,2221,286,495,349,542,527,1249,744,1800,136,322,17,30,29,72,435,1250,38,102,90,314,2607,5270,571,1572,1293,8220,8422,380,703,55,132,147,1072,586,1116,119,386,517,2046,2710,2504,1419,294,480,11,1239,435,356,11,1355,473,1828,346,127,730,205,420,4129,228,748,21,684,1702,200,2586,997,3583,115,625,372,253,574,121,358,529,52,216,21,81,1103,73,216,796,1606,6.0,118,135,1596,110,130,1661,163,1.0,32,680,11,202,298,2,0.0,232,2.0,6,60,300,166,14,5,29,30,7148,2046,1793,178,188,0.5197545070962792,0.572454583861428,0.8283712784588442,0.3632315521628498,0.4166666666666667,0.3082901554404145,0.3657911595131326,0.4946869070208728,0.5405405405405406,0.525089605734767,0.5062116340251388,0.5538922155688623,0.508988015978695,0.5410117553823801,0.5780065005417118,0.5660011092623406,0.2297573808827828,0.0069974554707379,0.0675521821631878,0.1121116614137775,0.066453162530024,0.0133333333333333,0.015527950310559,0.0048,0.5203989120580236,0.8583690987124464,0.1193181818181818,0.6893479141352774,0.2852784134248665,0.7418655097613883,0.2389937106918239,0.7036272485992333,0.2729306487695749,0.3777267508610792,0.2797202797202797,0.2113899613899613,0.2379713914174252,0.2432432432432432,0.5961070559610706,0.7041139240506329,0.7556650246305419,0.7405797101449275,0.7456896551724138,0.0357142857142857,92.52042360060514,0.5533333333333333,15.664968652037617,15.462989650203063,15.04480146290491,14.709419625311147,0.3246126863490207,0.6015308419630797,0.6774847870182555,0.5464071856287425,0.1825489622917275,0.421937550040032,0.4519725557461406,0.3889943074003795,0.2630809704764689,0.4133333333333333,0.4189189189189189,0.5645161290322581,0.0470622624963461,0.422360248447205,0.4290220820189274,0.9338235294117648,0.1826951183864367,0.348,0.3496784565916399,0.7954022988505747,0.592814371257485,0.5777777777777777,0.1433566433566433,0.0359281437125748,0.5666666666666667,0.8823529411764706,0.1221556886227544,0.3725490196078431,0.8421052631578947,0.3608521970705726,0.6439114391143912,0.047936085219707,0.4027777777777778,0.2090545938748335,0.286624203821656,0.5543700672318036,0.3510895883777239,0.4998143108246667,0.5344241253644315,0.4966298862115127,0.0937712036911385,0.117504752030413,0.006953223767383,0.1304136253041362,0.2489051094890511,8.445654648956356,25.258333333333333,0.2341954022988505,0.0,2009,2010,2663,1001,3664,2009-10,997,2586,1293,1.0777591681496217,0.2848084989402928,6842,3178,5214,1713,351.630271357747,326.0245135395269,-1188.7683624690328,-77.1691601709983,600.7337311141348,619.3214086325411,6.3092019983148315,-1269.6003000802543,571.6427936274026,282.24130345705987,1998.85,1967.1499999999999,91.92485679265579,93.12558777927458,107.3667711598746,110.33669592558627,22.97573808827828,1610612740
8,1610612741,1610612741,CHI,CHI,1610612741,CHI,238860.0,82,-134,7709,7709,1942,1881,962,15418,1306,2290,307,553,302,550,450,1067,973,2402,132,336,6,17,36,89,220,730,17,67,54,229,2729,5759,352,1066,1479,7993,8127,412,816,23,84,212,1105,571,1245,90,318,536,1948,2786,2672,933,123,504,15,715,220,434,4,1393,311,1704,180,131,650,157,586,3719,167,935,31,793,1892,209,2894,1133,4027,119,531,350,181,578,122,349,597,65,229,31,98,1175,109,307,846,1648,5.0,98,145,1641,107,120,1962,185,0.0,43,856,6,191,466,12,9.0,344,3.0,29,93,478,270,21,6,36,30,6888,1948,1942,166,179,0.5104433858556248,0.5623738393217602,0.8835227272727273,0.3302063789868668,0.2738095238095238,0.2830188679245283,0.3349191246431969,0.4738669907970134,0.5049019607843137,0.4586345381526104,0.4772161172161172,0.4961111111111111,0.4516954574536148,0.5172884440400364,0.53662109375,0.510766806722689,0.1561904761904761,0.0037523452157598,0.0753603056086126,0.1362445414847161,0.0796626054358013,0.0154038301415487,0.0029761904761904,0.0041095890410958,0.4919148936170213,0.8672199170124482,0.128099173553719,0.6999630040695524,0.3118745830553702,0.7661835748792271,0.2492537313432835,0.7182985553772071,0.3004362050163577,0.4421699078812692,0.2868852459016393,0.2324592487597448,0.2489361702127659,0.25,0.6145307769929365,0.6952224052718287,0.779185520361991,0.7779220779220779,0.7320754716981132,0.0367510809141445,92.94951017332328,0.5648535564853556,14.95667401738228,16.027889479828772,14.24802179270982,15.225839927357637,0.3355311355311355,0.5703056768558952,0.660262891809909,0.4977029096477794,0.1563369963369963,0.4217432052483599,0.4582484725050916,0.3488888888888889,0.3519413919413919,0.4050791007493755,0.4114164904862579,0.6022610483042138,0.0492307692307692,0.3928571428571428,0.3940298507462687,0.9924242424242424,0.1069597069597069,0.3013698630136986,0.3026134800550206,0.8181818181818182,0.6144444444444445,0.5551537070524413,0.1400651465798045,0.0188888888888888,0.3529411764705882,1.0,0.0744444444444444,0.2537313432835821,0.8823529411764706,0.3518873960332693,0.5490909090909091,0.0569417786308381,0.4044943820224719,0.146513115802943,0.2358078602620087,0.4917216117216117,0.3076923076923077,0.4954764874394006,0.5273926322418137,0.4916271907216495,0.1149026926153025,0.1331259720062208,0.0055970149253731,0.1382459652195671,0.2437132490929563,9.403785379406148,25.078986866791745,0.2519133480347645,0.0,2009,2010,3030,714,3744,2009-10,1133,2894,1479,1.0777591681496217,0.2848084989402928,6825,3081,5458,1056,181.25851245282092,126.27457597498369,-1266.3670225758055,20.907201295176684,664.4080655291529,645.2964600997938,-52.00513176809361,-1174.7574932830876,151.1618798721588,277.78724561485194,1921.6833333333334,2059.3166666666666,96.2780895222071,89.84339465356632,103.68400570761447,105.42223375275651,15.619047619047619,1610612741
9,1610612742,1610612742,DAL,DAL,1610612742,DAL,238560.0,82,223,7661,7657,1965,1841,832,15318,1170,1954,223,430,273,465,547,1325,865,1983,133,345,8,25,34,85,425,1153,42,96,112,348,2582,5262,558,1498,1526,8364,8141,337,683,50,121,134,958,564,1192,146,433,604,2170,2870,2294,1446,228,356,19,1134,425,334,3,1435,482,1917,354,128,646,216,573,4316,214,740,10,697,1845,199,2741,964,3705,119,624,399,225,563,126,357,497,68,206,8,74,1060,79,261,839,1563,4.0,68,122,1650,117,152,1869,144,0.0,61,743,10,220,437,12,9.0,263,3.0,32,142,449,247,14,8,15,30,7406,2170,1965,136,204,0.5557707203718047,0.5969217970049917,0.8637992831541219,0.3724966622162884,0.4132231404958678,0.3371824480369515,0.3772819472616633,0.4906879513492968,0.493411420204978,0.4731543624161073,0.5057692307692307,0.5124378109452736,0.4818461538461538,0.5476347344841218,0.5419501133786848,0.5491094147582697,0.2215976331360946,0.0020026702269692,0.0634739642721398,0.112589559877175,0.0747169811320754,0.0075642965204236,0.0,0.002601908065915,0.5311320754716982,0.8577586206896551,0.0649350649350649,0.6920480120030007,0.2787193973634652,0.7478540772532188,0.2451317296678121,0.7065036131183992,0.2704081632653061,0.3836317135549872,0.2739018087855297,0.2074613284804367,0.2228915662650602,0.3157894736842105,0.5831234256926953,0.6926020408163265,0.7711397058823529,0.7606837606837606,0.7086956521739131,0.0372340425531914,92.46277665995976,0.5501113585746102,15.40399425662446,15.74376387619172,14.729147630857591,14.965652344260151,0.2890532544378698,0.5987717502558854,0.6747404844290658,0.5521367521367522,0.1960059171597633,0.4128301886792452,0.4461663947797716,0.3948811700182815,0.2933431952662721,0.4362077660110943,0.4395325203252032,0.6624277456647398,0.0510355029585798,0.3855072463768116,0.3855072463768116,0.962406015037594,0.1705621301775148,0.3686036426712923,0.3695652173913043,0.8329411764705882,0.5348258706467661,0.5186046511627908,0.1569506726457399,0.031094527363184,0.32,1.0,0.1194029850746268,0.4375,0.9047619047619048,0.2861538461538461,0.5870967741935483,0.0523076923076923,0.4,0.2141538461538461,0.3218390804597701,0.5106508875739645,0.3747795414462081,0.4944679372863724,0.5247011538461538,0.4852205256570713,0.1021848283349165,0.1267701757379286,0.006631299734748,0.1145384983261597,0.2594452415112386,9.1597871531737,25.187116154873166,0.2564939302963059,0.0,2009,2010,2680,940,3620,2009-10,964,2741,1526,1.0777591681496217,0.2848084989402928,6760,3140,5164,1674,315.47057920824136,348.05443875770925,-1142.424718238599,-91.24836475694755,742.447529571862,633.7948201263126,-1.9578044314200207,-1287.922205938798,293.8880616852475,246.0802814441572,1966.833333333333,2009.1666666666667,93.48224726718075,91.46478639568643,109.1763477352826,106.3210134517435,22.159763313609467,1610612742
10,1610612743,1610612743,DEN,DEN,1610612743,DEN,237360.0,82,335,7800,7792,2776,2287,943,15592,1475,2390,271,487,485,805,403,1035,702,1736,138,337,10,31,43,111,406,1180,46,122,162,479,2580,5161,544,1517,1937,8729,8394,352,697,56,153,263,1135,824,1671,205,590,904,3167,2598,2562,1260,372,412,20,1160,406,429,9,1299,420,1719,291,129,772,154,373,3858,233,828,35,699,1779,215,2693,1096,3789,137,683,396,287,578,120,341,558,60,237,22,87,1136,91,399,929,1844,4.0,124,172,1941,141,115,2508,219,0.0,90,1002,18,291,406,11,8.0,298,3.0,27,81,417,227,31,10,16,24,7594,3167,2776,212,268,0.5034883720930232,0.5471777590564448,0.7720588235294118,0.3586025049439683,0.3660130718954248,0.3474576271186441,0.3633934535738143,0.4999031195504747,0.5050215208034433,0.4931178934769599,0.5085354896675651,0.5129411764705882,0.5004422821760283,0.5567567567567567,0.5605759682224429,0.5642317380352645,0.2271638215034441,0.005932762030323,0.0831234256926952,0.1259414225941422,0.102415458937198,0.0126728110599078,0.0118694362017804,0.0042372881355932,0.5088028169014085,0.8884297520661157,0.120274914089347,0.6657934131736527,0.3240704500978473,0.7631004366812227,0.2518918918918919,0.6906354515050167,0.3048850574712644,0.4096916299559471,0.3221153846153846,0.2492668621700879,0.2458791208791208,0.2741116751269035,0.5619266055045872,0.667144906743185,0.7470534904805077,0.7733333333333333,0.7344398340248963,0.044991789819376,94.59251769464105,0.5443645083932853,14.699358974358974,15.74756160164271,14.033846153846154,14.995123203285422,0.3578915843066786,0.6171548117154811,0.7060794638583054,0.5233898305084745,0.1549865229110512,0.3893719806763285,0.433799784714747,0.3821339950372208,0.259958071278826,0.4043778801843318,0.4095682613768961,0.5313390313390314,0.0504642108415693,0.4094955489614243,0.4144144144144144,0.9347826086956522,0.1766996106618748,0.3440677966101695,0.345531914893617,0.7167487684729064,0.5729411764705883,0.5564681724845996,0.1476014760147601,0.0364705882352941,0.3225806451612903,1.0,0.1435294117647058,0.3770491803278688,0.8695652173913043,0.3560371517027864,0.6024844720496895,0.0490933215391419,0.3873873873873873,0.2118531623175586,0.3382045929018789,0.5850554058101228,0.35,0.5113330728775357,0.5310228571428571,0.5062355198572066,0.1363818692338547,0.1685733512786002,0.0117263843648208,0.1300263489517699,0.3628136098063925,8.049893431505522,25.59129861568886,0.3558974358974359,0.0,2009,2010,2581,973,3554,2009-10,1096,2693,1937,1.0777591681496217,0.2848084989402928,6678,3124,5160,1632,389.9357130722699,295.70652860256075,-1224.3344150179703,23.696853028717392,892.7160316131054,776.6629680030702,49.77463563976182,-1331.0325726647827,282.06398853003975,253.7978627392033,1910.9166666666667,2045.0833333333333,97.96345558414373,91.44272849517135,111.91025641025641,107.7258726899384,22.716382150344415,1610612743
11,1610612744,1610612744,GSW,GSW,1610612744,GSW,236760.0,82,-295,8246,8262,2148,2698,823,16508,1416,2266,230,381,366,601,396,1015,884,2126,191,442,19,40,48,116,442,1245,42,97,121,369,2696,5407,633,1687,1631,8922,9217,327,605,61,137,142,979,647,1291,169,485,637,2438,2592,2800,1629,270,370,27,1218,442,401,6,1296,543,1839,359,184,737,140,419,4221,180,716,23,624,1713,225,2562,919,3481,91,761,434,327,645,128,371,559,42,274,19,100,1204,97,293,1015,1886,2.0,76,136,1757,103,190,2085,186,3.0,55,865,14,226,338,2,2.0,231,0.0,10,97,340,171,24,3,9,32,7943,2438,2148,233,184,0.4807121661721068,0.5161290322580645,0.8578199052132701,0.3752222880853586,0.4452554744525547,0.3484536082474226,0.3813253012048193,0.4986129091917884,0.540495867768595,0.5011618900077459,0.5138849732168029,0.5640161725067385,0.5070382882882883,0.5539950062421972,0.5907990314769975,0.5651260504201681,0.2378065971243304,0.0035566093657379,0.0741631218790456,0.1288614298323036,0.0886699507389162,0.008936970837253,0.002262443438914,0.0040160642570281,0.5357142857142857,0.8458646616541353,0.0978723404255319,0.645440844009043,0.2672639044419559,0.7027027027027027,0.1820020222446916,0.6597967250141163,0.2442748091603053,0.3791469194312796,0.28665568369028,0.1807817589576547,0.175438596491228,0.2016129032258064,0.5373993095512083,0.6413708690330477,0.7458677685950413,0.7025316455696202,0.703125,0.0278713629402756,100.40344652812976,0.5029411764705882,13.615571186029593,15.067296054224158,13.093742420567548,14.359477124183009,0.3194248660840146,0.6248896734333628,0.7173252279635258,0.5204802259887006,0.1430786580208627,0.3901477832512315,0.4281081081081081,0.3535353535353535,0.2996898787707922,0.4158043273753528,0.4195538680588514,0.4739819004524886,0.0623061742317451,0.4321266968325792,0.4331065759637188,0.9633507853403142,0.1755004228925852,0.3550200803212851,0.3564516129032258,0.8122171945701357,0.5134770889487871,0.6036745406824147,0.1913043478260869,0.0539083557951482,0.475,0.9473684210526316,0.1307277628032345,0.4329896907216495,0.8333333333333334,0.3384009009009009,0.6089850249584027,0.0653153153153153,0.4137931034482758,0.2077702702702702,0.3279132791327913,0.557231463208345,0.3628899835796387,0.5090146125513528,0.5205191935483872,0.5049299313893654,0.11292394655704,0.1421294774893197,0.0082449941107184,0.1097287603676305,0.2732571172382874,9.383798779360088,25.732602252519264,0.2604899345137036,0.0,2009,2010,2711,1054,3765,2009-10,919,2562,1631,1.0777591681496217,0.2848084989402928,7094,3329,5392,1899,396.711103924441,404.35082266001154,-1297.6220384521446,-207.58457589254348,761.5070135036111,838.1120503157819,174.00339432786697,-1555.206479639904,557.5656080810891,359.9589768636139,1871.2333333333336,2074.766666666667,105.76126262536293,95.57122889320887,108.19791414018918,111.55894456548052,23.780659712433042,1610612744
12,1610612745,1610612745,HOU,HOU,1610612745,HOU,238860.0,82,-30,7789,7786,2205,2021,979,15575,1388,2448,305,513,376,673,515,1241,545,1396,184,458,25,61,34,103,462,1380,43,140,128,417,2448,5085,646,1838,1561,8395,8425,387,754,68,201,187,1165,655,1358,162,520,633,2429,2482,2414,1647,291,446,20,1360,462,524,8,1241,549,1790,376,173,723,174,344,4129,293,852,20,614,1846,193,2653,1165,3818,110,583,360,223,597,118,358,592,57,239,23,112,1189,105,301,839,1712,1.0,129,157,1838,108,252,2021,186,7.0,66,826,18,227,309,9,6.0,222,3.0,11,76,318,184,16,6,22,15,7230,2429,2205,197,207,0.5069444444444444,0.557752808988764,0.8498452012383901,0.3514689880304679,0.3383084577114428,0.3115384615384615,0.3553355335533553,0.4814159292035398,0.513262599469496,0.4823269513991163,0.4935721508016755,0.512041884816754,0.4781682641107561,0.5342904755800538,0.5460526315789473,0.5388739946380697,0.2654918387982088,0.0043525571273122,0.1030481809242871,0.1568627450980392,0.0894439967767929,0.0207736389684813,0.0065502183406113,0.0036231884057971,0.5021026072329688,0.8772727272727273,0.0873362445414847,0.6872673119880863,0.3276923076923076,0.7684605757196495,0.2570175438596491,0.7058823529411765,0.3061497326203208,0.4127740705433746,0.3089887640449438,0.2371871275327771,0.2474108170310702,0.2878228782287823,0.5778301886792453,0.6964769647696477,0.7654545454545455,0.7747163695299838,0.7472527472527473,0.0341827221876942,93.89600602863602,0.5786163522012578,15.288740531518808,15.383508862060108,14.529721401977149,14.658104289750836,0.3536039289325437,0.5669934640522876,0.6724806201550387,0.520893371757925,0.1792575473060811,0.4149879129734085,0.4557522123893805,0.3378640776699029,0.2016466849631662,0.3904011461318051,0.3986832479882955,0.6311926605504588,0.0661562906254513,0.4017467248908297,0.4043956043956044,0.9402173913043478,0.1993355481727574,0.3347826086956522,0.336,0.8138528138528138,0.53717277486911,0.594541910331384,0.1901639344262295,0.0638743455497382,0.4098360655737705,0.84,0.1465968586387434,0.3071428571428571,0.9534883720930232,0.3583599574014909,0.5586924219910847,0.0548455804046858,0.3300970873786408,0.2220447284345048,0.3069544364508393,0.6190957677307526,0.3397058823529412,0.513328174833285,0.5273864417989418,0.5050072619688004,0.1114338526538156,0.1442794759825327,0.0097349918875067,0.1387730792138177,0.2893388921977367,7.221061946902655,25.21904243743199,0.2830915393503659,0.0,2009,2010,2637,1192,3829,2009-10,1165,2653,1561,1.0777591681496217,0.2848084989402928,6923,3094,4896,1938,225.03488822203144,322.96897425359555,-1281.4556509299002,37.28515139287452,719.4856415087753,666.8677640531766,-3.465522290477038,-1300.8553159565934,437.57895277081207,280.93817812626514,1984.7333333333333,1996.2666666666667,94.18696046488193,93.60673256745926,107.78020285017332,108.20703827382481,26.549183879820887,1610612745
13,1610612746,1610612746,LAC,LAC,1610612746,LAC,236460.0,82,-521,7581,7587,1863,1840,923,15168,1380,2305,305,539,307,542,481,1122,658,1717,123,341,9,20,33,97,360,1116,33,81,84,314,2519,5144,483,1457,1362,7849,8370,403,766,42,101,169,1101,538,1114,117,411,506,1933,2834,2204,1179,270,484,25,1091,360,354,9,1417,393,1810,281,112,785,228,404,4013,255,789,34,659,1806,202,2667,1078,3745,112,532,297,235,686,135,462,600,59,224,29,101,1286,104,295,860,1581,4.0,91,139,1584,94,113,1866,181,1.0,46,799,12,187,452,14,9.0,319,5.0,29,104,466,271,21,7,25,26,6748,1933,1863,130,169,0.5625248114331084,0.6223100570926657,0.8136645962732919,0.3315030885380919,0.4158415841584158,0.2846715328467153,0.3372905027932961,0.4896967340590979,0.5261096605744126,0.4829443447037702,0.4913649447053477,0.5374855824682814,0.4678688524590164,0.5268302548200081,0.5630122950819673,0.5225054229934925,0.2207241327071656,0.0061770761839396,0.0688180404354587,0.1093275488069414,0.0686274509803921,0.0145602795573675,0.0087976539589442,0.0053763440860215,0.5334370139968896,0.8782608695652174,0.1354581673306772,0.6853889943074004,0.3040462427745665,0.752283105022831,0.281767955801105,0.7020791797208772,0.2982857142857142,0.383695652173913,0.2820919175911252,0.2471264367816092,0.2619392185238784,0.3457943925233644,0.5781071835803877,0.6833810888252149,0.7754716981132076,0.7485119047619048,0.7647058823529411,0.0355894502700985,92.37046434914996,0.5815450643776824,15.743305632502308,15.435613549492553,15.099854900408918,14.677474627652565,0.3491895167398879,0.5986984815618221,0.6721870433511934,0.5688405797101449,0.1699742463263142,0.428698752228164,0.4602870813397129,0.474012474012474,0.2601121042266323,0.3832265579499126,0.3888888888888889,0.6139817629179332,0.0516588395697621,0.3607038123167155,0.363905325443787,0.9105691056910568,0.1690652931374034,0.3225806451612903,0.3243243243243243,0.7805555555555556,0.621683967704729,0.5658627087198516,0.1573770491803278,0.0230680507497116,0.45,0.6666666666666666,0.0934256055363321,0.4074074074074074,0.9090909090909092,0.3554098360655737,0.566420664206642,0.0636065573770491,0.3402061855670103,0.2059016393442622,0.267515923566879,0.5699136494470535,0.3299725022914757,0.5011247792326431,0.528837012987013,0.4969427333333333,0.1121715076071922,0.1386671294689344,0.0081743869209809,0.1402726461969677,0.2462734106255574,8.104704510108865,25.84406314344544,0.2457459438068856,0.0,2009,2010,2625,974,3599,2009-10,1078,2667,1362,1.0777591681496217,0.2848084989402928,6601,3002,5038,1449,299.7636376504058,177.67903366243797,-1385.9982902404136,10.436287420020864,590.1519941379668,661.0148208241736,9.19480045642077,-1141.3469590704494,398.03156519522054,301.55910500104574,1989.1666666666667,1951.8333333333333,91.46744868035191,93.29075228417727,103.53515367365783,110.3202846975089,22.07241327071656,1610612746
14,1610612747,1610612747,LAL,LAL,1610612747,LAL,237960.0,82,387,7659,7652,2201,1733,994,15311,1301,2198,328,561,338,601,656,1516,655,1599,147,377,17,38,40,116,385,1185,31,92,121,391,2612,5313,532,1562,1519,8339,7952,437,801,48,130,234,1252,656,1368,161,507,622,2417,2596,2628,1296,300,548,21,1163,384,356,7,1298,432,1730,301,131,704,261,333,3892,276,848,34,759,1878,211,2848,1158,4006,126,612,387,225,573,102,377,523,51,196,17,78,1096,91,294,726,1592,1.0,113,159,1732,114,127,1985,198,5.0,37,851,17,203,386,14,7.0,266,7.0,26,94,400,223,17,3,52,29,7087,2417,2201,178,189,0.4969372128637059,0.5551753635585971,0.8120300751879699,0.3405889884763124,0.3692307692307692,0.3175542406311637,0.3445814406229721,0.4916243177112742,0.5455680399500624,0.47953216374269,0.496,0.5467239527389903,0.4786666666666667,0.5365491411597572,0.5873239436619718,0.5374498439589835,0.2272,0.0044814340588988,0.0670054583098061,0.1123748862602365,0.058707124010554,0.0125078173858661,0.0026525198938992,0.0050632911392405,0.5228102189781022,0.8940677966101694,0.1440677966101695,0.6997019374068555,0.3178410794602698,0.7522299306243806,0.283076923076923,0.7140536149471974,0.3085369201207796,0.4346846846846847,0.2825322391559203,0.238403451995685,0.2773333333333333,0.3022222222222222,0.6038374717832957,0.7084507042253522,0.7720588235294118,0.775235531628533,0.6879699248120301,0.0383095165703861,92.6535552193646,0.5575,15.666797232014623,15.41662310507057,14.980415197806504,14.675640355462624,0.3197090909090909,0.591901728844404,0.6668375192209124,0.5411222136817833,0.2205090909090909,0.4327176781002638,0.4597056762438682,0.3978658536585366,0.2325818181818182,0.4096310193871169,0.4148195060164661,0.5083969465648855,0.0548363636363636,0.389920424403183,0.3909574468085106,0.891156462585034,0.1723636363636363,0.3248945147679324,0.3265479219677693,0.7818181818181819,0.602577873254565,0.5846702317290553,0.1768292682926829,0.0408163265306122,0.4473684210526316,0.7058823529411765,0.0988184747583243,0.3369565217391304,0.8064516129032258,0.3205333333333333,0.562396006655574,0.0618666666666666,0.3448275862068966,0.2085333333333333,0.309462915601023,0.5469090909090909,0.3301805674978504,0.498627850781136,0.5312126816380449,0.4939947708894879,0.1151193633952254,0.1426416359369762,0.0108005082592121,0.1501379062237678,0.2898429068233601,8.177715038584603,25.622535211267607,0.2873743308525917,1.0,2009,2010,2701,1030,3731,2009-10,1158,2848,1519,1.0777591681496217,0.2848084989402928,6875,3144,5224,1596,326.95091602150706,228.70379937711823,-1181.2240482919854,57.36678459681208,693.3933668306638,595.0713911860145,-40.96841989570038,-1249.1228758854115,232.82786707578134,178.65876249117105,1999.8666666666666,1966.1333333333334,91.91412760850724,93.40566933405668,108.87844366105236,103.92054364871929,22.72,1610612747
15,1610612748,1610612748,MIA,MIA,1610612748,MIA,238560.0,82,187,7390,7402,1667,1914,878,14792,1166,1830,286,452,252,390,466,1107,858,2155,155,392,12,26,38,91,339,1034,29,87,73,279,2490,5092,494,1426,1452,7914,7727,381,722,41,113,177,1062,483,985,111,370,503,1802,2296,2684,1200,282,436,16,1018,339,347,8,1148,400,1548,248,152,505,160,483,3496,230,769,25,712,1758,231,2701,1024,3725,107,605,429,176,517,116,290,562,62,227,15,80,1079,89,215,920,1710,4.0,110,152,1635,87,161,1931,176,5.0,74,812,22,177,445,12,11.0,281,1.0,39,125,457,269,20,6,27,34,6852,1802,1667,172,156,0.4610441767068273,0.5052816901408451,0.8097165991902834,0.3464235624123422,0.3628318584070796,0.3,0.350354609929078,0.4890023566378633,0.5277008310249307,0.4903553299492386,0.4957042037434796,0.5299401197604791,0.4793357933579336,0.5347713663581927,0.5652406417112299,0.5377471539844219,0.2187787664927892,0.005610098176718,0.0681461115475255,0.121311475409836,0.087624209575429,0.0129930394431554,0.0076530612244897,0.0048355899419729,0.4791473586654309,0.8816793893129771,0.1082251082251082,0.690223792697291,0.2993382639159206,0.7471143756558237,0.2607709750566893,0.7057142857142857,0.2894813097652854,0.4213740458015267,0.3364928909952606,0.2185792349726776,0.2554179566563467,0.2754237288135593,0.589041095890411,0.6947368421052632,0.7693089430894309,0.7448559670781894,0.7544642857142857,0.0344605475040257,89.28772635814889,0.5886214442013129,16.520568335588635,15.735341799513645,15.701894451962112,14.924344771683328,0.2807609696225836,0.6371584699453552,0.7251243781094527,0.4331046312178387,0.1698373734274317,0.4209575429087624,0.4613861386138614,0.3433476394849785,0.3306228904571954,0.3981438515081206,0.4033850493653032,0.5629370629370629,0.0601411475912856,0.3954081632653061,0.3984575835475578,0.9806451612903224,0.1586376189015035,0.327852998065764,0.3294460641399417,0.7315634218289085,0.5413173652694611,0.6327433628318584,0.1538461538461538,0.0311377245508982,0.4615384615384615,0.9166666666666666,0.104191616766467,0.3333333333333333,0.6896551724137931,0.2878228782287823,0.6461538461538462,0.0671586715867158,0.4175824175824176,0.2059040590405904,0.2616487455197133,0.4995397361153728,0.3330058939096267,0.4864433266625615,0.5161932592592593,0.4790524289985052,0.1163017710221726,0.1417597765363128,0.0152460152460152,0.1341925701288855,0.2276977508213293,9.631264728986649,25.20813464235624,0.2255751014884979,0.0,2009,2010,2602,932,3534,2009-10,1024,2701,1452,1.0777591681496217,0.2848084989402928,6518,2984,4980,1482,290.7471500634904,231.1974590972834,-1162.902142433442,-26.582814667970254,650.5136170138522,708.8003245053907,-11.262123118420776,-1276.066855089152,116.16800162306095,231.05436925906042,2034.7833333333335,1941.2166666666667,87.16407152276655,91.5137413821229,107.09066305818673,104.39070521480681,21.87787664927892,1610612748
16,1610612749,1610612749,MIL,MIL,1610612749,MIL,239760.0,82,139,7630,7633,1793,2379,997,15263,1154,2067,289,523,261,459,512,1294,739,1824,213,532,24,53,41,113,432,1281,40,120,99,329,2405,5185,645,1813,1264,8009,7870,395,791,64,173,159,1141,491,1060,140,442,503,1905,2382,2428,1647,288,444,17,1263,431,407,14,1191,549,1740,344,205,585,194,412,4029,281,857,22,590,1900,224,2714,1160,3874,125,580,332,248,573,111,372,512,53,201,41,69,1085,103,261,980,1823,1.0,113,131,1662,116,223,1675,160,2.0,53,678,7,207,379,6,5.0,298,1.0,30,51,385,259,9,3,23,34,6868,1905,1793,192,188,0.4952182952182952,0.5455794777828676,0.8511627906976744,0.3557639271924986,0.3699421965317919,0.3167420814479638,0.3585746102449889,0.463837994214079,0.4993678887484197,0.4632075471698113,0.481923406687625,0.5093360995850622,0.466711051930759,0.5153985507246377,0.5388625592417061,0.5267409470752089,0.2590740211488996,0.0077220077220077,0.0784956605593057,0.1320754716981132,0.0741885625965996,0.0208333333333333,0.0131578947368421,0.0054644808743169,0.528110599078341,0.896,0.1111111111111111,0.7279693486590039,0.3116363636363636,0.7622739018087855,0.2504456327985739,0.7358156028368794,0.2939049586776859,0.4434589800443459,0.297680412371134,0.210820895522388,0.249379652605459,0.2531645569620253,0.6379888268156425,0.7523510971786834,0.7883008356545961,0.7743682310469314,0.7318181818181818,0.0360958706323996,91.66966966966967,0.6727272727272727,15.716906946264745,15.700248919166777,14.845871559633029,15.0484737324774,0.2953701057444984,0.5582970488630866,0.6432552954292085,0.5069324090121318,0.1849099742783652,0.3956723338485317,0.4273789649415693,0.37890625,0.2606458988282366,0.4051535087719298,0.4137737961926092,0.557510148849797,0.076021720491569,0.400375939849624,0.4057142857142857,0.9624413145539906,0.1830523006573306,0.3372365339578454,0.3390894819466248,0.7962962962962963,0.5425311203319502,0.5525812619502868,0.1453287197231834,0.0549792531120331,0.4528301886792453,0.875,0.1244813278008298,0.3333333333333333,0.825,0.3055925432756325,0.5686274509803921,0.0752330226364846,0.3628318584070796,0.2190412782956058,0.3009118541033435,0.5544441268933981,0.3412509897070467,0.4980701492537313,0.5213095483870968,0.4897962187711006,0.0910783140539821,0.1188847974750131,0.0038503850385038,0.1424647271819203,0.237857410413285,8.611533269045324,25.38665195808053,0.2349934469200524,1.0,2009,2010,2780,1168,3948,2009-10,1160,2714,1264,1.0777591681496217,0.2848084989402928,6998,3050,4810,1935,75.15353224574528,339.5460341557399,-1169.3686974423395,0.893903491243419,568.4788984263231,772.3912121846538,-123.93592955233905,-1351.5099968596255,197.94616775642908,196.00756705514243,1998.6666666666667,1997.3333333333333,91.62108072048031,91.71829105473967,104.96723460026212,103.10493908030918,25.90740211488997,1610612749
17,1610612750,1610612750,MIN,MIN,1610612750,MIN,237360.0,82,-787,7907,7917,2047,1982,1003,15824,1315,2196,327,546,317,549,703,1725,685,1821,96,267,7,27,19,62,307,914,19,72,78,278,2703,5742,403,1181,1436,8051,8838,463,847,26,99,191,1195,633,1336,97,340,583,2140,2570,2836,1023,186,518,32,880,305,430,12,1285,341,1626,253,88,610,271,404,3593,175,946,30,745,1764,196,2705,1151,3856,95,597,403,194,721,118,463,613,67,258,20,125,1334,93,332,837,1699,5.0,99,156,1683,83,152,1925,188,1.0,35,858,12,165,300,6,3.0,205,3.0,18,77,306,192,14,2,33,47,6856,2140,2047,192,160,0.4753977062523122,0.5257774140752864,0.8461538461538461,0.3412362404741744,0.2626262626262626,0.2852941176470588,0.3489991296779808,0.4707419017763845,0.5466351829988194,0.4738023952095808,0.4777553083923154,0.5306553911205074,0.4644988066825776,0.5163470202085211,0.5629139072847682,0.524078624078624,0.1705907843420482,0.0101608806096528,0.07488679902473,0.1306921675774134,0.0742028985507246,0.0082372322899505,0.0112359550561797,0.0098468271334792,0.54047976011994,0.8868778280542986,0.1265822784810126,0.7027888446215139,0.3151232511658894,0.7282502443792767,0.2430555555555555,0.710161335975092,0.3011821601289629,0.3917525773195876,0.2988165680473373,0.2699551569506726,0.2355072463768115,0.2678571428571428,0.607190412782956,0.6748768472906403,0.78,0.737062937062937,0.7077922077922078,0.0289105295191722,96.0,0.6274509803921569,14.902617933476666,15.097259062776304,14.12115846718098,14.419729695591764,0.3172035244836054,0.598816029143898,0.6888423258250392,0.4638783269961977,0.2491694352159468,0.4075362318840579,0.4402003757044458,0.3854907539118065,0.2630362559583995,0.3761669412410763,0.3792912513842746,0.5897810218978102,0.0385670951899465,0.3595505617977528,0.3636363636363636,0.9166666666666666,0.1320236891521017,0.3358862144420131,0.3392265193370166,0.8241042345276873,0.5771670190274841,0.5989010989010989,0.1498470948012232,0.0285412262156448,0.2592592592592592,0.7142857142857143,0.0761099365750528,0.2638888888888889,0.8947368421052632,0.3275656324582339,0.5774134790528234,0.0369928400954653,0.3064516129032258,0.1658711217183771,0.2805755395683453,0.4877943088256536,0.3465909090909091,0.4918909176709743,0.5190209134615384,0.4823690606060606,0.1144134665965281,0.1338116032439176,0.0100671140939597,0.1484287666128431,0.2658054900012421,8.551602229188436,25.58374259102456,0.2588845326925509,2.0,2009,2010,3039,778,3817,2009-10,1151,2705,1436,1.0777591681496217,0.2848084989402928,6923,3106,5406,1209,150.34301304946257,174.97738977536642,-1437.7307303115954,25.266072747778082,637.7468945183012,708.8891360480125,-21.739593369017573,-1264.2115042395062,550.6387805943175,361.6427346317597,1963.9166666666667,1992.0833333333333,96.6273178597191,95.38155197657395,101.8211711142026,111.63319439181508,17.059078434204825,1610612750
18,1610612751,1610612751,NJN,NJN,1610612751,NJN,237360.0,82,-748,7552,7554,2030,1830,907,15106,1302,2310,284,540,337,618,472,1251,662,1808,137,390,6,21,35,120,240,795,19,66,70,255,2436,5369,377,1185,1572,7575,8323,348,733,25,87,210,981,567,1337,105,375,576,2025,2416,2456,996,135,480,18,774,237,416,5,1208,332,1540,196,136,635,174,399,3412,180,853,13,566,1730,222,2518,1046,3564,112,573,367,206,638,96,390,544,59,248,26,101,1182,98,293,906,1643,3.0,71,133,1646,77,138,2015,175,4.0,53,900,7,166,386,7,4.0,294,3.0,18,74,393,218,14,3,22,26,6594,2025,2030,162,145,0.4958949096880131,0.5500910746812386,0.8806366047745358,0.3181434599156118,0.2873563218390804,0.28,0.3204798628963153,0.453715775749674,0.4747612551159618,0.4240837696335078,0.4579646017699115,0.4701219512195121,0.4231892523364486,0.5057062298603652,0.5158394931362197,0.488338192419825,0.1808056148916692,0.0042194092827004,0.0774818401937046,0.132034632034632,0.0711430855315747,0.0121681415929203,0.0025641025641025,0.0050314465408805,0.5397631133671743,0.888,0.0580357142857142,0.6700232378001549,0.2946459412780656,0.7398692810457517,0.2359108781127129,0.6859874514490588,0.2823947512301804,0.385,0.3081924577373212,0.2051509769094138,0.2213592233009708,0.2661290322580645,0.5729275970619098,0.6825396825396826,0.7547547547547547,0.7253521126760564,0.7817258883248731,0.0345465761875385,91.64408493427705,0.55470737913486,16.18511652542373,15.240931956579296,15.50582627118644,14.463860206513106,0.3524565151052792,0.5636363636363636,0.6493765586034913,0.4877112135176651,0.1908758010375343,0.3772981614708233,0.406196213425129,0.3686440677966102,0.2758620689655172,0.3661504424778761,0.3706606942889138,0.6027190332326284,0.0595056454073848,0.3512820512820512,0.352185089974293,0.9927007299270072,0.1212999694842844,0.3018867924528302,0.3034134007585335,0.8166666666666667,0.6585365853658537,0.5259259259259259,0.102112676056338,0.0256097560975609,0.2857142857142857,1.0,0.0804878048780487,0.2878787878787879,0.8421052631578947,0.3609813084112149,0.5453074433656958,0.0700934579439252,0.2916666666666667,0.1489485981308411,0.2745098039215686,0.5332621299969484,0.3062015503875969,0.4957539727495407,0.5298296897038082,0.4924201356132075,0.1245536940400988,0.1476862487692812,0.0058922558922558,0.1295049504950495,0.2673267326732673,8.39471037437139,25.046919831223622,0.2688029661016949,3.0,2009,2010,2933,808,3741,2009-10,1046,2518,1572,1.0777591681496217,0.2848084989402928,6554,2813,4872,1131,-14.190044146110267,101.8750022297628,-1273.9113367528528,-64.26310714864495,731.9729491608219,672.7189190132242,58.78511210674473,-1238.3452842039153,481.1694503042231,275.2573095336478,2037.166666666667,1918.8333333333333,88.97062914178187,94.48241118735343,100.30455508474576,110.18003706645486,18.08056148916692,1610612751
19,1610612752,1610612752,NYK,NYK,1610612752,NYK,238560.0,82,-313,7785,7790,1709,1941,852,15575,1403,2306,291,487,336,533,332,802,649,1623,172,458,17,40,41,95,571,1687,40,108,117,370,2384,4731,743,2145,1376,8373,8686,367,673,57,148,145,1050,517,1008,158,465,443,1951,2282,2486,1893,336,442,23,1663,570,362,6,1141,631,1772,468,163,667,106,368,4175,302,658,21,695,1712,215,2622,981,3603,139,586,375,211,585,122,362,563,64,223,33,98,1148,77,218,835,1638,4.0,85,148,1575,64,185,1759,188,3.0,50,788,16,140,302,3,1.0,217,2.0,15,70,305,191,11,1,10,33,7323,1951,1709,176,122,0.4786073825503356,0.5275080906148867,0.8492597577388964,0.3463869463869464,0.3851351351351351,0.3397849462365591,0.3496701225259189,0.5039103783555273,0.5453194650817236,0.5128968253968254,0.5087987201861548,0.5511571254567601,0.5118805159538357,0.5465329663127539,0.5821309655937846,0.5644225188624492,0.3119546247818499,0.0027972027972027,0.0765165926865356,0.1188204683434518,0.084788029925187,0.0123228589032655,0.0065502183406113,0.0017783046828689,0.509581881533101,0.8811475409836066,0.1117021276595744,0.6828879138412445,0.2834984920292977,0.7254697286012526,0.2232076866223207,0.6946608946608946,0.261295590636908,0.375,0.2817204301075269,0.1989583333333333,0.2162921348314606,0.2491228070175438,0.5792474344355758,0.695852534562212,0.7671092951991828,0.7270194986072424,0.7208333333333333,0.0419685990338164,94.01408450704226,0.6262295081967213,14.930250481695568,15.703209242618742,14.303532434168272,14.958151476251604,0.335369400814427,0.6084128360797918,0.6904527559055118,0.4754098360655737,0.1166375799883653,0.4139650872817955,0.4523160762942779,0.3192771084337349,0.2360383944153577,0.3998767714109673,0.404865876481597,0.5670261941448382,0.066608493310064,0.3755458515283842,0.378021978021978,0.9476744186046512,0.2453461314717859,0.3384706579727327,0.3390736342042755,0.819614711033275,0.5931790499390986,0.5975359342915811,0.1546391752577319,0.0487210718635809,0.425,0.8235294117647058,0.1315468940316687,0.3703703703703703,0.975,0.361846571622539,0.6303939962476548,0.0644942294636795,0.431578947368421,0.2511880515953835,0.3162162162162162,0.6473240255962769,0.3427540589296452,0.5166600335913538,0.5332659836065574,0.5038612792297111,0.1073574576044865,0.1478146689176514,0.0074142724745134,0.1254030813328556,0.2330108682670488,8.007863031071654,25.29477855477856,0.2195247270391779,1.0,2009,2010,2347,1402,3749,2009-10,981,2622,1376,1.0777591681496217,0.2848084989402928,6876,3127,4768,2229,389.5446921860464,347.5574535206265,-1237.2675250357656,-128.17835366037383,642.4555549740045,641.8262587668792,33.02822871116051,-1273.9113367528528,629.6758609127423,278.3205072129739,1937.2,2038.8,96.44848234565353,91.70100058858152,107.55298651252409,111.50192554557124,31.195462478184993,1610612752
20,1610612753,1610612753,ORL,ORL,1610612753,ORL,236760.0,82,614,7525,7514,2445,1737,846,15039,1238,1981,235,396,372,597,466,1047,460,1125,273,655,27,63,74,184,568,1586,37,106,162,487,2164,4153,841,2241,1575,8426,7812,300,548,64,169,255,1047,658,1253,236,671,707,2731,1822,2506,2112,411,374,27,1559,568,284,4,911,704,1615,441,263,600,144,167,3934,341,590,33,673,2037,195,2905,964,3869,86,512,347,165,551,125,339,604,61,212,26,114,1155,84,371,785,1629,2.0,93,178,1814,99,119,2176,186,5.0,75,853,29,254,449,7,5.0,303,2.0,32,114,456,263,49,5,33,46,7379,2731,2445,148,234,0.4209796672828096,0.4607991906929691,0.8370986920332937,0.3752788933511825,0.378698224852071,0.3517138599105812,0.3798554652213188,0.5210691066698772,0.5474452554744526,0.5251396648044693,0.5357366280888333,0.5523012552301255,0.525987525987526,0.5701730480991961,0.5921501706484642,0.569777217318201,0.3504848295276822,0.001784917447568,0.0683843005056585,0.1014639071176173,0.0639923591212989,0.0142222222222222,0.0015267175572519,0.0018915510718789,0.477056277056277,0.8783783783783784,0.1081967213114754,0.7197879858657243,0.299492385786802,0.7807424593967517,0.2535315985130111,0.7340195016251354,0.2808446455505279,0.4073569482288828,0.268630849220104,0.2063732928679817,0.2455958549222797,0.2736842105263158,0.6093189964157706,0.7247474747474747,0.7935054121565362,0.7792998477929984,0.7853658536585366,0.0283922086497193,91.46882919412064,0.5767543859649122,15.50312292358804,15.983364386478572,14.794551495016613,15.220122438115515,0.3098217078511104,0.6249369005552751,0.6955056179775281,0.4846526655896607,0.1637472630591179,0.4450811843361986,0.4755102040816326,0.3090128755364807,0.1759461995620894,0.4088888888888889,0.4147880973850316,0.3630434782608696,0.1024397873005943,0.416793893129771,0.4174311926605504,0.9633699633699634,0.2480450422270879,0.3581336696090794,0.3588123815540113,0.7764084507042254,0.5523012552301255,0.5934343434343434,0.1234042553191489,0.0878661087866108,0.4285714285714285,0.925925925925926,0.1478382147838214,0.3490566037735849,0.8648648648648649,0.3102910602910603,0.6231155778894473,0.0956340956340956,0.4021739130434782,0.2531185031185031,0.3326488706365503,0.6603065373787926,0.36433611289288,0.5183279874213836,0.5293670948616601,0.5071633438818565,0.1244883556810162,0.1769709543568464,0.01280353200883,0.124258248279136,0.3241158319487301,7.32222489766434,25.374609549308342,0.3249169435215946,0.0,2009,2010,1989,1400,3389,2009-10,964,2905,1575,1.0777591681496217,0.2848084989402928,6394,3005,4328,2523,462.5996117943878,537.4786634364632,-1244.811839212813,-72.21715656115784,675.7824156460446,620.1797864545167,-113.96275543897562,-1131.6471265571029,32.37470198232495,298.12387374234015,1944.35,2001.6499999999999,92.88451153341734,90.093672720006,111.9734219269103,103.96593026350811,35.04848295276822,1610612753
21,1610612755,1610612755,PHI,PHI,1610612755,PHI,237660.0,82,-320,7569,7555,1719,1936,921,15124,1317,2155,271,484,293,474,535,1331,761,1839,142,358,20,38,21,75,332,1023,33,75,74,298,2613,5325,474,1381,1366,8014,8334,389,752,53,113,180,1117,544,1075,95,373,436,1809,2626,2600,1230,192,454,29,993,331,327,5,1313,410,1723,276,134,690,225,398,3856,196,875,12,659,1696,207,2562,1083,3645,140,667,395,272,621,125,375,571,51,246,21,111,1192,105,240,841,1677,5.0,91,110,1533,86,122,1808,177,0.0,41,820,11,136,428,11,8.0,310,3.0,29,89,439,245,34,3,39,39,6897,1809,1719,186,120,0.5024875621890548,0.5502933780385583,0.8649789029535865,0.3432295438088342,0.4690265486725664,0.2546916890080429,0.3498520710059171,0.4907042253521126,0.5172872340425532,0.5060465116279069,0.4956755144646585,0.5416184971098266,0.4741022099447514,0.5324839914621131,0.5720164609053497,0.526608187134503,0.205934983596779,0.00362056480811,0.0614084507042253,0.096983758700696,0.0743801652892562,0.010331702011963,0.0055865921787709,0.002932551319648,0.5209731543624161,0.8961038961038961,0.0603015075376884,0.6773162939297125,0.3267363704256908,0.7404494382022472,0.2341696535244922,0.6938715380082499,0.3046941678520626,0.4567307692307692,0.3223350253807107,0.2277882797731569,0.226475279106858,0.2571428571428571,0.587709497206704,0.6937212863705973,0.75,0.7676609105180534,0.6719367588932806,0.0439009093759799,91.6374652865438,0.5580865603644647,15.37217598097503,16.05665122435473,14.679482098031444,15.318596955658505,0.3213540113331345,0.6111368909512761,0.6767728674203495,0.5239179954441914,0.1984789740530868,0.4019534184823441,0.4342532467532468,0.4205607476635514,0.2742320310169997,0.4138118542686242,0.4181318681318681,0.5229960578186597,0.0533850283328362,0.3966480446927374,0.398876404494382,0.943661971830986,0.1525499552639427,0.324535679374389,0.3254901960784314,0.8313253012048193,0.5595375722543353,0.5599173553719008,0.1549815498154981,0.0439306358381502,0.5263157894736842,0.9,0.0867052023121387,0.44,0.8787878787878788,0.3273480662983425,0.6181434599156118,0.0517955801104972,0.28,0.2058011049723757,0.2483221476510067,0.5272889949299135,0.3333333333333333,0.4985045345525408,0.5215814713896457,0.4961907238229093,0.1129076086956521,0.1373994638069705,0.0079022988505747,0.139381083104567,0.2257299725480409,8.567586854460094,25.705792903692974,0.2271105826397146,1.0,2009,2010,2712,907,3619,2009-10,1083,2562,1366,1.0777591681496217,0.2848084989402928,6706,3087,5226,1422,319.39431068361,212.02274739152028,-1284.688928434349,27.18241718406289,615.1467427335216,693.5573467322653,32.94622623115545,-1283.6111692661993,353.00361135762887,443.4052154755267,1939.2,2021.7999999999997,93.67574257425743,89.682461173212,105.87924428590303,110.31105228325612,20.593498359677902,1610612755
22,1610612756,1610612756,PHX,PHX,1610612756,PHX,236760.0,82,402,7819,7838,2184,2073,916,15657,1374,2165,302,530,358,547,570,1267,665,1586,210,473,11,36,56,125,520,1297,26,65,166,409,2609,5018,730,1770,1631,9039,8637,398,748,37,101,225,1132,642,1247,222,534,645,2595,2654,2564,1755,435,462,22,1274,519,354,11,1327,585,1912,382,203,776,220,331,4409,279,763,34,688,1919,191,2798,1076,3874,141,479,315,164,646,138,411,564,52,235,25,104,1210,93,311,910,1713,2.0,92,138,1785,98,176,2117,207,1.0,68,924,9,195,413,5,4.0,245,1.0,18,150,418,218,23,7,23,41,7907,2595,2184,196,176,0.5086239938673821,0.5580319596299411,0.8013698630136986,0.4124293785310734,0.3663366336633663,0.4157303370786517,0.4170480549199085,0.5199282582702272,0.5320855614973262,0.5148356054530874,0.5456688273423689,0.5341578327444052,0.5474452554744526,0.5824468085106383,0.5760204081632653,0.5974025974025974,0.2607542722451385,0.0062146892655367,0.0705460342766042,0.1043879907621247,0.0891870560378847,0.0094577553593947,0.0021141649048625,0.007710100231303,0.5338842975206611,0.8304347826086956,0.1410788381742738,0.6660881638320028,0.3200503355704698,0.7056410256410256,0.2806841046277666,0.6760892116182573,0.3084665482534043,0.4173027989821883,0.3265602322206096,0.231023102310231,0.2670299727520436,0.3192307692307692,0.5834266517357223,0.6566998892580288,0.7419354838709677,0.704225352112676,0.7094339622641509,0.0466887417218543,95.22757222503802,0.5215311004784688,14.632689602250927,15.609466700688952,13.969945005755212,14.808369482010717,0.3189451974071892,0.6346420323325636,0.7086126869520372,0.5647743813682679,0.1866529169121979,0.4498816101026046,0.4939341421143847,0.3859649122807017,0.2336476134354743,0.4192938209331652,0.423297262889879,0.4977443609022556,0.0696817913965822,0.4439746300211416,0.4449152542372881,0.9666666666666668,0.1910724808485562,0.4009252120277564,0.404040404040404,0.7346153846153847,0.624263839811543,0.569811320754717,0.152317880794702,0.0424028268551236,0.3055555555555556,0.9090909090909092,0.0765606595995288,0.4,0.8076923076923077,0.3071308253790005,0.6544789762340036,0.0701852891633913,0.448,0.2296462661426165,0.4058679706601467,0.5796994696523277,0.4073783359497645,0.5129119843264823,0.529112839879154,0.5053760807736064,0.1241847464395048,0.1611159546643417,0.0050618672665916,0.1252350923774753,0.2870892797875871,8.019529693104822,25.134802259887003,0.279319606087735,1.0,2009,2010,2409,1040,3449,2009-10,1076,2798,1631,1.0777591681496217,0.2848084989402928,6788,3339,5218,2190,549.2590191228946,601.5994421109953,-1304.0885934610421,48.79882524249947,749.7809937541432,727.8633849750512,133.93579747999766,-1148.8912732474967,223.8025745682744,291.38602127602724,1906.8833333333334,2039.1166666666666,98.4097960896052,92.25171029939435,115.60301828878373,110.19392702219955,26.07542722451385,1610612756
23,1610612757,1610612757,POR,POR,1610612757,POR,238260.0,82,271,7237,7241,1974,1942,912,14478,1178,1903,266,472,314,488,479,1137,826,2025,186,481,13,41,59,149,305,907,31,84,85,319,2483,5065,491,1388,1606,8045,7774,380,710,44,125,249,1141,591,1167,144,468,652,2266,2454,2512,1341,132,374,31,876,305,325,8,1227,447,1674,268,179,611,145,471,3795,230,809,24,657,1692,204,2553,1063,3616,120,523,319,204,485,94,303,527,47,182,23,82,1012,91,251,753,1715,2.0,122,156,1763,112,193,2033,183,3.0,56,821,21,232,343,7,7.0,279,0.0,5,59,350,192,30,6,27,34,6904,2266,1974,211,220,0.4941602899718083,0.5344076655052264,0.910386965376782,0.3537463976945245,0.352,0.3076923076923077,0.3618275607958732,0.4902270483711747,0.5352112676056338,0.506426735218509,0.4989152332248566,0.5341317365269461,0.4935779816513762,0.5449530036779731,0.5843621399176955,0.5572065378900446,0.2150937548427088,0.0057636887608069,0.0641658440276406,0.1198108250131371,0.0562884784520668,0.0162962962962962,0.0062370062370062,0.0055126791620727,0.4792490118577075,0.8571428571428571,0.1182266009852216,0.6908942425479788,0.3187549251379039,0.7648428405122235,0.2784503631961259,0.7100967351874244,0.308858501783591,0.4114365411436541,0.3092307692307692,0.2672929120409906,0.2835820895522388,0.2689655172413793,0.5815950920245399,0.7001594896331739,0.7735849056603774,0.7631160572337043,0.7695652173913043,0.0394866732477788,87.50239234449761,0.5485714285714286,17.05195523006771,15.861759425493716,16.142324167472708,15.15992266261566,0.2949015961568262,0.6190225959012087,0.7032835820895522,0.5186757215619694,0.1761971176197117,0.4212840809146878,0.4464119291705498,0.302713987473904,0.3138075313807531,0.4079012345679012,0.4146586345381526,0.5702179176755447,0.074538974120564,0.3866943866943867,0.3891213389121339,0.9623655913978496,0.1405547807221447,0.3362734288864388,0.3381374722838137,0.8786885245901639,0.5652694610778443,0.5635593220338984,0.1992481203007518,0.0491017964071856,0.3170731707317073,1.0,0.1005988023952095,0.369047619047619,0.935483870967742,0.2984709480122324,0.6434426229508197,0.091131498470948,0.3959731543624161,0.1951070336391437,0.2664576802507837,0.5099953509995351,0.3481735159817352,0.4885156298721546,0.5202479768786127,0.4878535847880299,0.1184414122942748,0.1439593196563212,0.0149359886201991,0.1418272218769422,0.2816656308266004,9.521461006910169,25.144740634005764,0.2727649578554649,0.0,2009,2010,2582,897,3479,2009-10,1063,2553,1606,1.0777591681496217,0.2848084989402928,6453,2974,4966,1473,299.7075481855336,252.4088835054747,-1090.692278167417,50.74961454334571,757.1784343487209,618.6169440664362,-18.24747283823122,-1188.7683624690328,364.0280328992078,214.30654201562515,2056.75,1914.25,84.44779384951987,90.78438030560272,111.16484731242227,107.36086175942549,21.509375484270883,1610612757
24,1610612758,1610612758,SAC,SAC,1610612758,SAC,238560.0,82,-358,7776,7781,1906,2310,995,15557,1412,2347,298,543,354,601,519,1318,731,1847,149,360,15,33,39,86,333,1023,24,77,77,276,2662,5512,482,1383,1430,8200,8558,439,839,39,110,195,1190,617,1271,116,362,501,2083,2508,2816,1275,171,532,21,1002,333,462,6,1254,425,1679,281,144,637,177,440,3783,194,949,30,642,1859,208,2709,1173,3882,143,564,359,205,586,146,342,641,39,244,16,119,1227,102,270,913,1827,6.0,135,161,1650,113,148,1968,209,2.0,51,872,6,186,364,2,2.0,226,0.0,11,127,366,210,13,6,24,30,7010,2083,1906,216,166,0.4710743801652892,0.5233722871452421,0.8817427385892116,0.3485177151120752,0.3545454545454545,0.3204419889502762,0.3538913362701908,0.4829462989840348,0.5232419547079857,0.4854445318646735,0.4909354604786077,0.5242360379346681,0.4843845682792406,0.5265875064532782,0.5550887021475257,0.532133676092545,0.2005801305293691,0.0043383947939262,0.0838171262699564,0.1154665530464422,0.1282245827010622,0.0119112073632918,0.0055555555555555,0.0039100684261974,0.4775876120619396,0.8559670781893004,0.1079136690647482,0.6880088823094005,0.3379629629629629,0.7588652482269503,0.229585798816568,0.7049041713641488,0.3128935121817684,0.4,0.41191381495564,0.2321755027422303,0.2,0.3219512195121951,0.5930087390761548,0.6651108518086347,0.7796934865900383,0.7570093457943925,0.7647058823529411,0.0448135380758382,93.90543259557344,0.5737704918032787,15.424254115226338,15.244955661226063,14.750385802469136,14.562010024418456,0.3403915881073242,0.6016190881976992,0.6801541425818882,0.4511331444759207,0.1911530094271211,0.3937784522003035,0.4516971279373368,0.3410404624277456,0.2678752719361856,0.3957769355711965,0.4005479452054794,0.6019151846785226,0.0522117476432197,0.4138888888888888,0.4162011173184357,0.9664429530201344,0.1483683828861494,0.3255131964809384,0.3267909715407262,0.8438438438438438,0.5721812434141201,0.5488029465930019,0.1073825503355704,0.0347734457323498,0.4545454545454545,1.0,0.0811380400421496,0.3116883116883117,0.9166666666666666,0.3680342927127985,0.589018302828619,0.0526638089406001,0.4534883720930232,0.1690140845070422,0.2789855072463768,0.5409717186366932,0.3323353293413174,0.5012126474442988,0.5219257946210268,0.4991282352941176,0.116106850039672,0.1412145748987854,0.0043258832011535,0.1451219512195121,0.2540243902439024,8.148022496371553,25.16102675343456,0.2451131687242798,0.0,2009,2010,2850,901,3751,2009-10,1173,2709,1430,1.0777591681496217,0.2848084989402928,6895,3144,5324,1446,258.21313222380786,232.02549922982223,-1322.4104993195858,57.57151363226521,616.3780487804876,768.352114518999,2.4691252566261492,-1208.168027495726,383.7452481815485,266.25474108832634,1998.9833333333333,1977.0166666666667,93.3594577243432,94.45747380312086,105.45267489711934,109.98586299961444,20.05801305293691,1610612758
25,1610612759,1610612759,SAS,SAS,1610612759,SAS,237360.0,82,417,7529,7533,1914,1951,908,15062,1402,2208,288,484,331,508,529,1241,665,1663,222,578,16,48,59,153,332,969,29,88,97,279,2596,5112,554,1547,1458,8312,7895,390,742,45,136,146,1061,584,1132,156,432,539,2175,2670,2522,1482,180,424,15,954,332,398,19,1335,494,1829,276,218,700,226,409,4152,257,754,50,547,2051,211,2809,1061,3870,112,516,312,204,567,136,363,549,46,204,22,72,1116,104,275,817,1669,0.0,107,146,1670,89,147,1969,224,4.0,59,842,22,198,379,2,2.0,282,0.0,9,88,381,221,6,2,34,25,7251,2175,1914,188,184,0.5142526964560863,0.55998322147651,0.8916967509025271,0.3581124757595346,0.3308823529411764,0.3611111111111111,0.3616187989556135,0.5078247261345853,0.5256064690026954,0.5159010600706714,0.5146418381138309,0.5210706150341685,0.5230179028132992,0.5517149339383425,0.5516162669447341,0.5721840296139609,0.2323171647394503,0.0122818358112475,0.0778560250391236,0.1263586956521739,0.0773569701853344,0.0138304269392663,0.0121107266435986,0.0123839009287925,0.5080645161290323,0.890295358649789,0.2040816326530612,0.7204074464348437,0.3030546623794212,0.7544827586206897,0.2719576719576719,0.7273236282194849,0.2944946111272939,0.4177057356608479,0.2773826458036984,0.2278738555442523,0.2478920741989882,0.3125,0.5952649379932357,0.7552693208430913,0.7938517179023508,0.78,0.6742857142857143,0.0370125578321216,91.37714863498483,0.5800524934383202,16.16230575109576,15.35563520509757,15.32195510691991,14.662153192619142,0.3315813185162937,0.634963768115942,0.7268014515292898,0.4992867332382311,0.1863643189668118,0.4262691377921031,0.4620087336244541,0.4272211720226843,0.249737197777444,0.3998797354179194,0.4054878048780488,0.6150375939849624,0.0867998197927616,0.3840830449826989,0.3887915936952714,0.981981981981982,0.1455173449466887,0.3426212590299277,0.3469174503657262,0.8313253012048193,0.55125284738041,0.5950413223140496,0.2013888888888889,0.0546697038724373,0.3333333333333333,0.875,0.1002277904328018,0.3295454545454545,0.8275862068965517,0.3248081841432225,0.6515748031496063,0.0978260869565217,0.3856209150326797,0.178388746803069,0.3476702508960573,0.5638984832557441,0.3480083857442348,0.5075473025919228,0.5271992897727272,0.4992430967741936,0.1184372858122001,0.1469458987783595,0.0140575079872204,0.1276467757459095,0.261669874879692,8.379597026604069,24.766257272139622,0.2542170274936911,0.0,2009,2010,2516,993,3509,2009-10,1061,2809,1458,1.0777591681496217,0.2848084989402928,6659,3150,5192,1662,454.7938392031124,299.51285297606864,-1202.7792316549778,14.522094437165082,642.2009752608253,645.5675965665232,-91.43231600783989,-1112.2474615304095,191.4408139401453,184.56951528952175,2028.0999999999997,1927.9,89.0961984123071,93.77664816639867,110.39978748837827,104.80552236824639,23.23171647394504,1610612759
26,1610612760,1610612760,OKC,OKC,1610612760,OKC,237660.0,82,286,7677,7684,1999,2089,963,15361,1370,2257,327,563,312,541,539,1274,736,1869,98,291,10,26,33,82,320,938,24,73,78,269,2645,5400,418,1229,1778,8322,8036,426,827,34,99,190,1144,576,1222,111,351,673,2158,2540,2750,1107,147,558,11,926,319,379,5,1270,369,1639,273,96,636,196,438,3647,204,903,23,647,1888,215,2750,1130,3880,129,654,415,239,616,112,322,611,69,294,26,88,1227,96,316,920,1743,1.0,98,190,1753,88,159,2210,201,1.0,50,951,28,191,469,12,8.0,321,4.0,40,108,481,277,18,9,16,28,7178,2158,1999,159,176,0.4801512287334593,0.536770921386306,0.8827751196172249,0.340113913751017,0.3434343434343434,0.3162393162393162,0.3423645320197044,0.4898148148148148,0.5151148730350665,0.4713584288052373,0.4935887765877206,0.5151187904967602,0.472027972027972,0.5446228774516256,0.5521739130434783,0.548155737704918,0.1853974958515613,0.0040683482506102,0.0701851851851851,0.1209570225963668,0.0659340659340659,0.0117710005350454,0.0068728522336769,0.0031982942430703,0.5020374898125509,0.8565737051792829,0.1059907834101382,0.6887997081357169,0.3328418724659049,0.7462514417531718,0.2645914396887159,0.7026053215077606,0.3177382319173364,0.443557582668187,0.3681318681318681,0.2220216606498194,0.2746113989637305,0.234375,0.5935613682092555,0.7023809523809523,0.7739656912209889,0.7629179331306991,0.69377990430622,0.0415057915057915,93.0734662963898,0.5758835758835759,15.27432590855803,15.668792295679332,14.572880031262212,14.997267048412285,0.3404736762709308,0.6070004430660169,0.6905241935483871,0.4642335766423358,0.1921858500527983,0.4230769230769231,0.4529411764705882,0.3636363636363636,0.2819429778247096,0.3937934724451578,0.3984840281537629,0.595108695652174,0.0438980238346658,0.3367697594501718,0.3391003460207612,0.979591836734694,0.1414994720168954,0.3411513859275053,0.3422459893048128,0.853125,0.6079913606911447,0.5808170515097691,0.1039755351681957,0.0280777537796976,0.3846153846153846,1.0,0.0788336933045356,0.3287671232876712,1.0,0.343928798474253,0.5767097966728281,0.0521296884933248,0.4024390243902439,0.1710108073744437,0.2899628252788104,0.5258711721224921,0.3444924406047516,0.5012400801451686,0.5219200767263428,0.495498782051282,0.1321901161220632,0.1546341463414634,0.0222929936305732,0.13746695505888,0.2593126652247056,8.405333333333333,24.874288039056143,0.2603881724632018,1.0,2009,2010,2755,811,3566,2009-10,1130,2750,1778,1.0777591681496217,0.2848084989402928,6629,3063,5290,1254,315.7614368210807,178.374463743879,-1322.4104993195858,81.82751270879278,853.1964129941726,701.8782668620674,10.695684775477284,-1334.2658501692317,188.28628129414074,205.43752408597857,1954.35,2006.6499999999999,94.27584618927008,91.90242443874119,108.40171942164908,104.58094742321707,18.539749585156134,1610612760
27,1610612761,1610612761,TOR,TOR,1610612761,TOR,237360.0,82,-146,7644,7666,2065,2318,839,15310,1363,2149,269,446,346,546,499,1157,819,1928,133,300,11,27,40,87,385,1097,26,73,109,334,2681,5234,518,1397,1618,8534,8680,374,693,37,100,167,1026,646,1259,149,421,637,2376,2736,2626,1308,246,418,44,1050,382,349,11,1368,436,1804,310,126,693,221,454,4044,219,722,25,759,1710,204,2673,966,3639,127,469,255,214,580,106,356,520,52,224,25,74,1100,73,290,908,1819,5.0,101,157,1727,95,144,2118,203,1.0,50,908,14,209,379,5,2.0,255,3.0,26,98,384,219,18,4,31,48,7508,2376,2065,214,189,0.5102573666542335,0.5533980582524272,0.8416988416988417,0.3707945597709377,0.37,0.3539192399049881,0.3806356245380635,0.5122277416889568,0.5396825396825397,0.5131056393963463,0.5214899713467048,0.5416141235813366,0.5175595238095239,0.5618549880920879,0.5770528683914511,0.5724672806592341,0.2106771226059418,0.0078740157480314,0.0666794038975926,0.113075849232201,0.0708729472774416,0.0124481327800829,0.01,0.0072926162260711,0.5272727272727272,0.8793103448275862,0.0980392156862745,0.675622283682339,0.2857142857142857,0.7544731610337972,0.271039603960396,0.6980491942324003,0.2821589205397301,0.3766066838046272,0.2964669738863287,0.2149362477231329,0.2635658914728682,0.3006134969325153,0.594475138121547,0.6736214605067065,0.7539267015706806,0.7675378266850069,0.7204301075268817,0.0425888665325285,92.88169868554095,0.5703125,15.25130821559393,15.755152621967127,14.607012035583464,15.003913383772502,0.3240838485899562,0.6342484876686831,0.7151101783840503,0.5084372707263389,0.1744834866535967,0.4312878133102852,0.4641860465116279,0.4428857715430861,0.2907555421505052,0.4247925311203319,0.4301470588235294,0.5543345543345544,0.0452420449404313,0.4433333333333333,0.4478114478114478,0.9473684210526316,0.1654350776655105,0.3509571558796718,0.3535353535353535,0.8051948051948052,0.562421185372005,0.6031390134529148,0.1524163568773234,0.0340479192938209,0.4074074074074074,0.9090909090909092,0.0920554854981084,0.3561643835616438,0.8846153846153846,0.325,0.6336996336996337,0.0517857142857142,0.4597701149425287,0.1988095238095238,0.3263473053892216,0.534760971195898,0.3638095238095238,0.5001454255319149,0.515475431711146,0.4907965791081246,0.1254592461559396,0.1528876915305607,0.0099290780141843,0.1202249824232481,0.2784157487696274,9.081085212074894,25.88668575518969,0.2701465201465201,3.0,2009,2010,2553,879,3432,2009-10,966,2673,1618,1.0777591681496217,0.2848084989402928,6631,3199,5362,1554,504.6645546121522,318.1838615159312,-1185.5350849645838,-60.85298909786379,737.2552077881292,788.1581178687321,24.310762970516997,-1121.947294043756,399.94254661227023,356.6754343011029,1943.0166666666667,2012.9833333333333,94.41812988394335,91.39867029864463,111.64311878597593,113.22723715105661,21.067712260594178,1610612761
28,1610612762,1610612762,UTA,UTA,1610612762,UTA,237060.0,82,438,7718,7700,2317,2328,912,15418,1647,2608,301,523,436,704,422,1031,719,1729,115,256,8,18,32,87,324,951,24,87,105,326,2788,5368,439,1207,1654,8547,8109,392,736,32,105,203,1083,735,1434,137,413,666,2547,3636,1940,1107,210,418,17,934,324,438,7,1818,369,2187,257,112,1049,216,553,4743,194,798,68,717,1807,222,2746,1060,3806,126,675,377,298,632,151,395,614,32,237,24,97,1246,95,371,1007,1859,3.0,95,166,1816,94,159,2233,228,5.0,41,999,11,203,388,12,8.0,272,4.0,26,90,400,253,11,4,25,14,7464,2547,2317,207,175,0.6520803443328551,0.7049243892981776,0.8405466970387244,0.3637116818558409,0.3047619047619048,0.3317191283292978,0.3689075630252101,0.5193740685543964,0.532608695652174,0.5125523012552301,0.5241825095057034,0.5231866825208086,0.5092041147807255,0.5633355393778955,0.5579110651499483,0.5596026490066225,0.183574144486692,0.0057995028997514,0.0815946348733234,0.1265337423312883,0.0834141610087293,0.0127241179872758,0.0078125,0.0052576235541535,0.507223113964687,0.844106463878327,0.2274247491638795,0.7116975187081528,0.3136792452830189,0.7627659574468085,0.2679558011049723,0.7254958321356711,0.3035495716034271,0.4035639412997903,0.3161397670549085,0.2254802831142568,0.2657580919931857,0.2773722627737226,0.6405005688282139,0.6820987654320988,0.7924901185770751,0.7720588235294118,0.7384615384615385,0.0445544554455445,93.65527714502656,0.6325,15.48950505312257,15.2612987012987,14.822104172065302,14.5887012987013,0.3966539923954372,0.6315184049079755,0.7230026338893767,0.6369156041287188,0.1568060836501901,0.4093113482056256,0.4465608465608465,0.5118483412322274,0.2629657794676806,0.4158473105841527,0.4212067955477446,0.7691237830319889,0.03893536121673,0.44921875,0.452755905511811,0.9739130434782608,0.144638783269962,0.3406940063091482,0.3424947145877378,0.7932098765432098,0.6218787158145065,0.5755258126195029,0.2790697674418604,0.0214030915576694,0.4444444444444444,0.875,0.1034482758620689,0.2758620689655172,0.9583333333333334,0.3811586356253383,0.6193181818181818,0.047103410936654,0.367816091954023,0.1765024363833243,0.3220858895705521,0.5802281368821293,0.3468950749464668,0.5104357131960335,0.5308368794326241,0.4994918122270742,0.1373775843307943,0.162730086333279,0.009068425391591,0.1267111267111267,0.297999297999298,7.702645305514158,25.119884009942005,0.3002073075926406,0.0,2009,2010,2580,768,3348,2009-10,1060,2746,1654,1.0777591681496217,0.2848084989402928,6575,3227,5576,1317,582.5326102943984,251.88610169447793,-1342.8879235144286,47.51633703889684,728.7868645102757,790.7397414424785,-75.17736963014953,-1334.2658501692317,202.62387166902977,284.87711255087095,1992.4666666666667,1958.533333333333,92.96617258339747,94.35632105657297,110.74112464369007,105.31168831168831,18.3574144486692,1610612762
29,1610612763,1610612763,MEM,MEM,1610612763,MEM,238860.0,82,-124,7732,7744,2442,1917,1106,15476,1555,2591,372,623,436,731,659,1568,665,1696,98,232,11,27,25,64,246,788,18,61,88,276,2879,5855,344,1020,1614,8404,8528,496,942,29,88,230,1309,803,1638,113,340,729,2674,2494,3264,888,144,578,38,747,243,497,4,1247,296,1543,204,92,748,202,297,3382,175,1079,50,724,1725,200,2649,1304,3953,165,645,403,242,635,122,393,613,85,242,15,98,1248,125,373,829,1655,1.0,117,150,1839,141,120,2202,238,0.0,45,939,3,254,389,10,8.0,295,2.0,22,72,399,239,32,4,46,25,7095,2674,2442,163,234,0.4331365057311566,0.4814671814671815,0.8604651162790697,0.3372549019607843,0.3295454545454545,0.3323529411764706,0.3472505091649694,0.4917164816396242,0.5265392781316348,0.4902319902319902,0.4938181818181818,0.5237864077669903,0.4916582406471183,0.533958891867739,0.5544217687074829,0.5489063144861742,0.1483636363636363,0.0039215686274509,0.0848847139197267,0.1408722500964878,0.0720663265306122,0.0112028301886792,0.0043103448275862,0.0038071065989847,0.5088141025641025,0.9009009009009008,0.1672240802675585,0.6941649899396378,0.3668820129207752,0.7283702213279678,0.2854812398042414,0.7039379131934463,0.3528418683173888,0.4541062801932367,0.385984427141268,0.2601787487586892,0.2732919254658385,0.3307692307692307,0.6013001083423619,0.7159090909090909,0.7706131078224101,0.7354138398914518,0.708171206225681,0.0539744847890088,93.2991710625471,0.5989974937343359,15.668132436627005,15.200671487603303,14.818675633729953,14.521177685950413,0.3768727272727272,0.6001543805480509,0.6985624438454627,0.4810289389067524,0.2280727272727272,0.4202806122448979,0.4529209621993127,0.306525037936267,0.2466909090909091,0.3920990566037736,0.396541443053071,0.4466165413533834,0.0337454545454545,0.4224137931034483,0.4242424242424242,0.9387755102040816,0.1146181818181818,0.3121827411167512,0.3133757961783439,0.8292682926829268,0.6048543689320388,0.5971107544141252,0.1451612903225806,0.0262135922330097,0.4074074074074074,0.7272727272727273,0.0592233009708737,0.2950819672131147,0.8333333333333334,0.3695652173913043,0.5964432284541724,0.0323559150657229,0.390625,0.1395348837209302,0.3188405797101449,0.5252363636363636,0.3253012048192771,0.5002953287450578,0.5206125945945945,0.4912914094650206,0.1242908035360865,0.1432275777913361,0.002932551319648,0.1557591623036649,0.3181818181818182,7.745072587532024,26.031372549019608,0.3158303155716503,3.0,2009,2010,2976,676,3652,2009-10,1304,2649,1614,1.0777591681496217,0.2848084989402928,6875,3223,5758,1032,361.2180638818668,140.18720881567253,-1345.043441850728,222.70045239005256,702.7330681461317,630.4968770717747,-2.2377024068777054,-1255.5894308943093,547.6100479023057,293.2605654951367,2019.1,1961.8999999999999,91.90629488385915,94.73265711809981,108.69115364718054,110.12396694214875,14.836363636363636,1610612763
