TEAM_ID,TEAM_NAME,GP,W,L,W_PCT,MIN,FGM,FGA,FG_PCT,FG3M,FG3A,FG3_PCT,FTM,FTA,FT_PCT,OREB,DREB,REB,AST,TOV,STL,BLK,BLKA,PF,PFD,PTS,PLUS_MINUS,GP_RANK,W_RANK,L_RANK,W_PCT_RANK,MIN_RANK,FGM_RANK,FGA_RANK,FG_PCT_RANK,FG3M_RANK,FG3A_RANK,FG3_PCT_RANK,FTM_RANK,FTA_RANK,FT_PCT_RANK,OREB_RANK,DREB_RANK,REB_RANK,AST_RANK,TOV_RANK,STL_RANK,BLK_RANK,BLKA_RANK,PF_RANK,PFD_RANK,PTS_RANK,PLUS_MINUS_RANK,team_poss,NET_RATING,AST_TO,DREB_PCT_RANK,OREB_PCT,TS_PCT_RANK,AST_RATIO,TM_TOV_PCT,EFG_PCT,TS_PCT,OFF_RATING_RANK,REB_PCT,DREB_PCT,E_OFF_RATING,OFF_RATING,OREB_PCT_RANK,DEF_RATING,EFG_PCT_RANK,PACE,PIE,TM_TOV_PCT_RANK,E_PACE,NET_RATING_RANK,PIE_RANK,E_DEF_RATING,AST_PCT_RANK,DEF_RATING_RANK,E_NET_RATING,AST_TO_RANK,PACE_RANK,PACE_PER40,REB_PCT_RANK,POSS,AST_RATIO_RANK,AST_PCT,PASSES_MADE,TEAM_ABBREVIATION,AST_TO_PASS_PCT_ADJ,FT_AST,AST_TO_PASS_PCT,AST_PTS_CREATED,AST_ADJ,SECONDARY_AST,POTENTIAL_AST,PASSES_RECEIVED,DRIVE_PASSES,DRIVE_PTS,DRIVE_AST_PCT,DRIVE_AST,DRIVE_PF_PCT,DRIVE_TOV_PCT,DRIVE_FGA,DRIVE_PF,DRIVE_PASSES_PCT,DRIVE_FTA,DRIVE_PTS_PCT,DRIVE_FTM,DRIVE_FT_PCT,DRIVE_TOV,DRIVE_FG_PCT,DRIVE_FGM,DRIVES,ELBOW_TOUCHES,TOUCHES,PTS_PER_ELBOW_TOUCH,PTS_PER_TOUCH,POINTS,PTS_PER_POST_TOUCH,PTS_PER_PAINT_TOUCH,PAINT_TOUCHES,AVG_DRIB_PER_TOUCH,FRONT_CT_TOUCHES,TIME_OF_POSS,AVG_SEC_PER_TOUCH,POST_TOUCHES,DREB_CONTEST_PCT,OREB_UNCONTEST,OREB_CONTEST_PCT,REB_CONTEST_PCT,REB_CHANCE_PCT_ADJ,REB_CHANCE_DEFER,AVG_OREB_DIST,OREB_CONTEST,REB_UNCONTEST,OREB_CHANCES,DREB_CONTEST,DREB_CHANCE_DEFER,REB_CHANCES,DREB_CHANCE_PCT,REB_CONTEST,OREB_CHANCE_PCT,AVG_DREB_DIST,DREB_UNCONTEST,AVG_REB_DIST,REB_CHANCE_PCT,DREB_CHANCES,DREB_CHANCE_PCT_ADJ,OREB_CHANCE_PCT_ADJ,OREB_CHANCE_DEFER,very_tight_FG3A_FREQUENCY,very_tight_FG3_PCT,G,very_tight_FGA,very_tight_FG2M,very_tight_FG2A_FREQUENCY,very_tight_FG2_PCT,very_tight_FGA_FREQUENCY,very_tight_FGM,very_tight_EFG_PCT,very_tight_FG2A,very_tight_FG3M,very_tight_FG3A,very_tight_FG_PCT,tight_FG2A_FREQUENCY,tight_FG3M,tight_FG_PCT,tight_FGM,tight_FG3A_FREQUENCY,tight_FG2M,tight_FG2_PCT,tight_EFG_PCT,tight_FG3A,tight_FGA_FREQUENCY,tight_FG2A,tight_FG3_PCT,tight_FGA,open_FG2A_FREQUENCY,open_FGA_FREQUENCY,open_FG3M,open_FG3A_FREQUENCY,open_FG3_PCT,open_FGM,open_FG_PCT,open_EFG_PCT,open_FG3A,open_FG2_PCT,open_FG2M,open_FG2A,open_FGA,wide_open_FG_PCT,wide_open_EFG_PCT,wide_open_FG3A,wide_open_FGA,wide_open_FG3M,wide_open_FG3_PCT,wide_open_FGM,wide_open_FG2A_FREQUENCY,wide_open_FG2_PCT,wide_open_FG2A,wide_open_FG3A_FREQUENCY,wide_open_FG2M,wide_open_FGA_FREQUENCY,PULL_UP_FG_PCT,PULL_UP_EFG_PCT,PULL_UP_FG3M,PULL_UP_FG3_PCT,PULL_UP_FGA,PULL_UP_PTS,PULL_UP_FGM,PULL_UP_FG3A,PAINT_TOUCH_PTS,ELBOW_TOUCH_FG_PCT,POST_TOUCH_PTS,PAINT_TOUCH_FG_PCT,POST_TOUCH_FG_PCT,CATCH_SHOOT_PTS,CATCH_SHOOT_FG_PCT,EFF_FG_PCT,ELBOW_TOUCH_PTS,MID_FG_PCT,RIGHT_CORNER_3_FG_PCT,RA_FGM,BACKCOURT_FGM,ABOVE_BREAK_3_FGM,ITP_FG_PCT,ITP_FGM,RIGHT_CORNER_3_FGA,RA_FGA,RA_FG_PCT,LEFT_CORNER_3_FGA,MID_FGM,CORNER_3_FG_PCT,CORNER_3_FGA,RIGHT_CORNER_3_FGM,ITP_FGA,MID_FGA,CORNER_3_FGM,BACKCOURT_FGA,LEFT_CORNER_3_FGM,ABOVE_BREAK_3_FGA,LEFT_CORNER_3_FG_PCT,ABOVE_BREAK_3_FG_PCT,BACKCOURT_FG_PCT,LT_06_PCT,PLUSMINUS,NS_LT_06_PCT,FREQ,FGM_LT_06,FGA_LT_06,FGM_25_29,FGP_35_39,FGP_25_29,FGP_20_24,FGM_5_9,FGA_30_34,FGA_25_29,FGM_40_PLUS,FGM_10_14,FGA_35_39,FGP_5_9,FGM_30_34,FGP_30_34,FGM_35_39,FGA_15_19,FGA_LT_5,FGP_15_19,FGA_10_14,FGA_40_PLUS,FGP_LT_5,FGM_15_19,FGP_40_PLUS,FGM_20_24,FGM_LT_5,FGP_10_14,FGA_5_9,FGA_20_24,CATCH_SHOOT_FG3M,CATCH_SHOOT_FG3_PCT,CATCH_SHOOT_FG3A,CATCH_SHOOT_FGA,CATCH_SHOOT_EFG_PCT,CATCH_SHOOT_FGM,opp_very_tight_EFG_PCT,opp_very_tight_FG3_PCT,opp_very_tight_FG2A,opp_very_tight_FG2A_FREQUENCY,opp_very_tight_FG3A,opp_very_tight_FG3A_FREQUENCY,opp_very_tight_FGM,opp_very_tight_FGA,opp_very_tight_FGA_FREQUENCY,opp_very_tight_FG2M,opp_very_tight_FG3M,opp_very_tight_FG2_PCT,opp_very_tight_FG_PCT,opp_tight_FG2M,opp_tight_FG2A_FREQUENCY,opp_tight_FGA_FREQUENCY,opp_tight_FG_PCT,opp_tight_FG3A_FREQUENCY,opp_tight_FG2_PCT,opp_tight_FG3_PCT,opp_tight_FG3A,opp_tight_FGM,opp_tight_FG3M,opp_tight_FG2A,opp_tight_EFG_PCT,opp_tight_FGA,opp_open_FG3A_FREQUENCY,opp_open_FGA_FREQUENCY,opp_open_FG2A,opp_open_FG3A,opp_open_FG2M,opp_open_EFG_PCT,opp_open_FG3M,opp_open_FG2_PCT,opp_open_FGM,opp_open_FG3_PCT,opp_open_FG2A_FREQUENCY,opp_open_FGA,opp_open_FG_PCT,opp_wide_open_FG2M,opp_wide_open_EFG_PCT,opp_wide_open_FGM,opp_wide_open_FG3M,opp_wide_open_FG_PCT,opp_wide_open_FG3A,opp_wide_open_FG3A_FREQUENCY,opp_wide_open_FGA_FREQUENCY,opp_wide_open_FGA,opp_wide_open_FG3_PCT,opp_wide_open_FG2A_FREQUENCY,opp_wide_open_FG2_PCT,opp_wide_open_FG2A,PTS_PAINT,PTS_FB,OPP_PTS_OFF_TOV_RANK,OPP_PTS_PAINT,PTS_OFF_TOV,OPP_PTS_FB_RANK,OPP_PTS_FB,OPP_PTS_OFF_TOV,PTS_2ND_CHANCE_RANK,OPP_PTS_2ND_CHANCE_RANK,PTS_FB_RANK,OPP_PTS_PAINT_RANK,PTS_OFF_TOV_RANK,PTS_2ND_CHANCE,PTS_PAINT_RANK,OPP_PTS_2ND_CHANCE,OPP_FTA_RANK,OPP_REB_RANK,OPP_FGA,OPP_AST_RANK,OPP_PF_RANK,OPP_TOV_RANK,OPP_DREB,OPP_AST,OPP_BLK_RANK,OPP_FG3M_RANK,OPP_OREB_RANK,OPP_FTM,OPP_DREB_RANK,OPP_PF,OPP_FT_PCT,OPP_FTM_RANK,OPP_PTS_RANK,OPP_PFD,OPP_FT_PCT_RANK,OPP_FG3A,OPP_FG_PCT_RANK,OPP_FG3A_RANK,OPP_OREB,OPP_STL_RANK,OPP_FGM_RANK,OPP_FGA_RANK,OPP_REB,OPP_FG3_PCT_RANK,OPP_BLKA,OPP_BLK,OPP_STL,OPP_FTA,OPP_BLKA_RANK,OPP_FGM,OPP_FG3_PCT,OPP_PFD_RANK,OPP_FG3M,OPP_PTS,OPP_TOV,OPP_FG_PCT,year,playoffs
1610612737,Atlanta Hawks,82,48,34,0.585,3966.0,3168,6923,0.458,815,2326,0.35,1282,1638,0.783,679,2772,3451,2100,1226.0,747,486,411,1570,1500,8433,296.0,1,7,7,7,11,9,15,11,6,7,15,29,30,8,30,13,24,2,22,3,5,14,7,29,12,7,8059,3.9,1.71,26,0.234,8,19.0,0.152,0.516,0.552,20,0.474,0.698,103.0,104.6,29,100.8,6,97.63,0.528,21,99.4,7,6,98.8,2,2,4.1,7,9,81.36,28,8059,2,0.663,26615,ATL,0.096,165,0.079,5194,2555,311,4197,26615,1275,1592,0.095,336,0.068,0.074,1343,240,0.362,468,0.452,365,0.78,262,0.439,590,3520,1290,36302,0.38,0.232,8433,0.475,0.723,2123,2.01,21765,1644.1,2.72,950,0.242,261,0.61,0.315,0.523,477,7.8,414,2357,1970,671,428,7076,0.542,1085,0.345,6.5,2096,6.8,0.487,5106,0.592,0.353,49,0.003,0.222,82,823,449,0.124,0.558,0.126,453,0.553,805,4,18,0.55,0.283,44,0.548,1094,0.024,1050,0.569,0.559,154,0.307,1844,0.286,1998,0.146,0.226,189,0.081,0.359,716,0.486,0.55,526,0.556,527,948,1474,0.408,0.539,1617,2216,578,0.357,905,0.092,0.546,599,0.248,327,0.34,0.375,0.43,138,0.297,1254,1078,470,465,1535,0.536,451,0.622,0.447,2661,0.387,0.516,490,0.419,0.375,1461,1,604,0.393,317,307,2422,0.603,271,573,0.363,578,115,806,1366,210,12,95,1736,0.351,0.348,0.083,0.571,-0.024,0.596,0.323,1303,2281,247,0.0,0.335,0.37,213,3,738,2,180,4,0.383,1,0.333,0,846,2543,0.414,421,16,0.593,350,0.125,664,1509,0.428,556,1793,672,0.367,1833,2467,0.525,959,0.553,0.176,1121,0.171,34,0.005,636,1155,0.176,630,6,0.562,0.551,1009,0.305,0.342,0.481,0.037,0.504,0.289,242,1079,70,2003,0.496,2245,0.099,0.247,973,653,472,0.473,198,0.485,670,0.303,0.148,1626,0.412,256,0.559,661,405,0.428,1058,0.161,0.235,1544,0.383,0.074,0.527,486,3556.0,1210.0,14,3354.0,1520.0,9,976.0,1308.0,27,18,7,8,4,876.0,15,1071.0,7,28,86.1,15,2,5,35.0,22.0,14,13,27,16.7,25,18.3,0.755,8,6,19.1,13,24.5,1,16,11.5,23,7,26,46.5,6,5.9,5.0,8.6,22.1,5,37.1,0.338,24,8.3,99.2,16.1,0.432,2016,False
1610612738,Boston Celtics,82,48,34,0.585,3956.0,3216,7318,0.439,717,2142,0.335,1520,1929,0.788,950,2733,3683,1981,1127.0,752,348,450,1796,1718,8669,263.0,1,7,7,7,23,7,1,24,12,11,28,8,12,6,3,15,6,6,12,2,22,24,29,10,5,8,8191,3.3,1.76,24,0.29,21,17.4,0.138,0.488,0.531,10,0.495,0.707,103.9,105.8,12,102.5,24,99.43,0.52,5,101.1,8,9,100.9,5,4,3.0,4,3,82.86,18,8191,10,0.616,25653,BOS,0.092,212,0.076,4857,2363,214,4120,25651,891,1608,0.092,282,0.08,0.064,1371,245,0.292,478,0.527,387,0.81,195,0.431,591,3051,1049,35591,0.505,0.24,8555,0.489,0.803,2092,1.99,20373,1595.1,2.69,751,0.267,385,0.578,0.348,0.543,430,7.9,545,2354,2575,721,348,7136,0.592,1266,0.366,6.2,1969,6.6,0.51,4561,0.641,0.378,82,0.003,0.25,81,1065,573,0.154,0.548,0.157,578,0.545,1045,5,20,0.543,0.306,63,0.499,1163,0.038,1100,0.53,0.512,255,0.344,2077,0.247,2332,0.157,0.267,237,0.111,0.316,786,0.433,0.499,751,0.516,549,1063,1814,0.412,0.538,1064,1576,398,0.374,649,0.075,0.49,512,0.157,251,0.232,0.366,0.413,148,0.319,1599,1320,586,464,1679,0.536,367,0.584,0.381,2211,0.354,0.488,530,0.37,0.322,1509,0,539,0.372,373,255,2507,0.602,254,617,0.35,509,82,1002,1667,178,12,96,1619,0.378,0.333,0.0,0.598,0.002,0.596,0.311,1284,2147,326,0.0,0.326,0.363,259,9,1001,1,204,4,0.378,2,0.222,0,931,2676,0.363,546,14,0.583,338,0.071,527,1559,0.374,685,1450,554,0.345,1608,2275,0.482,819,0.532,0.25,1174,0.179,28,0.004,636,1202,0.183,629,7,0.536,0.529,1038,0.307,0.346,0.488,0.039,0.516,0.269,253,1106,68,2012,0.503,2265,0.108,0.269,1053,707,513,0.492,235,0.487,748,0.332,0.161,1760,0.425,230,0.543,556,326,0.42,900,0.137,0.202,1325,0.362,0.065,0.541,425,3764.0,1337.0,6,3524.0,1541.0,3,888.0,1211.0,3,26,6,14,3,1174.0,6,1164.0,28,26,85.0,6,21,2,34.6,20.9,24,7,24,19.7,22,21.0,0.755,27,13,21.9,14,23.3,7,11,11.4,14,10,20,46.0,4,4.2,5.5,7.6,26.0,22,37.5,0.336,2,7.8,102.5,16.4,0.441,2016,False
1610612751,Brooklyn Nets,82,21,61,0.256,3951.0,3136,6920,0.453,531,1508,0.352,1286,1699,0.757,863,2614,3477,1829,1212.0,627,332,430,1476,1510,8089,-603.0,1,28,28,28,26,17,17,13,26,27,13,27,27,18,14,25,23,15,19,19,25,18,2,28,26,28,7903,-7.4,1.51,19,0.279,23,17.0,0.153,0.492,0.527,27,0.494,0.716,100.9,102.4,17,109.7,21,96.12,0.46,22,97.4,28,27,108.5,18,29,-7.6,19,20,80.1,21,7903,14,0.583,23922,BKN,0.094,188,0.076,4405,2239,237,3830,23922,1035,1314,0.113,334,0.061,0.066,1150,181,0.351,360,0.446,273,0.758,193,0.441,507,2945,1603,33608,0.54,0.241,8089,0.516,0.791,2044,2.4,18973,1717.4,3.07,1506,0.235,322,0.604,0.327,0.563,427,7.6,521,2316,2319,614,342,6598,0.611,1135,0.372,6.4,1994,6.7,0.527,4279,0.664,0.386,85,0.003,0.273,82,1193,652,0.18,0.557,0.184,658,0.554,1171,6,22,0.552,0.322,46,0.51,1148,0.025,1102,0.527,0.52,161,0.347,2092,0.286,2253,0.181,0.266,188,0.084,0.344,761,0.441,0.496,547,0.487,573,1177,1724,0.431,0.541,766,1319,291,0.38,568,0.085,0.501,553,0.118,277,0.203,0.382,0.413,96,0.305,1555,1284,594,315,1617,0.525,777,0.579,0.468,1991,0.385,0.492,865,0.388,0.404,1291,0,347,0.433,602,228,2188,0.59,244,712,0.388,472,92,1389,1835,183,13,91,1021,0.373,0.34,0.0,0.634,0.038,0.597,0.36,1597,2517,186,0.25,0.346,0.368,460,6,538,0,242,4,0.435,1,0.167,1,1089,2370,0.392,588,15,0.573,427,0.0,460,1358,0.412,1057,1251,427,0.367,1162,1910,0.498,738,0.555,0.286,1024,0.154,28,0.004,580,1052,0.158,572,8,0.559,0.551,1187,0.307,0.338,0.556,0.031,0.581,0.307,205,1250,63,2042,0.57,2247,0.122,0.275,1021,811,545,0.537,293,0.534,838,0.361,0.154,1832,0.457,266,0.581,677,411,0.445,1051,0.158,0.229,1520,0.391,0.071,0.567,469,3786.0,941.0,26,3924.0,1233.0,24,1188.0,1497.0,19,11,20,30,24,1035.0,5,989.0,1,12,85.2,27,3,16,33.2,24.5,18,27,14,15.0,14,18.4,0.763,2,24,18.0,22,25.6,30,25,10.2,27,30,22,43.4,24,4.0,5.2,8.8,19.6,25,40.8,0.369,29,9.5,106.0,14.2,0.479,2016,False
1610612766,Charlotte Hornets,82,48,34,0.585,3971.0,3036,6922,0.439,873,2410,0.362,1534,1941,0.79,734,2869,3603,1778,1029.0,595,438,448,1487,1670,8479,223.0,1,7,7,7,9,24,16,27,4,4,8,7,11,5,28,4,14,19,1,22,12,21,3,14,11,9,7966,2.7,1.73,1,0.244,12,16.7,0.129,0.502,0.545,9,0.499,0.754,105.1,106.4,27,103.7,14,96.24,0.511,1,97.8,9,11,101.8,17,9,3.3,6,18,80.2,15,7966,18,0.586,24309,CHA,0.092,216,0.073,4692,2229,244,3876,24308,1017,1522,0.088,272,0.079,0.072,1275,245,0.329,482,0.493,383,0.795,222,0.433,552,3090,1064,33953,0.455,0.25,8479,0.489,0.801,1621,2.43,19182,1722.9,3.04,1016,0.227,303,0.565,0.296,0.549,490,8.4,414,2516,2084,652,417,7051,0.577,1066,0.352,6.1,2213,6.6,0.511,4967,0.63,0.364,73,0.011,0.338,82,960,501,0.137,0.565,0.148,526,0.561,886,25,74,0.548,0.283,75,0.499,1051,0.042,976,0.532,0.517,272,0.325,1835,0.276,2107,0.15,0.279,307,0.129,0.367,807,0.446,0.531,837,0.515,500,971,1808,0.408,0.553,1212,1599,466,0.384,652,0.06,0.481,387,0.187,186,0.247,0.369,0.417,169,0.309,1757,1467,649,547,1299,0.537,497,0.6,0.436,2566,0.387,0.502,484,0.392,0.404,1177,1,697,0.406,363,193,2028,0.58,232,623,0.412,425,78,893,1591,175,9,97,1975,0.418,0.353,0.111,0.593,-0.004,0.597,0.297,1229,2073,454,0.0,0.341,0.393,277,11,1330,1,191,2,0.418,1,0.091,0,955,2122,0.404,516,12,0.571,386,0.083,515,1211,0.37,663,1310,703,0.382,1839,2313,0.541,899,0.561,0.211,1076,0.165,19,0.003,612,1095,0.168,608,4,0.565,0.559,1058,0.302,0.341,0.508,0.039,0.537,0.287,258,1132,74,1971,0.524,2229,0.116,0.271,1014,756,506,0.518,274,0.499,780,0.362,0.155,1770,0.441,200,0.529,574,374,0.399,1036,0.159,0.22,1438,0.361,0.062,0.498,402,3080.0,908.0,2,3280.0,1302.0,13,1017.0,1155.0,26,5,23,3,19,937.0,29,933.0,4,22,85.0,23,17,21,35.8,23.2,21,18,2,16.3,29,20.4,0.769,3,9,18.1,25,25.4,12,23,8.9,2,12,18,44.7,14,5.3,5.5,6.7,21.2,12,37.8,0.349,28,8.9,100.7,13.4,0.444,2016,False
1610612741,Chicago Bulls,82,42,40,0.512,3981.0,3165,7170,0.441,651,1753,0.371,1354,1720,0.787,907,2889,3796,1870,1141.0,495,470,465,1545,1535,8335,-121.0,1,14,14,14,3,11,2,22,21,24,3,23,26,7,9,3,3,12,13,29,8,27,5,26,21,18,8008,-1.4,1.64,20,0.29,26,17.0,0.142,0.487,0.526,23,0.506,0.714,102.1,104.1,11,105.5,26,96.6,0.494,12,98.2,18,16,103.9,14,15,-1.8,12,15,80.5,12,8008,13,0.591,25228,CHI,0.092,180,0.074,4636,2310,270,3794,25228,941,1653,0.083,266,0.063,0.07,1499,200,0.295,394,0.517,314,0.797,223,0.432,648,3195,1141,35137,0.471,0.237,8335,0.422,0.751,2102,2.09,19978,1701.9,2.91,1390,0.261,344,0.603,0.343,0.54,508,7.2,546,2476,2465,755,433,7537,0.569,1301,0.368,6.3,2132,6.5,0.503,5072,0.623,0.379,75,0.003,0.348,82,1166,588,0.171,0.514,0.174,596,0.515,1143,8,23,0.511,0.318,51,0.49,1135,0.027,1084,0.508,0.501,184,0.346,2133,0.277,2317,0.17,0.276,263,0.106,0.371,816,0.441,0.512,709,0.485,553,1141,1850,0.451,0.571,824,1370,329,0.399,618,0.081,0.529,546,0.123,289,0.204,0.371,0.4,100,0.291,1721,1378,639,344,1579,0.514,587,0.563,0.397,2409,0.408,0.487,537,0.402,0.452,1288,1,490,0.383,393,186,2317,0.556,215,833,0.399,401,84,1027,2072,160,16,76,1337,0.353,0.366,0.063,0.577,-0.021,0.598,0.33,1398,2421,264,0.167,0.352,0.392,282,9,751,1,247,6,0.379,2,0.222,1,1174,2501,0.413,645,24,0.547,485,0.042,516,1367,0.383,745,1315,545,0.396,1375,2159,0.542,898,0.551,0.25,1210,0.176,40,0.006,684,1250,0.182,674,10,0.557,0.547,1097,0.307,0.335,0.499,0.027,0.52,0.261,188,1146,49,2110,0.509,2298,0.096,0.26,1123,660,532,0.493,231,0.474,763,0.35,0.164,1783,0.428,280,0.536,640,360,0.418,979,0.143,0.223,1531,0.368,0.08,0.507,552,3362.0,836.0,16,3642.0,1090.0,21,1128.0,1314.0,7,27,28,23,29,1114.0,22,1169.0,8,25,89.4,19,5,29,34.1,22.5,27,11,29,16.3,20,18.7,0.737,4,16,18.8,3,23.0,8,8,11.8,19,25,30,45.9,10,5.7,5.7,8.0,22.1,8,39.4,0.345,26,7.9,103.1,11.9,0.441,2016,False
1610612739,Cleveland Cavaliers,82,57,25,0.695,3971.0,3171,6888,0.46,880,2428,0.362,1333,1783,0.748,873,2777,3650,1861,1114.0,551,317,362,1666,1690,8555,492.0,1,3,3,3,9,8,19,10,2,3,7,26,24,21,12,11,9,13,10,28,27,7,14,12,8,4,7764,6.3,1.67,5,0.294,4,17.4,0.143,0.524,0.558,3,0.519,0.742,108.1,110.2,10,103.9,3,93.82,0.528,13,95.5,4,5,102.3,16,10,5.8,10,28,78.19,4,7764,11,0.587,24277,CLE,0.097,195,0.077,4802,2349,307,3642,24277,910,1443,0.095,276,0.066,0.062,1272,191,0.314,374,0.499,285,0.762,178,0.442,562,2894,1050,34013,0.431,0.252,8555,0.562,0.75,2057,2.34,18798,1772.3,3.13,1022,0.243,330,0.595,0.327,0.564,435,7.8,519,2416,2331,675,366,6903,0.607,1194,0.374,6.1,2086,6.5,0.529,4572,0.66,0.385,69,0.007,0.234,82,926,495,0.135,0.563,0.142,506,0.552,879,11,47,0.546,0.289,87,0.515,1132,0.048,1045,0.555,0.535,315,0.337,1882,0.276,2197,0.146,0.272,285,0.126,0.348,800,0.451,0.532,820,0.54,515,953,1773,0.449,0.602,1227,1621,497,0.405,728,0.06,0.586,394,0.188,231,0.249,0.373,0.421,175,0.301,1812,1527,676,582,1543,0.577,574,0.603,0.465,2431,0.391,0.524,453,0.416,0.398,1309,1,616,0.397,372,349,2055,0.637,313,610,0.394,662,139,938,1467,261,5,122,1756,0.39,0.351,0.2,0.598,0.003,0.595,0.313,1259,2104,395,0.0,0.359,0.375,295,12,1101,1,185,3,0.395,0,0.0,0,743,2202,0.451,508,9,0.624,335,0.111,585,1373,0.364,746,1559,696,0.39,1783,2090,0.563,829,0.535,0.212,984,0.153,33,0.005,541,1017,0.159,534,7,0.543,0.532,1042,0.311,0.344,0.499,0.033,0.522,0.281,210,1101,59,1998,0.512,2208,0.108,0.279,1098,694,548,0.503,236,0.499,784,0.34,0.171,1792,0.438,245,0.545,590,345,0.422,922,0.144,0.218,1398,0.374,0.074,0.515,476,3362.0,971.0,11,3344.0,1338.0,6,917.0,1275.0,10,3,19,6,16,1082.0,22,919.0,11,5,82.1,8,19,24,31.8,21.4,7,9,5,16.8,8,20.6,0.743,10,4,20.3,5,22.7,14,7,9.3,7,6,5,41.0,13,3.9,4.4,7.2,22.6,27,36.8,0.347,17,7.9,98.3,13.3,0.448,2016,False
1610612742,Dallas Mavericks,82,42,40,0.512,4001.0,3064,6900,0.444,806,2342,0.344,1454,1831,0.794,751,2781,3532,1813,1047.0,560,306,363,1595,1757,8388,-25.0,1,14,14,14,1,22,18,20,7,5,23,12,21,3,26,9,19,18,2,26,29,8,8,8,16,16,7950,-0.4,1.73,14,0.241,14,17.0,0.132,0.502,0.544,11,0.484,0.723,104.8,105.5,28,105.9,13,95.34,0.503,2,96.4,16,13,104.3,13,16,0.6,5,22,79.45,26,7950,12,0.592,27058,DAL,0.083,204,0.067,4650,2248,241,3939,27058,1136,1544,0.104,338,0.057,0.063,1337,185,0.349,359,0.474,276,0.769,204,0.463,619,3258,1455,36869,0.35,0.228,8388,0.539,0.769,1777,2.17,20826,1782.9,2.9,1093,0.249,289,0.593,0.322,0.564,456,8.2,445,2367,2047,692,378,6720,0.595,1137,0.367,5.9,2078,6.4,0.525,4673,0.647,0.381,78,0.004,0.071,82,771,425,0.114,0.572,0.118,427,0.555,743,2,28,0.554,0.299,68,0.515,1140,0.04,1072,0.549,0.53,261,0.339,1954,0.261,2215,0.155,0.288,282,0.133,0.324,800,0.425,0.5,871,0.513,518,1010,1881,0.416,0.553,1169,1664,454,0.388,693,0.076,0.483,495,0.179,239,0.255,0.373,0.421,160,0.287,1666,1402,621,558,1367,0.505,589,0.627,0.459,2608,0.383,0.502,509,0.403,0.434,1161,0,603,0.417,397,205,1871,0.621,314,700,0.387,519,89,953,1735,201,17,112,1803,0.357,0.334,0.0,0.612,0.015,0.597,0.307,1306,2135,262,0.0,0.319,0.368,256,10,821,0,256,4,0.38,0,0.0,0,987,2028,0.426,599,22,0.603,420,0.0,646,1222,0.427,673,1754,636,0.364,1746,2410,0.512,915,0.534,0.308,963,0.145,26,0.004,524,989,0.149,516,8,0.536,0.53,1084,0.299,0.337,0.517,0.038,0.546,0.29,255,1158,74,1987,0.533,2242,0.102,0.262,1060,682,540,0.507,229,0.509,769,0.336,0.159,1742,0.441,256,0.537,688,432,0.409,1199,0.18,0.253,1682,0.36,0.073,0.53,483,3116.0,920.0,7,3350.0,1312.0,27,1316.0,1213.0,28,20,21,7,18,872.0,27,1100.0,12,24,85.0,14,23,18,35.2,22.0,8,22,16,16.9,26,21.4,0.738,11,14,19.5,4,26.5,15,26,10.6,11,14,18,45.8,9,3.7,4.4,7.5,22.8,29,38.3,0.342,23,9.1,102.6,13.9,0.451,2016,False
1610612743,Denver Nuggets,82,33,49,0.402,3966.0,3093,7003,0.442,656,1943,0.338,1513,1974,0.766,941,2718,3659,1858,1202.0,609,395,517,1723,1712,8355,-254.0,1,21,21,21,11,21,12,21,20,18,26,10,10,14,6,19,8,14,18,20,16,30,23,11,20,23,7963,-3.3,1.55,9,0.304,22,16.9,0.151,0.489,0.531,17,0.513,0.732,102.7,104.9,3,108.2,23,96.34,0.479,19,98.2,23,25,106.4,9,25,-3.7,15,17,80.28,7,7963,15,0.601,23797,DEN,0.096,223,0.078,4610,2284,213,3837,23796,1153,1353,0.109,358,0.071,0.071,1240,235,0.35,461,0.411,359,0.779,232,0.39,483,3290,1219,33711,0.523,0.248,8355,0.533,0.834,2373,2.37,18763,1741.1,3.1,936,0.252,363,0.593,0.34,0.542,443,7.4,557,2388,2583,686,388,7186,0.59,1243,0.364,6.1,2025,6.4,0.509,4603,0.645,0.372,55,0.003,0.227,82,1058,558,0.16,0.539,0.163,563,0.534,1036,5,22,0.532,0.313,48,0.523,1163,0.03,1115,0.549,0.534,193,0.343,2030,0.249,2223,0.167,0.29,259,0.123,0.324,816,0.433,0.502,799,0.513,557,1085,1884,0.417,0.547,913,1322,344,0.377,551,0.063,0.506,409,0.141,207,0.204,0.37,0.421,155,0.316,1542,1297,571,491,1979,0.518,499,0.59,0.429,1983,0.367,0.489,637,0.383,0.319,1526,2,508,0.384,354,182,2682,0.569,242,557,0.342,424,58,923,1454,145,18,87,1501,0.36,0.338,0.111,0.607,0.009,0.598,0.327,1372,2261,297,0.167,0.331,0.366,234,10,897,2,156,6,0.388,2,0.2,1,758,2900,0.387,426,19,0.552,293,0.105,506,1601,0.366,603,1383,495,0.353,1404,1903,0.502,708,0.552,0.341,967,0.149,41,0.006,549,1008,0.155,535,14,0.553,0.545,1120,0.31,0.345,0.526,0.035,0.554,0.273,227,1182,62,2021,0.54,2248,0.108,0.261,994,705,519,0.531,256,0.522,775,0.363,0.153,1699,0.456,254,0.571,676,422,0.435,1044,0.16,0.239,1554,0.404,0.078,0.498,510,3760.0,1163.0,22,3534.0,1289.0,17,1070.0,1378.0,9,12,9,15,20,1092.0,7,995.0,19,9,84.2,25,20,20,32.9,23.5,30,23,9,18.2,11,20.9,0.761,19,22,21.0,20,24.8,21,18,9.7,20,19,12,42.7,27,4.8,6.3,8.0,23.9,16,38.8,0.371,8,9.2,105.0,13.7,0.461,2016,False
1610612765,Detroit Pistons,82,44,38,0.537,3976.0,3111,7087,0.439,740,2148,0.345,1399,2095,0.668,1021,2777,3798,1594,1110.0,573,304,366,1557,1773,8361,50.0,1,12,12,12,5,18,5,25,10,10,22,20,5,30,2,11,2,27,9,24,30,9,6,5,19,14,7942,0.3,1.44,2,0.313,28,14.8,0.14,0.491,0.522,15,0.521,0.753,103.3,105.3,2,104.9,22,95.75,0.486,8,97.4,14,22,103.4,29,13,-0.2,23,21,79.79,2,7942,29,0.512,21590,DET,0.093,217,0.074,4082,2000,199,3423,21588,959,1611,0.087,273,0.066,0.076,1416,208,0.306,404,0.514,309,0.765,238,0.442,626,3137,1050,31505,0.371,0.265,8361,0.556,0.804,2236,2.61,16386,1722.2,3.28,1089,0.269,345,0.609,0.36,0.578,420,7.1,621,2359,2454,747,369,6991,0.612,1368,0.415,5.8,2014,6.2,0.543,4537,0.666,0.424,51,0.004,0.083,82,1188,602,0.173,0.517,0.177,604,0.509,1164,2,24,0.508,0.329,46,0.502,1213,0.031,1167,0.527,0.511,205,0.36,2213,0.224,2418,0.137,0.257,260,0.121,0.321,721,0.417,0.492,810,0.502,461,918,1728,0.413,0.569,1093,1386,432,0.395,573,0.044,0.481,293,0.163,141,0.206,0.385,0.43,170,0.306,1898,1632,731,556,1797,0.488,605,0.564,0.417,1980,0.365,0.491,390,0.398,0.405,1313,1,529,0.382,470,291,2232,0.588,280,588,0.368,571,118,1229,1478,210,30,92,1543,0.329,0.343,0.033,0.604,0.007,0.597,0.315,1314,2176,382,0.143,0.334,0.369,366,14,1145,1,236,7,0.387,1,0.071,1,798,2434,0.411,586,37,0.569,328,0.027,412,1384,0.403,945,1117,561,0.362,1549,1852,0.518,679,0.527,0.293,1085,0.164,41,0.006,587,1126,0.171,575,12,0.53,0.521,1145,0.329,0.365,0.504,0.036,0.527,0.288,236,1213,68,2172,0.518,2408,0.097,0.275,1173,639,616,0.52,217,0.525,833,0.34,0.178,1812,0.46,250,0.557,549,299,0.438,758,0.115,0.19,1254,0.394,0.075,0.504,496,3566.0,908.0,5,3640.0,1264.0,1,854.0,1195.0,2,2,23,22,22,1224.0,14,879.0,3,8,84.2,9,26,22,33.7,21.5,9,2,1,16.5,16,21.6,0.783,5,12,19.0,28,20.5,22,2,8.8,4,19,11,42.5,16,3.7,4.5,7.1,21.0,30,38.8,0.355,25,7.3,101.4,13.4,0.461,2016,False
1610612744,Golden State Warriors,82,73,9,0.89,3976.0,3489,7159,0.487,1077,2592,0.416,1366,1790,0.763,816,2972,3788,2373,1245.0,689,498,336,1701,1627,9421,882.0,1,1,1,1,5,1,3,1,1,1,1,22,23,16,21,1,4,1,24,9,2,3,19,19,1,1,8303,10.6,1.91,15,0.267,1,20.4,0.15,0.563,0.593,1,0.507,0.72,112.5,113.5,22,102.8,1,100.24,0.567,18,101.6,2,2,100.9,1,6,11.6,1,2,83.54,11,8303,1,0.68,26528,GSW,0.11,245,0.089,5981,2929,333,4448,26527,612,1279,0.093,200,0.08,0.068,995,173,0.283,338,0.592,265,0.784,147,0.486,484,2160,1244,36602,0.469,0.257,9421,0.342,0.795,2260,1.86,21253,1587.0,2.6,1363,0.281,318,0.592,0.348,0.551,479,8.3,483,2445,2146,836,424,7347,0.571,1319,0.38,6.3,2127,6.7,0.515,5201,0.622,0.39,55,0.005,0.189,82,996,522,0.141,0.544,0.146,529,0.535,959,7,37,0.531,0.278,128,0.533,1188,0.048,1060,0.558,0.562,328,0.326,1899,0.39,2227,0.139,0.28,396,0.141,0.411,964,0.504,0.608,963,0.599,568,948,1911,0.478,0.64,1252,1689,546,0.436,808,0.064,0.6,437,0.183,262,0.248,0.434,0.517,284,0.403,1714,1772,744,705,1796,0.508,466,0.603,0.443,2843,0.421,0.563,583,0.434,0.419,1486,2,820,0.388,344,298,2338,0.636,312,582,0.413,610,125,887,1342,252,22,127,1956,0.407,0.419,0.091,0.581,-0.015,0.596,0.324,1381,2378,594,0.333,0.427,0.414,214,38,1390,4,241,6,0.377,18,0.474,2,723,2478,0.436,555,27,0.617,315,0.148,568,1530,0.434,567,1371,786,0.424,1852,2350,0.59,993,0.53,0.261,1106,0.162,23,0.003,595,1129,0.165,589,6,0.533,0.527,1063,0.306,0.338,0.483,0.033,0.509,0.237,224,1116,53,2088,0.494,2312,0.116,0.298,1245,791,629,0.492,248,0.505,877,0.314,0.182,2036,0.431,267,0.566,600,333,0.443,862,0.126,0.198,1355,0.386,0.072,0.542,493,3660.0,1715.0,21,3698.0,1399.0,23,1187.0,1365.0,21,22,1,25,10,1004.0,9,1130.0,23,15,89.4,16,12,15,32.5,22.2,3,6,25,18.6,9,19.8,0.757,22,19,20.7,17,23.5,3,13,11.4,24,21,29,43.9,2,6.1,4.1,8.7,24.5,2,38.9,0.332,11,7.8,104.1,14.5,0.435,2016,False
1610612745,Houston Rockets,82,41,41,0.5,3966.0,3094,6847,0.452,878,2533,0.347,1671,2407,0.694,930,2601,3531,1821,1307.0,821,430,404,1790,1847,8737,16.0,1,17,17,17,11,20,23,14,3,2,19,3,1,27,7,27,20,16,27,1,13,13,28,1,4,15,8139,0.0,1.39,29,0.297,6,16.4,0.161,0.516,0.553,7,0.492,0.692,105.5,107.3,8,107.3,7,98.42,0.49,27,100.1,15,19,105.6,15,21,-0.2,26,7,82.02,23,8139,19,0.589,23556,HOU,0.096,224,0.077,4665,2257,214,3806,23556,1206,1570,0.099,338,0.076,0.074,1286,258,0.354,512,0.461,416,0.813,253,0.434,558,3402,1050,33567,0.476,0.26,8737,0.462,0.775,2267,2.1,18024,1638.5,2.93,826,0.274,352,0.612,0.363,0.547,391,7.3,569,2233,2444,712,326,6850,0.59,1281,0.381,6.4,1881,6.7,0.515,4406,0.637,0.391,65,0.005,0.29,82,984,535,0.148,0.561,0.153,544,0.557,953,9,31,0.553,0.297,125,0.525,1214,0.062,1089,0.569,0.552,397,0.359,1914,0.315,2311,0.12,0.263,317,0.144,0.342,729,0.43,0.523,927,0.535,412,770,1697,0.418,0.565,1166,1451,427,0.366,607,0.044,0.632,285,0.181,180,0.225,0.357,0.423,207,0.3,1551,1313,553,689,1756,0.577,382,0.61,0.429,2153,0.368,0.516,500,0.379,0.337,1513,0,592,0.384,362,445,2472,0.612,354,341,0.357,799,150,942,899,285,22,135,1707,0.381,0.347,0.0,0.624,0.027,0.597,0.335,1460,2339,294,0.0,0.332,0.358,250,5,886,0,148,6,0.386,1,0.2,0,505,2672,0.39,350,28,0.591,197,0.0,624,1579,0.423,647,1742,654,0.366,1785,1919,0.541,711,0.552,0.259,813,0.124,27,0.004,460,840,0.128,453,7,0.557,0.548,1098,0.296,0.331,0.534,0.035,0.567,0.253,229,1156,58,1935,0.548,2164,0.112,0.269,1027,734,529,0.53,270,0.515,799,0.368,0.157,1761,0.454,324,0.57,785,461,0.441,1201,0.183,0.272,1781,0.384,0.089,0.559,580,3750.0,1481.0,28,3654.0,1549.0,22,1183.0,1597.0,6,29,3,24,2,1136.0,8,1202.0,24,21,85.1,29,30,1,32.8,24.6,13,28,30,18.6,10,22.5,0.756,23,25,21.8,15,26.9,19,29,11.8,29,22,21,44.6,21,5.2,4.9,9.0,24.6,13,39.0,0.361,3,9.7,106.4,16.6,0.459,2016,False
1610612754,Indiana Pacers,82,45,37,0.549,3976.0,3142,6985,0.45,663,1889,0.351,1430,1872,0.764,847,2779,3626,1741,1219.0,742,391,366,1641,1676,8377,140.0,1,11,11,11,5,15,13,17,18,20,14,14,17,15,17,10,12,22,20,4,17,9,11,13,17,11,8068,1.6,1.43,21,0.271,19,16.1,0.151,0.497,0.536,25,0.494,0.714,102.4,103.8,21,102.2,20,97.35,0.518,20,99.0,12,10,100.2,24,3,2.2,25,11,81.13,19,8068,22,0.554,24915,IND,0.088,238,0.07,4414,2202,225,3932,24915,771,1204,0.097,238,0.083,0.071,1001,204,0.315,396,0.492,317,0.801,174,0.427,427,2449,1396,34884,0.464,0.24,8377,0.422,0.789,2118,2.1,19556,1729.9,2.98,1077,0.255,347,0.579,0.331,0.548,450,8.2,490,2410,2237,710,391,7068,0.575,1200,0.379,6.2,2063,6.7,0.513,4831,0.626,0.389,59,0.004,0.31,82,1082,593,0.159,0.563,0.163,602,0.561,1053,9,29,0.556,0.304,83,0.5,1157,0.045,1074,0.533,0.518,297,0.349,2015,0.279,2312,0.165,0.273,250,0.109,0.347,772,0.427,0.496,721,0.479,522,1089,1810,0.431,0.544,825,1415,320,0.388,610,0.089,0.492,590,0.125,290,0.214,0.376,0.416,152,0.317,1893,1574,711,479,1671,0.53,454,0.614,0.425,2170,0.369,0.497,648,0.38,0.413,1297,0,443,0.427,378,225,2094,0.619,315,804,0.394,540,93,886,2116,213,13,120,1321,0.381,0.335,0.0,0.591,-0.005,0.597,0.327,1346,2276,303,0.333,0.348,0.36,237,13,870,0,242,3,0.416,2,0.154,1,1320,2245,0.38,591,17,0.608,501,0.0,483,1366,0.409,570,1341,504,0.367,1374,2118,0.494,795,0.518,0.12,1230,0.187,25,0.004,649,1255,0.191,646,3,0.525,0.517,1016,0.288,0.325,0.509,0.036,0.537,0.289,239,1085,69,1893,0.525,2132,0.11,0.26,990,721,499,0.485,221,0.504,720,0.307,0.151,1711,0.421,225,0.546,611,386,0.415,1036,0.158,0.224,1472,0.373,0.066,0.516,436,3350.0,1095.0,18,3408.0,1553.0,11,1002.0,1337.0,16,17,12,12,1,1054.0,24,1070.0,13,20,84.9,4,18,7,33.8,20.8,9,13,17,17.4,19,20.4,0.751,14,8,20.0,11,24.8,6,19,10.7,16,9,16,44.5,3,4.8,4.5,7.7,23.2,17,37.4,0.334,20,8.3,100.5,15.8,0.44,2016,False
1610612746,LA Clippers,82,53,29,0.646,3966.0,3141,6759,0.465,797,2190,0.364,1490,2152,0.692,721,2727,3448,1873,1063.0,709,460,259,1746,1842,8569,351.0,1,6,6,6,11,16,25,6,8,9,6,11,4,29,29,17,25,11,3,7,10,1,24,2,7,6,7995,4.5,1.76,27,0.234,5,17.4,0.133,0.524,0.556,8,0.472,0.697,106.5,107.2,30,102.7,5,96.81,0.533,3,98.0,5,4,100.9,10,5,5.5,3,13,80.68,29,7995,9,0.596,23587,LAC,0.098,216,0.079,4666,2303,228,3757,23587,802,1357,0.104,270,0.071,0.063,1128,185,0.309,357,0.523,284,0.796,163,0.462,521,2593,1138,33258,0.466,0.258,8569,0.368,0.832,1843,2.37,17762,1724.4,3.11,707,0.251,305,0.558,0.315,0.555,421,8.1,402,2331,1815,683,345,6621,0.566,1085,0.397,6.4,2026,6.7,0.52,4806,0.61,0.414,76,0.006,0.417,82,835,462,0.123,0.578,0.128,477,0.58,799,15,36,0.571,0.277,92,0.503,1063,0.048,971,0.54,0.525,315,0.325,1798,0.292,2113,0.176,0.303,296,0.126,0.361,897,0.456,0.532,819,0.524,601,1147,1966,0.444,0.568,1009,1585,394,0.39,703,0.089,0.536,576,0.155,309,0.244,0.393,0.437,192,0.306,2204,1926,867,627,1533,0.54,260,0.654,0.417,2291,0.399,0.524,530,0.418,0.435,1226,0,563,0.412,319,246,1881,0.652,282,799,0.419,528,107,775,1913,221,14,114,1615,0.404,0.349,0.0,0.59,-0.004,0.594,0.306,1254,2126,371,0.0,0.35,0.394,180,20,1059,1,188,7,0.401,4,0.2,0,1211,2039,0.424,451,19,0.633,513,0.053,580,1291,0.417,449,1471,587,0.387,1515,2030,0.545,812,0.547,0.175,945,0.146,40,0.006,535,985,0.152,528,7,0.559,0.543,1005,0.305,0.344,0.484,0.04,0.509,0.292,257,1080,75,1976,0.5,2233,0.101,0.262,1043,657,523,0.506,225,0.501,748,0.342,0.161,1700,0.44,314,0.524,652,338,0.416,941,0.145,0.242,1568,0.359,0.097,0.501,627,3090.0,1054.0,4,3386.0,1386.0,12,1016.0,1191.0,29,23,13,11,11,869.0,28,1135.0,25,29,84.7,7,29,9,34.9,21.2,1,8,28,18.8,24,22.5,0.751,24,7,21.3,10,23.3,2,10,11.8,4,5,15,46.7,5,5.6,3.2,7.1,25.1,10,36.8,0.338,7,7.9,100.2,15.4,0.434,2016,False
1610612747,Los Angeles Lakers,82,17,65,0.207,3946.0,2880,6956,0.414,639,2016,0.317,1583,2028,0.781,878,2645,3523,1478,1124.0,593,337,458,1662,1573,7982,-784.0,1,29,29,29,28,30,14,30,22,13,30,6,8,11,11,24,21,30,11,23,24,25,13,24,30,29,7930,-9.7,1.31,22,0.271,30,14.1,0.142,0.46,0.509,29,0.484,0.712,98.6,100.7,19,110.3,30,96.55,0.424,11,98.0,29,30,109.3,28,30,-10.7,27,16,80.46,27,7930,30,0.513,22469,LAL,0.079,182,0.066,3733,1782,137,3170,22468,726,1473,0.078,208,0.078,0.063,1300,209,0.272,410,0.553,310,0.756,169,0.429,558,2666,1170,32205,0.426,0.248,7982,0.45,0.711,1917,2.29,17347,1756.7,3.27,1008,0.22,368,0.569,0.307,0.523,441,8.4,499,2429,2586,581,355,7172,0.577,1080,0.339,6.3,2061,6.8,0.491,4586,0.625,0.351,86,0.007,0.279,82,1097,543,0.162,0.515,0.169,555,0.511,1054,12,43,0.506,0.306,129,0.455,1120,0.073,991,0.498,0.481,472,0.379,1990,0.273,2462,0.144,0.265,235,0.12,0.301,693,0.403,0.471,781,0.488,458,938,1719,0.42,0.527,698,1220,263,0.377,512,0.08,0.477,522,0.107,249,0.188,0.36,0.408,218,0.302,2252,1838,810,721,1363,0.494,454,0.561,0.366,1761,0.345,0.46,498,0.365,0.32,1126,0,505,0.403,438,181,1999,0.563,222,677,0.323,403,58,1088,1854,130,20,72,1583,0.324,0.319,0.0,0.657,0.06,0.598,0.33,1525,2320,281,0.0,0.312,0.328,303,10,901,2,245,3,0.418,0,0.0,0,1111,2179,0.367,659,28,0.551,408,0.071,437,1200,0.372,725,1331,400,0.331,1208,1773,0.466,626,0.562,0.105,955,0.143,19,0.003,546,974,0.146,544,2,0.57,0.561,1153,0.306,0.337,0.542,0.031,0.563,0.328,204,1220,67,2048,0.557,2252,0.104,0.274,1132,698,627,0.534,234,0.554,861,0.335,0.169,1830,0.47,298,0.549,695,397,0.427,1088,0.163,0.244,1628,0.365,0.081,0.552,540,3128.0,997.0,20,3918.0,1117.0,29,1393.0,1352.0,14,28,18,29,28,1062.0,26,1172.0,16,27,85.6,30,7,28,35.5,24.7,25,15,20,17.3,28,19.2,0.731,13,27,20.3,1,24.6,29,17,10.9,11,28,24,46.5,11,4.1,5.6,7.5,23.7,24,40.5,0.347,18,8.5,106.9,12.6,0.473,2016,False
1610612763,Memphis Grizzlies,82,42,40,0.512,3966.0,3019,6859,0.44,504,1521,0.331,1584,2024,0.783,916,2497,3413,1697,1090.0,724,350,469,1783,1732,8126,-184.0,1,14,14,14,11,26,22,23,27,25,29,5,9,9,8,30,28,25,6,6,21,29,27,9,24,20,7763,-2.4,1.56,23,0.298,27,16.0,0.14,0.477,0.524,19,0.495,0.709,102.6,104.7,6,107.1,29,93.95,0.483,9,95.7,21,23,105.4,20,20,-2.9,13,27,78.29,16,7763,25,0.562,25121,MEM,0.084,200,0.068,4142,2114,231,3599,25121,781,1432,0.075,196,0.087,0.056,1220,226,0.299,446,0.549,358,0.803,147,0.423,516,2610,1642,34851,0.354,0.233,8126,0.483,0.775,2187,2.24,20169,1783.3,3.07,2038,0.256,319,0.621,0.354,0.551,414,7.1,568,2169,2450,639,335,6605,0.6,1207,0.373,6.4,1850,6.6,0.516,4155,0.653,0.386,79,0.002,0.067,82,1230,644,0.19,0.53,0.192,645,0.525,1215,1,15,0.524,0.285,34,0.519,1014,0.02,980,0.537,0.528,130,0.306,1824,0.262,1954,0.19,0.268,167,0.078,0.335,735,0.429,0.478,499,0.467,568,1215,1714,0.419,0.52,869,1492,302,0.348,625,0.097,0.518,623,0.136,323,0.233,0.386,0.42,93,0.311,1364,1145,526,299,1695,0.519,984,0.549,0.432,1987,0.369,0.477,581,0.406,0.297,1345,3,364,0.383,459,202,2386,0.564,221,711,0.322,423,60,1200,1752,136,22,76,1075,0.344,0.339,0.136,0.605,0.007,0.598,0.31,1210,2001,185,0.0,0.322,0.363,328,6,575,3,228,4,0.394,0,0.0,0,991,2617,0.399,573,25,0.547,395,0.12,448,1431,0.398,832,1235,402,0.339,1187,1928,0.476,716,0.563,0.167,871,0.143,18,0.003,499,889,0.146,496,3,0.569,0.561,918,0.28,0.324,0.504,0.044,0.536,0.302,268,999,81,1713,0.525,1981,0.14,0.289,911,852,490,0.535,302,0.538,792,0.354,0.149,1763,0.449,245,0.584,656,411,0.445,1038,0.17,0.241,1474,0.396,0.071,0.562,436,3608.0,1031.0,9,3160.0,1465.0,25,1198.0,1239.0,15,10,14,1,6,1055.0,11,970.0,26,11,78.8,13,22,3,33.1,21.9,29,29,12,19.7,12,21.1,0.768,28,11,21.7,24,26.6,18,28,10.1,3,3,1,43.2,22,4.3,5.7,7.0,25.7,21,35.9,0.365,4,9.7,101.3,16.2,0.456,2016,False
1610612748,Miami Heat,82,48,34,0.585,3966.0,3150,6697,0.47,498,1480,0.336,1406,1889,0.744,807,2811,3618,1709,1155.0,553,531,337,1502,1608,8204,135.0,1,7,7,7,11,13,27,4,28,28,27,18,14,23,22,6,13,23,14,27,1,4,4,20,23,12,7779,1.7,1.48,11,0.28,13,16.3,0.148,0.508,0.545,12,0.512,0.729,104.2,105.5,15,103.7,11,94.14,0.525,16,95.7,11,7,101.5,26,8,2.6,20,25,78.45,8,7779,20,0.543,24429,MIA,0.086,192,0.07,4206,2112,217,3545,24427,1309,1755,0.11,404,0.066,0.062,1410,241,0.358,476,0.48,369,0.775,226,0.479,676,3659,1428,34043,0.445,0.241,8204,0.523,0.862,2179,2.44,19226,1779.1,3.14,1062,0.258,292,0.622,0.339,0.546,453,6.9,502,2372,2164,725,395,7083,0.571,1227,0.373,6.4,2080,6.5,0.511,4919,0.621,0.383,58,0.003,0.063,82,1046,603,0.162,0.585,0.164,604,0.578,1030,1,16,0.577,0.351,40,0.523,1242,0.022,1202,0.538,0.532,139,0.373,2235,0.288,2374,0.19,0.271,170,0.081,0.329,800,0.464,0.513,516,0.522,630,1208,1724,0.414,0.532,800,1215,287,0.359,503,0.065,0.52,415,0.126,216,0.191,0.38,0.396,51,0.251,1572,1245,597,203,1879,0.535,555,0.633,0.449,1953,0.382,0.508,635,0.403,0.394,1451,1,292,0.398,453,287,2222,0.653,282,748,0.357,569,113,1139,1856,203,15,90,892,0.319,0.327,0.067,0.576,-0.019,0.595,0.322,1284,2229,120,0.0,0.288,0.371,307,4,416,1,264,4,0.406,1,0.25,0,1192,2385,0.401,650,22,0.633,478,0.045,468,1509,0.406,757,1263,445,0.354,1257,1859,0.503,712,0.534,0.295,996,0.156,44,0.007,549,1040,0.163,536,13,0.538,0.528,1154,0.333,0.375,0.513,0.042,0.543,0.272,265,1226,72,2127,0.528,2392,0.1,0.272,1098,641,546,0.507,224,0.497,770,0.349,0.172,1739,0.443,213,0.543,509,296,0.42,781,0.122,0.19,1211,0.379,0.067,0.495,430,3808.0,912.0,12,3444.0,1215.0,2,879.0,1278.0,17,16,22,13,26,1042.0,4,1062.0,5,6,84.3,2,11,27,31.5,20.2,4,3,10,16.5,6,19.6,0.77,7,5,18.3,27,21.2,9,3,9.8,10,8,13,41.3,12,6.5,4.1,7.5,21.5,1,37.2,0.347,27,7.4,98.4,12.9,0.442,2016,False
1610612749,Milwaukee Bucks,82,33,49,0.402,3966.0,3145,6740,0.467,440,1277,0.345,1392,1863,0.747,858,2559,3417,1895,1247.0,672,475,462,1695,1600,8122,-343.0,1,21,21,21,11,14,26,5,30,30,21,21,18,22,15,29,27,9,25,13,7,26,17,21,25,26,7858,-4.5,1.52,30,0.286,17,17.6,0.159,0.499,0.537,26,0.49,0.689,102.2,103.4,13,107.8,17,95.05,0.483,24,96.6,26,24,105.7,8,23,-3.5,17,23,79.21,25,7858,8,0.603,23733,MIL,0.099,232,0.08,4531,2351,242,3676,23732,1129,1493,0.099,323,0.065,0.066,1318,210,0.347,412,0.46,298,0.723,216,0.439,578,3249,1584,33433,0.347,0.243,8122,0.494,0.825,2408,2.14,18475,1701.2,3.05,1379,0.272,325,0.605,0.356,0.536,397,7.0,519,2175,2296,697,319,6767,0.572,1216,0.374,6.4,1850,6.6,0.505,4471,0.616,0.387,78,0.006,0.158,82,1324,699,0.205,0.544,0.211,705,0.535,1286,6,38,0.532,0.365,56,0.54,1342,0.032,1286,0.562,0.551,198,0.396,2288,0.283,2486,0.161,0.239,171,0.079,0.346,671,0.446,0.503,494,0.496,500,1009,1503,0.443,0.55,535,964,207,0.387,427,0.068,0.513,429,0.085,220,0.154,0.375,0.397,60,0.276,1352,1074,507,217,1986,0.488,681,0.605,0.444,1616,0.369,0.499,550,0.382,0.353,1625,0,303,0.405,448,184,2704,0.601,196,632,0.353,380,65,1105,1654,134,13,69,870,0.352,0.348,0.0,0.593,-0.002,0.595,0.355,1435,2420,206,0.5,0.347,0.364,312,4,593,0,234,2,0.392,0,0.0,1,950,2943,0.374,560,16,0.584,355,0.0,314,1720,0.418,796,862,373,0.362,1030,1559,0.488,574,0.554,0.381,965,0.152,21,0.003,542,986,0.156,534,8,0.553,0.55,1085,0.296,0.336,0.54,0.04,0.578,0.258,252,1150,65,1877,0.555,2129,0.111,0.25,883,705,492,0.524,227,0.557,719,0.322,0.139,1588,0.453,220,0.56,685,465,0.418,1177,0.186,0.258,1637,0.395,0.073,0.478,460,4146.0,1133.0,24,3606.0,1514.0,16,1068.0,1453.0,22,25,10,21,5,994.0,1,1153.0,20,10,83.1,28,10,8,31.5,24.5,26,25,26,18.4,7,19.5,0.768,21,17,20.7,23,26.5,17,27,11.5,22,11,6,43.0,15,5.8,5.6,8.3,23.9,7,37.8,0.352,14,9.3,103.2,15.5,0.454,2016,False
1610612750,Minnesota Timberwolves,82,29,53,0.354,3976.0,3095,6668,0.464,455,1347,0.338,1753,2213,0.792,821,2587,3408,1916,1231.0,656,375,427,1696,1768,8398,-290.0,1,26,26,26,5,19,29,7,29,29,25,1,2,4,20,28,29,8,23,14,19,17,18,7,15,24,7965,-3.5,1.56,25,0.279,9,17.6,0.155,0.498,0.549,13,0.494,0.702,104.3,105.4,18,109.0,18,96.2,0.497,23,97.6,24,14,107.1,4,28,-2.8,14,19,80.17,20,7965,6,0.619,23077,MIN,0.103,247,0.083,4658,2383,233,3881,23076,822,1374,0.097,254,0.093,0.075,1065,245,0.313,482,0.522,382,0.793,198,0.447,476,2630,1624,32870,0.467,0.255,8398,0.621,0.895,2170,2.36,17829,1733.5,3.16,1265,0.282,326,0.593,0.357,0.559,369,7.7,487,2180,2180,729,305,6466,0.603,1216,0.377,6.2,1854,6.6,0.527,4286,0.65,0.388,64,0.004,0.25,82,1259,685,0.197,0.556,0.202,692,0.552,1231,7,28,0.55,0.304,34,0.523,1060,0.021,1026,0.542,0.531,133,0.325,1894,0.256,2027,0.179,0.252,150,0.073,0.33,719,0.458,0.506,454,0.51,569,1116,1570,0.45,0.546,722,1382,264,0.366,622,0.106,0.542,660,0.116,358,0.222,0.355,0.384,92,0.299,1626,1248,578,308,1943,0.513,785,0.613,0.445,1891,0.395,0.498,759,0.385,0.382,1398,0,345,0.425,410,110,2196,0.637,175,832,0.382,285,42,964,2160,109,8,67,1053,0.383,0.328,0.0,0.625,0.031,0.594,0.349,1515,2424,177,0.0,0.308,0.389,296,8,575,0,194,4,0.419,1,0.125,0,1245,2349,0.386,511,9,0.62,480,0.0,490,1456,0.38,706,1259,357,0.355,1006,1803,0.497,717,0.573,0.231,1012,0.154,26,0.004,592,1038,0.158,586,6,0.579,0.57,1105,0.297,0.334,0.536,0.036,0.566,0.296,240,1176,71,1954,0.552,2194,0.117,0.284,1100,771,601,0.542,275,0.546,876,0.357,0.167,1871,0.468,237,0.558,627,390,0.425,1040,0.158,0.224,1474,0.375,0.066,0.546,434,3616.0,1114.0,25,3784.0,1348.0,20,1097.0,1461.0,12,19,11,28,15,1068.0,10,1079.0,9,7,84.9,20,24,13,31.2,22.6,17,21,17,17.0,3,21.6,0.757,12,23,20.7,18,25.5,28,24,10.7,17,27,16,41.9,17,4.6,5.2,7.8,22.5,19,40.0,0.355,13,9.0,106.0,14.9,0.471,2016,False
1610612740,New Orleans Pelicans,82,30,52,0.366,3956.0,3153,7040,0.448,702,1951,0.36,1415,1823,0.776,782,2712,3494,1818,1102.0,633,342,423,1713,1630,8423,-311.0,1,25,25,25,23,12,8,19,15,16,9,16,22,13,23,20,22,17,8,16,23,15,22,17,13,25,8041,-3.7,1.65,3,0.252,18,16.8,0.137,0.498,0.537,18,0.493,0.748,103.2,104.8,24,108.4,19,97.64,0.472,4,98.9,25,26,107.3,19,26,-4.1,11,8,81.37,22,8041,16,0.577,23988,NOP,0.092,217,0.076,4552,2206,182,3534,23986,1247,1733,0.1,359,0.062,0.059,1489,223,0.346,441,0.481,350,0.794,212,0.445,662,3604,1138,33825,0.488,0.249,8423,0.545,0.815,1736,2.31,18453,1674.8,2.97,918,0.243,289,0.594,0.321,0.575,394,7.3,463,2335,2059,659,350,6470,0.615,1122,0.379,6.1,2046,6.4,0.54,4411,0.668,0.387,44,0.002,0.154,82,1024,549,0.153,0.543,0.155,551,0.539,1011,2,13,0.538,0.305,26,0.511,1087,0.016,1061,0.526,0.517,108,0.321,2018,0.241,2126,0.175,0.272,212,0.098,0.329,786,0.436,0.495,645,0.497,574,1156,1801,0.438,0.577,1172,1663,462,0.394,729,0.074,0.544,491,0.177,267,0.251,0.393,0.443,192,0.35,1942,1720,764,549,1414,0.518,500,0.587,0.4,2018,0.387,0.498,555,0.412,0.323,1344,1,549,0.378,355,223,2324,0.578,234,752,0.33,457,72,939,1825,151,12,79,1478,0.338,0.371,0.083,0.628,0.031,0.597,0.311,1345,2142,330,0.0,0.367,0.375,264,9,900,1,213,2,0.388,2,0.222,0,1036,2471,0.418,560,16,0.566,433,0.063,510,1399,0.38,681,1360,497,0.365,1361,1862,0.521,721,0.564,0.265,967,0.148,34,0.005,560,1001,0.153,551,9,0.57,0.559,1104,0.3,0.334,0.535,0.034,0.564,0.287,223,1168,64,1959,0.55,2182,0.111,0.275,1071,726,564,0.548,281,0.527,845,0.387,0.164,1797,0.47,245,0.543,645,400,0.415,1044,0.16,0.238,1555,0.383,0.078,0.479,511,3398.0,1020.0,8,3544.0,1228.0,8,962.0,1223.0,25,4,15,17,25,944.0,20,927.0,22,19,83.9,21,14,19,35.5,23.2,15,23,3,18.8,27,19.9,0.783,25,26,20.9,29,24.9,27,22,8.9,9,24,10,44.4,25,4.2,5.2,7.3,24.0,23,39.2,0.369,9,9.2,106.5,13.7,0.468,2016,False
1610612752,New York Knicks,82,32,50,0.39,3961.0,3022,6886,0.439,610,1762,0.346,1411,1753,0.805,850,2788,3638,1682,1099.0,467,466,343,1616,1520,8065,-224.0,1,24,24,24,19,25,21,26,24,23,20,17,25,1,16,7,10,26,7,30,9,5,10,27,27,22,7763,-2.8,1.53,17,0.28,24,16.0,0.142,0.483,0.527,24,0.502,0.718,102.0,103.9,16,106.7,28,94.12,0.487,10,95.8,22,21,104.8,23,18,-2.8,16,26,78.43,13,7763,24,0.557,28011,NYK,0.075,202,0.06,4220,2101,233,3837,28011,567,976,0.097,180,0.089,0.067,792,165,0.305,329,0.524,265,0.805,125,0.423,335,1862,2000,37559,0.38,0.215,8065,0.477,0.778,2130,1.84,23102,1723.1,2.75,2273,0.239,314,0.614,0.326,0.565,456,8.0,521,2428,2179,666,396,6897,0.591,1187,0.39,6.4,2114,6.8,0.527,4718,0.645,0.401,60,0.004,0.074,82,1061,532,0.158,0.515,0.162,534,0.504,1034,2,27,0.503,0.327,80,0.473,1133,0.039,1053,0.492,0.49,257,0.366,2139,0.311,2396,0.176,0.285,238,0.109,0.333,846,0.454,0.518,714,0.529,608,1150,1864,0.416,0.535,758,1221,290,0.383,508,0.071,0.471,463,0.116,218,0.187,0.394,0.419,91,0.272,1840,1541,725,335,1657,0.446,1085,0.563,0.44,2401,0.385,0.483,759,0.415,0.378,1078,0,438,0.404,388,185,1886,0.572,234,946,0.408,419,70,961,2277,171,13,101,1326,0.432,0.33,0.0,0.573,-0.024,0.597,0.335,1351,2359,250,0.0,0.325,0.372,292,6,769,0,301,2,0.428,2,0.333,0,1237,2068,0.428,762,16,0.556,529,0.0,498,1149,0.395,683,1339,503,0.363,1386,2229,0.501,866,0.519,0.226,935,0.142,31,0.005,498,966,0.147,491,7,0.525,0.516,1115,0.317,0.35,0.514,0.033,0.536,0.301,219,1181,66,2080,0.528,2299,0.097,0.276,1175,639,595,0.512,222,0.506,817,0.347,0.179,1814,0.45,287,0.526,618,331,0.415,942,0.143,0.227,1489,0.351,0.083,0.525,547,2932.0,692.0,10,3538.0,966.0,15,1050.0,1262.0,11,15,30,16,30,1077.0,30,1039.0,15,16,85.8,3,4,30,33.3,20.8,5,4,19,17.5,15,18.5,0.754,15,10,19.7,12,22.4,10,6,10.9,6,13,25,44.2,7,5.7,4.2,7.2,23.2,9,38.0,0.341,21,7.6,101.1,11.3,0.443,2016,False
1610612760,Oklahoma City Thunder,82,55,27,0.671,3966.0,3372,7082,0.476,678,1945,0.349,1616,2067,0.782,1071,2916,3987,1883,1305.0,603,487,373,1691,1653,9038,597.0,1,5,5,5,11,2,7,3,17,17,17,4,7,10,1,2,1,10,26,21,4,11,16,15,2,3,8061,7.4,1.44,16,0.347,2,16.7,0.162,0.524,0.565,2,0.541,0.72,109.9,112.1,1,104.8,4,97.54,0.546,28,99.4,3,3,103.0,21,11,6.9,22,10,81.28,1,8061,17,0.558,21042,OKC,0.107,225,0.089,4627,2257,166,3843,21041,1072,1475,0.116,362,0.073,0.076,1171,229,0.344,449,0.473,363,0.808,237,0.458,536,3117,1245,31212,0.524,0.29,9038,0.607,0.778,2405,2.51,16374,1692.4,3.25,751,0.241,365,0.619,0.343,0.556,479,7.0,663,2572,2693,703,392,7652,0.588,1366,0.398,6.0,2207,6.2,0.521,4959,0.638,0.411,87,0.006,0.225,82,1040,569,0.149,0.569,0.155,578,0.56,1000,9,40,0.556,0.327,105,0.544,1366,0.047,1261,0.575,0.565,317,0.374,2193,0.331,2510,0.157,0.257,245,0.1,0.365,824,0.477,0.548,671,0.548,579,1056,1727,0.422,0.533,910,1432,319,0.351,604,0.078,0.546,522,0.136,285,0.213,0.399,0.449,188,0.318,1858,1670,741,592,1870,0.558,456,0.618,0.52,2176,0.4,0.524,653,0.436,0.351,1534,0,470,0.462,421,291,2528,0.607,293,739,0.356,584,102,912,1696,208,6,106,1354,0.362,0.347,0.0,0.577,-0.02,0.596,0.35,1453,2520,239,0.143,0.351,0.35,260,14,681,0,330,7,0.468,2,0.143,1,1017,2677,0.441,701,9,0.596,449,0.0,496,1595,0.471,555,1419,482,0.364,1323,1987,0.522,796,0.53,0.333,1097,0.164,15,0.002,587,1112,0.166,582,5,0.531,0.528,1034,0.293,0.32,0.504,0.028,0.527,0.259,185,1082,48,1963,0.515,2148,0.101,0.28,1205,675,605,0.506,231,0.502,836,0.342,0.18,1880,0.445,262,0.535,645,383,0.412,1049,0.156,0.233,1564,0.365,0.077,0.509,515,3910.0,1420.0,23,3706.0,1238.0,19,1085.0,1446.0,1,24,4,26,23,1299.0,3,1143.0,18,2,87.7,10,16,26,28.9,21.5,11,12,22,18.0,1,20.2,0.756,18,15,20.6,16,23.8,5,14,11.3,26,16,27,40.2,8,5.9,4.5,8.8,23.8,4,38.4,0.342,15,8.1,102.9,13.0,0.438,2016,False
1610612753,Orlando Magic,82,35,47,0.427,3981.0,3242,7120,0.455,636,1818,0.35,1249,1649,0.757,843,2709,3552,1933,1155.0,673,417,448,1701,1497,8369,-133.0,1,20,20,20,3,5,4,12,23,22,16,30,29,17,18,21,17,7,14,12,15,21,19,30,18,19,8018,-1.6,1.67,13,0.271,20,17.6,0.144,0.5,0.533,22,0.495,0.726,102.6,104.4,20,106.0,16,96.68,0.488,14,98.2,19,20,104.6,11,17,-2.0,9,14,80.57,17,8018,7,0.596,24760,ORL,0.091,152,0.077,4621,2249,205,3977,24759,1004,1520,0.103,327,0.069,0.073,1335,220,0.317,434,0.48,330,0.76,230,0.43,574,3168,966,34430,0.487,0.24,8266,0.499,0.834,1871,2.25,19697,1687.2,2.94,1150,0.269,335,0.57,0.341,0.568,426,7.7,476,2285,2205,718,364,6599,0.607,1194,0.379,5.9,1950,6.3,0.531,4394,0.662,0.39,62,0.003,0.176,81,1029,587,0.154,0.58,0.156,590,0.575,1012,3,17,0.573,0.293,23,0.529,1087,0.019,1064,0.551,0.535,123,0.312,1931,0.187,2054,0.18,0.268,195,0.088,0.336,755,0.428,0.483,581,0.473,560,1184,1765,0.441,0.558,1062,1738,406,0.382,766,0.103,0.533,676,0.161,360,0.264,0.37,0.401,87,0.28,1423,1141,527,311,1560,0.52,574,0.596,0.482,2506,0.395,0.5,470,0.41,0.383,1352,0,470,0.414,435,206,2252,0.6,246,819,0.367,452,79,1051,2000,166,21,87,1341,0.354,0.35,0.0,0.603,0.006,0.597,0.339,1383,2295,286,0.0,0.34,0.372,317,10,842,0,211,5,0.416,0,0.0,0,1217,2410,0.425,519,25,0.588,517,0.0,494,1417,0.407,762,1327,529,0.366,1447,2385,0.508,947,0.552,0.15,1086,0.171,40,0.006,618,1126,0.177,612,6,0.564,0.549,1106,0.315,0.351,0.528,0.036,0.554,0.307,231,1177,71,1998,0.544,2229,0.106,0.246,893,671,466,0.511,222,0.522,688,0.331,0.141,1564,0.44,205,0.588,630,425,0.44,1055,0.166,0.226,1433,0.403,0.06,0.542,378,3574.0,1009.0,16,3564.0,1460.0,18,1079.0,1314.0,18,6,16,18,7,1036.0,12,934.0,21,18,83.5,21,1,11,34.1,23.2,21,19,13,17.9,21,18.3,0.746,17,18,20.7,6,24.9,20,20,10.1,13,16,7,44.3,19,5.1,5.5,7.6,24.0,15,38.4,0.359,11,8.9,103.7,15.1,0.46,2016,False
1610612755,Philadelphia 76ers,82,10,72,0.122,3961.0,2970,6887,0.431,764,2255,0.339,1284,1850,0.694,777,2605,3382,1765,1343.0,680,495,466,1780,1571,7988,-839.0,1,30,30,30,19,28,20,29,9,8,24,28,19,28,24,26,30,20,29,10,3,28,25,25,29,30,8119,-10.2,1.31,28,0.25,29,16.3,0.165,0.487,0.519,30,0.466,0.693,96.6,98.4,26,108.6,27,98.44,0.428,29,100.2,30,29,106.7,12,27,-10.0,28,6,82.03,30,8119,21,0.594,27005,PHI,0.079,212,0.065,4524,2142,174,3854,27005,1595,1606,0.106,442,0.06,0.08,1470,248,0.384,489,0.386,339,0.693,334,0.42,617,4158,1271,36935,0.425,0.216,7988,0.471,0.834,1861,2.29,21385,1752.1,2.85,1028,0.24,327,0.562,0.314,0.53,457,7.8,437,2297,2176,625,392,6840,0.558,1062,0.357,6.1,1970,6.5,0.494,4664,0.609,0.368,65,0.003,0.136,82,1085,615,0.166,0.579,0.169,618,0.571,1063,3,22,0.57,0.291,101,0.493,1081,0.05,980,0.524,0.516,323,0.342,1870,0.313,2193,0.147,0.28,279,0.133,0.327,737,0.41,0.487,852,0.484,458,947,1799,0.397,0.539,1045,1344,381,0.365,534,0.047,0.512,299,0.163,153,0.209,0.335,0.383,134,0.289,1389,1064,465,463,1553,0.468,484,0.613,0.469,2230,0.356,0.487,540,0.358,0.361,1419,1,560,0.346,352,274,2398,0.592,274,435,0.37,548,99,1018,1214,203,14,104,1693,0.38,0.331,0.071,0.592,-0.004,0.596,0.35,1453,2454,407,0.1,0.331,0.358,262,12,1231,1,188,10,0.375,5,0.417,1,664,2587,0.334,520,18,0.57,222,0.056,410,1474,0.362,698,1145,625,0.355,1763,2162,0.504,777,0.568,0.25,1059,0.163,20,0.003,610,1079,0.166,605,5,0.571,0.565,1175,0.318,0.348,0.541,0.03,0.567,0.267,195,1227,52,2071,0.553,2266,0.094,0.26,1085,609,552,0.506,204,0.509,756,0.335,0.167,1694,0.446,283,0.577,660,377,0.449,941,0.145,0.226,1470,0.401,0.081,0.535,529,3542.0,999.0,29,3736.0,1357.0,28,1370.0,1639.0,24,30,17,27,13,957.0,16,1207.0,29,30,85.4,24,6,10,36.4,23.4,28,5,21,20.5,30,19.2,0.786,30,29,21.7,30,21.7,25,4,11.1,25,26,23,47.6,20,6.0,5.7,8.7,26.1,3,39.7,0.359,6,7.8,107.6,15.1,0.464,2016,False
1610612756,Phoenix Suns,82,23,59,0.28,3941.0,3051,7018,0.435,738,2118,0.348,1431,1905,0.751,943,2733,3676,1701,1410.0,632,313,449,1858,1770,8271,-546.0,1,27,27,27,29,23,11,28,11,12,18,13,13,20,5,15,7,24,30,17,28,23,30,6,22,27,8152,-6.5,1.21,8,0.297,25,15.4,0.173,0.487,0.526,28,0.508,0.733,99.4,101.5,7,107.9,25,99.39,0.45,30,100.9,27,28,107.0,22,24,-7.6,30,4,82.82,10,8152,26,0.558,25455,PHX,0.082,195,0.067,4297,2095,218,3875,25455,916,1383,0.08,228,0.072,0.077,1207,204,0.322,405,0.486,311,0.768,220,0.43,519,2843,1298,35701,0.378,0.232,8271,0.459,0.771,2200,2.09,19912,1684.9,2.83,1161,0.262,374,0.569,0.341,0.556,456,7.9,537,2383,2583,715,361,7071,0.609,1252,0.365,5.9,2009,6.4,0.52,4488,0.662,0.379,95,0.007,0.25,82,1140,561,0.166,0.514,0.174,573,0.508,1092,12,48,0.503,0.286,74,0.507,1084,0.039,1010,0.537,0.525,257,0.325,1880,0.288,2137,0.15,0.275,267,0.125,0.325,763,0.422,0.496,821,0.504,496,985,1806,0.425,0.554,975,1484,385,0.395,630,0.078,0.481,509,0.148,245,0.226,0.363,0.408,156,0.286,1709,1396,620,545,1696,0.499,533,0.576,0.379,2202,0.369,0.487,490,0.369,0.385,1368,0,558,0.367,330,247,2332,0.587,246,615,0.363,493,95,900,1668,179,12,84,1608,0.341,0.347,0.0,0.629,0.031,0.597,0.326,1410,2243,308,0.091,0.342,0.363,242,14,901,0,205,11,0.366,1,0.071,1,937,2504,0.358,491,14,0.567,335,0.0,537,1421,0.418,661,1480,570,0.376,1517,2085,0.512,783,0.552,0.235,1093,0.167,34,0.005,618,1127,0.172,610,8,0.558,0.548,1004,0.285,0.318,0.516,0.033,0.538,0.324,219,1075,71,1866,0.533,2085,0.103,0.26,1032,676,532,0.516,233,0.516,765,0.345,0.157,1708,0.448,291,0.598,749,458,0.458,1099,0.168,0.25,1636,0.417,0.082,0.542,537,3396.0,1183.0,30,3590.0,1356.0,30,1416.0,1653.0,5,14,8,20,14,1150.0,21,1034.0,30,13,83.8,17,25,12,33.8,22.4,23,26,11,19.9,18,21.6,0.749,29,28,22.7,9,24.9,26,20,9.9,30,23,9,43.7,30,3.8,5.5,9.5,26.5,28,39.1,0.377,1,9.4,107.5,14.9,0.467,2016,False
1610612757,Portland Trail Blazers,82,44,38,0.537,3961.0,3167,7040,0.45,864,2336,0.37,1424,1889,0.754,948,2782,3730,1748,1200.0,562,380,424,1782,1597,8622,68.0,1,12,12,12,19,10,8,16,5,6,4,15,14,19,4,8,5,21,17,25,18,16,26,22,6,13,8012,0.8,1.46,12,0.294,10,16.0,0.15,0.511,0.548,6,0.51,0.728,106.1,107.6,9,106.8,8,97.06,0.493,17,98.3,13,18,105.6,25,19,0.6,21,12,80.88,9,8012,23,0.552,23107,POR,0.094,223,0.076,4486,2162,209,3713,23106,917,1614,0.086,265,0.076,0.07,1377,235,0.297,460,0.522,375,0.815,217,0.435,599,3090,1346,32945,0.423,0.262,8622,0.39,0.714,1881,2.53,17750,1778.4,3.24,449,0.26,394,0.566,0.338,0.547,491,8.0,537,2449,2574,723,408,7309,0.588,1260,0.368,6.0,2055,6.5,0.51,4735,0.643,0.381,83,0.009,0.345,82,1169,606,0.168,0.545,0.177,626,0.544,1111,20,58,0.536,0.267,75,0.483,992,0.043,917,0.52,0.502,287,0.311,1765,0.261,2052,0.152,0.273,289,0.12,0.364,837,0.465,0.545,795,0.545,548,1005,1800,0.447,0.598,1180,1581,480,0.407,706,0.061,0.564,401,0.179,226,0.239,0.413,0.465,219,0.351,2070,1927,854,624,1343,0.536,175,0.594,0.406,2279,0.385,0.511,570,0.423,0.362,1272,0,639,0.39,330,257,2200,0.578,316,701,0.393,573,93,846,1658,225,11,132,1748,0.418,0.366,0.0,0.57,-0.028,0.598,0.311,1229,2156,321,0.167,0.352,0.393,225,11,913,1,211,6,0.393,1,0.091,1,962,2373,0.429,484,16,0.559,413,0.063,668,1326,0.436,572,1699,637,0.381,1670,2046,0.547,800,0.539,0.138,1169,0.178,29,0.004,644,1198,0.183,640,4,0.547,0.538,1070,0.307,0.341,0.511,0.034,0.532,0.317,224,1141,71,2011,0.526,2235,0.112,0.266,1006,737,484,0.493,250,0.481,734,0.339,0.153,1743,0.421,247,0.585,622,375,0.45,884,0.135,0.211,1383,0.424,0.076,0.495,499,3204.0,877.0,19,3354.0,1211.0,5,907.0,1338.0,4,13,26,8,27,1156.0,25,1017.0,27,13,84.7,11,8,25,33.1,21.6,16,15,15,19.0,13,19.5,0.734,26,20,21.7,2,23.0,16,9,10.6,15,15,14,43.7,26,4.6,5.2,7.7,26.0,18,38.4,0.371,5,8.5,104.3,13.3,0.453,2016,False
1610612758,Sacramento Kings,82,33,49,0.402,3961.0,3283,7083,0.464,660,1839,0.359,1514,2089,0.725,868,2760,3628,2009,1326.0,733,368,437,1676,1800,8740,-203.0,1,21,21,21,19,4,6,8,19,21,10,9,6,26,13,14,11,4,28,5,20,19,15,4,3,21,8302,-2.3,1.52,18,0.281,11,17.6,0.16,0.51,0.546,14,0.5,0.717,103.3,105.3,14,107.6,10,100.66,0.494,25,102.2,20,17,106.3,6,22,-3.0,18,1,83.88,14,8302,5,0.612,22948,SAC,0.105,227,0.087,4894,2419,222,4077,22948,1058,1517,0.1,328,0.072,0.076,1320,237,0.323,466,0.463,341,0.732,248,0.43,568,3274,1095,32925,0.611,0.263,8643,0.477,0.822,2304,2.29,17455,1645.9,3.0,1046,0.237,342,0.565,0.315,0.55,455,7.3,485,2421,2379,644,376,6969,0.593,1129,0.361,6.3,2079,6.5,0.514,4590,0.646,0.373,79,0.002,0.125,81,1077,563,0.161,0.531,0.164,565,0.526,1061,2,16,0.525,0.313,40,0.545,1198,0.021,1158,0.562,0.554,139,0.334,2059,0.288,2198,0.168,0.255,183,0.087,0.32,776,0.463,0.517,571,0.536,593,1106,1677,0.441,0.573,1082,1622,428,0.396,715,0.082,0.531,540,0.165,287,0.247,0.38,0.423,115,0.345,1320,1117,501,333,1893,0.569,499,0.598,0.455,2102,0.38,0.511,669,0.397,0.381,1561,0,478,0.372,469,247,2492,0.626,187,593,0.419,434,94,1260,1492,182,15,88,1389,0.471,0.344,0.0,0.616,0.019,0.596,0.309,1353,2197,297,0.0,0.354,0.38,346,15,839,0,138,4,0.383,2,0.133,0,823,2776,0.395,344,18,0.597,325,0.0,517,1658,0.401,903,1360,529,0.364,1453,1983,0.518,762,0.535,0.04,912,0.135,25,0.004,501,937,0.139,500,1,0.548,0.535,1014,0.276,0.311,0.519,0.035,0.545,0.318,233,1088,74,1862,0.537,2095,0.108,0.275,1124,730,598,0.522,247,0.532,845,0.338,0.167,1854,0.456,350,0.593,853,503,0.458,1266,0.188,0.276,1861,0.397,0.088,0.588,595,4060.0,1415.0,27,3574.0,1438.0,26,1231.0,1528.0,13,21,5,19,8,1063.0,2,1117.0,14,23,87.7,26,27,6,33.7,24.2,19,30,23,17.7,17,22.0,0.762,16,30,20.4,21,28.0,24,30,11.3,28,29,28,45.0,23,4.5,5.3,8.8,23.2,20,40.6,0.366,16,10.2,109.1,16.0,0.462,2016,False
1610612759,San Antonio Spurs,82,67,15,0.817,3941.0,3289,6797,0.484,570,1518,0.375,1342,1672,0.803,770,2831,3601,2010,1071.0,677,485,317,1433,1597,8490,872.0,1,2,2,2,29,3,24,2,25,26,2,25,28,2,25,5,15,3,4,11,6,2,1,22,10,2,7767,11.1,1.88,4,0.266,3,18.8,0.138,0.526,0.564,4,0.516,0.746,108.4,109.3,23,98.2,2,94.54,0.578,6,95.7,1,1,96.6,7,1,11.8,2,24,78.78,6,7767,3,0.611,26947,SAS,0.092,166,0.075,4832,2475,318,3768,26947,1136,1362,0.114,347,0.055,0.062,1139,168,0.373,333,0.448,274,0.823,189,0.465,530,3043,1443,36413,0.313,0.233,8490,0.573,0.834,2144,2.21,21995,1750.2,2.88,1837,0.262,311,0.577,0.329,0.591,410,8.1,443,2381,1905,741,351,6488,0.617,1184,0.403,6.3,2070,6.7,0.554,4583,0.668,0.416,59,0.003,0.294,82,1110,628,0.169,0.575,0.171,633,0.573,1093,5,17,0.57,0.295,42,0.555,1124,0.018,1082,0.566,0.565,115,0.313,1912,0.365,2027,0.184,0.257,166,0.073,0.349,772,0.463,0.513,475,0.508,606,1192,1667,0.454,0.561,901,1674,357,0.396,760,0.119,0.521,773,0.139,403,0.258,0.413,0.436,79,0.307,1715,1495,708,257,1789,0.52,1053,0.638,0.489,2295,0.413,0.526,452,0.425,0.397,1284,0,401,0.453,502,229,1974,0.65,214,933,0.379,443,91,1109,2196,168,10,77,1060,0.36,0.378,0.0,0.57,-0.022,0.593,0.321,1227,2152,197,0.0,0.351,0.399,364,5,561,0,309,3,0.438,0,0.0,0,1337,2152,0.432,707,15,0.637,577,0.0,471,1370,0.437,831,1181,488,0.393,1241,2088,0.531,865,0.552,0.297,990,0.159,37,0.006,561,1027,0.165,550,11,0.556,0.546,1032,0.314,0.35,0.5,0.036,0.528,0.26,227,1091,59,1953,0.514,2180,0.089,0.272,1141,554,552,0.482,177,0.484,729,0.319,0.183,1695,0.43,253,0.525,547,294,0.414,802,0.129,0.212,1322,0.367,0.084,0.487,520,3572.0,849.0,1,3286.0,1320.0,10,996.0,1103.0,23,1,27,4,17,970.0,13,870.0,2,3,81.8,4,8,14,31.4,20.8,2,1,4,14.9,5,19.5,0.758,1,1,17.5,19,19.9,4,1,9.1,8,2,3,40.5,1,5.9,3.9,7.2,19.6,6,35.7,0.331,30,6.6,92.9,14.8,0.436,2016,False
1610612761,Toronto Raptors,82,56,26,0.683,3956.0,3006,6669,0.451,708,1915,0.37,1702,2190,0.777,836,2724,3560,1536,1073.0,636,449,442,1610,1801,8422,369.0,1,4,4,4,23,27,28,15,14,19,5,2,3,12,19,18,16,29,5,15,11,20,9,3,14,5,7707,4.4,1.43,7,0.3,7,14.9,0.139,0.504,0.552,5,0.52,0.736,107.0,109.3,5,104.8,12,93.35,0.525,7,95.3,6,8,102.7,30,12,4.3,24,29,77.8,3,7707,28,0.511,24579,TOR,0.075,161,0.062,3896,1845,177,3149,24579,1299,2071,0.092,370,0.077,0.063,1686,310,0.324,609,0.517,494,0.811,253,0.453,764,4008,765,34092,0.481,0.244,8316,0.53,0.768,1732,2.53,19676,1797.4,3.16,670,0.266,302,0.625,0.351,0.527,416,7.2,516,2269,2372,715,359,7083,0.57,1231,0.348,5.9,1967,6.2,0.496,4711,0.617,0.356,57,0.006,0.371,81,1008,562,0.158,0.578,0.164,575,0.577,973,13,35,0.57,0.343,82,0.497,1185,0.045,1103,0.523,0.514,275,0.388,2111,0.298,2386,0.146,0.254,237,0.108,0.358,684,0.439,0.515,662,0.498,447,897,1559,0.44,0.594,902,1193,368,0.408,525,0.047,0.54,291,0.147,157,0.194,0.382,0.417,115,0.288,1659,1383,634,399,1331,0.583,355,0.579,0.439,2057,0.389,0.504,368,0.377,0.433,1278,1,472,0.41,449,240,2147,0.595,338,570,0.408,578,104,1094,1512,236,9,132,1318,0.391,0.358,0.111,0.572,-0.024,0.596,0.322,1222,2137,298,0.0,0.371,0.369,285,11,804,1,232,11,0.411,2,0.182,0,840,2395,0.394,586,16,0.575,331,0.063,481,1376,0.396,693,1302,579,0.396,1462,1837,0.548,717,0.515,0.364,925,0.149,33,0.005,487,958,0.155,475,12,0.514,0.508,1038,0.32,0.359,0.497,0.039,0.523,0.284,243,1107,69,1984,0.513,2227,0.104,0.264,988,647,522,0.528,227,0.528,749,0.351,0.159,1635,0.458,204,0.584,604,400,0.439,955,0.154,0.222,1377,0.419,0.068,0.483,422,3454.0,904.0,3,3286.0,1371.0,4,898.0,1163.0,20,8,25,4,12,1010.0,18,948.0,6,4,82.1,12,28,23,31.2,21.7,20,17,8,16.5,4,22.0,0.748,6,3,19.6,8,23.4,11,12,9.5,1,4,4,40.8,29,5.5,5.4,6.5,22.1,11,36.5,0.373,22,8.7,98.2,13.3,0.444,2016,False
1610612762,Utah Jazz,82,40,42,0.488,3991.0,2957,6593,0.449,694,1956,0.355,1402,1885,0.744,880,2665,3545,1554,1224.0,631,425,385,1655,1629,8010,147.0,1,19,19,19,2,29,30,18,16,15,12,19,16,24,10,23,18,28,21,18,14,12,12,18,28,10,7625,1.8,1.27,10,0.303,16,15.1,0.161,0.501,0.54,16,0.517,0.731,103.1,105.0,4,103.2,15,91.66,0.508,26,93.3,10,12,101.6,27,7,1.6,29,30,76.39,5,7625,27,0.526,28886,UTA,0.068,222,0.054,4011,1964,194,3631,28886,1291,1705,0.092,342,0.072,0.072,1467,269,0.346,534,0.457,422,0.79,270,0.424,622,3730,1893,38415,0.338,0.209,8010,0.415,0.713,1970,2.07,24174,1822.6,2.85,633,0.238,355,0.593,0.326,0.544,451,8.1,521,2373,2394,635,376,6967,0.583,1156,0.367,6.3,2018,6.7,0.509,4573,0.635,0.379,75,0.005,0.2,82,1148,603,0.18,0.539,0.185,609,0.533,1118,6,30,0.53,0.274,69,0.522,1002,0.035,933,0.548,0.54,218,0.309,1703,0.317,1921,0.16,0.273,245,0.113,0.35,741,0.437,0.509,700,0.498,496,996,1696,0.419,0.549,1000,1443,374,0.374,605,0.071,0.521,443,0.161,231,0.232,0.385,0.429,150,0.302,1699,1458,654,496,1405,0.514,263,0.587,0.443,2014,0.377,0.501,639,0.387,0.379,1277,0,443,0.398,435,327,2121,0.602,305,551,0.397,632,124,1093,1423,251,22,127,1302,0.416,0.34,0.0,0.571,-0.025,0.596,0.331,1240,2170,161,0.0,0.352,0.363,307,5,458,0,252,2,0.423,0,0.0,0,763,2298,0.388,632,23,0.578,296,0.0,612,1329,0.399,726,1686,541,0.377,1436,1895,0.523,721,0.533,0.385,1109,0.181,26,0.004,600,1135,0.185,590,10,0.532,0.529,980,0.299,0.338,0.507,0.038,0.534,0.296,233,1049,69,1834,0.524,2067,0.105,0.256,925,645,452,0.489,211,0.489,663,0.327,0.151,1570,0.422,249,0.582,608,359,0.45,895,0.146,0.221,1352,0.401,0.075,0.545,457,3424.0,760.0,15,3246.0,1277.0,7,961.0,1312.0,8,7,29,2,21,1105.0,19,940.0,9,1,79.9,1,13,17,30.8,19.1,12,10,6,16.8,2,19.9,0.746,9,2,20.2,7,22.2,13,5,9.3,18,1,2,40.1,18,5.2,4.7,8.0,22.5,14,35.6,0.357,19,7.9,95.9,14.0,0.446,2016,False
1610612764,Washington Wizards,82,41,41,0.5,3951.0,3238,7033,0.46,709,1983,0.358,1349,1849,0.73,743,2688,3431,2005,1186.0,708,323,356,1708,1651,8534,-41.0,1,17,17,17,26,6,10,9,13,14,11,24,20,25,27,22,26,5,16,8,26,6,21,16,9,17,8163,-0.5,1.69,6,0.25,15,18.1,0.145,0.511,0.544,21,0.49,0.737,102.9,104.5,25,105.1,9,99.16,0.497,15,100.6,17,15,103.6,3,14,-0.7,8,5,82.63,24,8163,4,0.619,24167,WAS,0.102,231,0.083,5009,2453,228,4108,24167,978,1341,0.116,335,0.075,0.073,1089,216,0.338,426,0.464,321,0.754,210,0.448,488,2891,1219,34014,0.492,0.251,8534,0.48,0.797,2056,2.09,18346,1625.3,2.87,859,0.226,319,0.555,0.297,0.542,473,9.0,412,2392,2152,608,397,6805,0.578,1020,0.345,6.3,2073,6.9,0.504,4653,0.632,0.357,76,0.002,0.313,82,938,521,0.138,0.565,0.14,526,0.563,922,5,16,0.561,0.284,33,0.534,1082,0.02,1049,0.554,0.542,135,0.304,1893,0.244,2028,0.191,0.285,204,0.094,0.325,836,0.44,0.493,628,0.496,632,1273,1901,0.439,0.568,1191,1810,467,0.392,794,0.093,0.528,619,0.178,327,0.271,0.384,0.416,113,0.328,1756,1461,674,345,1638,0.538,412,0.606,0.461,2432,0.386,0.511,600,0.403,0.431,1365,1,511,0.417,373,260,2195,0.622,253,791,0.382,513,112,895,1961,196,14,84,1449,0.332,0.353,0.071,0.612,0.017,0.596,0.31,1302,2126,369,0.0,0.35,0.389,255,16,1053,1,257,7,0.419,2,0.125,0,1177,2343,0.392,599,16,0.607,461,0.063,470,1422,0.429,608,1208,589,0.367,1607,2285,0.521,897,0.569,0.242,1103,0.169,33,0.005,642,1136,0.174,634,8,0.575,0.565,1012,0.288,0.33,0.508,0.043,0.537,0.312,279,1099,87,1883,0.528,2162,0.118,0.282,1070,773,529,0.517,282,0.494,811,0.365,0.163,1843,0.44,258,0.569,618,360,0.44,896,0.137,0.214,1403,0.402,0.077,0.509,507,3476.0,1523.0,13,3376.0,1431.0,14,1045.0,1288.0,29,9,2,10,9,869.0,17,958.0,17,17,83.8,18,15,4,34.9,22.5,6,20,7,18.3,23,20.1,0.769,20,21,20.8,26,24.2,23,15,9.4,21,18,8,44.3,28,3.9,4.3,8.1,23.7,26,38.7,0.371,10,9.0,104.6,16.2,0.462,2016,False
