TEAM_ID,TEAM_NAME,GP,W,L,W_PCT,MIN,FGM,FGA,FG_PCT,FG3M,FG3A,FG3_PCT,FTM,FTA,FT_PCT,OREB,DREB,REB,AST,TOV,STL,BLK,BLKA,PF,PFD,PTS,PLUS_MINUS,GP_RANK,W_RANK,L_RANK,W_PCT_RANK,MIN_RANK,FGM_RANK,FGA_RANK,FG_PCT_RANK,FG3M_RANK,FG3A_RANK,FG3_PCT_RANK,FTM_RANK,FTA_RANK,FT_PCT_RANK,OREB_RANK,DREB_RANK,REB_RANK,AST_RANK,TOV_RANK,STL_RANK,BLK_RANK,BLKA_RANK,PF_RANK,PFD_RANK,PTS_RANK,PLUS_MINUS_RANK,team_poss,E_OFF_RATING,PACE_PER40,PIE_RANK,AST_PCT_RANK,REB_PCT,DEF_RATING_RANK,AST_PCT,PIE,DREB_PCT,OREB_PCT_RANK,DREB_PCT_RANK,TS_PCT_RANK,AST_TO_RANK,AST_RATIO,NET_RATING,OFF_RATING_RANK,EFG_PCT,DEF_RATING,E_NET_RATING,PACE_RANK,TM_TOV_PCT,E_DEF_RATING,PACE,AST_TO,TM_TOV_PCT_RANK,EFG_PCT_RANK,OREB_PCT,REB_PCT_RANK,POSS,TS_PCT,E_PACE,AST_RATIO_RANK,NET_RATING_RANK,OFF_RATING,TEAM_ABBREVIATION,FT_AST,AST_PTS_CREATED,POTENTIAL_AST,AST_ADJ,AST_TO_PASS_PCT_ADJ,PASSES_MADE,AST_TO_PASS_PCT,SECONDARY_AST,PASSES_RECEIVED,DRIVES,DRIVE_TOV,DRIVE_FGA,DRIVE_PF_PCT,DRIVE_AST_PCT,DRIVE_AST,DRIVE_FGM,DRIVE_TOV_PCT,DRIVE_FTM,DRIVE_PASSES,DRIVE_PTS_PCT,DRIVE_FG_PCT,DRIVE_FTA,DRIVE_PTS,DRIVE_FT_PCT,DRIVE_PASSES_PCT,DRIVE_PF,AVG_DRIB_PER_TOUCH,PAINT_TOUCHES,AVG_SEC_PER_TOUCH,ELBOW_TOUCHES,FRONT_CT_TOUCHES,TIME_OF_POSS,POINTS,PTS_PER_POST_TOUCH,POST_TOUCHES,PTS_PER_PAINT_TOUCH,PTS_PER_ELBOW_TOUCH,PTS_PER_TOUCH,TOUCHES,DREB_CONTEST,DREB_CHANCES,AVG_OREB_DIST,REB_CONTEST_PCT,OREB_CONTEST,REB_CHANCE_PCT,OREB_CHANCE_PCT,OREB_CHANCE_DEFER,OREB_CONTEST_PCT,AVG_REB_DIST,DREB_CHANCE_PCT_ADJ,REB_CHANCE_DEFER,OREB_UNCONTEST,OREB_CHANCES,DREB_CHANCE_DEFER,OREB_CHANCE_PCT_ADJ,REB_CHANCES,AVG_DREB_DIST,DREB_UNCONTEST,DREB_CHANCE_PCT,REB_CHANCE_PCT_ADJ,REB_CONTEST,DREB_CONTEST_PCT,REB_UNCONTEST,very_tight_FGA,very_tight_FG3M,very_tight_FG_PCT,very_tight_FGM,G,very_tight_FG3A,very_tight_FG3A_FREQUENCY,very_tight_FGA_FREQUENCY,very_tight_FG2_PCT,very_tight_FG3_PCT,very_tight_FG2A_FREQUENCY,very_tight_EFG_PCT,very_tight_FG2M,very_tight_FG2A,tight_FG3_PCT,tight_FGA,tight_FG3A,tight_EFG_PCT,tight_FG2M,tight_FG2A_FREQUENCY,tight_FG_PCT,tight_FG2A,tight_FGA_FREQUENCY,tight_FGM,tight_FG3A_FREQUENCY,tight_FG2_PCT,tight_FG3M,open_EFG_PCT,open_FG2M,open_FGM,open_FG2_PCT,open_FG2A,open_FG3A_FREQUENCY,open_FG3M,open_FG2A_FREQUENCY,open_FG3_PCT,open_FG_PCT,open_FGA_FREQUENCY,open_FG3A,open_FGA,wide_open_FG3A_FREQUENCY,wide_open_FG2A,wide_open_FG3A,wide_open_FG2A_FREQUENCY,wide_open_FG2M,wide_open_FGM,wide_open_FG_PCT,wide_open_EFG_PCT,wide_open_FG3M,wide_open_FG3_PCT,wide_open_FGA_FREQUENCY,wide_open_FG2_PCT,wide_open_FGA,PULL_UP_FG_PCT,PULL_UP_FGA,PULL_UP_FG3A,PULL_UP_FG3M,PULL_UP_EFG_PCT,PULL_UP_PTS,PULL_UP_FG3_PCT,PULL_UP_FGM,POST_TOUCH_FG_PCT,ELBOW_TOUCH_PTS,CATCH_SHOOT_PTS,PAINT_TOUCH_FG_PCT,CATCH_SHOOT_FG_PCT,EFF_FG_PCT,PAINT_TOUCH_PTS,ELBOW_TOUCH_FG_PCT,POST_TOUCH_PTS,RIGHT_CORNER_3_FGM,ABOVE_BREAK_3_FG_PCT,ITP_FGM,LEFT_CORNER_3_FG_PCT,ITP_FGA,RIGHT_CORNER_3_FGA,CORNER_3_FGM,LEFT_CORNER_3_FGM,RA_FGA,ABOVE_BREAK_3_FGM,MID_FG_PCT,LEFT_CORNER_3_FGA,BACKCOURT_FGA,MID_FGM,BACKCOURT_FG_PCT,MID_FGA,CORNER_3_FGA,CORNER_3_FG_PCT,BACKCOURT_FGM,RA_FGM,ITP_FG_PCT,ABOVE_BREAK_3_FGA,RIGHT_CORNER_3_FG_PCT,RA_FG_PCT,FGM_LT_06,NS_LT_06_PCT,FGA_LT_06,FREQ,LT_06_PCT,PLUSMINUS,FGA_5_9,FGA_20_24,FGP_40_PLUS,FGM_30_34,FGM_5_9,FGP_10_14,FGM_10_14,FGP_15_19,FGP_30_34,FGA_25_29,FGM_25_29,FGA_15_19,FGA_30_34,FGP_LT_5,FGA_LT_5,FGM_15_19,FGM_LT_5,FGM_20_24,FGP_5_9,FGP_25_29,FGM_35_39,FGM_40_PLUS,FGA_40_PLUS,FGP_35_39,FGA_10_14,FGA_35_39,FGP_20_24,CATCH_SHOOT_FGA,CATCH_SHOOT_FGM,CATCH_SHOOT_FG3_PCT,CATCH_SHOOT_FG3A,CATCH_SHOOT_FG3M,CATCH_SHOOT_EFG_PCT,opp_very_tight_FGM,opp_very_tight_FG3M,opp_very_tight_EFG_PCT,opp_very_tight_FG2M,opp_very_tight_FG3A_FREQUENCY,opp_very_tight_FG3_PCT,opp_very_tight_FG_PCT,opp_very_tight_FG2A_FREQUENCY,opp_very_tight_FG2A,opp_very_tight_FGA_FREQUENCY,opp_very_tight_FG3A,opp_very_tight_FG2_PCT,opp_very_tight_FGA,opp_tight_FG3A_FREQUENCY,opp_tight_FGA_FREQUENCY,opp_tight_FG_PCT,opp_tight_FG3_PCT,opp_tight_FG2_PCT,opp_tight_FGM,opp_tight_FGA,opp_tight_FG2A_FREQUENCY,opp_tight_FG2M,opp_tight_FG3M,opp_tight_FG2A,opp_tight_FG3A,opp_tight_EFG_PCT,opp_open_FG_PCT,opp_open_FGA,opp_open_FG2A,opp_open_FG3A,opp_open_EFG_PCT,opp_open_FG3A_FREQUENCY,opp_open_FG3_PCT,opp_open_FG3M,opp_open_FG2M,opp_open_FGM,opp_open_FG2_PCT,opp_open_FG2A_FREQUENCY,opp_open_FGA_FREQUENCY,opp_wide_open_FG3M,opp_wide_open_FG2A,opp_wide_open_FG3A_FREQUENCY,opp_wide_open_FG2_PCT,opp_wide_open_FGM,opp_wide_open_FG2A_FREQUENCY,opp_wide_open_FG3_PCT,opp_wide_open_FGA,opp_wide_open_FG2M,opp_wide_open_FG_PCT,opp_wide_open_FG3A,opp_wide_open_EFG_PCT,opp_wide_open_FGA_FREQUENCY,PTS_PAINT_RANK,PTS_OFF_TOV_RANK,PTS_OFF_TOV,PTS_FB_RANK,OPP_PTS_OFF_TOV,OPP_PTS_2ND_CHANCE,OPP_PTS_2ND_CHANCE_RANK,PTS_PAINT,PTS_2ND_CHANCE,OPP_PTS_FB,OPP_PTS_PAINT,OPP_PTS_FB_RANK,OPP_PTS_PAINT_RANK,PTS_2ND_CHANCE_RANK,PTS_FB,OPP_PTS_OFF_TOV_RANK,year,playoffs
1610612738,Boston Celtics,11,6,5,0.545,533.0,404,913,0.442,156,433,0.36,199,249,0.799,119,355,474,220,145.0,74,59,40,215,221,1163,61.0,7,6,12,6,7,7,7,12,7,7,6,7,7,4,6,6,7,7,10,8,5,9,10,7,7,3,1017,110.9,76.4,4,12,0.495,2,0.545,0.535,0.669,9,13,7,9,15.8,6.2,5,0.528,108.1,5.8,15,0.143,105.1,91.68,1.52,8,8,0.308,9,1017,0.569,94.4,11,3,114.4,BOS,25,605,414,281,0.107,2620,0.084,36,2620,392,31,205,0.087,0.066,26,93,0.079,55,113,0.633,0.454,68,248,0.809,0.288,34,2.88,221,3.57,79,1762,230.3,1163,0.431,72,0.833,0.658,0.3,3874,83,632,7.4,0.302,60,0.546,0.451,6,0.504,6.5,0.617,63,59,264,57,0.461,868,6.1,272,0.562,0.589,143,0.234,331,56,0,0.411,23,11,3,0.003,0.061,0.434,0.0,0.058,0.411,23,53,0.353,337,51,0.513,146,0.313,0.487,286,0.369,164,0.056,0.51,18,0.498,65,129,0.542,120,0.222,64,0.131,0.315,0.399,0.354,203,323,0.194,20,177,0.022,14,88,0.447,0.635,74,0.418,0.216,0.7,197,0.332,304,180,59,0.429,261,0.328,101,0.275,52,305,0.642,0.385,0.528,184,0.576,31,16,0.367,46,0.286,153,38,26,10,221,130,0.396,35,6,42,0.0,106,73,0.356,0,160,0.301,354,0.421,0.724,167,0.631,289,0.308,0.578,-0.053,82,115,0.0,3,26,0.349,22,0.419,0.188,305,114,62,16,0.653,262,26,171,42,0.317,0.374,0,0,7,0.0,63,1,0.365,261,100,0.378,249,94,0.563,21,0,0.396,21,0.001,0.0,0.396,0.055,52,0.056,1,0.404,53,0.045,0.4,0.471,0.143,0.512,177,376,0.356,171,6,334,42,0.479,0.401,294,159,135,0.469,0.144,0.296,40,78,118,0.491,0.169,0.313,66,36,0.192,0.639,89,0.038,0.367,216,23,0.412,180,0.565,0.23,8,7,169.0,7,166.0,172.0,11,412.0,164.0,124.0,466.0,10,10,7,123.0,10,2025,True
1610612739,Cleveland Cavaliers,9,5,4,0.556,432.0,368,790,0.466,134,369,0.363,205,251,0.817,111,291,402,206,109.0,80,32,48,167,198,1075,105.0,8,7,1,5,8,8,8,3,8,8,5,6,6,3,7,8,8,8,9,7,11,10,9,8,8,2,877,119.7,81.16,2,11,0.537,5,0.56,0.542,0.764,4,2,2,4,16.8,11.8,1,0.551,110.7,10.3,6,0.124,109.3,97.39,1.89,2,3,0.33,1,877,0.597,99.2,8,1,122.6,CLE,17,543,372,251,0.111,2253,0.091,28,2253,420,21,200,0.095,0.098,41,105,0.05,68,143,0.681,0.525,80,286,0.85,0.34,40,2.65,193,3.28,82,1582,183.7,1075,1.071,14,0.751,0.512,0.32,3360,49,485,8.4,0.244,49,0.547,0.411,10,0.441,7.2,0.667,59,62,270,49,0.427,735,6.7,242,0.6,0.595,98,0.168,304,47,1,0.447,21,9,2,0.003,0.059,0.444,0.5,0.057,0.457,20,45,0.321,318,56,0.55,148,0.332,0.522,262,0.403,166,0.071,0.565,18,0.58,51,118,0.554,92,0.214,67,0.116,0.396,0.452,0.33,169,261,0.18,22,142,0.028,15,63,0.384,0.53,48,0.338,0.208,0.682,164,0.382,228,149,56,0.504,230,0.376,87,0.714,42,248,0.628,0.365,0.551,145,0.514,15,12,0.363,86,0.486,170,40,29,17,205,105,0.261,35,5,12,0.0,46,75,0.387,0,136,0.506,289,0.3,0.663,142,0.653,204,0.272,0.696,0.043,107,113,0.0,5,54,0.419,26,0.286,0.313,245,88,14,16,0.648,227,4,147,43,0.505,0.359,1,0,5,1.0,62,1,0.381,230,84,0.355,217,77,0.533,17,0,0.378,17,0.001,0.0,0.378,0.059,44,0.06,1,0.386,45,0.031,0.328,0.549,0.348,0.57,135,246,0.298,127,8,223,23,0.565,0.42,250,127,123,0.492,0.164,0.293,36,69,105,0.543,0.17,0.334,80,32,0.235,0.656,101,0.043,0.455,208,21,0.486,176,0.678,0.278,7,8,159.0,8,129.0,106.0,8,444.0,164.0,111.0,396.0,9,9,7,108.0,9,2025,True
1610612743,Denver Nuggets,14,7,7,0.5,682.0,540,1211,0.446,166,479,0.347,252,330,0.764,172,478,650,317,221.0,106,59,90,279,296,1498,-68.0,5,5,14,7,5,5,5,10,5,5,11,5,4,11,4,4,3,5,14,6,5,15,12,5,5,14,1370,106.6,80.18,11,8,0.529,10,0.587,0.47,0.721,3,3,11,13,16.4,-5.5,11,0.514,114.8,-6.3,7,0.161,112.9,96.21,1.43,12,11,0.339,3,1370,0.552,98.3,10,11,109.3,DEN,38,828,645,386,0.101,3822,0.083,31,3822,448,30,193,0.087,0.092,41,94,0.067,65,177,0.583,0.487,78,261,0.833,0.395,39,2.36,363,3.39,200,2893,313.5,1498,0.505,182,0.774,0.515,0.27,5552,148,756,8.2,0.385,102,0.577,0.421,17,0.593,6.6,0.697,87,70,409,70,0.439,1126,6.0,327,0.632,0.626,250,0.31,397,110,0,0.4,44,14,2,0.002,0.091,0.407,0.0,0.089,0.4,44,108,0.288,464,59,0.512,212,0.334,0.494,405,0.383,229,0.049,0.523,17,0.519,84,147,0.519,162,0.15,63,0.134,0.346,0.427,0.284,182,344,0.196,56,237,0.046,34,120,0.41,0.556,86,0.363,0.242,0.607,293,0.403,290,120,46,0.483,280,0.383,117,0.474,103,400,0.544,0.342,0.514,281,0.471,92,14,0.381,106,0.333,251,59,41,27,327,125,0.396,81,11,61,0.0,154,140,0.293,0,207,0.422,328,0.237,0.633,264,0.639,413,0.333,0.639,0.001,145,202,0.0,1,62,0.411,37,0.367,0.5,290,109,90,2,0.597,380,33,227,71,0.428,0.376,0,0,11,0.0,90,1,0.351,384,130,0.328,348,114,0.487,37,0,0.493,37,0.0,,0.493,0.06,75,0.06,0,0.493,75,0.053,0.406,0.504,0.242,0.543,254,504,0.353,238,16,438,66,0.52,0.466,352,190,162,0.543,0.13,0.333,54,110,164,0.579,0.153,0.283,99,45,0.214,0.622,127,0.036,0.372,311,28,0.408,266,0.568,0.25,5,6,174.0,5,276.0,189.0,12,626.0,219.0,250.0,726.0,16,16,4,177.0,15,2025,True
1610612765,Detroit Pistons,6,2,4,0.333,288.0,223,496,0.45,61,188,0.324,133,167,0.796,66,197,263,120,99.0,43,38,34,137,131,640,-8.0,11,11,1,11,11,11,11,8,13,13,14,10,10,5,11,11,11,11,8,11,9,7,8,10,11,9,585,106.2,81.6,9,13,0.519,3,0.538,0.498,0.699,6,6,9,15,15.1,-0.4,10,0.511,109.8,-1.3,4,0.169,107.5,97.92,1.21,14,12,0.325,4,585,0.562,100.4,12,9,109.4,DET,22,335,248,158,0.11,1439,0.083,16,1439,226,15,119,0.097,0.066,15,55,0.066,38,60,0.668,0.462,44,151,0.864,0.265,22,2.56,133,3.41,65,1062,122.7,640,0.696,23,0.85,0.492,0.296,2161,48,332,7.4,0.35,44,0.531,0.373,3,0.667,6.5,0.657,35,22,177,32,0.379,495,6.2,149,0.593,0.572,92,0.244,171,31,0,0.484,15,6,2,0.004,0.063,0.517,0.0,0.058,0.484,15,29,0.143,235,42,0.447,96,0.389,0.434,193,0.474,102,0.085,0.497,6,0.592,44,75,0.611,72,0.163,31,0.145,0.383,0.49,0.308,81,153,0.127,14,63,0.028,7,31,0.403,0.558,24,0.381,0.155,0.5,77,0.365,156,57,15,0.413,129,0.263,57,0.375,32,148,0.662,0.37,0.511,113,0.55,16,10,0.328,41,0.296,95,28,18,8,150,43,0.413,27,2,26,0.0,63,55,0.327,0,95,0.432,131,0.357,0.633,97,0.634,165,0.313,0.588,-0.046,64,71,0.0,0,27,0.444,20,0.429,0.0,117,36,28,0,0.607,168,12,102,26,0.422,0.308,0,0,2,0.0,45,1,0.366,136,50,0.354,130,46,0.537,20,0,0.435,20,0.0,,0.435,0.087,46,0.087,0,0.435,46,0.061,0.383,0.45,0.281,0.482,91,202,0.323,82,9,170,32,0.473,0.461,206,118,88,0.541,0.167,0.375,33,62,95,0.525,0.224,0.391,24,12,0.116,0.583,31,0.023,0.393,73,7,0.425,61,0.589,0.139,11,11,98.0,10,103.0,101.0,7,272.0,96.0,90.0,280.0,7,7,10,103.0,6,2025,True
1610612744,Golden State Warriors,12,5,7,0.417,576.0,442,1026,0.431,164,465,0.353,189,246,0.768,145,339,484,279,173.0,107,47,63,254,232,1237,-36.0,6,7,14,10,6,6,6,14,6,6,9,8,8,9,5,7,6,6,11,5,8,13,11,6,6,11,1139,106.4,79.03,10,3,0.477,7,0.631,0.473,0.654,8,15,14,6,17.3,-3.4,13,0.511,112.0,-2.9,10,0.152,109.3,94.83,1.61,10,13,0.313,12,1139,0.545,97.0,6,10,108.6,GSW,30,740,589,348,0.092,3778,0.074,39,3778,523,25,231,0.069,0.084,44,103,0.048,56,227,0.522,0.446,72,273,0.778,0.434,36,2.07,265,2.86,117,2865,248.3,1237,0.308,26,0.675,0.462,0.237,5215,95,630,6.8,0.355,77,0.526,0.455,9,0.531,6.3,0.597,71,69,319,62,0.468,920,6.1,242,0.538,0.57,172,0.28,311,74,2,0.459,34,12,3,0.003,0.072,0.451,0.667,0.069,0.473,32,71,0.273,371,55,0.465,150,0.308,0.445,316,0.362,165,0.054,0.475,15,0.492,72,125,0.522,138,0.166,53,0.135,0.312,0.406,0.3,170,308,0.231,36,237,0.035,24,118,0.432,0.604,94,0.397,0.266,0.667,273,0.389,247,109,48,0.486,240,0.44,96,0.375,54,366,0.587,0.331,0.511,179,0.525,8,13,0.378,81,0.361,212,56,43,30,247,121,0.392,83,6,40,0.0,102,139,0.309,0,157,0.382,320,0.232,0.636,215,0.611,362,0.366,0.594,-0.017,123,186,0.143,3,48,0.398,37,0.347,0.188,270,107,49,16,0.612,281,17,172,57,0.39,0.396,0,1,7,0.0,93,1,0.306,369,120,0.321,349,112,0.477,40,0,0.46,40,0.001,0.0,0.46,0.087,86,0.088,1,0.465,87,0.04,0.416,0.487,0.3,0.507,200,411,0.376,188,12,371,40,0.501,0.446,285,142,143,0.532,0.145,0.343,49,78,127,0.549,0.144,0.288,76,26,0.181,0.615,92,0.026,0.425,205,16,0.449,179,0.634,0.207,6,5,191.0,6,212.0,168.0,10,476.0,176.0,140.0,594.0,11,11,5,135.0,13,2025,True
1610612745,Houston Rockets,7,3,4,0.429,336.0,257,576,0.446,74,198,0.374,140,200,0.7,94,234,328,137,95.0,55,36,34,124,150,728,0.0,9,9,1,8,10,10,10,9,10,10,3,9,9,14,9,9,9,10,7,10,10,7,6,9,10,8,653,109.5,77.68,6,14,0.536,6,0.533,0.506,0.708,1,5,12,12,15.0,-0.2,8,0.51,111.7,1.6,11,0.145,107.9,93.21,1.44,9,14,0.358,2,653,0.548,95.7,13,8,111.5,HOU,16,349,259,173,0.098,1766,0.078,20,1766,326,27,150,0.08,0.071,23,67,0.083,42,111,0.549,0.447,52,179,0.808,0.34,26,2.75,175,3.49,85,1305,151.0,728,0.531,49,0.737,0.694,0.281,2594,67,385,7.2,0.361,51,0.572,0.468,8,0.543,6.6,0.653,36,41,201,28,0.487,572,6.3,165,0.605,0.61,118,0.288,206,57,0,0.456,26,7,0,0.0,0.099,0.456,,0.099,0.456,26,57,0.269,237,26,0.454,97,0.366,0.439,211,0.411,104,0.045,0.46,7,0.547,51,83,0.543,94,0.151,32,0.163,0.368,0.459,0.314,87,181,0.148,16,85,0.028,9,44,0.436,0.609,35,0.412,0.175,0.563,101,0.384,164,68,24,0.457,150,0.353,63,0.5,59,168,0.62,0.381,0.51,129,0.619,26,8,0.404,75,0.391,178,30,17,9,140,57,0.317,23,4,19,0.0,60,53,0.321,0,89,0.421,141,0.267,0.636,110,0.598,188,0.31,0.585,-0.013,94,70,0.0,1,39,0.45,36,0.367,0.25,125,50,30,4,0.575,167,11,96,23,0.415,0.4,1,0,5,1.0,80,1,0.329,151,57,0.38,129,49,0.54,21,1,0.5,20,0.002,1.0,0.488,0.069,42,0.071,1,0.476,43,0.056,0.343,0.447,0.294,0.477,93,208,0.287,83,10,174,34,0.471,0.41,195,73,122,0.515,0.201,0.336,41,39,80,0.534,0.12,0.321,56,16,0.239,0.813,69,0.026,0.386,161,13,0.429,145,0.602,0.265,10,9,121.0,11,109.0,97.0,6,328.0,101.0,87.0,254.0,6,6,9,71.0,8,2025,True
1610612754,Indiana Pacers,15,11,4,0.733,730.0,634,1282,0.495,197,501,0.393,288,362,0.796,105,492,597,419,190.0,110,81,61,348,328,1753,49.0,3,2,1,2,3,3,3,1,3,4,1,3,3,6,8,3,5,1,13,3,2,12,15,3,3,4,1498,114.9,82.05,3,1,0.476,9,0.661,0.539,0.688,16,10,1,1,20.2,3.2,2,0.571,113.8,3.8,3,0.127,111.0,98.47,2.21,3,1,0.237,13,1498,0.608,100.6,1,4,117.0,IND,43,1083,672,522,0.11,4755,0.088,61,4755,725,32,343,0.073,0.084,61,174,0.044,82,275,0.604,0.507,106,438,0.774,0.379,53,2.28,268,2.88,134,3517,313.4,1753,0.696,69,0.884,0.694,0.269,6521,111,847,9.0,0.261,45,0.536,0.334,8,0.429,7.3,0.646,93,59,314,85,0.343,1114,6.9,377,0.581,0.585,156,0.226,436,72,0,0.431,31,15,1,0.001,0.056,0.437,0.0,0.055,0.431,31,71,0.265,415,34,0.539,210,0.297,0.528,381,0.324,219,0.027,0.551,9,0.566,143,204,0.572,250,0.128,61,0.195,0.372,0.493,0.323,164,414,0.236,79,302,0.062,53,180,0.472,0.639,127,0.421,0.297,0.671,381,0.403,412,176,59,0.475,391,0.335,166,0.556,93,476,0.671,0.444,0.571,237,0.6,48,41,0.367,120,0.49,249,89,65,24,318,132,0.493,49,4,105,0.0,213,138,0.471,0,212,0.482,360,0.461,0.667,263,0.648,433,0.33,0.607,-0.041,153,206,0.0,15,75,0.455,65,0.51,0.517,287,102,102,29,0.657,353,52,232,93,0.49,0.355,0,0,7,0.0,143,2,0.451,374,168,0.431,320,138,0.634,40,2,0.494,38,0.004,0.4,0.482,0.059,78,0.063,5,0.487,83,0.065,0.408,0.528,0.372,0.558,283,536,0.342,251,32,450,86,0.558,0.397,453,208,245,0.486,0.186,0.327,80,100,180,0.481,0.158,0.345,68,39,0.154,0.59,91,0.03,0.335,242,23,0.376,203,0.517,0.184,4,3,262.0,2,187.0,246.0,15,664.0,169.0,140.0,716.0,11,15,6,223.0,11,2025,True
1610612746,LA Clippers,7,3,4,0.429,341.0,288,592,0.486,84,231,0.364,98,137,0.715,70,206,276,182,84.0,56,50,27,135,128,758,4.0,9,9,1,8,9,9,9,2,9,9,4,11,11,13,10,10,10,9,6,9,7,5,7,11,9,7,654,113.8,76.72,7,2,0.473,11,0.632,0.506,0.662,12,14,3,2,19.6,0.6,4,0.557,115.3,2.2,13,0.128,111.6,92.06,2.17,4,2,0.284,14,654,0.581,94.5,2,6,115.9,LAC,14,454,298,231,0.128,1802,0.101,35,1802,302,23,147,0.063,0.103,31,81,0.076,25,104,0.646,0.551,38,195,0.658,0.344,19,2.6,167,3.37,85,1276,146.4,758,0.304,23,0.838,0.588,0.291,2607,45,362,7.7,0.308,40,0.552,0.446,3,0.571,7.1,0.628,37,30,157,34,0.455,500,6.9,161,0.569,0.596,85,0.218,191,40,0,0.425,17,7,0,0.0,0.068,0.425,,0.068,0.425,17,40,0.275,279,51,0.545,131,0.385,0.52,228,0.471,145,0.086,0.575,14,0.61,47,75,0.603,78,0.115,28,0.132,0.412,0.514,0.247,68,146,0.189,15,112,0.025,9,51,0.402,0.567,42,0.375,0.215,0.6,127,0.398,166,88,29,0.485,161,0.33,66,0.333,50,179,0.67,0.388,0.557,140,0.575,7,12,0.379,80,0.306,164,32,23,11,154,61,0.395,36,2,17,0.0,43,68,0.338,0,107,0.488,161,0.375,0.695,139,0.649,233,0.39,0.597,-0.052,93,80,0.0,0,48,0.411,23,0.368,0.0,150,60,19,4,0.654,188,7,123,27,0.516,0.4,0,0,2,0.0,56,0,0.338,155,61,0.388,139,54,0.568,23,0,0.39,23,0.003,0.0,0.39,0.095,57,0.099,2,0.404,59,0.049,0.405,0.5,0.31,0.526,121,242,0.357,112,9,213,29,0.519,0.497,165,90,75,0.591,0.126,0.413,31,51,82,0.567,0.151,0.276,39,34,0.162,0.676,62,0.057,0.402,131,23,0.473,97,0.622,0.219,9,10,109.0,8,93.0,110.0,9,374.0,87.0,98.0,352.0,8,8,11,108.0,4,2025,True
1610612747,Los Angeles Lakers,5,1,4,0.2,240.0,173,394,0.439,68,194,0.351,88,106,0.83,48,147,195,106,73.0,25,25,18,105,104,502,-35.0,12,12,1,12,13,14,14,13,12,11,10,12,13,2,14,13,14,13,4,14,13,2,4,12,13,10,460,107.8,76.67,12,5,0.466,12,0.613,0.469,0.635,13,16,6,11,16.9,-7.6,12,0.525,116.7,-4.1,14,0.159,111.9,92.0,1.45,11,9,0.275,15,460,0.57,94.5,7,13,109.1,LAL,5,276,195,124,0.093,1334,0.079,13,1334,197,9,84,0.096,0.071,14,44,0.046,32,80,0.609,0.524,38,120,0.842,0.406,19,2.47,91,3.23,31,956,102.6,502,0.529,17,0.681,0.839,0.263,1907,28,273,8.8,0.272,25,0.52,0.429,5,0.521,7.6,0.605,35,23,112,30,0.449,375,7.2,118,0.538,0.574,53,0.19,141,21,0,0.429,9,5,0,0.0,0.053,0.429,,0.053,0.429,9,21,0.25,102,16,0.51,46,0.218,0.49,86,0.259,50,0.041,0.535,4,0.509,41,69,0.547,75,0.223,28,0.19,0.318,0.423,0.414,88,163,0.228,18,90,0.046,9,45,0.417,0.583,36,0.4,0.274,0.5,108,0.336,134,70,20,0.41,110,0.286,45,0.3,26,152,0.48,0.391,0.525,62,0.714,9,8,0.333,25,0.419,66,21,21,13,92,47,0.429,31,1,18,0.0,42,52,0.404,0,62,0.379,141,0.381,0.674,91,0.631,161,0.37,0.565,-0.066,36,92,0.5,1,12,0.361,13,0.5,0.2,101,31,18,5,0.654,104,9,68,38,0.333,0.307,0,1,2,0.0,36,0,0.413,133,52,0.387,124,48,0.571,19,0,0.559,19,0.002,0.0,0.559,0.076,33,0.078,1,0.576,34,0.039,0.416,0.481,0.176,0.512,87,181,0.377,84,3,164,17,0.489,0.355,121,46,75,0.43,0.172,0.24,18,25,43,0.543,0.106,0.278,39,6,0.214,0.667,43,0.014,0.419,99,4,0.434,93,0.631,0.228,14,14,53.0,13,94.0,94.0,5,174.0,69.0,80.0,250.0,5,5,12,48.0,5,2025,True
1610612763,Memphis Grizzlies,4,0,4,0.0,192.0,144,347,0.415,42,138,0.304,72,82,0.878,41,136,177,82,77.0,23,26,27,83,75,402,-78.0,15,15,1,15,15,16,15,16,15,16,15,14,15,1,15,15,15,16,5,15,12,5,2,15,15,15,412,95.9,85.52,15,10,0.505,13,0.569,0.401,0.708,10,4,15,16,14.8,-19.8,16,0.476,117.4,-19.3,1,0.187,115.2,102.63,1.06,16,15,0.293,7,412,0.525,104.5,15,15,97.6,MEM,12,224,157,104,0.092,1126,0.073,10,1126,226,13,106,0.062,0.093,21,49,0.058,25,81,0.549,0.462,28,124,0.893,0.358,14,2.46,81,3.23,32,798,88.1,402,0.364,22,0.926,0.5,0.245,1638,35,275,8.9,0.311,20,0.468,0.373,1,0.488,8.2,0.569,37,21,110,36,0.376,378,8.0,100,0.495,0.519,55,0.257,121,27,0,0.407,11,4,0,0.0,0.078,0.407,,0.078,0.407,11,27,0.063,137,16,0.456,61,0.349,0.453,121,0.395,62,0.046,0.504,1,0.514,23,45,0.46,50,0.17,22,0.144,0.373,0.413,0.314,59,109,0.182,11,63,0.032,7,26,0.351,0.48,19,0.302,0.213,0.636,74,0.346,104,40,9,0.389,81,0.225,36,0.167,16,105,0.721,0.353,0.476,75,0.778,8,6,0.301,38,0.267,101,18,10,4,69,31,0.41,15,2,16,0.5,39,33,0.303,1,48,0.376,103,0.333,0.696,71,0.644,109,0.285,0.651,0.007,69,63,0.5,1,28,0.41,16,0.333,0.333,80,23,12,3,0.633,79,4,50,21,0.406,0.288,0,1,2,0.0,39,0,0.333,99,35,0.337,95,32,0.515,7,0,0.35,7,0.0,,0.35,0.052,20,0.052,0,0.35,20,0.031,0.332,0.543,0.167,0.583,69,127,0.3,67,2,115,12,0.551,0.424,118,60,58,0.483,0.151,0.241,14,36,50,0.6,0.157,0.308,36,22,0.251,0.591,49,0.057,0.375,118,13,0.415,96,0.568,0.308,15,15,40.0,16,105.0,55.0,2,172.0,53.0,79.0,208.0,4,3,16,30.0,7,2025,True
1610612748,Miami Heat,4,0,4,0.0,192.0,145,326,0.445,55,159,0.346,37,53,0.698,40,109,149,85,64.0,18,12,12,69,53,382,-122.0,15,15,1,15,15,15,16,11,14,14,12,16,16,15,16,16,16,15,2,16,16,1,1,16,16,16,372,102.3,77.29,16,9,0.466,16,0.586,0.351,0.684,14,11,13,14,16.8,-33.5,15,0.529,136.2,-31.0,12,0.172,133.3,92.75,1.33,15,7,0.267,16,372,0.547,93.9,9,16,102.7,MIA,5,227,181,103,0.097,1061,0.08,13,1061,194,11,76,0.067,0.077,15,40,0.057,19,89,0.51,0.526,26,99,0.731,0.459,13,2.67,53,3.41,27,806,86.4,382,0.56,25,0.679,0.296,0.251,1519,35,191,7.6,0.396,24,0.56,0.465,3,0.6,7.3,0.616,17,16,86,14,0.482,266,7.1,74,0.571,0.598,59,0.321,90,18,0,0.389,7,4,0,0.0,0.055,0.389,,0.055,0.389,7,18,0.313,109,16,0.555,53,0.285,0.532,93,0.334,58,0.049,0.57,5,0.414,26,39,0.542,48,0.19,13,0.147,0.21,0.355,0.337,62,110,0.248,8,81,0.025,4,41,0.461,0.669,37,0.457,0.273,0.5,89,0.337,98,44,13,0.403,79,0.295,33,0.636,8,132,0.783,0.36,0.529,36,0.333,14,8,0.342,46,0.36,78,23,17,9,51,38,0.289,25,0,11,0.0,38,48,0.354,0,33,0.59,111,0.348,0.647,73,0.661,105,0.307,0.695,0.034,46,66,0.0,1,32,0.372,16,0.385,0.25,92,33,13,4,0.607,61,5,37,20,0.696,0.359,1,0,0,1.0,43,1,0.303,122,44,0.368,114,42,0.533,8,1,0.472,7,0.003,1.0,0.444,0.05,17,0.053,1,0.412,18,0.07,0.377,0.55,0.375,0.59,71,129,0.307,62,9,105,24,0.585,0.518,112,34,78,0.683,0.228,0.474,37,21,58,0.618,0.099,0.327,30,11,0.211,0.909,40,0.032,0.417,83,10,0.482,72,0.663,0.243,16,15,40.0,15,79.0,67.0,4,158.0,55.0,52.0,182.0,1,1,15,44.0,3,2025,True
1610612749,Milwaukee Bucks,5,1,4,0.2,245.0,199,439,0.453,72,190,0.379,81,112,0.723,52,166,218,119,65.0,30,18,24,98,96,551,-38.0,12,12,1,12,12,12,12,7,11,12,2,13,12,12,13,12,12,12,3,13,15,3,3,13,12,12,496,109.9,81.22,13,6,0.502,15,0.598,0.442,0.778,15,1,8,5,17.5,-6.9,9,0.535,118.0,-7.3,5,0.131,117.2,97.47,1.83,6,5,0.256,8,496,0.564,98.3,5,12,111.1,MIL,9,323,231,145,0.114,1267,0.094,17,1266,198,7,101,0.106,0.106,21,54,0.035,29,65,0.712,0.535,42,141,0.69,0.328,21,2.49,95,3.27,31,885,101.8,551,0.186,43,0.884,0.548,0.295,1867,28,256,8.6,0.266,30,0.596,0.419,3,0.577,6.7,0.703,23,21,124,20,0.43,366,6.1,140,0.648,0.636,58,0.169,161,27,2,0.444,12,5,4,0.009,0.062,0.435,0.5,0.052,0.481,10,23,0.519,166,27,0.59,77,0.317,0.548,139,0.378,91,0.062,0.554,14,0.451,37,58,0.468,79,0.166,21,0.18,0.288,0.382,0.346,73,152,0.196,8,86,0.018,3,38,0.404,0.59,35,0.407,0.214,0.375,94,0.339,124,50,15,0.399,99,0.3,42,0.267,17,173,0.655,0.392,0.535,84,0.636,8,8,0.382,25,0.375,65,20,17,9,113,55,0.352,24,2,25,0.0,71,44,0.386,0,77,0.385,144,0.4,0.681,82,0.664,122,0.279,0.672,0.008,36,58,0.0,2,12,0.421,16,0.295,0.286,129,49,44,7,0.664,125,13,83,24,0.333,0.38,0,0,2,0.0,38,0,0.414,147,58,0.407,140,57,0.588,15,0,0.577,15,0.0,,0.577,0.059,26,0.059,0,0.577,26,0.025,0.279,0.508,0.182,0.541,62,122,0.254,60,2,111,11,0.516,0.51,145,91,54,0.583,0.124,0.389,21,53,74,0.582,0.208,0.332,49,26,0.27,0.692,67,0.059,0.415,144,18,0.465,118,0.635,0.33,12,13,59.0,14,67.0,47.0,1,204.0,65.0,75.0,212.0,3,4,14,46.0,1,2025,True
1610612750,Minnesota Timberwolves,15,9,6,0.6,720.0,592,1282,0.462,199,556,0.358,253,328,0.771,176,457,633,363,235.0,109,71,60,312,315,1636,40.0,3,4,13,3,4,4,3,5,2,2,7,4,5,8,3,5,4,3,16,4,4,11,13,4,4,5,1440,110.1,80.11,5,4,0.518,4,0.613,0.511,0.694,2,8,4,8,17.7,3.1,6,0.539,110.5,1.0,8,0.163,109.2,96.13,1.54,13,4,0.343,5,1440,0.574,98.2,4,5,113.6,MIN,28,941,589,444,0.104,4253,0.085,53,4253,747,42,368,0.078,0.079,59,192,0.056,89,264,0.644,0.522,116,481,0.767,0.353,58,2.49,268,3.09,88,3167,313.4,1636,0.512,86,0.802,0.568,0.269,6076,136,811,8.8,0.354,88,0.531,0.424,11,0.5,7.3,0.633,100,87,415,89,0.436,1193,6.8,321,0.564,0.579,224,0.298,408,97,1,0.464,45,15,3,0.002,0.076,0.468,0.333,0.073,0.469,44,94,0.273,506,55,0.523,242,0.352,0.508,451,0.395,257,0.043,0.537,15,0.494,84,147,0.564,149,0.165,63,0.116,0.297,0.407,0.282,212,361,0.223,32,286,0.025,23,143,0.45,0.638,120,0.42,0.248,0.719,318,0.341,352,194,55,0.419,295,0.284,120,0.613,50,436,0.618,0.396,0.539,215,0.533,44,37,0.355,115,0.318,245,86,64,27,392,135,0.348,85,5,31,0.0,89,171,0.374,0,247,0.469,380,0.43,0.63,246,0.633,386,0.308,0.637,0.004,152,264,0.0,3,70,0.453,34,0.357,0.273,288,100,42,11,0.604,445,15,269,101,0.461,0.347,0,0,5,0.0,75,0,0.383,366,145,0.398,359,143,0.592,34,1,0.416,33,0.002,0.5,0.41,0.065,81,0.066,2,0.407,83,0.037,0.321,0.496,0.217,0.532,200,403,0.285,190,10,357,46,0.509,0.412,434,228,206,0.478,0.164,0.277,57,122,179,0.535,0.182,0.346,120,61,0.218,0.557,154,0.049,0.44,334,34,0.461,273,0.641,0.266,3,2,265.0,4,243.0,211.0,13,724.0,244.0,160.0,646.0,14,12,2,188.0,14,2025,True
1610612752,New York Knicks,17,10,7,0.588,826.0,668,1471,0.454,190,538,0.353,338,441,0.766,199,527,726,334,230.0,132,78,94,361,388,1864,17.0,1,3,14,4,1,2,2,6,4,3,8,1,1,10,1,1,1,4,15,2,3,16,16,1,2,6,1652,109.9,79.81,8,16,0.507,8,0.5,0.503,0.693,5,9,10,10,14.8,0.5,7,0.519,112.3,0.8,9,0.139,109.1,95.77,1.45,7,10,0.327,6,1652,0.56,98.5,16,7,112.8,NYK,33,875,628,401,0.092,4353,0.077,34,4353,767,41,414,0.066,0.076,58,210,0.053,90,230,0.686,0.507,104,526,0.865,0.3,51,2.95,359,3.63,95,3186,389.4,1864,0.73,122,0.788,0.663,0.289,6439,130,905,6.8,0.35,124,0.54,0.415,14,0.623,6.6,0.636,91,75,479,77,0.428,1345,6.5,397,0.582,0.579,254,0.247,472,96,0,0.458,44,16,0,0.0,0.065,0.458,,0.065,0.458,44,96,0.253,593,91,0.498,261,0.341,0.479,502,0.403,284,0.062,0.52,23,0.509,139,227,0.491,283,0.169,88,0.192,0.353,0.427,0.362,249,532,0.135,52,198,0.035,34,113,0.452,0.61,79,0.399,0.17,0.654,250,0.39,487,197,66,0.458,446,0.335,190,0.537,63,394,0.639,0.367,0.519,283,0.511,89,27,0.354,152,0.341,326,69,56,29,395,134,0.382,85,6,81,0.0,212,154,0.364,0,245,0.466,378,0.391,0.62,277,0.648,444,0.308,0.624,-0.024,230,222,0.0,1,103,0.437,66,0.398,0.167,327,118,88,6,0.614,440,35,270,75,0.448,0.361,0,0,6,0.0,151,1,0.338,362,131,0.361,338,122,0.53,30,0,0.385,30,0.002,0.0,0.385,0.052,75,0.054,3,0.4,78,0.061,0.398,0.466,0.227,0.509,267,573,0.337,247,20,485,88,0.483,0.445,461,208,253,0.535,0.176,0.328,83,122,205,0.587,0.144,0.32,111,53,0.192,0.642,145,0.037,0.402,329,34,0.441,276,0.609,0.228,2,4,248.0,3,296.0,268.0,16,794.0,291.0,248.0,698.0,15,14,1,199.0,16,2025,True
1610612760,Oklahoma City Thunder,16,12,4,0.75,773.0,684,1474,0.464,201,599,0.336,304,385,0.79,185,524,709,405,188.0,172,89,84,342,334,1873,173.0,2,1,1,1,2,1,1,4,1,1,13,2,2,7,2,2,2,2,12,1,1,14,14,2,1,1,1616,113.8,83.83,1,7,0.481,1,0.592,0.563,0.673,11,12,5,3,18.0,11.2,3,0.532,104.7,11.0,2,0.116,102.7,100.6,2.15,1,6,0.285,11,1616,0.57,102.5,3,2,115.9,OKC,36,1036,787,500,0.122,4105,0.099,60,4105,826,35,355,0.079,0.092,76,174,0.042,110,348,0.57,0.49,128,471,0.859,0.421,65,2.54,358,3.17,157,2905,319.1,1873,0.583,24,0.824,0.675,0.31,6044,134,907,8.2,0.326,97,0.523,0.385,17,0.524,6.9,0.638,103,87,480,86,0.4,1355,6.5,387,0.578,0.566,231,0.256,474,86,0,0.453,39,16,0,0.0,0.058,0.453,,0.058,0.453,39,86,0.139,490,36,0.528,251,0.308,0.522,454,0.332,256,0.024,0.553,5,0.482,147,204,0.565,260,0.151,57,0.176,0.257,0.423,0.327,222,482,0.231,75,341,0.051,46,185,0.445,0.612,139,0.408,0.282,0.613,416,0.407,408,140,45,0.462,377,0.321,166,0.636,106,528,0.688,0.365,0.532,295,0.653,14,34,0.315,143,0.338,300,71,61,27,398,140,0.441,80,4,78,0.0,177,151,0.404,0,262,0.477,444,0.479,0.658,237,0.64,408,0.292,0.581,-0.059,145,266,0.0,0,63,0.48,86,0.495,0.0,350,112,93,2,0.645,434,46,280,97,0.434,0.32,0,0,5,0.0,179,0,0.365,506,186,0.342,456,156,0.522,44,1,0.401,43,0.001,1.0,0.396,0.079,110,0.08,1,0.391,111,0.05,0.365,0.478,0.229,0.518,244,510,0.315,228,16,440,70,0.494,0.401,424,177,247,0.498,0.177,0.332,82,88,170,0.497,0.127,0.304,106,49,0.216,0.612,136,0.035,0.351,351,30,0.387,302,0.538,0.251,1,1,380.0,1,201.0,245.0,14,810.0,220.0,148.0,654.0,13,13,3,285.0,12,2025,True
1610612753,Orlando Magic,5,1,4,0.2,240.0,178,422,0.422,41,156,0.263,71,103,0.689,57,142,199,93,58.0,32,19,24,107,87,468,-64.0,12,12,1,12,13,13,13,15,16,15,16,15,14,16,12,14,13,14,1,12,14,3,5,14,14,13,451,99.9,75.33,14,15,0.49,14,0.522,0.402,0.698,7,7,16,7,14.9,-13.7,14,0.47,117.4,-13.8,16,0.129,113.7,90.4,1.6,5,16,0.318,10,451,0.501,93.6,14,14,103.8,ORL,9,237,180,111,0.083,1343,0.069,9,1343,240,13,119,0.075,0.079,19,60,0.054,23,82,0.608,0.504,36,146,0.639,0.342,18,2.61,100,3.27,42,940,104.4,468,0.773,22,0.67,0.5,0.245,1914,35,238,6.8,0.291,23,0.539,0.407,2,0.404,6.4,0.683,32,34,140,30,0.413,369,6.3,107,0.597,0.591,58,0.246,141,30,0,0.4,12,5,1,0.002,0.071,0.414,0.0,0.069,0.4,12,29,0.1,166,10,0.491,80,0.37,0.488,156,0.393,81,0.024,0.513,1,0.458,34,48,0.523,65,0.13,14,0.154,0.255,0.4,0.284,55,120,0.213,16,90,0.038,11,37,0.349,0.472,26,0.289,0.251,0.688,106,0.375,144,52,11,0.413,119,0.212,54,0.625,21,96,0.592,0.297,0.47,67,0.571,17,2,0.282,33,0.261,87,14,8,6,96,33,0.434,23,2,36,0.0,83,37,0.216,0,68,0.379,117,0.143,0.708,86,0.653,136,0.349,0.632,-0.021,48,63,0.0,0,19,0.458,22,0.385,0.0,105,30,39,1,0.643,115,15,74,18,0.396,0.286,0,0,2,0.0,48,1,0.286,110,33,0.291,103,30,0.436,14,0,0.5,14,0.005,0.0,0.5,0.067,26,0.072,2,0.538,28,0.054,0.397,0.51,0.381,0.53,79,155,0.344,71,8,134,21,0.535,0.438,144,64,80,0.538,0.205,0.363,29,34,63,0.531,0.164,0.369,22,10,0.136,0.5,27,0.026,0.415,63,5,0.429,53,0.603,0.162,13,12,69.0,12,77.0,63.0,3,202.0,66.0,59.0,200.0,2,2,13,53.0,2,2025,True
