TeamId,TEAM_NAME,TeamAbbreviation,GamesPlayed,OffPoss,DefPoss,FG3M,FG3A,tight_FG3A,tight_FG3M,tight_FG3_PCT,tight_FG3A_FREQUENCY,very_tight_FG3A,very_tight_FG3M,very_tight_FG3_PCT,very_tight_FG3A_FREQUENCY,wide_open_FG3A_FREQUENCY,wide_open_FG3A,wide_open_FG3M,wide_open_FG3_PCT,open_FG3M,open_FG3A_FREQUENCY,open_FG3A,open_FG3_PCT,PULL_UP_FG3A,PULL_UP_FG3M,PULL_UP_FG3_PCT,opp_very_tight_FG3A,opp_very_tight_FG3M,opp_very_tight_FG3_PCT,opp_very_tight_FG3A_FREQUENCY,opp_tight_FG3A_FREQUENCY,opp_tight_FG3A,opp_tight_FG3_PCT,opp_tight_FG3M,opp_open_FG3A,opp_open_FG3M,opp_open_FG3_PCT,opp_open_FG3A_FREQUENCY,opp_wide_open_FG3M,opp_wide_open_FG3_PCT,opp_wide_open_FG3A,opp_wide_open_FG3A_FREQUENCY,year
1610612742,,DAL,10,885,884,61,172,,,,,,,,,,,,,,,,,,,,,,,,,,,,,,,,,,,,2001
1610612747,,LAL,16,1487,1488,98,254,,,,,,,,,,,,,,,,,,,,,,,,,,,,,,,,,,,,2001
1610612749,,MIL,18,1606,1606,121,316,,,,,,,,,,,,,,,,,,,,,,,,,,,,,,,,,,,,2001
1610612750,,MIN,4,349,352,12,40,,,,,,,,,,,,,,,,,,,,,,,,,,,,,,,,,,,,2001
1610612753,,ORL,4,386,384,32,82,,,,,,,,,,,,,,,,,,,,,,,,,,,,,,,,,,,,2001
1610612755,,PHI,23,2017,2017,88,262,,,,,,,,,,,,,,,,,,,,,,,,,,,,,,,,,,,,2001
1610612758,,SAC,8,776,780,40,114,,,,,,,,,,,,,,,,,,,,,,,,,,,,,,,,,,,,2001
1610612752,,NYK,5,442,440,20,59,,,,,,,,,,,,,,,,,,,,,,,,,,,,,,,,,,,,2001
1610612756,,PHX,4,390,389,17,68,,,,,,,,,,,,,,,,,,,,,,,,,,,,,,,,,,,,2001
1610612762,,UTA,5,429,431,18,55,,,,,,,,,,,,,,,,,,,,,,,,,,,,,,,,,,,,2001
1610612761,,TOR,12,1046,1049,71,181,,,,,,,,,,,,,,,,,,,,,,,,,,,,,,,,,,,,2001
1610612766,,CHH,10,893,892,44,120,,,,,,,,,,,,,,,,,,,,,,,,,,,,,,,,,,,,2001
1610612754,,IND,4,350,347,25,73,,,,,,,,,,,,,,,,,,,,,,,,,,,,,,,,,,,,2001
1610612759,,SAS,13,1169,1163,72,198,,,,,,,,,,,,,,,,,,,,,,,,,,,,,,,,,,,,2001
1610612757,,POR,3,275,275,16,61,,,,,,,,,,,,,,,,,,,,,,,,,,,,,,,,,,,,2001
1610612748,,MIA,3,269,272,16,50,,,,,,,,,,,,,,,,,,,,,,,,,,,,,,,,,,,,2001
1610612751,,NJN,20,1876,1873,83,291,,,,,,,,,,,,,,,,,,,,,,,,,,,,,,,,,,,,2002
1610612765,,DET,10,859,859,80,226,,,,,,,,,,,,,,,,,,,,,,,,,,,,,,,,,,,,2002
1610612750,,MIN,3,287,289,15,38,,,,,,,,,,,,,,,,,,,,,,,,,,,,,,,,,,,,2002
1610612753,,ORL,4,374,376,17,66,,,,,,,,,,,,,,,,,,,,,,,,,,,,,,,,,,,,2002
1610612757,,POR,3,272,273,20,54,,,,,,,,,,,,,,,,,,,,,,,,,,,,,,,,,,,,2002
1610612761,,TOR,5,428,428,17,53,,,,,,,,,,,,,,,,,,,,,,,,,,,,,,,,,,,,2002
1610612742,,DAL,8,784,782,67,177,,,,,,,,,,,,,,,,,,,,,,,,,,,,,,,,,,,,2002
1610612759,,SAS,10,856,859,50,147,,,,,,,,,,,,,,,,,,,,,,,,,,,,,,,,,,,,2002
1610612766,,CHH,9,841,837,40,110,,,,,,,,,,,,,,,,,,,,,,,,,,,,,,,,,,,,2002
1610612760,,SEA,5,424,423,24,61,,,,,,,,,,,,,,,,,,,,,,,,,,,,,,,,,,,,2002
1610612755,,PHI,5,441,442,20,65,,,,,,,,,,,,,,,,,,,,,,,,,,,,,,,,,,,,2002
1610612754,,IND,5,470,473,24,59,,,,,,,,,,,,,,,,,,,,,,,,,,,,,,,,,,,,2002
1610612747,,LAL,19,1747,1745,116,342,,,,,,,,,,,,,,,,,,,,,,,,,,,,,,,,,,,,2002
1610612738,,BOS,16,1447,1445,126,367,,,,,,,,,,,,,,,,,,,,,,,,,,,,,,,,,,,,2002
1610612758,,SAC,16,1525,1529,80,259,,,,,,,,,,,,,,,,,,,,,,,,,,,,,,,,,,,,2002
1610612762,,UTA,4,359,357,14,46,,,,,,,,,,,,,,,,,,,,,,,,,,,,,,,,,,,,2002
1610612738,,BOS,10,931,933,86,243,,,,,,,,,,,,,,,,,,,,,,,,,,,,,,,,,,,,2003
1610612749,,MIL,6,552,555,38,102,,,,,,,,,,,,,,,,,,,,,,,,,,,,,,,,,,,,2003
1610612757,,POR,7,620,622,44,119,,,,,,,,,,,,,,,,,,,,,,,,,,,,,,,,,,,,2003
1610612750,,MIN,6,579,580,28,84,,,,,,,,,,,,,,,,,,,,,,,,,,,,,,,,,,,,2003
1610612755,,PHI,12,1059,1051,45,128,,,,,,,,,,,,,,,,,,,,,,,,,,,,,,,,,,,,2003
1610612758,,SAC,12,1155,1155,81,221,,,,,,,,,,,,,,,,,,,,,,,,,,,,,,,,,,,,2003
1610612740,,NOH,6,528,530,38,103,,,,,,,,,,,,,,,,,,,,,,,,,,,,,,,,,,,,2003
1610612742,,DAL,20,1891,1886,184,463,,,,,,,,,,,,,,,,,,,,,,,,,,,,,,,,,,,,2003
1610612747,,LAL,12,1130,1130,85,240,,,,,,,,,,,,,,,,,,,,,,,,,,,,,,,,,,,,2003
1610612754,,IND,6,539,539,31,106,,,,,,,,,,,,,,,,,,,,,,,,,,,,,,,,,,,,2003
1610612751,,NJN,20,1831,1829,93,266,,,,,,,,,,,,,,,,,,,,,,,,,,,,,,,,,,,,2003
1610612759,,SAS,24,2199,2193,128,365,,,,,,,,,,,,,,,,,,,,,,,,,,,,,,,,,,,,2003
1610612762,,UTA,5,446,448,9,34,,,,,,,,,,,,,,,,,,,,,,,,,,,,,,,,,,,,2003
1610612765,,DET,17,1498,1502,114,324,,,,,,,,,,,,,,,,,,,,,,,,,,,,,,,,,,,,2003
1610612756,,PHX,6,556,557,28,94,,,,,,,,,,,,,,,,,,,,,,,,,,,,,,,,,,,,2003
1610612753,,ORL,7,618,622,36,114,,,,,,,,,,,,,,,,,,,,,,,,,,,,,,,,,,,,2003
1610612748,,MIA,13,1127,1128,48,174,,,,,,,,,,,,,,,,,,,,,,,,,,,,,,,,,,,,2004
1610612752,,NYK,4,363,362,17,58,,,,,,,,,,,,,,,,,,,,,,,,,,,,,,,,,,,,2004
1610612738,,BOS,4,362,365,21,63,,,,,,,,,,,,,,,,,,,,,,,,,,,,,,,,,,,,2004
1610612763,,MEM,4,349,351,15,51,,,,,,,,,,,,,,,,,,,,,,,,,,,,,,,,,,,,2004
1610612740,,NOH,7,613,614,41,130,,,,,,,,,,,,,,,,,,,,,,,,,,,,,,,,,,,,2004
1610612751,,NJN,11,1001,1001,49,180,,,,,,,,,,,,,,,,,,,,,,,,,,,,,,,,,,,,2004
1610612743,,DEN,5,454,456,22,65,,,,,,,,,,,,,,,,,,,,,,,,,,,,,,,,,,,,2004
1610612742,,DAL,5,490,485,25,87,,,,,,,,,,,,,,,,,,,,,,,,,,,,,,,,,,,,2004
1610612759,,SAS,10,880,876,69,189,,,,,,,,,,,,,,,,,,,,,,,,,,,,,,,,,,,,2004
1610612747,,LAL,22,1933,1930,109,340,,,,,,,,,,,,,,,,,,,,,,,,,,,,,,,,,,,,2004
1610612754,,IND,16,1385,1377,95,285,,,,,,,,,,,,,,,,,,,,,,,,,,,,,,,,,,,,2004
1610612758,,SAC,12,1135,1138,70,201,,,,,,,,,,,,,,,,,,,,,,,,,,,,,,,,,,,,2004
1610612765,,DET,23,2025,2035,97,319,,,,,,,,,,,,,,,,,,,,,,,,,,,,,,,,,,,,2004
1610612745,,HOU,5,448,449,23,76,,,,,,,,,,,,,,,,,,,,,,,,,,,,,,,,,,,,2004
1610612749,,MIL,5,451,450,24,72,,,,,,,,,,,,,,,,,,,,,,,,,,,,,,,,,,,,2004
1610612750,,MIN,18,1622,1621,106,274,,,,,,,,,,,,,,,,,,,,,,,,,,,,,,,,,,,,2004
1610612765,,DET,25,2145,2140,113,347,,,,,,,,,,,,,,,,,,,,,,,,,,,,,,,,,,,,2005
1610612764,,WAS,10,946,948,56,188,,,,,,,,,,,,,,,,,,,,,,,,,,,,,,,,,,,,2005
1610612741,,CHI,6,576,576,54,139,,,,,,,,,,,,,,,,,,,,,,,,,,,,,,,,,,,,2005
1610612758,,SAC,5,456,453,29,104,,,,,,,,,,,,,,,,,,,,,,,,,,,,,,,,,,,,2005
1610612745,,HOU,7,618,612,50,124,,,,,,,,,,,,,,,,,,,,,,,,,,,,,,,,,,,,2005
1610612759,,SAS,23,2023,2013,164,422,,,,,,,,,,,,,,,,,,,,,,,,,,,,,,,,,,,,2005
1610612743,,DEN,5,461,460,11,42,,,,,,,,,,,,,,,,,,,,,,,,,,,,,,,,,,,,2005
1610612755,,PHI,5,447,453,33,97,,,,,,,,,,,,,,,,,,,,,,,,,,,,,,,,,,,,2005
1610612738,,BOS,7,611,611,34,104,,,,,,,,,,,,,,,,,,,,,,,,,,,,,,,,,,,,2005
1610612742,,DAL,13,1211,1216,86,227,,,,,,,,,,,,,,,,,,,,,,,,,,,,,,,,,,,,2005
1610612748,,MIA,15,1374,1369,90,232,,,,,,,,,,,,,,,,,,,,,,,,,,,,,,,,,,,,2005
1610612751,,NJN,4,387,387,25,86,,,,,,,,,,,,,,,,,,,,,,,,,,,,,,,,,,,,2005
1610612754,,IND,13,1113,1116,73,231,,,,,,,,,,,,,,,,,,,,,,,,,,,,,,,,,,,,2005
1610612756,,PHX,15,1421,1427,129,296,,,,,,,,,,,,,,,,,,,,,,,,,,,,,,,,,,,,2005
1610612760,,SEA,11,972,980,53,173,,,,,,,,,,,,,,,,,,,,,,,,,,,,,,,,,,,,2005
1610612763,,MEM,4,365,365,31,79,,,,,,,,,,,,,,,,,,,,,,,,,,,,,,,,,,,,2005
1610612739,,CLE,13,1126,1123,55,172,,,,,,,,,,,,,,,,,,,,,,,,,,,,,,,,,,,,2006
1610612754,,IND,6,522,517,40,117,,,,,,,,,,,,,,,,,,,,,,,,,,,,,,,,,,,,2006
1610612746,,LAC,12,1138,1140,54,143,,,,,,,,,,,,,,,,,,,,,,,,,,,,,,,,,,,,2006
1610612764,,WAS,6,551,551,37,115,,,,,,,,,,,,,,,,,,,,,,,,,,,,,,,,,,,,2006
1610612748,,MIA,23,2078,2086,146,439,,,,,,,,,,,,,,,,,,,,,,,,,,,,,,,,,,,,2006
1610612742,,DAL,23,2082,2078,110,347,,,,,,,,,,,,,,,,,,,,,,,,,,,,,,,,,,,,2006
1610612759,,SAS,13,1188,1180,78,199,,,,,,,,,,,,,,,,,,,,,,,,,,,,,,,,,,,,2006
1610612756,,PHX,20,1880,1884,184,470,,,,,,,,,,,,,,,,,,,,,,,,,,,,,,,,,,,,2006
1610612743,,DEN,5,461,459,15,68,,,,,,,,,,,,,,,,,,,,,,,,,,,,,,,,,,,,2006
1610612765,,DET,18,1528,1529,124,333,,,,,,,,,,,,,,,,,,,,,,,,,,,,,,,,,,,,2006
1610612741,,CHI,6,567,566,47,119,,,,,,,,,,,,,,,,,,,,,,,,,,,,,,,,,,,,2006
1610612747,,LAL,7,659,657,50,150,,,,,,,,,,,,,,,,,,,,,,,,,,,,,,,,,,,,2006
1610612751,,NJN,11,971,975,59,192,,,,,,,,,,,,,,,,,,,,,,,,,,,,,,,,,,,,2006
1610612749,,MIL,5,445,445,26,62,,,,,,,,,,,,,,,,,,,,,,,,,,,,,,,,,,,,2006
1610612763,,MEM,4,342,343,15,48,,,,,,,,,,,,,,,,,,,,,,,,,,,,,,,,,,,,2006
1610612758,,SAC,6,541,546,31,94,,,,,,,,,,,,,,,,,,,,,,,,,,,,,,,,,,,,2006
1610612743,,DEN,5,438,441,23,72,,,,,,,,,,,,,,,,,,,,,,,,,,,,,,,,,,,,2007
1610612748,,MIA,4,363,364,22,68,,,,,,,,,,,,,,,,,,,,,,,,,,,,,,,,,,,,2007
1610612745,,HOU,7,617,618,50,156,,,,,,,,,,,,,,,,,,,,,,,,,,,,,,,,,,,,2007
1610612751,,NJN,12,1066,1065,92,250,,,,,,,,,,,,,,,,,,,,,,,,,,,,,,,,,,,,2007
1610612742,,DAL,6,562,561,42,133,,,,,,,,,,,,,,,,,,,,,,,,,,,,,,,,,,,,2007
1610612759,,SAS,20,1784,1778,151,393,,,,,,,,,,,,,,,,,,,,,,,,,,,,,,,,,,,,2007
1610612762,,UTA,17,1565,1566,73,214,,,,,,,,,,,,,,,,,,,,,,,,,,,,,,,,,,,,2007
1610612744,,GSW,11,1062,1062,122,341,,,,,,,,,,,,,,,,,,,,,,,,,,,,,,,,,,,,2007
1610612756,,PHX,11,1033,1032,78,206,,,,,,,,,,,,,,,,,,,,,,,,,,,,,,,,,,,,2007
1610612739,,CLE,20,1725,1731,108,331,,,,,,,,,,,,,,,,,,,,,,,,,,,,,,,,,,,,2007
1610612747,,LAL,5,471,472,32,99,,,,,,,,,,,,,,,,,,,,,,,,,,,,,,,,,,,,2007
1610612764,,WAS,4,354,353,25,82,,,,,,,,,,,,,,,,,,,,,,,,,,,,,,,,,,,,2007
1610612765,,DET,16,1389,1386,93,266,,,,,,,,,,,,,,,,,,,,,,,,,,,,,,,,,,,,2007
1610612761,,TOR,6,541,539,32,87,,,,,,,,,,,,,,,,,,,,,,,,,,,,,,,,,,,,2007
1610612741,,CHI,10,895,896,59,166,,,,,,,,,,,,,,,,,,,,,,,,,,,,,,,,,,,,2007
1610612753,,ORL,4,339,340,10,29,,,,,,,,,,,,,,,,,,,,,,,,,,,,,,,,,,,,2007
1610612753,,ORL,10,878,878,90,253,,,,,,,,,,,,,,,,,,,,,,,,,,,,,,,,,,,,2008
1610612761,,TOR,5,449,451,42,120,,,,,,,,,,,,,,,,,,,,,,,,,,,,,,,,,,,,2008
1610612737,,ATL,7,605,603,28,87,,,,,,,,,,,,,,,,,,,,,,,,,,,,,,,,,,,,2008
1610612740,,NOH,12,1041,1046,69,168,,,,,,,,,,,,,,,,,,,,,,,,,,,,,,,,,,,,2008
1610612756,,PHX,5,481,482,25,74,,,,,,,,,,,,,,,,,,,,,,,,,,,,,,,,,,,,2008
1610612764,,WAS,6,529,531,36,118,,,,,,,,,,,,,,,,,,,,,,,,,,,,,,,,,,,,2008
1610612739,,CLE,13,1127,1125,87,252,,,,,,,,,,,,,,,,,,,,,,,,,,,,,,,,,,,,2008
1610612747,,LAL,21,1959,1965,146,398,,,,,,,,,,,,,,,,,,,,,,,,,,,,,,,,,,,,2008
1610612759,,SAS,17,1540,1533,128,341,,,,,,,,,,,,,,,,,,,,,,,,,,,,,,,,,,,,2008
1610612765,,DET,17,1452,1451,77,226,,,,,,,,,,,,,,,,,,,,,,,,,,,,,,,,,,,,2008
1610612742,,DAL,5,439,439,36,104,,,,,,,,,,,,,,,,,,,,,,,,,,,,,,,,,,,,2008
1610612762,,UTA,12,1082,1078,70,200,,,,,,,,,,,,,,,,,,,,,,,,,,,,,,,,,,,,2008
1610612738,,BOS,26,2250,2250,157,437,,,,,,,,,,,,,,,,,,,,,,,,,,,,,,,,,,,,2008
1610612745,,HOU,6,509,509,35,120,,,,,,,,,,,,,,,,,,,,,,,,,,,,,,,,,,,,2008
1610612743,,DEN,4,394,394,18,72,,,,,,,,,,,,,,,,,,,,,,,,,,,,,,,,,,,,2008
1610612755,,PHI,6,520,520,11,47,,,,,,,,,,,,,,,,,,,,,,,,,,,,,,,,,,,,2008
1610612757,,POR,6,500,502,33,85,,,,,,,,,,,,,,,,,,,,,,,,,,,,,,,,,,,,2009
1610612742,,DAL,10,902,902,73,206,,,,,,,,,,,,,,,,,,,,,,,,,,,,,,,,,,,,2009
1610612738,,BOS,14,1340,1337,94,261,,,,,,,,,,,,,,,,,,,,,,,,,,,,,,,,,,,,2009
1610612743,,DEN,16,1476,1475,129,337,,,,,,,,,,,,,,,,,,,,,,,,,,,,,,,,,,,,2009
1610612737,,ATL,11,912,912,67,193,,,,,,,,,,,,,,,,,,,,,,,,,,,,,,,,,,,,2009
1610612739,,CLE,14,1206,1199,93,277,,,,,,,,,,,,,,,,,,,,,,,,,,,,,,,,,,,,2009
1610612740,,NOH,5,449,447,30,92,,,,,,,,,,,,,,,,,,,,,,,,,,,,,,,,,,,,2009
1610612741,,CHI,7,709,713,51,135,,,,,,,,,,,,,,,,,,,,,,,,,,,,,,,,,,,,2009
1610612745,,HOU,13,1134,1135,86,262,,,,,,,,,,,,,,,,,,,,,,,,,,,,,,,,,,,,2009
1610612748,,MIA,7,581,582,50,140,,,,,,,,,,,,,,,,,,,,,,,,,,,,,,,,,,,,2009
1610612765,,DET,4,327,329,12,49,,,,,,,,,,,,,,,,,,,,,,,,,,,,,,,,,,,,2009
1610612759,,SAS,5,431,433,29,88,,,,,,,,,,,,,,,,,,,,,,,,,,,,,,,,,,,,2009
1610612747,,LAL,23,2117,2117,160,424,,,,,,,,,,,,,,,,,,,,,,,,,,,,,,,,,,,,2009
1610612755,,PHI,6,528,528,35,95,,,,,,,,,,,,,,,,,,,,,,,,,,,,,,,,,,,,2009
1610612753,,ORL,24,2154,2156,201,559,,,,,,,,,,,,,,,,,,,,,,,,,,,,,,,,,,,,2009
1610612762,,UTA,5,471,470,25,73,,,,,,,,,,,,,,,,,,,,,,,,,,,,,,,,,,,,2009
1610612749,,MIL,7,597,601,46,149,,,,,,,,,,,,,,,,,,,,,,,,,,,,,,,,,,,,2010
1610612741,,CHI,5,465,465,16,54,,,,,,,,,,,,,,,,,,,,,,,,,,,,,,,,,,,,2010
1610612762,,UTA,10,943,946,65,174,,,,,,,,,,,,,,,,,,,,,,,,,,,,,,,,,,,,2010
1610612738,,BOS,24,2153,2145,139,383,,,,,,,,,,,,,,,,,,,,,,,,,,,,,,,,,,,,2010
1610612747,,LAL,23,2069,2064,157,476,,,,,,,,,,,,,,,,,,,,,,,,,,,,,,,,,,,,2010
1610612756,,PHX,16,1448,1451,150,391,,,,,,,,,,,,,,,,,,,,,,,,,,,,,,,,,,,,2010
1610612753,,ORL,14,1216,1216,138,377,,,,,,,,,,,,,,,,,,,,,,,,,,,,,,,,,,,,2010
1610612760,,OKC,6,544,543,33,111,,,,,,,,,,,,,,,,,,,,,,,,,,,,,,,,,,,,2010
1610612748,,MIA,5,450,453,34,91,,,,,,,,,,,,,,,,,,,,,,,,,,,,,,,,,,,,2010
1610612737,,ATL,11,942,941,50,150,,,,,,,,,,,,,,,,,,,,,,,,,,,,,,,,,,,,2010
1610612743,,DEN,6,578,577,39,109,,,,,,,,,,,,,,,,,,,,,,,,,,,,,,,,,,,,2010
1610612742,,DAL,6,532,529,38,116,,,,,,,,,,,,,,,,,,,,,,,,,,,,,,,,,,,,2010
1610612759,,SAS,10,908,909,48,142,,,,,,,,,,,,,,,,,,,,,,,,,,,,,,,,,,,,2010
1610612766,,CHA,4,340,339,19,68,,,,,,,,,,,,,,,,,,,,,,,,,,,,,,,,,,,,2010
1610612739,,CLE,11,1021,1024,79,227,,,,,,,,,,,,,,,,,,,,,,,,,,,,,,,,,,,,2010
1610612757,,POR,6,520,523,38,100,,,,,,,,,,,,,,,,,,,,,,,,,,,,,,,,,,,,2010
1610612737,,ATL,12,1025,1019,54,167,,,,,,,,,,,,,,,,,,,,,,,,,,,,,,,,,,,,2011
1610612738,,BOS,9,803,801,67,144,,,,,,,,,,,,,,,,,,,,,,,,,,,,,,,,,,,,2011
1610612753,,ORL,6,512,516,37,141,,,,,,,,,,,,,,,,,,,,,,,,,,,,,,,,,,,,2011
1610612759,,SAS,6,551,549,32,109,,,,,,,,,,,,,,,,,,,,,,,,,,,,,,,,,,,,2011
1610612757,,POR,6,503,502,30,100,,,,,,,,,,,,,,,,,,,,,,,,,,,,,,,,,,,,2011
1610612763,,MEM,13,1215,1213,50,157,,,,,,,,,,,,,,,,,,,,,,,,,,,,,,,,,,,,2011
1610612748,,MIA,21,1824,1823,124,375,,,,,,,,,,,,,,,,,,,,,,,,,,,,,,,,,,,,2011
1610612747,,LAL,10,867,867,48,166,,,,,,,,,,,,,,,,,,,,,,,,,,,,,,,,,,,,2011
1610612741,,CHI,16,1389,1393,101,307,,,,,,,,,,,,,,,,,,,,,,,,,,,,,,,,,,,,2011
1610612742,,DAL,21,1833,1838,184,467,,,,,,,,,,,,,,,,,,,,,,,,,,,,,,,,,,,,2011
1610612755,,PHI,5,428,428,32,82,,,,,,,,,,,,,,,,,,,,,,,,,,,,,,,,,,,,2011
1610612752,,NYK,4,360,361,33,95,,,,,,,,,,,,,,,,,,,,,,,,,,,,,,,,,,,,2011
1610612740,,NOH,6,516,513,27,84,,,,,,,,,,,,,,,,,,,,,,,,,,,,,,,,,,,,2011
1610612754,,IND,5,450,448,29,77,,,,,,,,,,,,,,,,,,,,,,,,,,,,,,,,,,,,2011
1610612760,,OKC,17,1593,1598,107,339,,,,,,,,,,,,,,,,,,,,,,,,,,,,,,,,,,,,2011
1610612743,,DEN,5,471,471,34,92,,,,,,,,,,,,,,,,,,,,,,,,,,,,,,,,,,,,2011
1610612741,,CHI,6,526,524,26,76,,,,,,,,,,,,,,,,,,,,,,,,,,,,,,,,,,,,2012
1610612737,,ATL,6,535,540,35,113,,,,,,,,,,,,,,,,,,,,,,,,,,,,,,,,,,,,2012
1610612752,,NYK,5,430,435,25,91,,,,,,,,,,,,,,,,,,,,,,,,,,,,,,,,,,,,2012
1610612748,,MIA,23,2046,2033,157,452,,,,,,,,,,,,,,,,,,,,,,,,,,,,,,,,,,,,2012
1610612747,,LAL,12,1073,1078,63,207,,,,,,,,,,,,,,,,,,,,,,,,,,,,,,,,,,,,2012
1610612755,,PHI,13,1146,1151,52,171,,,,,,,,,,,,,,,,,,,,,,,,,,,,,,,,,,,,2012
1610612759,,SAS,14,1299,1293,132,317,,,,,,,,,,,,,,,,,,,,,,,,,,,,,,,,,,,,2012
1610612760,,OKC,20,1823,1822,136,383,,,,,,,,,,,,,,,,,,,,,,,,,,,,,,,,,,,,2012
1610612738,,BOS,20,1788,1781,93,326,,,,,,,,,,,,,,,,,,,,,,,,,,,,,,,,,,,,2012
1610612742,,DAL,4,364,366,32,86,,,,,,,,,,,,,,,,,,,,,,,,,,,,,,,,,,,,2012
1610612743,,DEN,7,634,631,37,133,,,,,,,,,,,,,,,,,,,,,,,,,,,,,,,,,,,,2012
1610612746,,LAC,11,984,988,68,180,,,,,,,,,,,,,,,,,,,,,,,,,,,,,,,,,,,,2012
1610612753,,ORL,5,434,438,42,123,,,,,,,,,,,,,,,,,,,,,,,,,,,,,,,,,,,,2012
1610612762,,UTA,4,367,370,9,45,,,,,,,,,,,,,,,,,,,,,,,,,,,,,,,,,,,,2012
1610612763,,MEM,7,623,622,24,83,,,,,,,,,,,,,,,,,,,,,,,,,,,,,,,,,,,,2012
1610612754,,IND,11,969,969,63,197,,,,,,,,,,,,,,,,,,,,,,,,,,,,,,,,,,,,2012
1610612738,,BOS,6,533,529,41,124,,,,,,,,,,,,,,,,,,,,,,,,,,,,,,,,,,,,2013
1610612741,,CHI,12,1068,1073,65,204,,,,,,,,,,,,,,,,,,,,,,,,,,,,,,,,,,,,2013
1610612763,,MEM,15,1341,1344,72,222,,,,,,,,,,,,,,,,,,,,,,,,,,,,,,,,,,,,2013
1610612760,,OKC,11,1025,1018,95,272,,,,,,,,,,,,,,,,,,,,,,,,,,,,,,,,,,,,2013
1610612754,,IND,19,1674,1678,119,364,,,,,,,,,,,,,,,,,,,,,,,,,,,,,,,,,,,,2013
1610612759,,SAS,21,1945,1945,165,437,,,,,,,,,,,,,,,,,,,,,,,,,,,,,,,,,,,,2013
1610612748,,MIA,23,2030,2027,177,465,,,,,,,,,,,,,,,,,,,,,,,,,,,,,,,,,,,,2013
1610612747,,LAL,4,364,366,20,74,,,,,,,,,,,,,,,,,,,,,,,,,,,,,,,,,,,,2013
1610612744,,GSW,12,1164,1165,104,268,,,,,,,,,,,,,,,,,,,,,,,,,,,,,,,,,,,,2013
1610612749,,MIL,4,360,359,24,92,,,,,,,,,,,,,,,,,,,,,,,,,,,,,,,,,,,,2013
1610612737,,ATL,6,551,553,37,112,,,,,,,,,,,,,,,,,,,,,,,,,,,,,,,,,,,,2013
1610612743,,DEN,6,586,581,42,135,,,,,,,,,,,,,,,,,,,,,,,,,,,,,,,,,,,,2013
1610612745,,HOU,6,565,568,70,202,,,,,,,,,,,,,,,,,,,,,,,,,,,,,,,,,,,,2013
1610612746,,LAC,6,520,521,35,115,,,,,,,,,,,,,,,,,,,,,,,,,,,,,,,,,,,,2013
1610612751,,BKN,7,645,641,43,136,,,,,,,,,,,,,,,,,,,,,,,,,,,,,,,,,,,,2013
1610612752,,NYK,12,1044,1047,96,280,,,,,,,,,,,,,,,,,,,,,,,,,,,,,,,,,,,,2013
1610612766,Charlotte Bobcats,CHA,4,359,360,31,85,12.0,6.0,0.5,0.042,3.0,0.0,0.0,0.011,0.12,34.0,12.0,0.353,13.0,0.127,36.0,0.361,26.0,8.0,0.308,1.0,0.0,0.0,0.003,0.049,14.0,0.357,5.0,32.0,14.0,0.438,0.112,19.0,0.475,40.0,0.14,2014
1610612742,Dallas Mavericks,DAL,7,645,645,59,157,31.0,12.0,0.387,0.053,5.0,0.0,0.0,0.009,0.113,66.0,31.0,0.47,16.0,0.095,55.0,0.291,54.0,23.0,0.426,2.0,0.0,0.0,0.004,0.029,15.0,0.533,8.0,56.0,20.0,0.357,0.109,21.0,0.382,55.0,0.107,2014
1610612748,Miami Heat,MIA,20,1721,1729,186,470,70.0,24.0,0.343,0.05,11.0,3.0,0.273,0.008,0.153,212.0,90.0,0.425,69.0,0.126,175.0,0.394,84.0,38.0,0.452,15.0,4.0,0.267,0.011,0.067,94.0,0.415,39.0,163.0,65.0,0.399,0.117,72.0,0.424,170.0,0.122,2014
1610612751,Brooklyn Nets,BKN,12,1047,1045,93,272,56.0,20.0,0.357,0.066,9.0,4.0,0.444,0.011,0.113,96.0,36.0,0.375,33.0,0.127,108.0,0.306,39.0,12.0,0.308,7.0,1.0,0.143,0.008,0.053,44.0,0.364,16.0,103.0,39.0,0.379,0.123,34.0,0.298,114.0,0.137,2014
1610612741,Chicago Bulls,CHI,5,436,439,32,96,13.0,5.0,0.385,0.036,1.0,0.0,0.0,0.003,0.1,36.0,13.0,0.361,14.0,0.122,44.0,0.318,30.0,8.0,0.267,0.0,0.0,,0.0,0.026,10.0,0.2,2.0,32.0,10.0,0.313,0.085,19.0,0.487,39.0,0.103,2014
1610612757,Portland Trail Blazers,POR,11,1059,1061,87,251,45.0,14.0,0.311,0.049,11.0,5.0,0.455,0.012,0.1,92.0,29.0,0.315,39.0,0.107,98.0,0.398,98.0,31.0,0.316,7.0,2.0,0.286,0.008,0.044,41.0,0.317,13.0,97.0,32.0,0.33,0.105,40.0,0.392,102.0,0.11,2014
1610612746,Los Angeles Clippers,LAC,13,1237,1237,119,335,59.0,19.0,0.322,0.056,5.0,0.0,0.0,0.005,0.124,130.0,49.0,0.377,51.0,0.127,133.0,0.383,106.0,40.0,0.377,15.0,5.0,0.333,0.015,0.071,71.0,0.239,17.0,113.0,42.0,0.372,0.113,49.0,0.422,116.0,0.116,2014
1610612754,Indiana Pacers,IND,19,1679,1676,139,366,57.0,23.0,0.404,0.043,5.0,1.0,0.2,0.004,0.131,175.0,61.0,0.349,54.0,0.094,126.0,0.429,84.0,31.0,0.369,3.0,3.0,1.0,0.002,0.049,67.0,0.299,20.0,179.0,59.0,0.33,0.13,86.0,0.386,223.0,0.161,2014
1610612759,San Antonio Spurs,SAS,23,2140,2139,203,496,56.0,22.0,0.393,0.032,7.0,1.0,0.143,0.004,0.146,257.0,105.0,0.409,73.0,0.093,164.0,0.445,123.0,38.0,0.309,24.0,6.0,0.25,0.013,0.055,99.0,0.303,30.0,183.0,63.0,0.344,0.101,78.0,0.402,194.0,0.108,2014
1610612760,Oklahoma City Thunder,OKC,19,1813,1809,143,443,126.0,30.0,0.238,0.085,22.0,7.0,0.318,0.015,0.101,150.0,60.0,0.4,46.0,0.092,136.0,0.338,150.0,42.0,0.28,2.0,0.0,0.0,0.001,0.025,38.0,0.263,10.0,129.0,50.0,0.388,0.084,82.0,0.357,230.0,0.15,2014
1610612737,Atlanta Hawks,ATL,7,637,636,79,230,35.0,11.0,0.314,0.069,1.0,1.0,1.0,0.002,0.205,104.0,39.0,0.375,28.0,0.17,86.0,0.326,53.0,23.0,0.434,3.0,1.0,0.333,0.006,0.032,16.0,0.375,6.0,50.0,23.0,0.46,0.099,24.0,0.3,80.0,0.159,2014
1610612745,Houston Rockets,HOU,6,583,580,49,154,28.0,9.0,0.321,0.057,5.0,2.0,0.4,0.01,0.097,48.0,17.0,0.354,21.0,0.143,71.0,0.296,54.0,14.0,0.259,5.0,3.0,0.6,0.01,0.058,29.0,0.345,10.0,60.0,24.0,0.4,0.121,19.0,0.339,56.0,0.113,2014
1610612761,Toronto Raptors,TOR,7,627,626,46,147,27.0,9.0,0.333,0.055,5.0,1.0,0.2,0.01,0.101,50.0,13.0,0.26,23.0,0.128,63.0,0.365,41.0,12.0,0.293,2.0,1.0,0.5,0.004,0.046,23.0,0.304,7.0,64.0,19.0,0.297,0.127,20.0,0.313,64.0,0.127,2014
1610612764,Washington Wizards,WAS,11,974,970,62,185,24.0,7.0,0.292,0.029,1.0,1.0,1.0,0.001,0.106,88.0,34.0,0.386,20.0,0.087,72.0,0.278,36.0,12.0,0.333,1.0,0.0,0.0,0.001,0.027,21.0,0.381,8.0,78.0,28.0,0.359,0.1,33.0,0.393,84.0,0.108,2014
1610612744,Golden State Warriors,GSW,7,669,671,67,184,33.0,7.0,0.212,0.06,7.0,3.0,0.429,0.013,0.141,77.0,32.0,0.416,25.0,0.123,67.0,0.373,50.0,18.0,0.36,4.0,0.0,0.0,0.007,0.068,37.0,0.378,14.0,75.0,29.0,0.387,0.138,24.0,0.381,63.0,0.116,2014
1610612763,Memphis Grizzlies,MEM,7,666,669,31,107,4.0,1.0,0.25,0.007,1.0,0.0,0.0,0.002,0.128,72.0,23.0,0.319,7.0,0.053,30.0,0.233,18.0,5.0,0.278,8.0,3.0,0.375,0.014,0.101,57.0,0.246,14.0,50.0,15.0,0.3,0.088,24.0,0.421,57.0,0.101,2014
1610612759,San Antonio Spurs,SAS,7,664,670,67,183,20.0,7.0,0.35,0.036,5.0,2.0,0.4,0.009,0.166,92.0,38.0,0.413,20.0,0.116,64.0,0.313,34.0,7.0,0.206,4.0,0.0,0.0,0.007,0.058,32.0,0.281,9.0,51.0,14.0,0.275,0.093,26.0,0.456,57.0,0.104,2015
1610612763,Memphis Grizzlies,MEM,11,1011,1019,48,154,7.0,0.0,0.0,0.008,1.0,1.0,1.0,0.001,0.112,97.0,35.0,0.361,12.0,0.054,47.0,0.255,39.0,11.0,0.282,4.0,2.0,0.5,0.005,0.049,41.0,0.317,13.0,100.0,30.0,0.3,0.119,69.0,0.431,160.0,0.19,2015
1610612744,Golden State Warriors,GSW,21,2012,2003,240,641,95.0,25.0,0.263,0.057,7.0,3.0,0.429,0.004,0.203,339.0,135.0,0.398,77.0,0.117,196.0,0.393,175.0,66.0,0.377,5.0,1.0,0.2,0.003,0.045,73.0,0.192,14.0,161.0,45.0,0.28,0.099,83.0,0.371,224.0,0.137,2015
1610612737,Atlanta Hawks,ATL,16,1513,1508,145,458,44.0,8.0,0.182,0.034,6.0,1.0,0.167,0.005,0.206,268.0,91.0,0.34,45.0,0.103,134.0,0.336,124.0,37.0,0.298,7.0,3.0,0.429,0.005,0.05,64.0,0.313,20.0,132.0,51.0,0.386,0.103,77.0,0.405,190.0,0.148,2015
1610612739,Cleveland Cavaliers,CLE,20,1840,1837,195,574,95.0,31.0,0.326,0.061,13.0,5.0,0.385,0.008,0.156,243.0,91.0,0.374,68.0,0.139,216.0,0.315,180.0,51.0,0.283,6.0,2.0,0.333,0.004,0.042,65.0,0.215,14.0,154.0,49.0,0.318,0.1,93.0,0.332,280.0,0.182,2015
1610612741,Chicago Bulls,CHI,12,1087,1091,110,295,41.0,16.0,0.39,0.045,0.0,0.0,,0.0,0.152,140.0,52.0,0.371,42.0,0.121,111.0,0.378,68.0,28.0,0.412,6.0,1.0,0.167,0.006,0.036,33.0,0.455,15.0,94.0,26.0,0.277,0.101,49.0,0.358,137.0,0.147,2015
1610612764,Washington Wizards,WAS,10,952,952,94,233,38.0,10.0,0.263,0.048,0.0,0.0,,0.0,0.151,120.0,55.0,0.458,29.0,0.089,71.0,0.408,34.0,7.0,0.206,5.0,1.0,0.2,0.006,0.05,41.0,0.195,8.0,70.0,22.0,0.314,0.086,51.0,0.378,135.0,0.165,2015
1610612745,Houston Rockets,HOU,17,1718,1723,161,468,62.0,17.0,0.274,0.047,3.0,0.0,0.0,0.002,0.185,245.0,92.0,0.376,52.0,0.116,154.0,0.338,143.0,47.0,0.329,6.0,2.0,0.333,0.004,0.044,63.0,0.302,19.0,178.0,53.0,0.298,0.125,90.0,0.385,234.0,0.164,2015
1610612746,Los Angeles Clippers,LAC,14,1389,1381,117,356,58.0,17.0,0.293,0.052,9.0,2.0,0.222,0.008,0.141,158.0,65.0,0.411,33.0,0.112,125.0,0.264,129.0,38.0,0.295,7.0,2.0,0.286,0.006,0.048,53.0,0.283,15.0,130.0,42.0,0.323,0.118,81.0,0.403,201.0,0.183,2015
1610612740,New Orleans Pelicans,NOP,4,383,386,27,85,10.0,0.0,0.0,0.032,1.0,0.0,0.0,0.003,0.135,42.0,19.0,0.452,8.0,0.099,31.0,0.258,34.0,11.0,0.324,0.0,0.0,,0.0,0.046,15.0,0.267,4.0,46.0,20.0,0.435,0.141,23.0,0.365,63.0,0.193,2015
1610612751,Brooklyn Nets,BKN,6,568,572,51,144,22.0,7.0,0.318,0.047,3.0,1.0,0.333,0.006,0.161,76.0,29.0,0.382,14.0,0.083,39.0,0.359,19.0,5.0,0.263,4.0,1.0,0.25,0.008,0.048,24.0,0.083,2.0,64.0,26.0,0.406,0.127,38.0,0.396,96.0,0.191,2015
1610612757,Portland Trail Blazers,POR,5,460,455,46,131,16.0,4.0,0.25,0.041,2.0,1.0,0.5,0.005,0.152,59.0,26.0,0.441,15.0,0.14,54.0,0.278,42.0,5.0,0.119,1.0,1.0,1.0,0.003,0.003,1.0,0.0,0.0,15.0,4.0,0.267,0.038,18.0,0.409,44.0,0.11,2015
1610612761,Toronto Raptors,TOR,4,386,386,30,100,28.0,4.0,0.143,0.086,4.0,1.0,0.25,0.012,0.104,34.0,16.0,0.471,9.0,0.092,30.0,0.3,33.0,8.0,0.242,0.0,0.0,,0.0,0.053,17.0,0.353,6.0,26.0,11.0,0.423,0.082,26.0,0.481,54.0,0.169,2015
1610612749,Milwaukee Bucks,MIL,6,572,571,33,109,12.0,4.0,0.333,0.025,3.0,0.0,0.0,0.006,0.127,62.0,20.0,0.323,9.0,0.066,32.0,0.281,14.0,4.0,0.286,0.0,0.0,,0.0,0.054,25.0,0.44,11.0,67.0,26.0,0.388,0.145,30.0,0.4,75.0,0.163,2015
1610612738,Boston Celtics,BOS,4,374,377,22,86,11.0,1.0,0.091,0.037,1.0,0.0,0.0,0.003,0.157,47.0,17.0,0.362,4.0,0.087,26.0,0.154,21.0,3.0,0.143,2.0,1.0,0.5,0.007,0.049,15.0,0.2,3.0,51.0,18.0,0.353,0.167,17.0,0.321,53.0,0.174,2015
1610612742,Dallas Mavericks,DAL,5,509,507,38,122,13.0,5.0,0.385,0.03,0.0,0.0,,0.0,0.127,55.0,18.0,0.327,15.0,0.124,54.0,0.278,33.0,10.0,0.303,1.0,0.0,0.0,0.002,0.025,10.0,0.3,3.0,45.0,15.0,0.333,0.111,28.0,0.378,74.0,0.182,2015
1610612744,Golden State Warriors,GSW,24,2329,2340,306,778,104.0,35.0,0.337,0.054,14.0,4.0,0.286,0.007,0.19,367.0,154.0,0.42,113.0,0.149,288.0,0.392,207.0,79.0,0.382,9.0,2.0,0.222,0.005,0.066,129.0,0.279,36.0,246.0,80.0,0.325,0.126,102.0,0.398,256.0,0.131,2016
1610612748,Miami Heat,MIA,14,1282,1289,96,268,52.0,10.0,0.192,0.048,3.0,1.0,0.333,0.003,0.104,112.0,42.0,0.375,43.0,0.093,100.0,0.43,55.0,23.0,0.418,2.0,1.0,0.5,0.002,0.056,60.0,0.3,18.0,119.0,38.0,0.319,0.112,26.0,0.342,76.0,0.071,2016
1610612739,Cleveland Cavaliers,CLE,21,1901,1899,258,635,105.0,34.0,0.324,0.065,17.0,3.0,0.176,0.01,0.172,279.0,127.0,0.455,94.0,0.139,226.0,0.416,201.0,72.0,0.358,10.0,1.0,0.1,0.006,0.046,73.0,0.26,19.0,219.0,83.0,0.379,0.138,117.0,0.369,317.0,0.2,2016
1610612757,Portland Trail Blazers,POR,11,1078,1079,131,344,63.0,20.0,0.317,0.069,4.0,1.0,0.25,0.004,0.185,169.0,73.0,0.432,37.0,0.115,105.0,0.352,110.0,42.0,0.382,7.0,3.0,0.429,0.008,0.063,58.0,0.224,13.0,102.0,38.0,0.373,0.111,44.0,0.415,106.0,0.116,2016
1610612737,Atlanta Hawks,ATL,10,964,957,106,318,23.0,6.0,0.261,0.029,3.0,0.0,0.0,0.004,0.253,201.0,74.0,0.368,26.0,0.113,90.0,0.289,77.0,24.0,0.312,4.0,2.0,0.5,0.005,0.055,44.0,0.318,14.0,107.0,41.0,0.383,0.133,72.0,0.411,175.0,0.218,2016
1610612754,Indiana Pacers,IND,7,628,630,57,149,30.0,11.0,0.367,0.061,3.0,0.0,0.0,0.006,0.138,68.0,29.0,0.426,17.0,0.096,47.0,0.362,31.0,10.0,0.323,4.0,1.0,0.25,0.007,0.037,20.0,0.05,1.0,78.0,23.0,0.295,0.145,25.0,0.338,74.0,0.138,2016
1610612745,Houston Rockets,HOU,5,492,492,38,142,23.0,6.0,0.261,0.057,2.0,1.0,0.5,0.005,0.157,63.0,16.0,0.254,15.0,0.132,53.0,0.283,53.0,11.0,0.208,2.0,0.0,0.0,0.005,0.04,16.0,0.25,4.0,48.0,20.0,0.417,0.12,34.0,0.436,78.0,0.195,2016
1610612761,Toronto Raptors,TOR,20,1824,1813,137,459,66.0,14.0,0.212,0.043,7.0,1.0,0.143,0.005,0.12,183.0,60.0,0.328,62.0,0.13,199.0,0.312,118.0,35.0,0.297,10.0,1.0,0.1,0.007,0.062,91.0,0.286,26.0,148.0,53.0,0.358,0.101,83.0,0.419,198.0,0.135,2016
1610612760,Oklahoma City Thunder,OKC,18,1706,1695,149,448,96.0,22.0,0.229,0.066,9.0,2.0,0.222,0.006,0.138,200.0,75.0,0.375,50.0,0.097,140.0,0.357,128.0,33.0,0.258,6.0,1.0,0.167,0.004,0.033,48.0,0.333,16.0,163.0,55.0,0.337,0.114,90.0,0.419,215.0,0.15,2016
1610612759,San Antonio Spurs,SAS,10,917,913,82,191,18.0,6.0,0.333,0.023,5.0,0.0,0.0,0.006,0.136,106.0,49.0,0.462,27.0,0.075,58.0,0.466,40.0,13.0,0.325,0.0,0.0,,0.0,0.04,30.0,0.2,6.0,68.0,24.0,0.353,0.092,32.0,0.32,100.0,0.135,2016
1610612742,Dallas Mavericks,DAL,5,456,461,31,107,11.0,2.0,0.182,0.029,0.0,0.0,,0.0,0.133,51.0,22.0,0.431,7.0,0.117,45.0,0.156,31.0,7.0,0.226,7.0,2.0,0.286,0.017,0.077,31.0,0.194,6.0,37.0,17.0,0.459,0.092,26.0,0.4,65.0,0.162,2016
1610612746,LA Clippers,LAC,6,568,568,34,117,34.0,5.0,0.147,0.07,4.0,1.0,0.25,0.008,0.072,35.0,11.0,0.314,17.0,0.09,44.0,0.386,55.0,8.0,0.145,3.0,0.0,0.0,0.006,0.067,33.0,0.273,9.0,44.0,15.0,0.341,0.09,36.0,0.367,98.0,0.2,2016
1610612766,Charlotte Hornets,CHA,7,637,636,40,130,31.0,8.0,0.258,0.06,1.0,1.0,1.0,0.002,0.078,40.0,14.0,0.35,17.0,0.111,57.0,0.298,56.0,15.0,0.268,0.0,0.0,,0.0,0.05,27.0,0.222,6.0,55.0,30.0,0.545,0.101,22.0,0.367,60.0,0.11,2016
1610612738,Boston Celtics,BOS,6,588,593,52,189,29.0,7.0,0.241,0.06,1.0,1.0,1.0,0.002,0.184,89.0,28.0,0.315,16.0,0.128,62.0,0.258,41.0,11.0,0.268,3.0,0.0,0.0,0.006,0.031,15.0,0.2,3.0,58.0,13.0,0.224,0.12,43.0,0.371,116.0,0.24,2016
1610612765,Detroit Pistons,DET,4,343,344,35,93,10.0,3.0,0.3,0.034,3.0,0.0,0.0,0.01,0.155,45.0,17.0,0.378,15.0,0.12,35.0,0.429,25.0,8.0,0.32,6.0,2.0,0.333,0.019,0.069,22.0,0.409,9.0,56.0,22.0,0.393,0.174,24.0,0.453,53.0,0.165,2016
1610612763,Memphis Grizzlies,MEM,4,357,361,19,64,9.0,2.0,0.222,0.031,0.0,0.0,,0.0,0.087,25.0,7.0,0.28,10.0,0.097,28.0,0.357,15.0,2.0,0.133,3.0,0.0,0.0,0.01,0.024,7.0,0.714,5.0,29.0,14.0,0.483,0.1,22.0,0.478,46.0,0.159,2016
1610612739,Cleveland Cavaliers,CLE,18,1726,1722,256,610,110.0,46.0,0.418,0.077,18.0,6.0,0.333,0.013,0.163,233.0,108.0,0.464,96.0,0.17,243.0,0.395,205.0,76.0,0.371,15.0,1.0,0.067,0.01,0.057,85.0,0.376,32.0,168.0,56.0,0.333,0.112,113.0,0.399,283.0,0.189,2017
1610612744,Golden State Warriors,GSW,17,1696,1696,216,559,104.0,43.0,0.413,0.074,16.0,3.0,0.188,0.011,0.177,250.0,103.0,0.412,67.0,0.13,184.0,0.364,173.0,64.0,0.37,12.0,3.0,0.25,0.008,0.047,67.0,0.343,23.0,190.0,64.0,0.337,0.135,84.0,0.364,231.0,0.164,2017
1610612757,Portland Trail Blazers,POR,4,402,402,44,136,16.0,6.0,0.375,0.05,5.0,1.0,0.2,0.016,0.199,63.0,23.0,0.365,14.0,0.158,50.0,0.28,47.0,15.0,0.319,2.0,0.0,0.0,0.006,0.088,29.0,0.414,12.0,47.0,19.0,0.404,0.142,19.0,0.413,46.0,0.139,2017
1610612738,Boston Celtics,BOS,18,1697,1699,229,620,67.0,17.0,0.254,0.047,10.0,1.0,0.1,0.007,0.232,329.0,143.0,0.435,68.0,0.145,206.0,0.33,146.0,45.0,0.308,19.0,5.0,0.263,0.013,0.05,72.0,0.319,23.0,201.0,64.0,0.318,0.14,84.0,0.412,204.0,0.142,2017
1610612754,Indiana Pacers,IND,4,373,376,45,115,17.0,6.0,0.353,0.053,3.0,1.0,0.333,0.009,0.173,56.0,23.0,0.411,15.0,0.118,38.0,0.395,37.0,17.0,0.459,0.0,0.0,,0.0,0.066,21.0,0.429,9.0,58.0,18.0,0.31,0.184,27.0,0.5,54.0,0.171,2017
1610612749,Milwaukee Bucks,MIL,6,539,538,54,130,12.0,3.0,0.25,0.027,3.0,1.0,0.333,0.007,0.184,81.0,39.0,0.481,11.0,0.077,34.0,0.324,18.0,6.0,0.333,2.0,0.0,0.0,0.005,0.048,20.0,0.2,4.0,50.0,14.0,0.28,0.121,33.0,0.471,70.0,0.169,2017
1610612759,San Antonio Spurs,SAS,16,1501,1502,137,391,51.0,18.0,0.353,0.039,6.0,2.0,0.333,0.005,0.143,189.0,62.0,0.328,55.0,0.106,140.0,0.393,84.0,24.0,0.286,21.0,6.0,0.286,0.017,0.058,72.0,0.347,25.0,183.0,61.0,0.333,0.147,111.0,0.435,255.0,0.205,2017
1610612761,Toronto Raptors,TOR,10,920,920,78,235,26.0,4.0,0.154,0.035,5.0,0.0,0.0,0.007,0.169,126.0,53.0,0.421,21.0,0.098,73.0,0.288,50.0,13.0,0.26,7.0,2.0,0.286,0.009,0.057,42.0,0.405,17.0,80.0,29.0,0.363,0.108,67.0,0.508,132.0,0.178,2017
1610612762,Utah Jazz,UTA,11,1009,1013,104,285,34.0,7.0,0.206,0.041,4.0,2.0,0.5,0.005,0.18,149.0,65.0,0.436,30.0,0.117,97.0,0.309,97.0,24.0,0.247,6.0,1.0,0.167,0.007,0.066,55.0,0.327,18.0,109.0,35.0,0.321,0.13,44.0,0.423,104.0,0.124,2017
1610612764,Washington Wizards,WAS,13,1261,1256,109,344,28.0,12.0,0.429,0.026,5.0,0.0,0.0,0.005,0.152,164.0,57.0,0.348,40.0,0.134,145.0,0.276,83.0,26.0,0.313,5.0,1.0,0.2,0.005,0.036,36.0,0.278,10.0,137.0,50.0,0.365,0.137,83.0,0.399,208.0,0.208,2017
1610612737,Atlanta Hawks,ATL,6,585,584,50,164,17.0,4.0,0.235,0.037,2.0,0.0,0.0,0.004,0.173,80.0,27.0,0.338,19.0,0.136,63.0,0.302,58.0,25.0,0.431,1.0,0.0,0.0,0.002,0.018,9.0,0.556,5.0,63.0,22.0,0.349,0.126,23.0,0.274,84.0,0.168,2017
1610612741,Chicago Bulls,CHI,6,554,558,42,141,23.0,5.0,0.217,0.049,7.0,2.0,0.286,0.015,0.125,59.0,22.0,0.373,13.0,0.11,52.0,0.25,36.0,6.0,0.167,5.0,0.0,0.0,0.011,0.051,24.0,0.167,4.0,78.0,24.0,0.308,0.165,48.0,0.417,115.0,0.243,2017
1610612746,LA Clippers,LAC,7,627,627,57,164,35.0,11.0,0.314,0.068,3.0,1.0,0.333,0.006,0.104,54.0,21.0,0.389,24.0,0.132,68.0,0.353,63.0,15.0,0.238,4.0,2.0,0.5,0.008,0.049,25.0,0.24,6.0,63.0,20.0,0.317,0.123,40.0,0.482,83.0,0.162,2017
1610612760,Oklahoma City Thunder,OKC,5,491,491,42,135,24.0,8.0,0.333,0.058,2.0,0.0,0.0,0.005,0.155,64.0,26.0,0.406,8.0,0.102,42.0,0.19,38.0,12.0,0.316,1.0,0.0,0.0,0.003,0.108,41.0,0.22,9.0,61.0,23.0,0.377,0.161,16.0,0.25,64.0,0.169,2017
1610612763,Memphis Grizzlies,MEM,6,520,517,56,145,13.0,3.0,0.231,0.03,5.0,2.0,0.4,0.011,0.168,74.0,33.0,0.446,18.0,0.12,53.0,0.34,39.0,15.0,0.385,3.0,1.0,0.333,0.007,0.038,17.0,0.412,7.0,51.0,24.0,0.471,0.114,27.0,0.37,73.0,0.163,2017
1610612745,Houston Rockets,HOU,11,1064,1064,141,423,83.0,26.0,0.313,0.097,13.0,1.0,0.077,0.015,0.205,176.0,64.0,0.364,50.0,0.172,148.0,0.338,194.0,56.0,0.289,4.0,1.0,0.25,0.004,0.048,45.0,0.333,15.0,97.0,26.0,0.268,0.104,50.0,0.355,141.0,0.151,2017
1610612764,Washington Wizards,WAS,6,581,583,48,131,18.0,7.0,0.389,0.038,1.0,1.0,1.0,0.002,0.135,64.0,27.0,0.422,13.0,0.097,46.0,0.283,34.0,11.0,0.324,3.0,0.0,0.0,0.006,0.064,30.0,0.3,9.0,53.0,21.0,0.396,0.114,36.0,0.493,73.0,0.157,2018
1610612757,Portland Trail Blazers,POR,4,395,395,43,129,9.0,2.0,0.222,0.027,4.0,3.0,0.75,0.012,0.22,74.0,28.0,0.378,10.0,0.119,40.0,0.25,35.0,10.0,0.286,0.0,0.0,,0.0,0.031,10.0,0.6,6.0,39.0,17.0,0.436,0.121,17.0,0.34,50.0,0.156,2018
1610612754,Indiana Pacers,IND,7,631,633,68,190,25.0,8.0,0.32,0.047,1.0,1.0,1.0,0.002,0.17,91.0,32.0,0.352,27.0,0.134,72.0,0.375,70.0,21.0,0.3,1.0,0.0,0.0,0.002,0.078,40.0,0.25,10.0,103.0,35.0,0.34,0.2,28.0,0.337,83.0,0.161,2018
1610612745,Houston Rockets,HOU,17,1623,1613,228,676,133.0,39.0,0.293,0.097,7.0,0.0,0.0,0.005,0.194,267.0,104.0,0.39,85.0,0.186,256.0,0.332,322.0,111.0,0.345,1.0,0.0,0.0,0.001,0.068,89.0,0.292,26.0,176.0,66.0,0.375,0.134,89.0,0.438,203.0,0.155,2018
1610612759,San Antonio Spurs,SAS,5,468,466,42,141,18.0,4.0,0.222,0.046,5.0,2.0,0.4,0.013,0.188,74.0,23.0,0.311,13.0,0.104,41.0,0.317,38.0,14.0,0.368,0.0,0.0,,0.0,0.073,29.0,0.276,8.0,45.0,14.0,0.311,0.113,25.0,0.397,63.0,0.158,2018
1610612750,Minnesota Timberwolves,MIN,5,469,472,45,109,17.0,3.0,0.176,0.045,0.0,0.0,,0.0,0.147,56.0,29.0,0.518,13.0,0.089,34.0,0.382,28.0,9.0,0.321,0.0,0.0,,0.0,0.071,30.0,0.333,10.0,86.0,31.0,0.36,0.203,34.0,0.347,98.0,0.231,2018
1610612748,Miami Heat,MIA,5,500,500,54,138,14.0,4.0,0.286,0.036,3.0,3.0,1.0,0.008,0.207,81.0,34.0,0.42,13.0,0.099,39.0,0.333,25.0,5.0,0.2,3.0,2.0,0.667,0.007,0.067,27.0,0.222,6.0,70.0,28.0,0.4,0.173,21.0,0.396,53.0,0.131,2018
1610612760,Oklahoma City Thunder,OKC,6,582,583,63,173,33.0,9.0,0.273,0.068,5.0,1.0,0.2,0.01,0.136,66.0,29.0,0.439,24.0,0.14,68.0,0.353,75.0,30.0,0.4,0.0,0.0,,0.0,0.021,10.0,0.3,3.0,61.0,18.0,0.295,0.127,47.0,0.398,118.0,0.246,2018
1610612749,Milwaukee Bucks,MIL,7,650,653,67,180,10.0,3.0,0.3,0.019,1.0,1.0,1.0,0.002,0.178,92.0,35.0,0.38,28.0,0.143,74.0,0.378,33.0,12.0,0.364,1.0,1.0,1.0,0.002,0.06,32.0,0.281,9.0,92.0,27.0,0.293,0.171,34.0,0.453,75.0,0.14,2018
1610612744,Golden State Warriors,GSW,21,2029,2032,235,659,147.0,45.0,0.306,0.085,9.0,2.0,0.222,0.005,0.15,260.0,102.0,0.392,86.0,0.136,235.0,0.366,226.0,77.0,0.341,12.0,3.0,0.25,0.007,0.06,102.0,0.245,25.0,232.0,69.0,0.297,0.135,117.0,0.369,317.0,0.185,2018
1610612740,New Orleans Pelicans,NOP,9,924,923,89,243,19.0,9.0,0.474,0.025,1.0,1.0,1.0,0.001,0.19,145.0,54.0,0.372,25.0,0.097,74.0,0.338,73.0,25.0,0.342,8.0,5.0,0.625,0.01,0.061,48.0,0.25,12.0,87.0,26.0,0.299,0.111,51.0,0.364,140.0,0.178,2018
1610612761,Toronto Raptors,TOR,10,952,950,104,267,46.0,16.0,0.348,0.059,3.0,0.0,0.0,0.004,0.169,131.0,60.0,0.458,28.0,0.108,84.0,0.333,86.0,28.0,0.326,2.0,1.0,0.5,0.003,0.04,32.0,0.281,9.0,87.0,32.0,0.368,0.109,52.0,0.437,119.0,0.149,2018
1610612762,Utah Jazz,UTA,11,1065,1070,118,329,22.0,5.0,0.227,0.026,0.0,0.0,,0.0,0.222,189.0,76.0,0.402,37.0,0.136,116.0,0.319,127.0,37.0,0.291,8.0,1.0,0.125,0.009,0.085,76.0,0.303,23.0,126.0,42.0,0.333,0.14,63.0,0.438,144.0,0.16,2018
1610612755,Philadelphia 76ers,PHI,10,986,984,99,293,40.0,8.0,0.2,0.048,5.0,3.0,0.6,0.006,0.142,117.0,46.0,0.393,42.0,0.152,125.0,0.336,45.0,13.0,0.289,4.0,3.0,0.75,0.005,0.052,41.0,0.244,10.0,105.0,40.0,0.381,0.133,61.0,0.415,147.0,0.186,2018
1610612738,Boston Celtics,BOS,19,1782,1782,199,581,88.0,25.0,0.284,0.06,3.0,1.0,0.333,0.002,0.167,246.0,99.0,0.402,74.0,0.162,239.0,0.31,185.0,48.0,0.259,4.0,2.0,0.5,0.003,0.038,56.0,0.25,14.0,204.0,67.0,0.328,0.139,92.0,0.368,250.0,0.171,2018
1610612739,Cleveland Cavaliers,CLE,22,2020,2018,221,667,102.0,24.0,0.235,0.06,5.0,0.0,0.0,0.003,0.17,289.0,106.0,0.367,91.0,0.154,263.0,0.346,197.0,57.0,0.289,6.0,1.0,0.167,0.004,0.052,89.0,0.348,31.0,240.0,76.0,0.317,0.141,117.0,0.379,309.0,0.181,2018
1610612761,Toronto Raptors,TOR,24,2311,2305,286,827,89.0,32.0,0.36,0.044,17.0,6.0,0.353,0.008,0.237,482.0,177.0,0.367,71.0,0.117,238.0,0.298,207.0,69.0,0.333,15.0,4.0,0.267,0.008,0.065,129.0,0.31,40.0,243.0,73.0,0.3,0.122,150.0,0.354,424.0,0.213,2019
1610612755,Philadelphia 76ers,PHI,12,1183,1179,113,341,57.0,16.0,0.281,0.055,8.0,2.0,0.25,0.008,0.166,171.0,60.0,0.351,35.0,0.102,105.0,0.333,87.0,24.0,0.276,6.0,3.0,0.5,0.006,0.039,40.0,0.25,10.0,132.0,39.0,0.295,0.127,71.0,0.323,220.0,0.212,2019
1610612744,Golden State Warriors,GSW,22,2165,2169,268,720,169.0,60.0,0.355,0.089,22.0,9.0,0.409,0.012,0.146,277.0,107.0,0.386,92.0,0.133,251.0,0.367,215.0,90.0,0.419,25.0,6.0,0.24,0.013,0.067,127.0,0.299,38.0,280.0,100.0,0.357,0.149,144.0,0.395,365.0,0.194,2019
1610612746,LA Clippers,LAC,6,613,616,69,190,18.0,7.0,0.389,0.034,3.0,0.0,0.0,0.006,0.174,93.0,32.0,0.344,30.0,0.142,76.0,0.395,49.0,15.0,0.306,7.0,4.0,0.571,0.013,0.064,34.0,0.382,13.0,69.0,24.0,0.348,0.129,36.0,0.434,83.0,0.156,2019
1610612751,Brooklyn Nets,BKN,5,519,522,55,170,22.0,5.0,0.227,0.048,2.0,0.0,0.0,0.004,0.18,82.0,27.0,0.329,23.0,0.14,64.0,0.359,79.0,34.0,0.43,3.0,1.0,0.333,0.006,0.043,20.0,0.3,6.0,44.0,15.0,0.341,0.095,23.0,0.343,67.0,0.144,2019
1610612749,Milwaukee Bucks,MIL,15,1512,1512,192,571,59.0,12.0,0.203,0.045,6.0,1.0,0.167,0.005,0.245,323.0,113.0,0.35,66.0,0.139,183.0,0.361,160.0,50.0,0.313,8.0,1.0,0.125,0.006,0.048,64.0,0.297,19.0,163.0,57.0,0.35,0.121,108.0,0.352,307.0,0.228,2019
1610612762,Utah Jazz,UTA,5,486,490,47,179,17.0,3.0,0.176,0.039,1.0,1.0,1.0,0.002,0.255,110.0,26.0,0.236,17.0,0.118,51.0,0.333,42.0,12.0,0.286,9.0,2.0,0.222,0.021,0.124,52.0,0.308,16.0,55.0,16.0,0.291,0.131,43.0,0.453,95.0,0.226,2019
1610612743,Denver Nuggets,DEN,14,1333,1333,134,389,32.0,9.0,0.281,0.026,5.0,1.0,0.2,0.004,0.163,201.0,75.0,0.373,49.0,0.122,151.0,0.325,112.0,40.0,0.357,4.0,2.0,0.5,0.003,0.063,77.0,0.273,21.0,128.0,39.0,0.305,0.104,58.0,0.377,154.0,0.126,2019
1610612759,San Antonio Spurs,SAS,7,646,647,47,139,27.0,8.0,0.296,0.046,1.0,0.0,0.0,0.002,0.11,65.0,25.0,0.385,14.0,0.078,46.0,0.304,30.0,5.0,0.167,2.0,1.0,0.5,0.003,0.02,12.0,0.417,5.0,78.0,28.0,0.359,0.129,34.0,0.351,97.0,0.16,2019
1610612760,Oklahoma City Thunder,OKC,5,498,498,52,157,23.0,7.0,0.304,0.053,1.0,0.0,0.0,0.002,0.188,81.0,33.0,0.407,12.0,0.121,52.0,0.231,35.0,9.0,0.257,4.0,2.0,0.5,0.009,0.054,24.0,0.417,10.0,61.0,25.0,0.41,0.137,27.0,0.391,69.0,0.155,2019
1610612765,Detroit Pistons,DET,4,399,400,44,133,14.0,7.0,0.5,0.036,1.0,0.0,0.0,0.003,0.165,64.0,17.0,0.266,20.0,0.14,54.0,0.37,29.0,9.0,0.31,3.0,1.0,0.333,0.009,0.035,12.0,0.167,2.0,53.0,21.0,0.396,0.154,26.0,0.388,67.0,0.194,2019
1610612753,Orlando Magic,ORL,5,473,475,52,174,29.0,8.0,0.276,0.07,4.0,1.0,0.25,0.01,0.231,96.0,35.0,0.365,8.0,0.108,45.0,0.178,41.0,13.0,0.317,5.0,0.0,0.0,0.012,0.026,11.0,0.455,5.0,57.0,16.0,0.281,0.135,39.0,0.433,90.0,0.213,2019
1610612757,Portland Trail Blazers,POR,16,1581,1580,189,525,97.0,30.0,0.309,0.068,14.0,6.0,0.429,0.01,0.152,217.0,86.0,0.396,67.0,0.138,197.0,0.34,228.0,79.0,0.346,10.0,2.0,0.2,0.007,0.054,76.0,0.263,20.0,165.0,49.0,0.297,0.117,93.0,0.399,233.0,0.165,2019
1610612738,Boston Celtics,BOS,9,895,895,102,297,36.0,8.0,0.222,0.048,6.0,2.0,0.333,0.008,0.209,158.0,58.0,0.367,34.0,0.128,97.0,0.351,75.0,22.0,0.293,1.0,0.0,0.0,0.001,0.043,34.0,0.265,9.0,110.0,40.0,0.364,0.14,62.0,0.343,181.0,0.231,2019
1610612754,Indiana Pacers,IND,4,379,379,40,119,9.0,3.0,0.333,0.027,0.0,0.0,,0.0,0.195,65.0,21.0,0.323,16.0,0.135,45.0,0.356,30.0,11.0,0.367,3.0,1.0,0.333,0.009,0.044,14.0,0.429,6.0,45.0,18.0,0.4,0.141,22.0,0.393,56.0,0.175,2019
1610612745,Houston Rockets,HOU,11,1071,1064,172,470,106.0,28.0,0.264,0.116,20.0,3.0,0.15,0.022,0.213,195.0,90.0,0.462,51.0,0.162,149.0,0.342,230.0,79.0,0.343,6.0,2.0,0.333,0.006,0.082,78.0,0.295,23.0,121.0,45.0,0.372,0.127,46.0,0.267,172.0,0.181,2019
1610612743,Denver Nuggets,DEN,19,1795,1791,233,615,80.0,28.0,0.35,0.051,4.0,0.0,0.0,0.003,0.189,296.0,111.0,0.375,94.0,0.15,235.0,0.4,172.0,70.0,0.407,9.0,2.0,0.222,0.006,0.064,100.0,0.27,27.0,275.0,105.0,0.382,0.176,98.0,0.412,238.0,0.152,2020
1610612761,Toronto Raptors,TOR,11,1095,1091,161,443,66.0,13.0,0.197,0.068,4.0,0.0,0.0,0.004,0.196,191.0,81.0,0.424,67.0,0.187,182.0,0.368,151.0,45.0,0.298,8.0,1.0,0.125,0.008,0.079,75.0,0.28,21.0,159.0,51.0,0.321,0.168,76.0,0.378,201.0,0.213,2020
1610612751,Brooklyn Nets,BKN,4,407,407,62,184,13.0,3.0,0.231,0.036,2.0,0.0,0.0,0.005,0.279,102.0,36.0,0.353,23.0,0.184,67.0,0.343,34.0,10.0,0.294,2.0,0.0,0.0,0.005,0.036,13.0,0.308,4.0,62.0,27.0,0.435,0.17,40.0,0.46,87.0,0.239,2020
1610612762,Utah Jazz,UTA,7,651,654,110,261,42.0,17.0,0.405,0.073,4.0,1.0,0.25,0.007,0.199,114.0,44.0,0.386,48.0,0.176,101.0,0.475,108.0,53.0,0.491,2.0,0.0,0.0,0.003,0.055,33.0,0.333,11.0,86.0,38.0,0.442,0.143,57.0,0.435,131.0,0.218,2020
1610612755,Philadelphia 76ers,PHI,4,379,379,32,121,15.0,1.0,0.067,0.045,1.0,0.0,0.0,0.003,0.139,47.0,13.0,0.277,18.0,0.172,58.0,0.31,33.0,10.0,0.303,3.0,1.0,0.333,0.009,0.107,37.0,0.324,12.0,32.0,14.0,0.438,0.093,22.0,0.324,68.0,0.197,2020
1610612746,LA Clippers,LAC,13,1282,1284,157,427,61.0,9.0,0.148,0.054,3.0,1.0,0.333,0.003,0.12,135.0,64.0,0.474,83.0,0.203,228.0,0.364,121.0,37.0,0.306,1.0,0.0,0.0,0.001,0.046,51.0,0.412,21.0,196.0,65.0,0.332,0.178,76.0,0.374,203.0,0.184,2020
1610612754,Indiana Pacers,IND,4,385,387,48,128,12.0,1.0,0.083,0.037,2.0,0.0,0.0,0.006,0.153,49.0,17.0,0.347,30.0,0.202,65.0,0.462,43.0,12.0,0.279,5.0,3.0,0.6,0.015,0.111,36.0,0.306,11.0,46.0,19.0,0.413,0.142,19.0,0.413,46.0,0.142,2020
1610612747,Los Angeles Lakers,LAL,21,2027,2029,254,718,84.0,18.0,0.214,0.048,7.0,0.0,0.0,0.004,0.192,334.0,132.0,0.395,103.0,0.164,286.0,0.36,150.0,47.0,0.313,14.0,3.0,0.214,0.008,0.071,120.0,0.317,38.0,240.0,91.0,0.379,0.142,112.0,0.371,302.0,0.178,2020
1610612760,Oklahoma City Thunder,OKC,7,706,705,84,256,21.0,4.0,0.19,0.035,0.0,0.0,,0.0,0.186,111.0,39.0,0.351,41.0,0.207,124.0,0.331,80.0,29.0,0.363,3.0,2.0,0.667,0.005,0.087,55.0,0.345,19.0,128.0,39.0,0.305,0.202,68.0,0.4,170.0,0.268,2020
1610612745,Houston Rockets,HOU,12,1186,1186,203,561,89.0,26.0,0.292,0.087,6.0,2.0,0.333,0.006,0.267,274.0,114.0,0.416,61.0,0.186,191.0,0.319,174.0,53.0,0.305,1.0,0.0,0.0,0.001,0.041,41.0,0.146,6.0,197.0,72.0,0.365,0.196,67.0,0.374,179.0,0.178,2020
1610612742,Dallas Mavericks,DAL,6,622,620,81,225,22.0,11.0,0.5,0.041,1.0,0.0,0.0,0.002,0.206,110.0,41.0,0.373,29.0,0.172,92.0,0.315,85.0,27.0,0.318,0.0,0.0,,0.0,0.048,26.0,0.231,6.0,111.0,42.0,0.378,0.205,36.0,0.507,71.0,0.131,2020
1610612748,Miami Heat,MIA,21,2025,2023,268,746,166.0,54.0,0.325,0.097,20.0,11.0,0.55,0.012,0.159,272.0,106.0,0.39,93.0,0.164,281.0,0.331,178.0,50.0,0.281,9.0,1.0,0.111,0.005,0.055,97.0,0.32,31.0,360.0,130.0,0.361,0.205,98.0,0.351,279.0,0.159,2020
1610612757,Portland Trail Blazers,POR,5,505,505,58,153,33.0,13.0,0.394,0.075,4.0,0.0,0.0,0.009,0.127,56.0,22.0,0.393,23.0,0.136,60.0,0.383,66.0,25.0,0.379,2.0,0.0,0.0,0.005,0.045,20.0,0.15,3.0,66.0,26.0,0.394,0.149,31.0,0.356,87.0,0.197,2020
1610612753,Orlando Magic,ORL,5,520,517,75,199,31.0,6.0,0.194,0.07,8.0,2.0,0.25,0.018,0.228,101.0,43.0,0.426,24.0,0.133,59.0,0.407,48.0,18.0,0.375,2.0,0.0,0.0,0.005,0.057,25.0,0.32,8.0,70.0,24.0,0.343,0.16,45.0,0.425,106.0,0.243,2020
1610612749,Milwaukee Bucks,MIL,10,1008,1008,133,371,50.0,18.0,0.36,0.058,4.0,0.0,0.0,0.005,0.182,158.0,60.0,0.38,53.0,0.18,156.0,0.34,113.0,36.0,0.319,14.0,6.0,0.429,0.016,0.085,72.0,0.264,19.0,134.0,46.0,0.343,0.158,79.0,0.439,180.0,0.212,2020
1610612738,Boston Celtics,BOS,17,1646,1653,211,619,138.0,44.0,0.319,0.096,12.0,3.0,0.25,0.008,0.157,226.0,81.0,0.358,83.0,0.168,243.0,0.342,234.0,73.0,0.312,7.0,1.0,0.143,0.005,0.083,122.0,0.238,29.0,266.0,84.0,0.316,0.182,80.0,0.351,228.0,0.156,2020
1610612748,Miami Heat,MIA,4,402,406,48,143,20.0,3.0,0.15,0.056,2.0,0.0,0.0,0.006,0.171,61.0,23.0,0.377,22.0,0.168,60.0,0.367,40.0,16.0,0.4,1.0,1.0,1.0,0.003,0.056,21.0,0.429,9.0,85.0,25.0,0.294,0.225,18.0,0.327,55.0,0.146,2021
1610612746,LA Clippers,LAC,19,1758,1759,263,691,105.0,33.0,0.314,0.067,3.0,0.0,0.0,0.002,0.206,320.0,126.0,0.394,104.0,0.169,263.0,0.395,219.0,70.0,0.32,6.0,3.0,0.5,0.004,0.064,104.0,0.394,41.0,347.0,126.0,0.363,0.214,98.0,0.43,228.0,0.141,2021
1610612738,Boston Celtics,BOS,5,479,480,64,183,37.0,7.0,0.189,0.084,0.0,0.0,,0.0,0.161,71.0,22.0,0.31,35.0,0.172,76.0,0.461,77.0,23.0,0.299,0.0,0.0,,0.0,0.09,38.0,0.368,14.0,76.0,31.0,0.408,0.18,27.0,0.491,55.0,0.13,2021
1610612749,Milwaukee Bucks,MIL,23,2238,2237,258,804,98.0,30.0,0.306,0.047,5.0,2.0,0.4,0.002,0.172,361.0,121.0,0.335,105.0,0.162,340.0,0.309,273.0,74.0,0.271,3.0,0.0,0.0,0.001,0.055,110.0,0.318,35.0,337.0,110.0,0.326,0.168,132.0,0.392,337.0,0.168,2021
1610612742,Dallas Mavericks,DAL,7,645,641,95,245,31.0,8.0,0.258,0.052,2.0,2.0,1.0,0.003,0.145,87.0,36.0,0.414,49.0,0.208,125.0,0.392,99.0,41.0,0.414,1.0,0.0,0.0,0.002,0.05,28.0,0.25,7.0,101.0,40.0,0.396,0.18,47.0,0.385,122.0,0.218,2021
1610612743,Denver Nuggets,DEN,10,973,972,147,385,78.0,22.0,0.282,0.085,3.0,2.0,0.667,0.003,0.152,140.0,62.0,0.443,61.0,0.178,164.0,0.372,100.0,31.0,0.31,3.0,0.0,0.0,0.003,0.091,80.0,0.4,32.0,142.0,56.0,0.394,0.162,60.0,0.462,130.0,0.149,2021
1610612764,Washington Wizards,WAS,5,508,508,35,121,19.0,2.0,0.105,0.043,2.0,1.0,0.5,0.005,0.153,68.0,24.0,0.353,8.0,0.072,32.0,0.25,24.0,4.0,0.167,1.0,0.0,0.0,0.002,0.054,24.0,0.333,8.0,45.0,18.0,0.4,0.1,31.0,0.383,81.0,0.181,2021
1610612763,Memphis Grizzlies,MEM,5,495,498,52,158,20.0,3.0,0.15,0.042,1.0,0.0,0.0,0.002,0.199,94.0,35.0,0.372,14.0,0.091,43.0,0.326,45.0,12.0,0.267,2.0,2.0,1.0,0.005,0.086,37.0,0.324,12.0,69.0,27.0,0.391,0.16,43.0,0.434,99.0,0.229,2021
1610612755,Philadelphia 76ers,PHI,12,1199,1196,134,341,54.0,19.0,0.352,0.052,2.0,0.0,0.0,0.002,0.17,175.0,69.0,0.394,46.0,0.107,110.0,0.418,95.0,30.0,0.316,2.0,1.0,0.5,0.002,0.05,53.0,0.189,10.0,124.0,37.0,0.298,0.118,62.0,0.373,166.0,0.158,2021
1610612747,Los Angeles Lakers,LAL,6,559,563,59,197,18.0,5.0,0.278,0.036,0.0,0.0,,0.0,0.213,106.0,34.0,0.321,20.0,0.147,73.0,0.274,39.0,15.0,0.385,0.0,0.0,,0.0,0.063,31.0,0.226,7.0,81.0,25.0,0.309,0.165,38.0,0.458,83.0,0.169,2021
1610612751,Brooklyn Nets,BKN,12,1155,1155,163,427,99.0,34.0,0.343,0.096,1.0,0.0,0.0,0.001,0.155,160.0,67.0,0.419,62.0,0.162,168.0,0.369,191.0,65.0,0.34,1.0,0.0,0.0,0.001,0.059,63.0,0.27,17.0,177.0,65.0,0.367,0.166,53.0,0.296,179.0,0.168,2021
1610612762,Utah Jazz,UTA,11,1057,1056,198,480,89.0,33.0,0.371,0.096,4.0,3.0,0.75,0.004,0.204,189.0,84.0,0.444,78.0,0.214,198.0,0.394,220.0,96.0,0.436,2.0,0.0,0.0,0.002,0.055,54.0,0.333,18.0,115.0,47.0,0.409,0.118,84.0,0.398,211.0,0.217,2021
1610612756,Phoenix Suns,PHX,22,2090,2083,246,654,88.0,32.0,0.364,0.047,3.0,0.0,0.0,0.002,0.144,269.0,119.0,0.442,95.0,0.157,294.0,0.323,208.0,64.0,0.308,3.0,0.0,0.0,0.002,0.059,112.0,0.268,30.0,305.0,101.0,0.331,0.16,122.0,0.359,340.0,0.178,2021
1610612757,Portland Trail Blazers,POR,6,582,583,97,235,57.0,24.0,0.421,0.108,2.0,0.0,0.0,0.004,0.142,75.0,37.0,0.493,36.0,0.191,101.0,0.356,107.0,45.0,0.421,2.0,2.0,1.0,0.004,0.097,53.0,0.283,15.0,88.0,35.0,0.398,0.161,39.0,0.481,81.0,0.148,2021
1610612737,Atlanta Hawks,ATL,18,1736,1738,211,615,62.0,18.0,0.29,0.04,1.0,0.0,0.0,0.001,0.181,282.0,108.0,0.383,85.0,0.173,270.0,0.315,244.0,77.0,0.316,4.0,2.0,0.5,0.003,0.057,89.0,0.27,24.0,209.0,72.0,0.344,0.133,99.0,0.382,259.0,0.165,2021
1610612752,New York Knicks,NYK,5,469,470,52,152,34.0,9.0,0.265,0.079,1.0,1.0,1.0,0.002,0.141,61.0,24.0,0.393,18.0,0.13,56.0,0.321,58.0,19.0,0.328,1.0,0.0,0.0,0.002,0.028,12.0,0.25,3.0,72.0,23.0,0.319,0.17,38.0,0.409,93.0,0.219,2021
1610612743,Denver Nuggets,DEN,5,476,477,56,157,17.0,5.0,0.294,0.041,0.0,0.0,,0.0,0.174,72.0,26.0,0.361,25.0,0.164,68.0,0.368,26.0,7.0,0.269,7.0,2.0,0.286,0.017,0.069,28.0,0.357,10.0,77.0,34.0,0.442,0.189,30.0,0.441,68.0,0.167,2022
1610612748,Miami Heat,MIA,18,1678,1678,196,626,130.0,42.0,0.323,0.085,11.0,1.0,0.091,0.007,0.157,241.0,83.0,0.344,70.0,0.159,244.0,0.287,200.0,54.0,0.27,2.0,0.0,0.0,0.001,0.083,116.0,0.336,39.0,279.0,92.0,0.33,0.199,76.0,0.353,215.0,0.154,2022
1610612750,Minnesota Timberwolves,MIN,6,614,611,83,214,54.0,20.0,0.37,0.11,0.0,0.0,,0.0,0.144,71.0,34.0,0.479,29.0,0.181,89.0,0.326,65.0,22.0,0.338,3.0,1.0,0.333,0.006,0.03,16.0,0.438,7.0,71.0,31.0,0.437,0.134,30.0,0.297,101.0,0.191,2022
1610612762,Utah Jazz,UTA,6,540,542,49,179,24.0,4.0,0.167,0.051,4.0,1.0,0.25,0.008,0.16,76.0,20.0,0.263,24.0,0.158,75.0,0.32,70.0,19.0,0.271,1.0,0.0,0.0,0.002,0.052,25.0,0.2,5.0,97.0,36.0,0.371,0.2,52.0,0.406,128.0,0.264,2022
1610612761,Toronto Raptors,TOR,6,557,553,59,197,19.0,4.0,0.211,0.037,0.0,0.0,,0.0,0.174,90.0,30.0,0.333,25.0,0.171,88.0,0.284,57.0,12.0,0.211,1.0,0.0,0.0,0.002,0.051,24.0,0.375,9.0,67.0,27.0,0.403,0.143,46.0,0.422,109.0,0.232,2022
1610612741,Chicago Bulls,CHI,5,498,499,52,184,10.0,1.0,0.1,0.022,2.0,0.0,0.0,0.004,0.277,125.0,38.0,0.304,13.0,0.104,47.0,0.277,28.0,4.0,0.143,0.0,0.0,,0.0,0.035,15.0,0.267,4.0,70.0,18.0,0.257,0.162,48.0,0.485,99.0,0.23,2022
1610612744,Golden State Warriors,GSW,22,2123,2123,308,821,140.0,50.0,0.357,0.074,13.0,2.0,0.154,0.007,0.179,338.0,134.0,0.396,122.0,0.174,330.0,0.37,291.0,107.0,0.368,3.0,0.0,0.0,0.002,0.044,82.0,0.415,34.0,358.0,119.0,0.332,0.19,159.0,0.41,388.0,0.206,2022
1610612763,Memphis Grizzlies,MEM,12,1218,1221,157,430,33.0,17.0,0.515,0.03,4.0,1.0,0.25,0.004,0.197,216.0,75.0,0.347,64.0,0.162,178.0,0.36,126.0,51.0,0.405,1.0,0.0,0.0,0.001,0.088,91.0,0.308,28.0,177.0,55.0,0.311,0.171,81.0,0.445,182.0,0.175,2022
1610612740,New Orleans Pelicans,NOP,6,557,559,56,158,32.0,11.0,0.344,0.063,1.0,0.0,0.0,0.002,0.132,67.0,22.0,0.328,23.0,0.115,58.0,0.397,39.0,14.0,0.359,0.0,0.0,,0.0,0.034,17.0,0.176,3.0,70.0,20.0,0.286,0.141,29.0,0.382,76.0,0.153,2022
1610612738,Boston Celtics,BOS,24,2277,2276,328,879,150.0,46.0,0.307,0.076,6.0,1.0,0.167,0.003,0.186,364.0,150.0,0.412,131.0,0.183,359.0,0.365,253.0,85.0,0.336,14.0,1.0,0.071,0.007,0.073,152.0,0.329,50.0,318.0,95.0,0.299,0.154,122.0,0.378,323.0,0.156,2022
1610612749,Milwaukee Bucks,MIL,12,1175,1174,127,388,38.0,9.0,0.237,0.036,1.0,0.0,0.0,0.001,0.182,192.0,81.0,0.422,37.0,0.149,157.0,0.236,120.0,25.0,0.208,3.0,1.0,0.333,0.003,0.052,54.0,0.222,12.0,154.0,58.0,0.377,0.148,91.0,0.343,265.0,0.254,2022
1610612755,Philadelphia 76ers,PHI,12,1105,1109,149,400,71.0,27.0,0.38,0.076,1.0,0.0,0.0,0.001,0.19,178.0,65.0,0.365,57.0,0.16,150.0,0.38,133.0,49.0,0.368,2.0,0.0,0.0,0.002,0.052,53.0,0.245,13.0,164.0,46.0,0.28,0.161,57.0,0.337,169.0,0.166,2022
1610612742,Dallas Mavericks,DAL,18,1657,1654,284,747,66.0,19.0,0.288,0.045,1.0,0.0,0.0,0.001,0.264,384.0,158.0,0.411,107.0,0.203,296.0,0.361,247.0,86.0,0.348,4.0,1.0,0.25,0.003,0.05,74.0,0.351,26.0,222.0,79.0,0.356,0.151,78.0,0.351,222.0,0.151,2022
1610612751,Brooklyn Nets,BKN,4,374,375,46,109,25.0,6.0,0.24,0.08,2.0,0.0,0.0,0.006,0.131,41.0,22.0,0.537,18.0,0.131,41.0,0.439,44.0,15.0,0.341,1.0,0.0,0.0,0.003,0.065,22.0,0.227,5.0,49.0,17.0,0.347,0.145,27.0,0.409,66.0,0.196,2022
1610612737,Atlanta Hawks,ATL,5,468,468,57,175,18.0,5.0,0.278,0.046,0.0,0.0,,0.0,0.179,70.0,28.0,0.4,24.0,0.223,87.0,0.276,58.0,14.0,0.241,3.0,0.0,0.0,0.007,0.103,44.0,0.364,16.0,74.0,28.0,0.378,0.173,22.0,0.31,71.0,0.166,2022
1610612756,Phoenix Suns,PHX,13,1202,1200,128,353,44.0,15.0,0.341,0.041,0.0,0.0,,0.0,0.15,161.0,63.0,0.391,50.0,0.138,148.0,0.338,114.0,43.0,0.377,1.0,0.0,0.0,0.001,0.054,58.0,0.345,20.0,168.0,64.0,0.381,0.156,81.0,0.397,204.0,0.19,2022
1610612758,Sacramento Kings,SAC,7,717,722,85,278,21.0,6.0,0.286,0.031,0.0,0.0,,0.0,0.202,135.0,47.0,0.348,32.0,0.182,122.0,0.262,90.0,28.0,0.311,7.0,0.0,0.0,0.011,0.102,66.0,0.364,24.0,123.0,38.0,0.309,0.191,33.0,0.351,94.0,0.146,2023
1610612755,Philadelphia 76ers,PHI,11,1007,1010,134,373,54.0,14.0,0.259,0.058,0.0,0.0,,0.0,0.202,187.0,80.0,0.428,40.0,0.143,132.0,0.303,144.0,43.0,0.299,1.0,0.0,0.0,0.001,0.069,62.0,0.371,23.0,174.0,63.0,0.362,0.194,64.0,0.37,173.0,0.193,2023
1610612739,Cleveland Cavaliers,CLE,5,460,455,50,153,28.0,9.0,0.321,0.071,0.0,0.0,,0.0,0.189,74.0,28.0,0.378,13.0,0.13,51.0,0.255,52.0,13.0,0.25,0.0,0.0,,0.0,0.038,16.0,0.313,5.0,64.0,15.0,0.234,0.153,22.0,0.319,69.0,0.165,2023
1610612746,LA Clippers,LAC,5,490,491,61,169,25.0,8.0,0.32,0.056,1.0,0.0,0.0,0.002,0.214,95.0,39.0,0.411,14.0,0.108,48.0,0.292,46.0,16.0,0.348,2.0,0.0,0.0,0.005,0.055,24.0,0.417,10.0,38.0,18.0,0.474,0.088,20.0,0.37,54.0,0.125,2023
1610612744,Golden State Warriors,GSW,13,1313,1309,188,553,124.0,41.0,0.331,0.102,12.0,2.0,0.167,0.01,0.163,198.0,71.0,0.359,74.0,0.18,219.0,0.338,196.0,63.0,0.321,0.0,0.0,,0.0,0.028,33.0,0.242,8.0,194.0,58.0,0.299,0.164,79.0,0.361,219.0,0.185,2023
1610612763,Memphis Grizzlies,MEM,6,604,607,72,231,14.0,4.0,0.286,0.024,1.0,1.0,1.0,0.002,0.24,137.0,43.0,0.314,24.0,0.138,79.0,0.304,61.0,18.0,0.295,1.0,0.0,0.0,0.002,0.031,17.0,0.176,3.0,96.0,26.0,0.271,0.176,36.0,0.375,96.0,0.176,2023
1610612749,Milwaukee Bucks,MIL,5,516,515,78,206,26.0,11.0,0.423,0.056,3.0,1.0,0.333,0.006,0.177,82.0,31.0,0.378,35.0,0.205,95.0,0.368,67.0,26.0,0.388,4.0,1.0,0.25,0.009,0.073,33.0,0.545,18.0,82.0,36.0,0.439,0.183,22.0,0.423,52.0,0.116,2023
1610612751,Brooklyn Nets,BKN,4,355,356,45,138,21.0,6.0,0.286,0.068,0.0,0.0,,0.0,0.191,59.0,22.0,0.373,17.0,0.188,58.0,0.293,33.0,12.0,0.364,0.0,0.0,,0.0,0.047,16.0,0.25,4.0,48.0,14.0,0.292,0.14,36.0,0.522,69.0,0.202,2023
1610612743,Denver Nuggets,DEN,20,1900,1895,225,600,111.0,36.0,0.324,0.065,2.0,0.0,0.0,0.001,0.138,238.0,93.0,0.391,96.0,0.145,249.0,0.386,164.0,56.0,0.341,1.0,0.0,0.0,0.001,0.061,105.0,0.257,27.0,262.0,92.0,0.351,0.153,87.0,0.372,234.0,0.137,2023
1610612748,Miami Heat,MIA,23,2173,2167,294,774,170.0,45.0,0.265,0.085,8.0,2.0,0.25,0.004,0.127,254.0,112.0,0.441,135.0,0.171,342.0,0.395,265.0,88.0,0.332,6.0,1.0,0.167,0.003,0.07,135.0,0.237,32.0,365.0,117.0,0.321,0.19,115.0,0.375,307.0,0.16,2023
1610612737,Atlanta Hawks,ATL,6,601,606,84,224,21.0,10.0,0.476,0.036,2.0,0.0,0.0,0.003,0.204,118.0,43.0,0.364,31.0,0.144,83.0,0.373,88.0,30.0,0.341,1.0,0.0,0.0,0.002,0.067,36.0,0.278,10.0,89.0,36.0,0.404,0.165,49.0,0.454,108.0,0.2,2023
1610612747,Los Angeles Lakers,LAL,16,1579,1577,162,484,39.0,7.0,0.179,0.028,1.0,0.0,0.0,0.001,0.17,237.0,88.0,0.371,67.0,0.148,207.0,0.324,118.0,32.0,0.271,6.0,3.0,0.5,0.004,0.066,99.0,0.303,30.0,233.0,85.0,0.365,0.156,105.0,0.35,300.0,0.2,2023
1610612738,Boston Celtics,BOS,20,1907,1901,281,773,130.0,37.0,0.285,0.076,4.0,0.0,0.0,0.002,0.186,318.0,128.0,0.403,116.0,0.188,321.0,0.361,243.0,82.0,0.337,4.0,0.0,0.0,0.002,0.057,100.0,0.3,30.0,262.0,97.0,0.37,0.149,126.0,0.416,303.0,0.173,2023
1610612756,Phoenix Suns,PHX,11,1070,1069,103,284,60.0,21.0,0.35,0.063,3.0,0.0,0.0,0.003,0.119,114.0,42.0,0.368,40.0,0.112,107.0,0.374,99.0,38.0,0.384,1.0,0.0,0.0,0.001,0.055,54.0,0.333,18.0,117.0,42.0,0.359,0.12,62.0,0.383,162.0,0.166,2023
1610612752,New York Knicks,NYK,11,1004,1013,105,360,46.0,12.0,0.261,0.051,0.0,0.0,,0.0,0.173,155.0,50.0,0.323,43.0,0.177,159.0,0.27,109.0,27.0,0.248,2.0,1.0,0.5,0.002,0.094,85.0,0.224,19.0,136.0,40.0,0.294,0.15,60.0,0.377,159.0,0.175,2023
1610612750,Minnesota Timberwolves,MIN,5,480,483,56,161,20.0,7.0,0.35,0.048,0.0,0.0,,0.0,0.162,67.0,26.0,0.388,23.0,0.179,74.0,0.311,58.0,22.0,0.379,1.0,0.0,0.0,0.002,0.066,29.0,0.448,13.0,63.0,23.0,0.365,0.144,27.0,0.391,69.0,0.157,2023
1610612754,Indiana Pacers,IND,17,1590,1597,208,559,28.0,11.0,0.393,0.019,0.0,0.0,,0.0,0.255,382.0,150.0,0.393,46.0,0.098,147.0,0.313,146.0,50.0,0.342,3.0,2.0,0.667,0.002,0.06,89.0,0.281,25.0,241.0,87.0,0.361,0.163,97.0,0.39,249.0,0.168,2024
1610612739,Cleveland Cavaliers,CLE,12,1114,1111,124,394,76.0,23.0,0.303,0.076,5.0,2.0,0.4,0.005,0.152,152.0,54.0,0.355,45.0,0.161,161.0,0.28,182.0,58.0,0.319,2.0,1.0,0.5,0.002,0.051,51.0,0.235,12.0,175.0,66.0,0.377,0.175,63.0,0.323,195.0,0.195,2024
1610612752,New York Knicks,NYK,13,1191,1192,155,413,61.0,16.0,0.262,0.053,2.0,1.0,0.5,0.002,0.159,182.0,72.0,0.396,66.0,0.147,168.0,0.393,143.0,48.0,0.336,1.0,0.0,0.0,0.001,0.025,27.0,0.296,8.0,145.0,51.0,0.352,0.132,106.0,0.444,239.0,0.218,2024
1610612743,Denver Nuggets,DEN,12,1110,1113,126,379,55.0,15.0,0.273,0.054,2.0,1.0,0.5,0.002,0.193,197.0,68.0,0.345,42.0,0.122,125.0,0.336,84.0,26.0,0.31,3.0,0.0,0.0,0.003,0.057,56.0,0.304,17.0,134.0,51.0,0.381,0.136,54.0,0.309,175.0,0.178,2024
1610612746,LA Clippers,LAC,6,549,545,71,190,54.0,18.0,0.333,0.11,4.0,1.0,0.25,0.008,0.156,77.0,32.0,0.416,20.0,0.112,55.0,0.364,83.0,32.0,0.386,2.0,1.0,0.5,0.004,0.045,22.0,0.364,8.0,94.0,27.0,0.287,0.191,34.0,0.374,91.0,0.185,2024
1610612749,Milwaukee Bucks,MIL,6,564,560,67,189,34.0,11.0,0.324,0.066,2.0,1.0,0.5,0.004,0.133,69.0,24.0,0.348,31.0,0.162,84.0,0.369,78.0,24.0,0.308,0.0,0.0,,0.0,0.022,12.0,0.333,4.0,59.0,21.0,0.356,0.109,59.0,0.341,173.0,0.32,2024
1610612742,Dallas Mavericks,DAL,22,2027,2038,262,728,93.0,37.0,0.398,0.051,2.0,1.0,0.5,0.001,0.183,334.0,124.0,0.371,100.0,0.164,299.0,0.334,277.0,90.0,0.325,6.0,1.0,0.167,0.003,0.057,107.0,0.271,29.0,301.0,94.0,0.312,0.162,145.0,0.412,352.0,0.189,2024
1610612750,Minnesota Timberwolves,MIN,16,1481,1472,187,521,64.0,17.0,0.266,0.048,2.0,0.0,0.0,0.002,0.184,244.0,89.0,0.365,81.0,0.159,211.0,0.384,164.0,60.0,0.366,0.0,0.0,,0.0,0.042,53.0,0.283,15.0,168.0,68.0,0.405,0.132,89.0,0.359,248.0,0.195,2024
1610612755,Philadelphia 76ers,PHI,6,551,548,81,214,20.0,6.0,0.3,0.04,1.0,0.0,0.0,0.002,0.204,102.0,43.0,0.422,32.0,0.182,91.0,0.352,64.0,20.0,0.313,1.0,0.0,0.0,0.002,0.047,25.0,0.24,6.0,85.0,32.0,0.376,0.158,33.0,0.407,81.0,0.151,2024
1610612753,Orlando Magic,ORL,7,663,664,72,233,19.0,3.0,0.158,0.032,1.0,1.0,1.0,0.002,0.201,118.0,36.0,0.305,32.0,0.162,95.0,0.337,52.0,15.0,0.288,1.0,1.0,1.0,0.002,0.09,51.0,0.294,15.0,81.0,20.0,0.247,0.143,24.0,0.316,76.0,0.134,2024
1610612747,Los Angeles Lakers,LAL,5,476,476,44,147,19.0,6.0,0.316,0.045,2.0,0.0,0.0,0.005,0.173,73.0,20.0,0.274,18.0,0.125,53.0,0.34,50.0,16.0,0.32,2.0,1.0,0.5,0.004,0.064,29.0,0.414,12.0,57.0,15.0,0.263,0.125,25.0,0.298,84.0,0.184,2024
1610612738,Boston Celtics,BOS,19,1753,1750,275,764,116.0,27.0,0.233,0.073,1.0,0.0,0.0,0.001,0.191,304.0,126.0,0.414,122.0,0.215,343.0,0.356,273.0,88.0,0.322,10.0,4.0,0.4,0.006,0.048,78.0,0.321,25.0,248.0,71.0,0.286,0.153,107.0,0.374,286.0,0.177,2024
1610612760,Oklahoma City Thunder,OKC,10,943,940,121,340,10.0,1.0,0.1,0.012,1.0,0.0,0.0,0.001,0.227,195.0,80.0,0.41,40.0,0.156,134.0,0.299,73.0,29.0,0.397,1.0,1.0,1.0,0.001,0.061,52.0,0.308,16.0,103.0,33.0,0.32,0.121,68.0,0.37,184.0,0.217,2024
1610612740,New Orleans Pelicans,NOP,4,380,381,35,131,11.0,2.0,0.182,0.033,1.0,1.0,1.0,0.003,0.237,80.0,21.0,0.263,11.0,0.115,39.0,0.282,34.0,6.0,0.176,0.0,0.0,,0.0,0.003,1.0,0.0,0.0,49.0,17.0,0.347,0.149,36.0,0.414,87.0,0.265,2024
1610612756,Phoenix Suns,PHX,4,374,379,38,104,14.0,4.0,0.286,0.046,0.0,0.0,,0.0,0.188,57.0,22.0,0.386,12.0,0.109,33.0,0.364,35.0,12.0,0.343,0.0,0.0,,0.0,0.047,16.0,0.188,3.0,56.0,22.0,0.393,0.164,24.0,0.387,62.0,0.181,2024
1610612748,Miami Heat,MIA,5,453,453,56,170,27.0,5.0,0.185,0.067,6.0,3.0,0.5,0.015,0.19,77.0,30.0,0.39,18.0,0.148,60.0,0.3,48.0,15.0,0.313,0.0,0.0,,0.0,0.079,32.0,0.219,7.0,102.0,41.0,0.402,0.251,27.0,0.443,61.0,0.15,2024
1610612744,Golden State Warriors,GSW,5,460,456,75,210,25.0,7.0,0.28,0.057,1.0,1.0,1.0,0.002,0.23,100.0,41.0,0.41,26.0,0.193,84.0,0.31,53.0,25.0,0.472,0.0,0.0,,0.0,0.039,16.0,0.313,5.0,66.0,22.0,0.333,0.159,29.0,0.426,68.0,0.164,2025
1610612753,Orlando Magic,ORL,5,448,445,41,156,10.0,1.0,0.1,0.024,1.0,0.0,0.0,0.002,0.213,90.0,26.0,0.289,14.0,0.13,55.0,0.255,52.0,11.0,0.212,2.0,0.0,0.0,0.005,0.054,21.0,0.381,8.0,80.0,29.0,0.363,0.205,22.0,0.415,53.0,0.136,2025
1610612745,Houston Rockets,HOU,5,456,460,56,150,16.0,5.0,0.313,0.039,0.0,0.0,,0.0,0.164,68.0,29.0,0.426,22.0,0.159,66.0,0.333,49.0,19.0,0.388,1.0,1.0,1.0,0.002,0.057,25.0,0.28,7.0,84.0,26.0,0.31,0.193,41.0,0.41,100.0,0.23,2025
1610612739,Cleveland Cavaliers,CLE,4,369,368,77,175,24.0,9.0,0.375,0.07,1.0,1.0,1.0,0.003,0.211,72.0,30.0,0.417,37.0,0.228,78.0,0.474,66.0,32.0,0.485,0.0,0.0,,0.0,0.049,16.0,0.313,5.0,62.0,13.0,0.21,0.19,37.0,0.457,81.0,0.248,2025
1610612738,Boston Celtics,BOS,5,445,448,59,156,21.0,8.0,0.381,0.054,2.0,0.0,0.0,0.005,0.136,53.0,22.0,0.415,29.0,0.205,80.0,0.363,59.0,23.0,0.39,1.0,0.0,0.0,0.002,0.024,10.0,0.1,1.0,55.0,14.0,0.255,0.13,26.0,0.289,90.0,0.213,2025
1610612748,Miami Heat,MIA,4,368,369,55,159,16.0,5.0,0.313,0.049,0.0,0.0,,0.0,0.248,81.0,37.0,0.457,13.0,0.19,62.0,0.21,44.0,13.0,0.295,1.0,1.0,1.0,0.003,0.07,24.0,0.375,9.0,78.0,37.0,0.474,0.228,30.0,0.417,72.0,0.211,2025
1610612754,Indiana Pacers,IND,5,494,490,72,183,11.0,2.0,0.182,0.025,0.0,0.0,,0.0,0.27,118.0,49.0,0.415,21.0,0.124,54.0,0.389,60.0,18.0,0.3,4.0,2.0,0.5,0.009,0.062,27.0,0.519,14.0,73.0,21.0,0.288,0.166,35.0,0.407,86.0,0.196,2025
1610612749,Milwaukee Bucks,MIL,5,490,494,72,190,27.0,14.0,0.519,0.062,4.0,2.0,0.5,0.009,0.196,86.0,35.0,0.407,21.0,0.166,73.0,0.288,50.0,15.0,0.3,0.0,0.0,,0.0,0.025,11.0,0.182,2.0,54.0,21.0,0.389,0.124,49.0,0.415,118.0,0.27,2025
1610612763,Memphis Grizzlies,MEM,4,406,407,42,138,16.0,1.0,0.063,0.046,0.0,0.0,,0.0,0.182,63.0,19.0,0.302,22.0,0.17,59.0,0.373,40.0,9.0,0.225,0.0,0.0,,0.0,0.031,12.0,0.167,2.0,58.0,14.0,0.241,0.151,36.0,0.375,96.0,0.251,2025
1610612747,Los Angeles Lakers,LAL,5,456,452,68,194,16.0,4.0,0.25,0.041,0.0,0.0,,0.0,0.228,90.0,36.0,0.4,28.0,0.223,88.0,0.318,70.0,20.0,0.286,1.0,0.0,0.0,0.002,0.039,17.0,0.176,3.0,75.0,18.0,0.24,0.172,39.0,0.419,93.0,0.214,2025
1610612750,Minnesota Timberwolves,MIN,5,452,456,60,186,17.0,3.0,0.176,0.039,1.0,0.0,0.0,0.002,0.214,93.0,39.0,0.419,18.0,0.172,75.0,0.24,68.0,14.0,0.206,0.0,0.0,,0.0,0.041,16.0,0.25,4.0,88.0,28.0,0.318,0.223,36.0,0.4,90.0,0.228,2025
1610612760,Oklahoma City Thunder,OKC,4,407,406,52,166,12.0,2.0,0.167,0.031,0.0,0.0,,0.0,0.251,96.0,36.0,0.375,14.0,0.151,58.0,0.241,49.0,16.0,0.327,0.0,0.0,,0.0,0.046,16.0,0.063,1.0,59.0,22.0,0.373,0.17,19.0,0.302,63.0,0.182,2025
1610612752,New York Knicks,NYK,5,477,476,56,151,30.0,9.0,0.3,0.068,0.0,0.0,,0.0,0.113,50.0,19.0,0.38,28.0,0.161,71.0,0.394,45.0,15.0,0.333,1.0,0.0,0.0,0.002,0.072,30.0,0.133,4.0,67.0,25.0,0.373,0.161,23.0,0.411,56.0,0.135,2025
1610612765,Detroit Pistons,DET,5,476,477,52,154,30.0,4.0,0.133,0.072,1.0,0.0,0.0,0.002,0.135,56.0,23.0,0.411,25.0,0.161,67.0,0.373,43.0,14.0,0.326,0.0,0.0,,0.0,0.068,30.0,0.3,9.0,71.0,28.0,0.394,0.161,19.0,0.38,50.0,0.113,2025
1610612746,LA Clippers,LAC,5,464,463,64,165,34.0,11.0,0.324,0.08,0.0,0.0,,0.0,0.191,81.0,34.0,0.42,19.0,0.118,50.0,0.38,59.0,22.0,0.373,2.0,0.0,0.0,0.005,0.045,19.0,0.421,8.0,55.0,21.0,0.382,0.13,28.0,0.394,71.0,0.168,2025
1610612743,Denver Nuggets,DEN,5,463,464,57,147,19.0,8.0,0.421,0.045,2.0,0.0,0.0,0.005,0.168,71.0,28.0,0.394,21.0,0.13,55.0,0.382,43.0,16.0,0.372,0.0,0.0,,0.0,0.08,34.0,0.324,11.0,50.0,19.0,0.38,0.118,34.0,0.42,81.0,0.191,2025
