EntityId,TeamId,Name,ShortName,RowId,TeamAbbreviation,SecondsPlayed,GamesPlayed,Minutes,PlusMinus,OffPoss,DefPoss,PenaltyOffPoss,SecondChanceOffPoss,TotalPoss,AtRimFGM,AtRimFGA,SecondChanceAtRimFGA,PenaltyAtRimFGM,PenaltyAtRimFGA,ShortMidRangeFGM,ShortMidRangeFGA,LongMidRangeFGA,Arc3FGA,PenaltyArc3FGA,FG2M,FG2A,FG3A,FtPoints,Points,OpponentPoints,SecondChanceFG2A,PenaltyFG2M,PenaltyFG2A,PenaltyFG3A,PenaltyFtPoints,PenaltyPoints,PtsAssisted2s,PtsUnassisted2s,HeaveAttempts,NonHeaveArc3FGA,TwoPtAssists,Assists,ShortMidRangeAssists,AssistPoints,OffTwoPtRebounds,OffRebounds,Rebounds,Steals,LostBallSteals,ShootingFouls,Fouls,FoulsDrawn,FTA,2pt And 1 Free Throw Trips,TwoPtShootingFoulsDrawn,FirstChancePoints,PenaltyPointsExcludingTakeFouls,PenaltyOffPossExcludingTakeFouls,Assisted2sPct,NonPutbacksAssisted2sPct,Fg2Pct,PenaltyFg2Pct,EfgPct,PenaltyEfgPct,TsPct,PenaltyTsPct,FG3APct,OffTwoPtReboundPct,OffFGReboundPct,OffLongMidRangeReboundPct,Pace,SecondsPerPossOff,SecondsPerPossDef,SecondsExcludingORebsPerPossOff,SecondsExcludingORebsPerPossDef,AtRimFrequency,AtRimAccuracy,UnblockedAtRimAccuracy,ShortMidRangeFrequency,ShortMidRangeAccuracy,UnblockedShortMidRangeAccuracy,ShortMidRangePctAssisted,LongMidRangeFrequency,Arc3Frequency,SecondChanceAtRimFrequency,PenaltyAtRimFrequency,PenaltyAtRimAccuracy,PenaltyArc3Frequency,AtRimFG3AFrequency,ShotQualityAvg,SecondChanceShotQualityAvg,PenaltyShotQualityAvg,ShootingFoulsDrawnPct,TwoPtShootingFoulsDrawnPct,PenaltyPointsPct,Avg2ptShotDistance,Avg3ptShotDistance,PenaltyOffPossPct,LongMidRangeFGM,Corner3FGA,Arc3FGM,FG3M,SecondChanceFtPoints,SecondChancePoints,PtsAssisted3s,NonHeaveArc3FGM,ThreePtAssists,Arc3Assists,AtRimAssists,LongMidRangeAssists,OffThreePtRebounds,DefThreePtRebounds,DefTwoPtRebounds,DefRebounds,LiveBallTurnovers,BadPassTurnovers,DeadBallTurnovers,LostBallOutOfBoundsTurnovers,LostBallTurnovers,Turnovers,PenaltyTurnovers,Loose Ball Fouls,Offensive Fouls Drawn,NonShootingFoulsDrawn,Blocked3s,BlockedArc3,Blocks,NonShootingPenaltyNonTakeFoulsDrawn,Assisted3sPct,Fg3Pct,NonHeaveFg3Pct,SecondChanceTsPct,LiveBallTurnoverPct,DefTwoPtReboundPct,DefThreePtReboundPct,OffThreePtReboundPct,DefFGReboundPct,OffArc3ReboundPct,OffCorner3ReboundPct,DefAtRimReboundPct,DefShortMidRangeReboundPct,DefLongMidRangeReboundPct,DefArc3ReboundPct,AtRimPctAssisted,LongMidRangeAccuracy,UnblockedLongMidRangeAccuracy,LongMidRangePctAssisted,Corner3Frequency,Arc3Accuracy,UnblockedArc3Accuracy,Arc3PctAssisted,NonHeaveArc3Accuracy,SecondChancePointsPct,PenaltyDefPoss,SecondChanceAtRimFGM,Corner3FGM,SecondChanceCorner3FGM,SecondChanceCorner3FGA,PenaltyCorner3FGM,PenaltyCorner3FGA,SecondChanceArc3FGM,SecondChanceArc3FGA,PenaltyArc3FGM,SecondChanceFG2M,SecondChanceFG3M,SecondChanceFG3A,PenaltyFG3M,PtsUnassisted3s,PtsPutbacks,Fg2aBlocked,Corner3Assists,FTDefRebounds,SelfOReb,BadPassSteals,BadPassOutOfBoundsTurnovers,Travels,SecondChanceTurnovers,Offensive Fouls,Loose Ball Fouls Drawn,Technical Free Throw Trips,Blocked2s,BlockedAtRim,BlockedLongMidRange,BlockedShortMidRange,RecoveredBlocks,DefensiveGoaltends,Defensive 3 Seconds Violations,NonShootingPenaltyNonTakeFouls,SecondChanceFg3Pct,PenaltyFg3Pct,SecondChanceFg2Pct,SecondChanceEfgPct,FG2APctBlocked,AtRimPctBlocked,ShortMidRangePctBlocked,DefFTReboundPct,OffAtRimReboundPct,OffShortMidRangeReboundPct,DefCorner3ReboundPct,SelfORebPct,BlocksRecoveredPct,Corner3Accuracy,UnblockedCorner3Accuracy,Corner3PctAssisted,SecondChanceAtRimAccuracy,SecondChanceAtRimPctAssisted,SecondChanceCorner3Frequency,SecondChanceCorner3Accuracy,SecondChanceCorner3PctAssisted,SecondChanceArc3Frequency,SecondChanceArc3Accuracy,SecondChanceArc3PctAssisted,PenaltyCorner3Frequency,PenaltyCorner3Accuracy,PenaltyArc3Accuracy,StepOutOfBoundsTurnovers,Fg3aBlocked,FG3APctBlocked,Arc3PctBlocked,LongMidRangePctBlocked,ThreePtShootingFoulsDrawn,ThreePtShootingFoulsDrawnPct,OffensiveGoaltends,3SecondViolations,team_id,year,season,team_vs
1501-1890-1952-2067-2571,1610612756,"Tim Thomas, Shawn Marion, Raja Bell, Eddie House, Leandro Barbosa","Thomas, Marion, Bell, House, Barbosa",1501-1890-1952-2067-2571,PHX,162.0,1,3.0,-2.0,6.0,6,6.0,1.0,12,2.0,3.0,1.0,2.0,3.0,2.0,2.0,1.0,2.0,2.0,4.0,6.0,2.0,1.0,9.0,11.0,1.0,4.0,6.0,2.0,1.0,9.0,2.0,6.0,1.0,1.0,1.0,1.0,1.0,2.0,1.0,1.0,1.0,1.0,1.0,1.0,1.0,2.0,2.0,2.0,2.0,9.0,9.0,6.0,0.25,0.25,0.6666666666666666,0.6666666666666666,0.5,0.5,0.5625,0.5625,0.25,0.5,0.3333333333333333,1.0,106.66666666666666,14.166666666666666,12.833333333333334,14.0,12.833333333333334,0.375,0.6666666666666666,0.6666666666666666,0.25,1.0,1.0,0.5,0.125,0.25,1.0,0.375,0.6666666666666666,0.25,0.625,0.49770714285714285,0.6257,0.49770714285714285,0.25,0.3333333333333333,1.0,6.516666666666667,32.75,1.0,,,,,,,,,,,,,,,,,,,,,,,,,,,,,,,,,,,,,,,,,,,,,,,,,,,,,,,,,,,,,,,,,,,,,,,,,,,,,,,,,,,,,,,,,,,,,,,,,,,,,,,,,,,,,,,,,,,,,,,,,,,,,,,1610612756,2006,2005-06,False
1501-1890-1952-2564-2571,1610612756,"Tim Thomas, Shawn Marion, Raja Bell, Boris Diaw, Leandro Barbosa","Thomas, Marion, Bell, Diaw, Barbosa",1501-1890-1952-2564-2571,PHX,826.0,4,14.0,-3.0,25.0,25,10.0,1.0,50,2.0,2.0,,1.0,1.0,3.0,5.0,5.0,8.0,1.0,7.0,12.0,9.0,7.0,30.0,33.0,1.0,4.0,6.0,1.0,3.0,11.0,4.0,10.0,,8.0,2.0,5.0,,13.0,,2.0,9.0,,,1.0,3.0,8.0,8.0,2.0,4.0,29.0,11.0,10.0,0.2857142857142857,0.2857142857142857,0.5833333333333334,0.6666666666666666,0.5476190476190477,0.5714285714285714,0.625,0.6875,0.42857142857142855,,0.2,,87.16707021791767,15.24,17.8,14.36,17.48,0.09523809523809523,1.0,1.0,0.23809523809523808,0.6,0.6,,0.23809523809523808,0.38095238095238093,,0.14285714285714285,1.0,0.14285714285714285,0.5238095238095238,0.44885,0.3191,0.4052071428571429,0.17391304347826086,0.2857142857142857,0.36666666666666664,11.049999999999999,25.233333333333334,0.4,2.0,1.0,3.0,3.0,1.0,1.0,9.0,3.0,3.0,3.0,1.0,1.0,2.0,2.0,5.0,7.0,2.0,1.0,2.0,2.0,1.0,4.0,2.0,1.0,1.0,1.0,1.0,1.0,1.0,1.0,1.0,0.3333333333333333,0.3333333333333333,0.25,0.5,0.625,0.6666666666666666,0.3333333333333333,0.6363636363636364,0.2,1.0,1.0,1.0,0.4,1.0,0.5,0.4,0.4,0.5,0.047619047619047616,0.375,0.375,1.0,0.375,0.03333333333333333,,,,,,,,,,,,,,,,,,,,,,,,,,,,,,,,,,,,,,,,,,,,,,,,,,,,,,,,,,,,,,,,,,,,,,,,1610612756,2006,2005-06,False
1501-1890-1952-2564-959,1610612756,"Tim Thomas, Shawn Marion, Raja Bell, Boris Diaw, Steve Nash","Thomas, Marion, Bell, Diaw, Nash",1501-1890-1952-2564-959,PHX,12129.0,15,202.0,43.0,400.0,394,62.0,34.0,794,69.0,106.0,13.0,5.0,15.0,28.0,59.0,75.0,77.0,19.0,135.0,240.0,114.0,71.0,476.0,433.0,23.0,9.0,28.0,26.0,23.0,68.0,150.0,120.0,,77.0,75.0,116.0,16.0,273.0,24.0,36.0,182.0,23.0,6.0,42.0,92.0,81.0,84.0,9.0,34.0,436.0,68.0,62.0,0.5555555555555556,0.5769230769230769,0.5625,0.32142857142857145,0.5720338983050848,0.4166666666666667,0.6076923076923076,0.5075757575757576,0.3220338983050847,0.22857142857142856,0.20689655172413793,0.13513513513513514,94.26663368785555,13.48,17.098984771573605,12.9375,16.31979695431472,0.2994350282485876,0.6509433962264151,0.7419354838709677,0.16666666666666666,0.4745762711864407,0.5490196078431373,0.5714285714285714,0.211864406779661,0.2175141242937853,0.40625,0.2777777777777778,0.3333333333333333,0.35185185185185186,0.6214689265536724,0.5076968926553672,0.4987173913043478,0.5180564814814814,0.08970976253298153,0.12830188679245283,0.14285714285714285,7.418333333333334,24.692105263157895,0.155,38.0,37.0,26.0,45.0,2.0,40.0,123.0,26.0,41.0,22.0,40.0,19.0,12.0,32.0,109.0,146.0,29.0,17.0,16.0,,12.0,45.0,4.0,4.0,9.0,11.0,,,18.0,9.0,0.9111111111111111,0.39473684210526316,0.39473684210526316,0.6060606060606061,0.6444444444444445,0.7171052631578947,0.7441860465116279,0.17391304347826086,0.7230769230769231,0.19607843137254902,0.1111111111111111,0.71875,0.6461538461538462,0.8,0.7,0.5797101449275363,0.5066666666666667,0.5066666666666667,0.5,0.10451977401129943,0.33766233766233766,0.33766233766233766,0.8461538461538461,0.33766233766233766,0.08403361344537816,57.0,8.0,19.0,2.0,3.0,2.0,7.0,2.0,6.0,7.0,13.0,4.0,9.0,9.0,12.0,10.0,21.0,19.0,5.0,4.0,17.0,3.0,6.0,3.0,7.0,4.0,3.0,18.0,5.0,1.0,12.0,10.0,1.0,2.0,6.0,0.4444444444444444,0.34615384615384615,0.5652173913043478,0.59375,0.0875,0.12264150943396226,0.13559322033898305,0.8333333333333334,0.2972972972972973,0.25806451612903225,0.8461538461538461,0.026143790849673203,0.5555555555555556,0.5135135135135135,0.5135135135135135,1.0,0.6153846153846154,0.625,0.09375,0.6666666666666666,1.0,0.1875,0.3333333333333333,1.0,0.12962962962962962,0.2857142857142857,0.3684210526315789,,,,,,,,,,1610612756,2006,2005-06,False
1501-1890-1952-2571-2592,1610612756,"Tim Thomas, Shawn Marion, Raja Bell, Leandro Barbosa, James Jones","Thomas, Marion, Bell, Barbosa, Jones",1501-1890-1952-2571-2592,PHX,169.0,1,3.0,-2.0,7.0,6,7.0,3.0,13,2.0,4.0,3.0,2.0,4.0,1.0,3.0,,1.0,1.0,3.0,7.0,1.0,,6.0,8.0,3.0,3.0,7.0,1.0,,6.0,2.0,4.0,,1.0,1.0,1.0,1.0,2.0,2.0,2.0,4.0,,,1.0,2.0,,,,,4.0,6.0,7.0,0.3333333333333333,0.5,0.42857142857142855,0.42857142857142855,0.375,0.375,0.375,0.375,0.125,0.5,0.4,,110.76923076923076,10.571428571428571,15.833333333333334,8.571428571428571,15.833333333333334,0.5,0.5,0.6666666666666666,0.375,0.3333333333333333,0.3333333333333333,1.0,,0.125,1.0,0.5,0.5,0.125,0.625,0.46334375,0.5271,0.46334375,,,1.0,4.585714285714286,27.0,1.0,,,,,,2.0,,,,,,,,2.0,,2.0,,,1.0,,,1.0,1.0,,,,,,,,,,,0.3333333333333333,,,1.0,,1.0,,,,,,1.0,,,,,,,,,,0.3333333333333333,1.0,1.0,,,,,,,,,1.0,,,,,2.0,1.0,,,,,,,,,,,,,,,,,,,,,0.3333333333333333,0.3333333333333333,0.14285714285714285,0.25,,,,1.0,,,,,,,0.3333333333333333,,,,,,,,,,,,,,,,,,,,1610612756,2006,2005-06,False
1501-1890-1952-2571-959,1610612756,"Tim Thomas, Shawn Marion, Raja Bell, Leandro Barbosa, Steve Nash","Thomas, Marion, Bell, Barbosa, Nash",1501-1890-1952-2571-959,PHX,6720.0,17,112.0,14.0,209.0,216,71.0,10.0,425,49.0,67.0,7.0,16.0,21.0,11.0,27.0,26.0,36.0,11.0,70.0,120.0,53.0,48.0,254.0,240.0,8.0,21.0,36.0,19.0,26.0,89.0,72.0,68.0,,36.0,36.0,56.0,4.0,132.0,10.0,13.0,82.0,18.0,7.0,26.0,49.0,56.0,62.0,6.0,27.0,243.0,89.0,71.0,0.5142857142857142,0.5373134328358209,0.5833333333333334,0.5833333333333334,0.5953757225433526,0.5727272727272728,0.63,0.6357142857142857,0.3063583815028902,0.2,0.16049382716049382,0.25,91.07142857142857,14.133971291866029,17.435185185185187,13.909090909090908,16.72222222222222,0.3872832369942196,0.7313432835820896,0.765625,0.15606936416184972,0.4074074074074074,0.44,0.36363636363636365,0.15028901734104047,0.20809248554913296,0.7,0.38181818181818183,0.7619047619047619,0.2,0.6936416184971098,0.5145222543352601,0.56470625,0.5137027272727273,0.13917525773195877,0.19148936170212766,0.35039370078740156,5.866666666666666,24.954716981132073,0.3397129186602871,10.0,17.0,15.0,22.0,1.0,11.0,60.0,15.0,20.0,13.0,27.0,5.0,3.0,13.0,52.0,69.0,13.0,8.0,9.0,2.0,5.0,22.0,7.0,,6.0,6.0,,,9.0,6.0,0.9090909090909091,0.41509433962264153,0.41509433962264153,0.55,0.5909090909090909,0.6341463414634146,0.65,0.0967741935483871,0.6372549019607843,0.09523809523809523,0.1,0.6428571428571429,0.6578947368421053,0.6,0.7142857142857143,0.5510204081632653,0.38461538461538464,0.38461538461538464,0.5,0.09826589595375723,0.4166666666666667,0.4166666666666667,0.8666666666666667,0.4166666666666667,0.04330708661417323,79.0,5.0,7.0,,,4.0,8.0,,2.0,3.0,5.0,,2.0,7.0,6.0,6.0,5.0,7.0,4.0,2.0,11.0,2.0,,1.0,2.0,6.0,2.0,9.0,2.0,1.0,6.0,8.0,,,13.0,,0.3684210526315789,0.625,0.5,0.041666666666666664,0.04477611940298507,0.07407407407407407,1.0,0.2222222222222222,0.125,0.5,0.02631578947368421,0.8888888888888888,0.4117647058823529,0.4117647058823529,1.0,0.7142857142857143,,,,,0.2,,,0.14545454545454545,0.5,0.2727272727272727,1.0,,,,,,,,,1610612756,2006,2005-06,False
1501-1890-1952-2592-959,1610612756,"Tim Thomas, Shawn Marion, Raja Bell, James Jones, Steve Nash","Thomas, Marion, Bell, Jones, Nash",1501-1890-1952-2592-959,PHX,411.0,5,7.0,-14.0,10.0,13,2.0,2.0,23,2.0,4.0,1.0,,2.0,1.0,3.0,,4.0,1.0,3.0,7.0,4.0,1.0,7.0,21.0,1.0,,2.0,1.0,,,4.0,2.0,,4.0,2.0,2.0,1.0,4.0,2.0,3.0,5.0,,,2.0,4.0,4.0,2.0,,1.0,7.0,,2.0,0.6666666666666666,0.6666666666666666,0.42857142857142855,,0.2727272727272727,,0.2916666666666667,,0.36363636363636365,0.5,0.42857142857142855,,80.58394160583941,24.5,12.76923076923077,23.1,12.23076923076923,0.36363636363636365,0.5,0.5,0.2727272727272727,0.3333333333333333,0.3333333333333333,1.0,,0.36363636363636365,1.0,0.6666666666666666,,0.3333333333333333,0.7272727272727273,0.4923318181818182,0.5758,0.5254,0.08333333333333333,0.125,,4.542857142857143,25.175,0.2,,,,,,,,,,,1.0,,1.0,1.0,1.0,2.0,,,2.0,,,2.0,1.0,,,,,,1.0,,,,,,,0.5,1.0,0.3333333333333333,0.6666666666666666,0.3333333333333333,,,1.0,,1.0,0.5,,,,,,,,,,6.0,,,,,,,,,,,,,,,,,,,1.0,,1.0,,1.0,,,,1.0,,1.0,,,,,1.0,,,,,,,,,0.5,0.5,,0.14285714285714285,,,,,,,,,,,,,,,,,,,,,,,,,1610612756,2006,2005-06,False
1501-1890-2067-2564-2571,1610612756,"Tim Thomas, Shawn Marion, Eddie House, Boris Diaw, Leandro Barbosa","Thomas, Marion, House, Diaw, Barbosa",1501-1890-2067-2564-2571,PHX,751.0,4,13.0,5.0,24.0,23,12.0,4.0,47,6.0,7.0,2.0,4.0,4.0,2.0,6.0,7.0,2.0,,10.0,20.0,2.0,11.0,31.0,26.0,4.0,6.0,9.0,,5.0,17.0,10.0,10.0,,2.0,5.0,5.0,1.0,10.0,6.0,6.0,10.0,5.0,1.0,2.0,4.0,12.0,12.0,,4.0,23.0,17.0,12.0,0.5,0.5555555555555556,0.5,0.6666666666666666,0.45454545454545453,0.6666666666666666,0.5535714285714286,0.7083333333333334,0.09090909090909091,0.6,0.5,0.6,90.11984021304926,15.791666666666666,16.17391304347826,14.833333333333334,15.73913043478261,0.3181818181818182,0.8571428571428571,0.8571428571428571,0.2727272727272727,0.3333333333333333,0.3333333333333333,0.5,0.3181818181818182,0.09090909090909091,0.5,0.4444444444444444,1.0,,0.4090909090909091,0.4668977272727273,0.508725,0.4678111111111111,0.15384615384615385,0.16666666666666666,0.5483870967741935,9.275,25.5,0.5,2.0,,,,4.0,8.0,,,,,3.0,1.0,,1.0,2.0,4.0,2.0,,1.0,,2.0,3.0,3.0,,2.0,2.0,,,,2.0,,,,0.6666666666666666,0.6666666666666666,0.6666666666666666,0.3333333333333333,,0.5,,,,1.0,0.5,0.5,0.5,0.2857142857142857,0.2857142857142857,0.5,,,,,,0.25806451612903225,10.0,1.0,,,,,,,,,2.0,,,,,2.0,,,1.0,2.0,4.0,,1.0,,,1.0,,,,,,,,,1.0,,,0.5,0.5,,,,1.0,1.0,0.5,,0.16666666666666666,,,,,0.5,,,,,,,,,,,,,,,,,,,,1610612756,2006,2005-06,False
1501-1890-2067-2571-2592,1610612756,"Tim Thomas, Shawn Marion, Eddie House, Leandro Barbosa, James Jones","Thomas, Marion, House, Barbosa, Jones",1501-1890-2067-2571-2592,PHX,339.0,2,6.0,-6.0,11.0,10,5.0,,21,3.0,3.0,,3.0,3.0,1.0,2.0,3.0,2.0,,4.0,8.0,2.0,1.0,12.0,18.0,,3.0,4.0,,1.0,7.0,2.0,6.0,,2.0,1.0,2.0,,5.0,,,2.0,,,1.0,1.0,2.0,1.0,1.0,1.0,12.0,7.0,5.0,0.25,0.25,0.5,0.75,0.55,0.75,0.6,0.875,0.2,,,,89.20353982300884,13.636363636363637,18.9,13.636363636363637,18.9,0.3,1.0,1.0,0.2,0.5,0.5,,0.3,0.2,,0.75,1.0,,0.5,0.49132499999999996,,0.55985,0.1,0.125,0.5833333333333334,9.075,24.85,0.45454545454545453,,,1.0,1.0,,,3.0,1.0,1.0,1.0,1.0,,,,1.0,2.0,,,1.0,,,1.0,1.0,,,,,,1.0,,1.0,0.5,0.5,,,0.3333333333333333,,,0.3333333333333333,,,,0.5,,,0.3333333333333333,,,,,0.5,0.5,1.0,0.5,,5.0,,,,,,,,,,,,,,,,,,1.0,,,,,,,1.0,,1.0,,,1.0,,,1.0,,,,,,,,,1.0,,,,,,,,,,,,,,,,,,,,,,,,,,,,,1610612756,2006,2005-06,False
1501-1890-2067-2571-959,1610612756,"Tim Thomas, Shawn Marion, Eddie House, Leandro Barbosa, Steve Nash","Thomas, Marion, House, Barbosa, Nash",1501-1890-2067-2571-959,PHX,240.0,2,4.0,-5.0,7.0,7,6.0,1.0,14,1.0,4.0,1.0,,3.0,,1.0,1.0,1.0,1.0,2.0,6.0,1.0,3.0,7.0,12.0,1.0,1.0,4.0,1.0,3.0,5.0,,4.0,,1.0,,,,,1.0,1.0,2.0,,,2.0,4.0,1.0,3.0,,,5.0,5.0,6.0,,,0.3333333333333333,0.25,0.2857142857142857,0.2,0.375,0.3333333333333333,0.14285714285714285,0.25,0.2,,84.0,11.0,23.285714285714285,11.0,22.285714285714285,0.5714285714285714,0.25,0.25,0.14285714285714285,,,,0.14285714285714285,0.14285714285714285,1.0,0.6,,0.2,0.7142857142857143,0.5165714285714286,0.5765,0.53072,,,0.7142857142857143,3.65,24.9,0.8571428571428571,1.0,,,,,2.0,,,,,,,,,1.0,1.0,,,,,,,,,,1.0,,,,1.0,,,,1.0,,0.25,,,0.25,,,,,0.3333333333333333,,,1.0,1.0,,,,,,,0.2857142857142857,7.0,1.0,,,,,,,,,1.0,,,,,2.0,,,,,,,,,,,1.0,,,,,,,,1.0,,,1.0,1.0,,,,,,1.0,,,,,,,1.0,,,,,,,,,,,,,,,,,,,,1610612756,2006,2005-06,False
1501-1890-2564-2571-2592,1610612756,"Tim Thomas, Shawn Marion, Boris Diaw, Leandro Barbosa, James Jones","Thomas, Marion, Diaw, Barbosa, Jones",1501-1890-2564-2571-2592,PHX,408.0,3,7.0,,10.0,11,3.0,2.0,21,1.0,2.0,1.0,1.0,2.0,1.0,4.0,1.0,2.0,1.0,2.0,7.0,3.0,,10.0,10.0,2.0,1.0,2.0,1.0,,5.0,,4.0,,2.0,,2.0,,6.0,2.0,2.0,6.0,1.0,,,2.0,3.0,,,,6.0,5.0,3.0,,,0.2857142857142857,0.5,0.5,0.8333333333333334,0.5,0.8333333333333334,0.3,0.4,0.3333333333333333,1.0,74.11764705882354,20.7,18.272727272727273,18.9,18.272727272727273,0.2,0.5,0.5,0.4,0.25,0.3333333333333333,,0.1,0.2,0.5,0.6666666666666666,0.5,0.3333333333333333,0.5,0.450595,0.4866,0.5298999999999999,,,0.5,7.571428571428571,25.066666666666666,0.3,,1.0,1.0,2.0,,4.0,6.0,1.0,2.0,1.0,,,,1.0,3.0,4.0,,,2.0,1.0,,2.0,1.0,,,,,,,,1.0,0.6666666666666666,0.6666666666666666,1.0,,1.0,1.0,,1.0,,,,1.0,1.0,,,,,,0.1,0.5,0.5,1.0,0.5,0.4,,1.0,1.0,,,,,,,1.0,2.0,,,1.0,,2.0,1.0,1.0,,1.0,1.0,,,,,1.0,,,,,,,,,,,1.0,1.0,1.0,0.14285714285714285,,0.25,,1.0,,1.0,0.2,,1.0,1.0,1.0,1.0,,,,,,,,,,1.0,,,,,,,,,,1610612756,2006,2005-06,False
1501-1890-2564-2571-959,1610612756,"Tim Thomas, Shawn Marion, Boris Diaw, Leandro Barbosa, Steve Nash","Thomas, Marion, Diaw, Barbosa, Nash",1501-1890-2564-2571-959,PHX,7210.0,15,120.0,-8.0,225.0,230,57.0,22.0,455,32.0,60.0,12.0,8.0,16.0,21.0,46.0,29.0,48.0,14.0,65.0,135.0,59.0,44.0,246.0,254.0,17.0,13.0,28.0,15.0,21.0,65.0,62.0,68.0,,48.0,31.0,50.0,5.0,119.0,17.0,25.0,107.0,8.0,6.0,26.0,56.0,45.0,46.0,5.0,16.0,220.0,65.0,57.0,0.47692307692307695,0.49206349206349204,0.48148148148148145,0.4642857142857143,0.520618556701031,0.5116279069767442,0.572429906542056,0.6132075471698113,0.30412371134020616,0.24285714285714285,0.2403846153846154,0.17647058823529413,90.87378640776699,15.088888888888889,16.58695652173913,14.342222222222222,14.878260869565217,0.30927835051546393,0.5333333333333333,0.5818181818181818,0.23711340206185566,0.45652173913043476,0.4772727272727273,0.23809523809523808,0.14948453608247422,0.24742268041237114,0.5217391304347826,0.37209302325581395,0.5,0.32558139534883723,0.6134020618556701,0.4782128865979382,0.5312533333333334,0.47629069767441856,0.07804878048780488,0.1095890410958904,0.26422764227642276,6.775555555555556,24.879661016949154,0.25333333333333335,12.0,11.0,21.0,24.0,2.0,26.0,57.0,21.0,19.0,16.0,19.0,7.0,8.0,22.0,51.0,82.0,18.0,10.0,17.0,,8.0,35.0,6.0,4.0,6.0,9.0,1.0,1.0,11.0,7.0,0.7916666666666666,0.4067796610169492,0.4067796610169492,0.5416666666666666,0.5142857142857142,0.5730337078651685,0.7096774193548387,0.23529411764705882,0.6083333333333333,0.25925925925925924,0.14285714285714285,0.4090909090909091,0.5757575757575758,0.6764705882352942,0.64,0.59375,0.41379310344827586,0.41379310344827586,0.5833333333333334,0.05670103092783505,0.4375,0.44680851063829785,0.7619047619047619,0.4375,0.10569105691056911,42.0,3.0,3.0,,,,1.0,4.0,6.0,6.0,6.0,4.0,6.0,6.0,15.0,4.0,7.0,3.0,9.0,5.0,2.0,4.0,8.0,1.0,4.0,1.0,1.0,10.0,4.0,1.0,5.0,5.0,,,10.0,0.6666666666666666,0.4,0.35294117647058826,0.5217391304347826,0.05185185185185185,0.08333333333333333,0.043478260869565216,0.9,0.25,0.28,1.0,0.052083333333333336,0.45454545454545453,0.2727272727272727,0.2727272727272727,1.0,0.25,0.3333333333333333,,,,0.2608695652173913,0.6666666666666666,0.5,0.023255813953488372,,0.42857142857142855,,1.0,0.01694915254237288,0.020833333333333332,,,,,,1610612756,2006,2005-06,False
1501-1890-2564-2592-959,1610612756,"Tim Thomas, Shawn Marion, Boris Diaw, James Jones, Steve Nash","Thomas, Marion, Diaw, Jones, Nash",1501-1890-2564-2592-959,PHX,1246.0,5,21.0,9.0,38.0,37,6.0,3.0,75,9.0,11.0,,1.0,1.0,3.0,7.0,7.0,10.0,2.0,15.0,25.0,11.0,5.0,53.0,44.0,,1.0,2.0,2.0,,2.0,20.0,10.0,,10.0,10.0,16.0,1.0,38.0,2.0,3.0,15.0,3.0,2.0,3.0,6.0,6.0,6.0,2.0,4.0,48.0,2.0,6.0,0.6666666666666666,0.6666666666666666,0.6,0.5,0.6666666666666666,0.25,0.6973684210526315,0.25,0.3055555555555556,0.2,0.2,,86.67736757624398,14.342105263157896,18.945945945945947,13.894736842105264,18.10810810810811,0.3055555555555556,0.8181818181818182,0.9,0.19444444444444445,0.42857142857142855,0.5,0.3333333333333333,0.19444444444444445,0.2777777777777778,,0.25,1.0,0.5,0.6111111111111112,0.4821763888888889,,0.48105,0.10526315789473684,0.14814814814814814,0.03773584905660377,7.312,25.463636363636365,0.15789473684210525,3.0,1.0,5.0,6.0,2.0,5.0,18.0,5.0,6.0,5.0,7.0,2.0,1.0,1.0,11.0,12.0,1.0,,2.0,,1.0,3.0,2.0,,,,,,2.0,,1.0,0.5454545454545454,0.5454545454545454,1.25,0.3333333333333333,0.6470588235294118,0.5,0.2,0.631578947368421,0.2,,0.4,1.0,0.5714285714285714,1.0,0.7777777777777778,0.42857142857142855,0.42857142857142855,0.6666666666666666,0.027777777777777776,0.5,0.5,1.0,0.5,0.09433962264150944,10.0,,1.0,1.0,1.0,,,,,,,1.0,1.0,,,,2.0,1.0,,,1.0,1.0,,1.0,1.0,,,2.0,1.0,1.0,,1.0,,,,1.0,,,1.5,0.08,0.09090909090909091,0.14285714285714285,,1.0,,,,0.5,1.0,1.0,1.0,,,1.0,1.0,1.0,,,,,,,,,,,,,,,,1610612756,2006,2005-06,False
1501-1890-2571-2592-959,1610612756,"Tim Thomas, Shawn Marion, Leandro Barbosa, James Jones, Steve Nash","Thomas, Marion, Barbosa, Jones, Nash",1501-1890-2571-2592-959,PHX,1883.0,9,31.0,5.0,61.0,61,17.0,6.0,122,9.0,15.0,2.0,3.0,5.0,3.0,15.0,12.0,12.0,3.0,17.0,42.0,13.0,17.0,66.0,61.0,3.0,4.0,12.0,3.0,10.0,18.0,12.0,22.0,,12.0,6.0,10.0,1.0,24.0,5.0,8.0,34.0,3.0,1.0,6.0,13.0,21.0,21.0,3.0,9.0,60.0,18.0,17.0,0.35294117647058826,0.35294117647058826,0.40476190476190477,0.3333333333333333,0.44545454545454544,0.26666666666666666,0.515625,0.45,0.23636363636363636,0.20833333333333334,0.25806451612903225,0.3333333333333333,93.2979288369623,15.40983606557377,15.459016393442623,14.59016393442623,15.295081967213115,0.2727272727272727,0.6,0.6428571428571429,0.2727272727272727,0.2,0.2,0.3333333333333333,0.21818181818181817,0.21818181818181817,0.4,0.3333333333333333,0.6,0.2,0.509090909090909,0.4742718181818182,0.5258,0.46657666666666664,0.14754098360655737,0.1875,0.2727272727272727,8.354761904761904,25.207692307692305,0.2786885245901639,5.0,1.0,5.0,5.0,4.0,6.0,12.0,5.0,4.0,4.0,3.0,2.0,3.0,3.0,21.0,26.0,5.0,1.0,2.0,,4.0,7.0,,1.0,1.0,3.0,,,4.0,2.0,0.8,0.38461538461538464,0.38461538461538464,0.42857142857142855,0.7142857142857143,0.875,1.0,0.42857142857142855,0.8888888888888888,0.5,,0.6666666666666666,1.0,0.9333333333333333,1.0,0.3333333333333333,0.4166666666666667,0.4166666666666667,0.4,0.01818181818181818,0.4166666666666667,0.4166666666666667,0.8,0.4166666666666667,0.09090909090909091,28.0,1.0,,,,,,,2.0,,1.0,,2.0,,3.0,,1.0,,2.0,,2.0,1.0,,,,,,4.0,3.0,1.0,,3.0,1.0,,3.0,,,0.3333333333333333,0.2,0.023809523809523808,0.06666666666666667,,1.0,,0.25,1.0,,0.75,,,,0.5,,,,,0.4,,,,,,,,,,,,,,,1610612756,2006,2005-06,False
1501-1952-2067-2564-2571,1610612756,"Tim Thomas, Raja Bell, Eddie House, Boris Diaw, Leandro Barbosa","Thomas, Bell, House, Diaw, Barbosa",1501-1952-2067-2564-2571,PHX,1015.0,7,17.0,5.0,31.0,30,4.0,3.0,61,5.0,7.0,,,1.0,3.0,5.0,7.0,7.0,2.0,11.0,19.0,10.0,5.0,39.0,34.0,,,2.0,2.0,,,10.0,12.0,1.0,6.0,5.0,9.0,,22.0,1.0,3.0,15.0,1.0,,5.0,9.0,5.0,6.0,,3.0,33.0,,4.0,0.45454545454545453,0.45454545454545453,0.5789473684210527,,0.5862068965517241,,0.609375,,0.3448275862068966,0.125,0.25,0.25,86.54187192118226,13.03225806451613,20.366666666666667,12.483870967741936,17.733333333333334,0.2413793103448276,0.7142857142857143,0.8333333333333334,0.1724137931034483,0.6,0.6,,0.2413793103448276,0.2413793103448276,,0.25,,0.5,0.5862068965517241,0.4895696428571429,0.60405,0.46690000000000004,0.09375,0.13636363636363635,,8.857894736842105,29.889999999999997,0.12903225806451613,3.0,3.0,3.0,4.0,,6.0,12.0,3.0,4.0,3.0,4.0,1.0,2.0,,10.0,12.0,1.0,1.0,1.0,,,2.0,1.0,,,,,,2.0,,1.0,0.4,0.4444444444444444,1.0,0.5,0.5882352941176471,,0.5,0.5263157894736842,0.5,0.5,,0.6666666666666666,0.7272727272727273,,0.8,0.42857142857142855,0.42857142857142855,0.3333333333333333,0.10344827586206896,0.42857142857142855,0.42857142857142855,1.0,0.5,0.15384615384615385,5.0,,1.0,,1.0,,,2.0,2.0,,,2.0,3.0,,,,1.0,1.0,2.0,,1.0,,1.0,,,,,2.0,1.0,,1.0,,,1.0,,0.6666666666666666,,,1.0,0.05263157894736842,0.14285714285714285,,1.0,,,,,,0.3333333333333333,0.3333333333333333,1.0,,,0.3333333333333333,,,0.6666666666666666,1.0,1.0,,,,,,,,,,,,,1610612756,2006,2005-06,False
1501-1952-2067-2564-959,1610612756,"Tim Thomas, Raja Bell, Eddie House, Boris Diaw, Steve Nash","Thomas, Bell, House, Diaw, Nash",1501-1952-2067-2564-959,PHX,109.0,1,2.0,1.0,3.0,4,3.0,,7,,,,,,,,2.0,1.0,1.0,1.0,2.0,1.0,,5.0,4.0,,1.0,2.0,1.0,,5.0,2.0,,,1.0,1.0,2.0,,5.0,,,1.0,,,1.0,1.0,1.0,,,,5.0,5.0,3.0,1.0,1.0,0.5,0.5,0.8333333333333334,0.8333333333333334,0.8333333333333334,0.8333333333333334,0.3333333333333333,,,,92.4770642201835,11.666666666666666,18.5,11.666666666666666,18.5,,,,,,,,0.6666666666666666,0.3333333333333333,,,,0.3333333333333333,0.3333333333333333,0.4447666666666667,,0.4447666666666667,,,1.0,16.45,25.9,1.0,1.0,,1.0,1.0,,,3.0,1.0,1.0,1.0,,1.0,,,1.0,1.0,,,,,,,,,1.0,,,,,,1.0,1.0,1.0,,,1.0,,,1.0,,,,,1.0,,,0.5,0.5,1.0,,1.0,1.0,1.0,1.0,,,,,,,,,,,1.0,,,,1.0,,,,,,,,,,,,,,,,,,,,,,,1.0,,,,,,,,,,,,,,,,,,,,,,,,,1.0,,,,,,,,,,1610612756,2006,2005-06,False
1501-1952-2564-2571-2592,1610612756,"Tim Thomas, Raja Bell, Boris Diaw, Leandro Barbosa, James Jones","Thomas, Bell, Diaw, Barbosa, Jones",1501-1952-2564-2571-2592,PHX,397.0,4,7.0,6.0,12.0,11,,2.0,23,3.0,4.0,1.0,,,,,3.0,6.0,,4.0,7.0,6.0,1.0,15.0,9.0,2.0,,,,,,6.0,2.0,,6.0,3.0,5.0,,12.0,1.0,3.0,9.0,2.0,1.0,2.0,2.0,4.0,3.0,1.0,2.0,13.0,,,0.75,0.75,0.5714285714285714,,0.5384615384615384,,0.5357142857142857,,0.46153846153846156,0.3333333333333333,0.42857142857142855,0.5,83.42569269521411,13.583333333333334,21.272727272727273,11.666666666666666,21.181818181818183,0.3076923076923077,0.75,0.75,,,,,0.23076923076923078,0.46153846153846156,0.5,,,,0.7692307692307693,0.4989192307692308,0.4357,,0.14285714285714285,0.25,,7.814285714285715,26.05,,1.0,,2.0,2.0,,2.0,6.0,2.0,2.0,2.0,2.0,1.0,2.0,1.0,4.0,6.0,,,1.0,,,1.0,,,,,,,,,1.0,0.3333333333333333,0.3333333333333333,0.3333333333333333,,0.8,1.0,0.5,0.8333333333333334,0.5,,,,1.0,1.0,0.6666666666666666,0.3333333333333333,0.3333333333333333,1.0,,0.3333333333333333,0.3333333333333333,1.0,0.3333333333333333,0.13333333333333333,3.0,1.0,,,,,,,,,1.0,,,,,,,,1.0,,1.0,,,,,1.0,,,,,,,,,,,,0.5,0.5,,,,1.0,,,,,,,,,1.0,1.0,,,,,,,,,,,,,,,,,,,1610612756,2006,2005-06,False
1501-1952-2564-2571-959,1610612756,"Tim Thomas, Raja Bell, Boris Diaw, Leandro Barbosa, Steve Nash","Thomas, Bell, Diaw, Barbosa, Nash",1501-1952-2564-2571-959,PHX,2025.0,11,34.0,-1.0,66.0,64,23.0,2.0,130,19.0,25.0,1.0,7.0,7.0,4.0,8.0,4.0,15.0,7.0,23.0,37.0,20.0,11.0,75.0,76.0,2.0,7.0,10.0,9.0,3.0,26.0,24.0,22.0,,15.0,12.0,17.0,3.0,39.0,,2.0,23.0,5.0,2.0,11.0,19.0,14.0,14.0,1.0,5.0,75.0,26.0,23.0,0.5217391304347826,0.5217391304347826,0.6216216216216216,0.7,0.5614035087719298,0.6052631578947368,0.5873015873015873,0.6190476190476191,0.3508771929824561,,0.07407407407407407,,92.44444444444444,14.121212121212121,17.078125,13.727272727272727,16.40625,0.43859649122807015,0.76,0.8636363636363636,0.14035087719298245,0.5,0.5,0.75,0.07017543859649122,0.2631578947368421,0.5,0.3684210526315789,1.0,0.3684210526315789,0.7894736842105263,0.5199245614035087,,0.48935789473684216,0.08196721311475409,0.12195121951219512,0.3466666666666667,4.1891891891891895,25.119999999999997,0.3484848484848485,,5.0,5.0,6.0,,,15.0,5.0,5.0,4.0,9.0,,2.0,4.0,15.0,21.0,3.0,,1.0,1.0,3.0,4.0,2.0,,4.0,2.0,,,1.0,2.0,0.8333333333333334,0.3,0.3,,0.75,0.6818181818181818,0.6666666666666666,0.15384615384615385,0.6785714285714286,0.1111111111111111,0.25,0.6666666666666666,0.8333333333333334,0.6,0.6666666666666666,0.47368421052631576,,,,0.08771929824561403,0.3333333333333333,0.35714285714285715,0.8,0.3333333333333333,,22.0,,1.0,,,1.0,2.0,,,2.0,,,,3.0,3.0,,4.0,1.0,2.0,,3.0,,,,,2.0,1.0,1.0,,,1.0,,,1.0,2.0,,0.3333333333333333,,,0.10810810810810811,0.12,,0.5,,,,,,0.2,0.2,1.0,,,,,,,,,0.10526315789473684,0.5,0.2857142857142857,,1.0,0.05,0.06666666666666667,0.25,,,,,1610612756,2006,2005-06,False
1501-1952-2564-2592-959,1610612756,"Tim Thomas, Raja Bell, Boris Diaw, James Jones, Steve Nash","Thomas, Bell, Diaw, Jones, Nash",1501-1952-2564-2592-959,PHX,597.0,3,10.0,-3.0,19.0,20,5.0,1.0,39,3.0,5.0,1.0,,2.0,,2.0,1.0,4.0,1.0,3.0,8.0,6.0,2.0,20.0,23.0,1.0,,2.0,1.0,1.0,4.0,6.0,,,4.0,3.0,6.0,,15.0,,1.0,9.0,,,2.0,5.0,6.0,3.0,1.0,1.0,17.0,4.0,5.0,1.0,1.0,0.375,,0.6428571428571429,0.5,0.6666666666666666,0.5,0.42857142857142855,,0.16666666666666666,,94.07035175879398,15.105263157894736,15.5,15.105263157894736,14.95,0.35714285714285715,0.6,0.6,0.14285714285714285,,,,0.07142857142857142,0.2857142857142857,1.0,0.6666666666666666,,0.3333333333333333,0.7857142857142857,0.47766071428571427,,0.44595,0.07142857142857142,0.125,0.2,5.3625,25.21666666666667,0.2631578947368421,,2.0,3.0,4.0,1.0,3.0,9.0,3.0,3.0,2.0,3.0,,1.0,4.0,4.0,8.0,3.0,1.0,3.0,,2.0,6.0,2.0,1.0,1.0,1.0,,,1.0,1.0,0.75,0.6666666666666666,0.6666666666666666,1.5,0.5,0.6666666666666666,1.0,0.5,0.8,,1.0,0.3333333333333333,1.0,1.0,1.0,1.0,,,,0.14285714285714285,0.75,0.75,0.6666666666666666,0.75,0.15,9.0,1.0,1.0,,,,,,,1.0,1.0,,,1.0,3.0,,,1.0,,,,,1.0,,2.0,,,1.0,,,1.0,1.0,,,,,1.0,1.0,1.0,,,,,,,,,1.0,0.5,0.5,1.0,1.0,1.0,,,,,,,,,1.0,,,,,,,,,,1610612756,2006,2005-06,False
1501-1952-2571-2592-959,1610612756,"Tim Thomas, Raja Bell, Leandro Barbosa, James Jones, Steve Nash","Thomas, Bell, Barbosa, Jones, Nash",1501-1952-2571-2592-959,PHX,73.0,2,1.0,-2.0,1.0,2,,1.0,3,,,,,,,2.0,,,,,2.0,,,,2.0,1.0,,,,,,,,,,,,,,1.0,1.0,2.0,,,,,2.0,,,,,,,,,,,,,,,,0.5,0.5,,59.178082191780824,47.0,13.0,39.0,13.0,,,,1.0,,,,,,,,,,,0.37595,0.353,,,,,8.3,,,,,,,,,,,,,,,,1.0,,1.0,,,,,,,,,,,,,,,,,,,,,1.0,,1.0,,,,,,1.0,,,,,,,,,,,,,,,,,,,,,,,,,,,1.0,,,,,,,,,,,,,,,,,,,,,,,0.5,,0.5,,,0.5,,,,,,,,,,,,,,,,,,,,,,,,,,,1610612756,2006,2005-06,False
1501-2067-2564-2571-2592,1610612756,"Tim Thomas, Eddie House, Boris Diaw, Leandro Barbosa, James Jones","Thomas, House, Diaw, Barbosa, Jones",1501-2067-2564-2571-2592,PHX,811.0,6,14.0,-4.0,27.0,27,11.0,5.0,54,2.0,6.0,2.0,,2.0,2.0,6.0,9.0,5.0,3.0,7.0,21.0,5.0,6.0,26.0,30.0,4.0,1.0,6.0,3.0,3.0,11.0,2.0,12.0,,5.0,1.0,3.0,,8.0,5.0,5.0,15.0,,,3.0,6.0,7.0,9.0,3.0,6.0,24.0,11.0,11.0,0.14285714285714285,0.16666666666666666,0.3333333333333333,0.16666666666666666,0.38461538461538464,0.4444444444444444,0.4482758620689655,0.5,0.19230769230769232,0.38461538461538464,0.3125,0.16666666666666666,95.88162762022195,13.777777777777779,16.25925925925926,13.25925925925926,15.407407407407407,0.23076923076923078,0.3333333333333333,0.4,0.23076923076923078,0.3333333333333333,0.4,,0.34615384615384615,0.19230769230769232,0.5,0.2222222222222222,,0.3333333333333333,0.4230769230769231,0.44563461538461535,0.452625,0.4256777777777778,0.20689655172413793,0.25,0.4230769230769231,9.904761904761905,25.16,0.4074074074074074,3.0,,2.0,2.0,,2.0,6.0,2.0,2.0,2.0,,1.0,,3.0,7.0,10.0,2.0,,3.0,,2.0,5.0,2.0,,,,,,4.0,,1.0,0.4,0.4,0.25,0.4,0.7,1.0,,0.7692307692307693,,,0.5,1.0,1.0,1.0,,0.3333333333333333,0.3333333333333333,0.3333333333333333,,0.4,0.4,1.0,0.4,0.07692307692307693,17.0,1.0,,,,,,,,2.0,1.0,,,2.0,,2.0,2.0,,,2.0,,,2.0,1.0,1.0,,,4.0,4.0,,,2.0,,,,,0.6666666666666666,0.25,0.25,0.09523809523809523,0.16666666666666666,0.16666666666666666,,0.5,0.6666666666666666,1.0,0.14285714285714285,0.5,,,,0.5,,,,,,,,,,0.6666666666666666,,,,,,,,,,1610612756,2006,2005-06,False
1501-2067-2564-2592-959,1610612756,"Tim Thomas, Eddie House, Boris Diaw, James Jones, Steve Nash","Thomas, House, Diaw, Jones, Nash",1501-2067-2564-2592-959,PHX,254.0,2,4.0,-1.0,7.0,9,,1.0,16,1.0,1.0,,,,2.0,3.0,2.0,1.0,,4.0,6.0,1.0,2.0,13.0,14.0,1.0,,,,,,4.0,4.0,,1.0,2.0,3.0,1.0,7.0,1.0,1.0,4.0,,,1.0,1.0,1.0,2.0,,1.0,11.0,,,0.5,0.5,0.6666666666666666,,0.7857142857142857,,0.8125,,0.14285714285714285,0.5,0.5,,90.70866141732283,13.285714285714286,17.88888888888889,12.857142857142858,17.88888888888889,0.14285714285714285,1.0,1.0,0.42857142857142855,0.6666666666666666,0.6666666666666666,0.5,0.2857142857142857,0.14285714285714285,,,,,0.2857142857142857,0.46062142857142857,0.3818,,0.125,0.14285714285714285,,9.766666666666667,24.5,,1.0,,1.0,1.0,,2.0,3.0,1.0,1.0,1.0,,1.0,,,3.0,3.0,,,,,,,,,,,,,1.0,,1.0,1.0,1.0,1.0,,1.0,,,1.0,,,1.0,,1.0,,,0.5,0.5,1.0,,1.0,1.0,1.0,1.0,0.15384615384615385,,,,,,,,,,,1.0,,,,,,,,,,,,,,,,,1.0,1.0,,,1.0,,,,,,1.0,1.0,,,,,,1.0,,,1.0,,,,,,,,,,,,,,,,,,,,,,,,1610612756,2006,2005-06,False
1501-2564-2571-2592-959,1610612756,"Tim Thomas, Boris Diaw, Leandro Barbosa, James Jones, Steve Nash","Thomas, Diaw, Barbosa, Jones, Nash",1501-2564-2571-2592-959,PHX,360.0,5,6.0,-6.0,12.0,11,2.0,,23,2.0,4.0,,,,,1.0,1.0,1.0,,2.0,6.0,3.0,2.0,12.0,18.0,,,,1.0,2.0,5.0,4.0,,,1.0,2.0,4.0,,10.0,,,3.0,,,3.0,5.0,2.0,2.0,,,12.0,5.0,2.0,1.0,1.0,0.3333333333333333,,0.5555555555555556,1.5,0.6,1.25,0.3333333333333333,,,,92.0,14.666666666666666,16.727272727272727,14.666666666666666,16.545454545454547,0.4444444444444444,0.5,0.5,0.1111111111111111,,,,0.1111111111111111,0.1111111111111111,,,,,0.7777777777777778,0.5205833333333333,,0.53175,,,0.4166666666666667,3.9166666666666665,23.53333333333333,0.16666666666666666,,2.0,1.0,2.0,,,6.0,1.0,2.0,1.0,2.0,,,,3.0,3.0,,,,,,,,,,1.0,,,1.0,1.0,1.0,0.6666666666666666,0.6666666666666666,,,0.6,,,0.6,,,0.6666666666666666,,0.5,,1.0,,,,0.2222222222222222,1.0,1.0,1.0,1.0,,6.0,,1.0,,,1.0,1.0,,,,,,,1.0,,,,1.0,,,,,,,,,,1.0,1.0,,,1.0,,,1.0,,1.0,,,,,,,,,,,1.0,0.5,0.5,1.0,,,,,,,,,1.0,1.0,,,,,,,,,,,1610612756,2006,2005-06,False
1890-1952-2067-2564-2571,1610612756,"Shawn Marion, Raja Bell, Eddie House, Boris Diaw, Leandro Barbosa","Marion, Bell, House, Diaw, Barbosa",1890-1952-2067-2564-2571,PHX,851.0,5,14.0,-10.0,27.0,25,9.0,3.0,52,6.0,13.0,1.0,1.0,4.0,1.0,3.0,6.0,4.0,2.0,9.0,22.0,5.0,4.0,25.0,35.0,1.0,3.0,7.0,3.0,,9.0,6.0,12.0,,4.0,3.0,3.0,1.0,6.0,3.0,3.0,8.0,1.0,,2.0,6.0,8.0,4.0,1.0,1.0,25.0,9.0,9.0,0.3333333333333333,0.3333333333333333,0.4090909090909091,0.42857142857142855,0.3888888888888889,0.45,0.44642857142857145,0.45,0.18518518518518517,0.23076923076923078,0.17647058823529413,0.25,87.99059929494712,16.0,16.76,14.925925925925926,15.8,0.48148148148148145,0.46153846153846156,0.5,0.1111111111111111,0.3333333333333333,0.3333333333333333,1.0,0.2222222222222222,0.14814814814814814,0.3333333333333333,0.4,0.25,0.2,0.6666666666666666,0.50325,0.5187333333333334,0.485885,0.07142857142857142,0.045454545454545456,0.36,6.527272727272727,25.16,0.3333333333333333,2.0,1.0,1.0,1.0,,,,1.0,,,,2.0,,4.0,1.0,5.0,1.0,1.0,1.0,,,2.0,2.0,,2.0,,,,1.0,,,0.2,0.2,,0.5,0.25,1.0,,0.625,,,0.5,,,1.0,,0.3333333333333333,0.3333333333333333,1.0,0.037037037037037035,0.25,0.3333333333333333,,0.25,,6.0,,,,1.0,,1.0,,1.0,1.0,,,2.0,1.0,3.0,,1.0,,,,1.0,,,,1.0,1.0,,1.0,,,1.0,,,,1.0,,0.3333333333333333,,,0.045454545454545456,0.07692307692307693,,,0.2857142857142857,,1.0,,,,,,,,0.3333333333333333,,,0.3333333333333333,,,0.1,,0.5,,1.0,0.2,0.25,,1.0,0.16666666666666666,,,1610612756,2006,2005-06,False
1890-1952-2067-2564-2592,1610612756,"Shawn Marion, Raja Bell, Eddie House, Boris Diaw, James Jones","Marion, Bell, House, Diaw, Jones",1890-1952-2067-2564-2592,PHX,216.0,1,4.0,,5.0,6,3.0,1.0,11,1.0,1.0,1.0,1.0,1.0,,,3.0,1.0,1.0,3.0,4.0,1.0,,9.0,9.0,1.0,2.0,3.0,1.0,,7.0,4.0,2.0,,1.0,2.0,3.0,,7.0,1.0,1.0,3.0,,,,1.0,2.0,,,,7.0,7.0,3.0,0.6666666666666666,1.0,0.75,0.6666666666666666,0.9,0.875,0.9,0.875,0.2,1.0,1.0,1.0,73.33333333333333,18.2,20.833333333333332,18.2,15.166666666666666,0.2,1.0,1.0,,,,,0.6,0.2,1.0,0.25,1.0,0.25,0.4,0.44454000000000005,0.5969,0.45745,,,0.7777777777777778,14.425,26.3,0.6,2.0,,1.0,1.0,,2.0,3.0,1.0,1.0,1.0,,2.0,,1.0,1.0,2.0,,,1.0,,,1.0,,,,,,,,,1.0,1.0,1.0,1.0,,1.0,0.5,,0.6666666666666666,,,,,1.0,0.5,,0.6666666666666666,0.6666666666666666,1.0,,1.0,1.0,1.0,1.0,0.2222222222222222,3.0,1.0,,,,,,,,1.0,1.0,,,1.0,,2.0,,,,,,,,,1.0,,,,,,,,,,,,1.0,1.0,1.0,,,,,,,,,,,,,1.0,,,,,,,,,,1.0,,,,,,,,,,1610612756,2006,2005-06,False
1890-1952-2564-2571-2592,1610612756,"Shawn Marion, Raja Bell, Boris Diaw, Leandro Barbosa, James Jones","Marion, Bell, Diaw, Barbosa, Jones",1890-1952-2564-2571-2592,PHX,2084.0,9,35.0,-4.0,68.0,66,20.0,9.0,134,13.0,16.0,2.0,2.0,2.0,5.0,14.0,15.0,8.0,2.0,24.0,45.0,12.0,14.0,77.0,81.0,6.0,6.0,10.0,4.0,9.0,21.0,18.0,30.0,,8.0,9.0,13.0,1.0,30.0,6.0,9.0,23.0,4.0,1.0,7.0,18.0,14.0,15.0,1.0,7.0,69.0,21.0,20.0,0.375,0.391304347826087,0.5333333333333333,0.6,0.5526315789473685,0.42857142857142855,0.6015625,0.5526315789473685,0.21052631578947367,0.2857142857142857,0.32142857142857145,0.2222222222222222,92.5911708253359,14.691176470588236,16.439393939393938,13.338235294117647,16.151515151515152,0.2807017543859649,0.8125,0.8666666666666667,0.24561403508771928,0.35714285714285715,0.38461538461538464,0.2,0.2631578947368421,0.14035087719298245,0.2857142857142857,0.14285714285714285,1.0,0.14285714285714285,0.49122807017543857,0.46327192982456145,0.4970875,0.45351785714285714,0.1111111111111111,0.13725490196078433,0.2727272727272727,9.351111111111111,24.59166666666667,0.29411764705882354,6.0,4.0,4.0,5.0,2.0,8.0,12.0,4.0,4.0,3.0,4.0,4.0,3.0,3.0,10.0,14.0,6.0,4.0,7.0,,2.0,13.0,3.0,1.0,1.0,1.0,1.0,1.0,1.0,1.0,0.8,0.4166666666666667,0.4166666666666667,0.5,0.46153846153846156,0.6666666666666666,0.75,0.42857142857142855,0.6842105263157895,0.5,0.3333333333333333,0.5,0.8333333333333334,0.5714285714285714,0.75,0.3076923076923077,0.4,0.4,0.6666666666666666,0.07017543859649122,0.5,0.5,0.75,0.5,0.1038961038961039,23.0,2.0,1.0,,1.0,,2.0,,,,3.0,,1.0,,3.0,2.0,2.0,1.0,1.0,2.0,3.0,3.0,,2.0,3.0,,,,,,,,,,,,,0.5,0.42857142857142855,0.044444444444444446,0.0625,0.07142857142857142,1.0,0.6666666666666666,0.2222222222222222,,0.07692307692307693,,0.25,0.25,1.0,1.0,0.5,0.14285714285714285,,,,,,0.14285714285714285,,,,,,,,,,1.0,,1610612756,2006,2005-06,False
1890-1952-2564-2571-959,1610612756,"Shawn Marion, Raja Bell, Boris Diaw, Leandro Barbosa, Steve Nash","Marion, Bell, Diaw, Barbosa, Nash",1890-1952-2564-2571-959,PHX,5269.0,13,88.0,-5.0,178.0,180,108.0,14.0,358,35.0,57.0,7.0,23.0,38.0,11.0,26.0,30.0,26.0,15.0,61.0,113.0,35.0,40.0,207.0,212.0,12.0,38.0,69.0,20.0,25.0,134.0,62.0,60.0,2.0,24.0,31.0,43.0,6.0,98.0,10.0,13.0,61.0,13.0,1.0,20.0,53.0,40.0,45.0,6.0,15.0,192.0,134.0,108.0,0.5081967213114754,0.5344827586206896,0.5398230088495575,0.5507246376811594,0.5641891891891891,0.6123595505617978,0.6144578313253012,0.6633663366336634,0.23648648648648649,0.2,0.19117647058823528,,97.8401973809072,13.247191011235955,16.17222222222222,12.657303370786517,15.155555555555555,0.38513513513513514,0.6140350877192983,0.7142857142857143,0.17567567567567569,0.4230769230769231,0.5,0.5454545454545454,0.20270270270270271,0.17567567567567569,0.5384615384615384,0.42696629213483145,0.6052631578947368,0.16853932584269662,0.6216216216216216,0.49357773972602736,0.49275,0.50353125,0.09554140127388536,0.12295081967213115,0.6473429951690821,6.894690265486726,26.517142857142858,0.6067415730337079,15.0,9.0,11.0,15.0,1.0,15.0,36.0,11.0,12.0,8.0,15.0,10.0,3.0,13.0,31.0,48.0,9.0,6.0,19.0,2.0,3.0,28.0,15.0,1.0,8.0,9.0,2.0,2.0,10.0,9.0,0.8,0.42857142857142855,0.45454545454545453,0.5357142857142857,0.32142857142857145,0.5636363636363636,0.6842105263157895,0.16666666666666666,0.5945945945945946,0.15384615384615385,0.2,0.3157894736842105,0.5333333333333333,0.8095238095238095,0.75,0.42857142857142855,0.5,0.5,0.6666666666666666,0.060810810810810814,0.4230769230769231,0.4230769230769231,0.7272727272727273,0.4583333333333333,0.07246376811594203,105.0,3.0,4.0,,,2.0,5.0,,1.0,9.0,7.0,,1.0,11.0,9.0,6.0,12.0,4.0,4.0,2.0,12.0,6.0,1.0,1.0,5.0,2.0,3.0,8.0,2.0,2.0,4.0,6.0,,1.0,13.0,,0.55,0.5833333333333334,0.5384615384615384,0.10619469026548672,0.14035087719298245,0.15384615384615385,0.8,0.2727272727272727,0.26666666666666666,0.3333333333333333,0.03571428571428571,0.6,0.4444444444444444,0.4444444444444444,1.0,0.42857142857142855,,,,,0.07692307692307693,,,0.056179775280898875,0.4,0.6,1.0,,,,,,,,,1610612756,2006,2005-06,False
1890-1952-2564-2592-959,1610612756,"Shawn Marion, Raja Bell, Boris Diaw, James Jones, Steve Nash","Marion, Bell, Diaw, Jones, Nash",1890-1952-2564-2592-959,PHX,5769.0,7,96.0,11.0,178.0,180,22.0,15.0,358,41.0,56.0,8.0,1.0,2.0,7.0,25.0,40.0,34.0,3.0,64.0,121.0,43.0,21.0,194.0,183.0,13.0,2.0,10.0,5.0,3.0,13.0,64.0,64.0,,34.0,32.0,46.0,4.0,106.0,10.0,16.0,82.0,9.0,2.0,21.0,37.0,35.0,24.0,3.0,12.0,173.0,13.0,22.0,0.5,0.5333333333333333,0.5289256198347108,0.2,0.5274390243902439,0.3333333333333333,0.5542857142857143,0.38235294117647056,0.2621951219512195,0.17543859649122806,0.18823529411764706,0.16666666666666666,89.36037441497659,14.99438202247191,17.22222222222222,14.404494382022472,16.816666666666666,0.34146341463414637,0.7321428571428571,0.803921568627451,0.1524390243902439,0.28,0.3181818181818182,0.5714285714285714,0.24390243902439024,0.2073170731707317,0.5333333333333333,0.13333333333333333,0.5,0.2,0.6036585365853658,0.49701585365853657,0.5001666666666666,0.43241999999999997,0.06936416184971098,0.09230769230769231,0.06701030927835051,8.076859504132232,25.269767441860463,0.12359550561797752,16.0,9.0,10.0,15.0,3.0,21.0,42.0,10.0,14.0,9.0,19.0,9.0,6.0,12.0,49.0,66.0,11.0,9.0,9.0,,2.0,20.0,6.0,1.0,3.0,2.0,,,6.0,1.0,0.9333333333333333,0.3488372093023256,0.3488372093023256,0.6176470588235294,0.55,0.765625,0.6666666666666666,0.21428571428571427,0.7439024390243902,0.20833333333333334,0.25,0.45454545454545453,0.78125,0.9047619047619048,0.6875,0.4634146341463415,0.4,0.4,0.5625,0.054878048780487805,0.29411764705882354,0.29411764705882354,0.9,0.29411764705882354,0.10824742268041238,15.0,7.0,5.0,,,2.0,2.0,,2.0,,9.0,,2.0,2.0,3.0,8.0,8.0,5.0,5.0,3.0,7.0,5.0,1.0,,1.0,1.0,,6.0,,,6.0,4.0,,2.0,3.0,,0.4,0.6923076923076923,0.6,0.06611570247933884,0.08928571428571429,0.12,1.0,0.13333333333333333,0.2222222222222222,0.5,0.03896103896103896,0.6666666666666666,0.5555555555555556,0.5555555555555556,1.0,0.875,0.2857142857142857,,,,0.13333333333333333,,,0.13333333333333333,1.0,,,,,,,,,,1.0,1610612756,2006,2005-06,False
1890-1952-2571-258-959,1610612756,"Shawn Marion, Raja Bell, Leandro Barbosa, Brian Grant, Steve Nash","Marion, Bell, Barbosa, Grant, Nash",1890-1952-2571-258-959,PHX,221.0,3,4.0,-11.0,8.0,8,4.0,1.0,16,1.0,2.0,,1.0,2.0,,3.0,2.0,,,1.0,7.0,,1.0,3.0,14.0,,1.0,3.0,,,2.0,,2.0,,,,,,,1.0,1.0,2.0,1.0,1.0,2.0,4.0,1.0,2.0,,1.0,2.0,2.0,4.0,,,0.14285714285714285,0.3333333333333333,0.14285714285714285,0.3333333333333333,0.1875,0.3333333333333333,,0.16666666666666666,0.16666666666666666,,104.25339366515837,13.5,14.125,12.875,14.125,0.2857142857142857,0.5,1.0,0.42857142857142855,,,,0.2857142857142857,,,0.6666666666666666,0.5,,0.2857142857142857,0.47697142857142855,,0.5945666666666667,0.125,0.125,0.6666666666666666,10.214285714285714,,0.5,,,,,1.0,1.0,,,,,,,,1.0,,1.0,1.0,1.0,,,,1.0,1.0,1.0,,,,,,,,,,0.5,1.0,,1.0,,1.0,,,,,,1.0,,,,,,,,,,0.3333333333333333,5.0,,,,,,,,,,,,,,,,2.0,,,,,,,,,,,,,,,,,,,,,,,0.2857142857142857,0.5,0.3333333333333333,,,0.3333333333333333,,,,,,,,,,,,,,,,,,,,,,,,,,,1610612756,2006,2005-06,False
1890-1952-2571-2592-959,1610612756,"Shawn Marion, Raja Bell, Leandro Barbosa, James Jones, Steve Nash","Marion, Bell, Barbosa, Jones, Nash",1890-1952-2571-2592-959,PHX,238.0,2,4.0,7.0,9.0,8,3.0,,17,2.0,2.0,,1.0,1.0,,,1.0,2.0,1.0,2.0,3.0,4.0,6.0,16.0,9.0,,1.0,1.0,1.0,4.0,6.0,2.0,2.0,1.0,1.0,1.0,3.0,,8.0,,,3.0,1.0,,,,4.0,6.0,,2.0,16.0,6.0,3.0,0.5,0.5,0.6666666666666666,1.0,0.7142857142857143,0.5,0.8,0.75,0.5714285714285714,,,,102.85714285714285,11.555555555555555,16.75,11.555555555555555,16.75,0.2857142857142857,1.0,1.0,,,,,0.14285714285714285,0.2857142857142857,,0.5,1.0,0.5,0.8571428571428571,0.5661083333333333,,0.5263,0.2222222222222222,0.4,0.375,6.7,32.45,0.3333333333333333,,2.0,1.0,2.0,,,6.0,1.0,2.0,1.0,1.0,,,1.0,2.0,3.0,,,,,,,,,,1.0,,,,1.0,1.0,0.5,0.6666666666666666,,,1.0,1.0,,1.0,,,,1.0,1.0,1.0,0.5,,,,0.2857142857142857,0.5,0.5,1.0,1.0,,4.0,,1.0,,,,,,,,,,,,,,1.0,1.0,,,1.0,,,,,1.0,,,,,,,,,,,,,,0.3333333333333333,,,,,,,,,0.5,0.5,1.0,,,,,,,,,,,,,,,,1.0,,,,,1610612756,2006,2005-06,False
1890-2067-2564-2571-2592,1610612756,"Shawn Marion, Eddie House, Boris Diaw, Leandro Barbosa, James Jones","Marion, House, Diaw, Barbosa, Jones",1890-2067-2564-2571-2592,PHX,1732.0,10,29.0,-21.0,53.0,54,17.0,6.0,107,6.0,14.0,5.0,1.0,4.0,4.0,12.0,18.0,4.0,1.0,20.0,44.0,7.0,6.0,46.0,67.0,5.0,6.0,13.0,2.0,5.0,17.0,22.0,18.0,1.0,3.0,11.0,11.0,3.0,22.0,6.0,7.0,24.0,2.0,,6.0,10.0,8.0,8.0,,1.0,40.0,17.0,17.0,0.55,0.6470588235294118,0.45454545454545453,0.46153846153846156,0.39215686274509803,0.4,0.41818181818181815,0.4722222222222222,0.13725490196078433,0.25,0.2413793103448276,,88.96073903002309,13.660377358490566,18.666666666666668,13.415094339622641,17.425925925925927,0.27450980392156865,0.42857142857142855,0.46153846153846156,0.23529411764705882,0.3333333333333333,0.36363636363636365,0.75,0.35294117647058826,0.0784313725490196,0.625,0.26666666666666666,0.25,0.06666666666666667,0.4117647058823529,0.445191,0.50675,0.40928333333333333,0.019230769230769232,0.022222222222222223,0.3695652173913043,10.243181818181817,26.5,0.32075471698113206,10.0,3.0,,,,6.0,,,,,2.0,6.0,1.0,5.0,12.0,17.0,4.0,2.0,2.0,,2.0,6.0,3.0,,,3.0,,,5.0,3.0,,,,0.375,0.6666666666666666,0.5454545454545454,1.0,0.2,0.6296296296296297,,0.3333333333333333,0.5,0.4,0.75,1.0,0.3333333333333333,0.5555555555555556,0.5555555555555556,0.6,0.058823529411764705,,,,,0.13043478260869565,19.0,3.0,,,2.0,,1.0,,1.0,,3.0,,3.0,,,6.0,2.0,,,2.0,2.0,2.0,,,,1.0,,5.0,3.0,1.0,1.0,2.0,,1.0,1.0,,,0.6,0.375,0.045454545454545456,0.07142857142857142,0.08333333333333333,,0.5,0.25,1.0,0.07407407407407407,0.4,,,,0.6,,0.25,,,0.125,,,0.06666666666666667,,,,,,,,,,,,1610612756,2006,2005-06,False
1890-2067-2564-2571-959,1610612756,"Shawn Marion, Eddie House, Boris Diaw, Leandro Barbosa, Steve Nash","Marion, House, Diaw, Barbosa, Nash",1890-2067-2564-2571-959,PHX,68.0,1,1.0,1.0,2.0,1,,1.0,3,,2.0,1.0,,,,,,1.0,,,2.0,1.0,,3.0,2.0,1.0,,,,,,,,,1.0,,1.0,,3.0,1.0,1.0,1.0,,,,1.0,,,,,3.0,,,,,,,0.5,,0.5,,0.3333333333333333,0.5,0.5,,63.529411764705884,20.0,28.0,19.5,28.0,0.6666666666666666,,,,,,,,0.3333333333333333,1.0,,,,1.0,0.5377166666666667,0.569,,,,,,25.7,,,,1.0,1.0,,,3.0,1.0,1.0,1.0,,,,,,,,,,,,,,,,,,,,,1.0,1.0,1.0,,,,,,,,,,,,,,,,,,1.0,1.0,1.0,1.0,,,,,,,,,,,,,,,,,,,,,,,,,,,,,,,,,,,,,,,,,,,,,0.5,,,,,,,,,,,,,,,,,,,,,,,,,,,,1610612756,2006,2005-06,False
1890-2067-2564-2592-959,1610612756,"Shawn Marion, Eddie House, Boris Diaw, James Jones, Steve Nash","Marion, House, Diaw, Jones, Nash",1890-2067-2564-2592-959,PHX,56.0,1,1.0,3.0,2.0,1,,,3,,,,,,,,1.0,,,1.0,1.0,,1.0,3.0,,,,,,,,,2.0,,,,,,,,,,1.0,,,,1.0,2.0,,1.0,3.0,,,,,1.0,,1.0,,0.75,,,,,,77.14285714285714,15.0,26.0,15.0,26.0,,,,,,,,1.0,,,,,,,0.4355,,,0.5,0.5,,19.9,,,1.0,,,,,,,,,,,,,,,,,,,,,,,,,,,,,,,,,,,,,,,,,,,,,,1.0,1.0,,,,,,,,,,,,,,,,,,,,,,,,,,,,1.0,,,,,,,,,,,,,,,,,,,,,,,,,,,,,,,,,,,,,,,,,,,,,,,,,,,1610612756,2006,2005-06,False
1890-2564-2571-2592-959,1610612756,"Shawn Marion, Boris Diaw, Leandro Barbosa, James Jones, Steve Nash","Marion, Diaw, Barbosa, Jones, Nash",1890-2564-2571-2592-959,PHX,1943.0,8,32.0,39.0,62.0,62,20.0,6.0,124,11.0,18.0,6.0,3.0,6.0,5.0,10.0,16.0,11.0,3.0,21.0,44.0,15.0,13.0,82.0,43.0,8.0,4.0,13.0,3.0,10.0,18.0,16.0,26.0,,11.0,8.0,15.0,1.0,37.0,6.0,8.0,33.0,4.0,,6.0,10.0,18.0,16.0,2.0,3.0,76.0,18.0,20.0,0.38095238095238093,0.42105263157894735,0.4772727272727273,0.3076923076923077,0.5847457627118644,0.25,0.6230769230769231,0.42857142857142855,0.2542372881355932,0.3,0.32,0.1111111111111111,91.8991250643335,13.758064516129032,17.580645161290324,13.306451612903226,16.774193548387096,0.3050847457627119,0.6111111111111112,0.6875,0.1694915254237288,0.5,0.625,0.2,0.2711864406779661,0.1864406779661017,0.75,0.375,0.5,0.1875,0.559322033898305,0.4894050847457627,0.5071333333333333,0.48286875,0.05,0.06666666666666667,0.21951219512195122,9.006818181818183,25.18,0.3225806451612903,5.0,4.0,7.0,9.0,,6.0,21.0,7.0,7.0,5.0,3.0,4.0,2.0,9.0,14.0,25.0,3.0,2.0,5.0,,1.0,8.0,4.0,,5.0,5.0,,,2.0,5.0,0.7777777777777778,0.6,0.6,0.375,0.375,0.5833333333333334,0.8181818181818182,0.4,0.6571428571428571,0.6666666666666666,,0.4,0.5714285714285714,0.8571428571428571,0.8,0.2727272727272727,0.3125,0.3125,0.8,0.06779661016949153,0.6363636363636364,0.6363636363636364,0.7142857142857143,0.6363636363636364,0.07317073170731707,14.0,3.0,2.0,,,,,,,,3.0,,,,6.0,4.0,4.0,2.0,2.0,1.0,4.0,1.0,,,1.0,2.0,2.0,2.0,1.0,,1.0,,,,1.0,,,0.375,0.375,0.09090909090909091,0.1111111111111111,0.2,1.0,0.5714285714285714,0.25,1.0,0.045454545454545456,,0.5,0.5,1.0,0.5,0.3333333333333333,,,,,,,,,,,,,,,,,,,1610612756,2006,2005-06,False
1952-2067-2564-2571-2592,1610612756,"Raja Bell, Eddie House, Boris Diaw, Leandro Barbosa, James Jones","Bell, House, Diaw, Barbosa, Jones",1952-2067-2564-2571-2592,PHX,277.0,2,5.0,,9.0,9,,,18,1.0,1.0,,,,,1.0,3.0,3.0,,2.0,5.0,3.0,,4.0,4.0,,,,,,,2.0,2.0,,3.0,1.0,1.0,,2.0,,,5.0,1.0,1.0,,1.0,3.0,,,,4.0,,,0.5,0.5,0.4,,0.25,,0.25,,0.375,,,,93.57400722021661,13.777777777777779,17.0,13.777777777777779,16.666666666666668,0.125,1.0,1.0,0.125,,,,0.375,0.375,,,,,0.5,0.51025625,,,,,,10.620000000000001,24.566666666666666,,1.0,,,,,,,,,,1.0,,,1.0,4.0,5.0,1.0,,,,1.0,1.0,,,1.0,,,,1.0,,,,,,1.0,1.0,0.5,,0.8333333333333334,,,1.0,1.0,1.0,,1.0,0.3333333333333333,0.3333333333333333,,,,,,,,,,,,,,,,,,,,,,,,,,,,,,,,,1.0,,1.0,1.0,,,1.0,,,,,,,,,,,,,,1.0,,1.0,,,,,,,,,,,,,,,,,,,,,,,,1610612756,2006,2005-06,False
1952-2564-2571-2592-959,1610612756,"Raja Bell, Boris Diaw, Leandro Barbosa, James Jones, Steve Nash","Bell, Diaw, Barbosa, Jones, Nash",1952-2564-2571-2592-959,PHX,850.0,5,14.0,-7.0,28.0,28,14.0,4.0,56,5.0,12.0,1.0,3.0,5.0,1.0,2.0,5.0,8.0,4.0,8.0,19.0,9.0,4.0,26.0,33.0,2.0,4.0,8.0,5.0,1.0,15.0,12.0,4.0,1.0,7.0,6.0,8.0,,18.0,3.0,5.0,13.0,3.0,1.0,,3.0,6.0,6.0,,3.0,20.0,15.0,14.0,0.75,0.8571428571428571,0.42105263157894735,0.5,0.39285714285714285,0.5384615384615384,0.41935483870967744,0.5357142857142857,0.32142857142857145,0.2727272727272727,0.29411764705882354,,94.87058823529412,13.714285714285714,16.642857142857142,13.0,16.035714285714285,0.42857142857142855,0.4166666666666667,0.5,0.07142857142857142,0.5,0.5,,0.17857142857142858,0.2857142857142857,0.3333333333333333,0.38461538461538464,0.6,0.3076923076923077,0.75,0.5304481481481482,0.4564,0.5455125,0.0967741935483871,0.13636363636363635,0.5769230769230769,5.71578947368421,27.177777777777777,0.5,2.0,1.0,2.0,2.0,1.0,6.0,6.0,2.0,2.0,2.0,4.0,2.0,2.0,1.0,7.0,8.0,1.0,,2.0,,1.0,3.0,3.0,,,,,,1.0,,1.0,0.2222222222222222,0.25,0.75,0.3333333333333333,0.6363636363636364,1.0,0.3333333333333333,0.6666666666666666,0.2,1.0,0.6,1.0,0.5,1.0,0.8,0.4,0.4,1.0,0.03571428571428571,0.25,0.25,1.0,0.2857142857142857,0.23076923076923078,22.0,1.0,,,,,1.0,1.0,1.0,2.0,1.0,1.0,1.0,2.0,,2.0,2.0,,,,2.0,,1.0,,1.0,1.0,,1.0,1.0,,,1.0,,,2.0,1.0,0.4,0.5,0.8333333333333334,0.10526315789473684,0.16666666666666666,,,0.2857142857142857,1.0,,,1.0,,,,1.0,,,,,0.3333333333333333,1.0,1.0,0.07692307692307693,,0.5,,,,,,,,,,1610612756,2006,2005-06,False
2067-2401-2469-2571-2592,1610612756,"Eddie House, Nikoloz Tskitishvili, Pat Burke, Leandro Barbosa, James Jones","House, Tskitishvili, Burke, Barbosa, Jones",2067-2401-2469-2571-2592,PHX,229.0,2,4.0,,10.0,9,9.0,1.0,19,2.0,2.0,1.0,2.0,2.0,,,2.0,2.0,2.0,3.0,4.0,3.0,,12.0,12.0,1.0,3.0,3.0,3.0,,12.0,,6.0,,2.0,,2.0,,6.0,,1.0,3.0,1.0,,,2.0,1.0,1.0,,1.0,10.0,12.0,9.0,,,0.75,1.0,0.8571428571428571,1.0,0.75,1.0,0.42857142857142855,,0.5,,119.47598253275109,12.8,11.222222222222221,12.8,10.777777777777779,0.2857142857142857,1.0,1.0,,,,,0.2857142857142857,0.2857142857142857,1.0,0.3333333333333333,1.0,0.3333333333333333,0.7142857142857143,0.5203428571428571,,0.5485,0.125,0.2,1.0,9.275,26.099999999999998,0.9,1.0,1.0,1.0,2.0,,2.0,6.0,1.0,2.0,1.0,,,1.0,,2.0,2.0,1.0,,1.0,,1.0,2.0,2.0,,,,,,1.0,,1.0,0.6666666666666666,0.6666666666666666,1.0,0.5,0.5,,1.0,0.5,1.0,,1.0,,1.0,,,0.5,0.5,,0.14285714285714285,0.5,0.5,1.0,0.5,0.16666666666666666,9.0,1.0,1.0,,,1.0,1.0,,,1.0,1.0,,,2.0,,2.0,,1.0,,,1.0,,,,,,,1.0,,,1.0,,,,2.0,,0.6666666666666666,1.0,1.0,,,,,,,,,,1.0,1.0,1.0,1.0,,,,,,,,0.16666666666666666,1.0,0.5,,,,,,,,,,1610612756,2006,2005-06,False
2067-2401-2469-2592-703,1610612756,"Eddie House, Nikoloz Tskitishvili, Pat Burke, James Jones, Kurt Thomas","House, Tskitishvili, Burke, Jones, Thomas",2067-2401-2469-2592-703,PHX,84.0,1,1.0,-3.0,3.0,3,3.0,,6,,,,,,,,1.0,1.0,1.0,1.0,1.0,1.0,,2.0,5.0,,1.0,1.0,1.0,,2.0,,2.0,,1.0,,,,,,,1.0,,,,1.0,,,,,2.0,2.0,3.0,,,1.0,1.0,0.5,0.5,0.5,0.5,0.5,,,,102.85714285714286,15.666666666666666,12.333333333333334,15.666666666666666,11.666666666666666,,,,,,,,0.5,0.5,,,,0.5,0.5,0.47125,,0.47125,,,1.0,17.6,24.8,1.0,1.0,,,,,,,,,,,,,,,1.0,,,,,,,,,,,,,,,,,,,,,,,,,,,,,,,1.0,1.0,,,,,,,,3.0,,,,,,,,,,,,,,,,,,1.0,,,,,,,,,,,,,,,,1.0,,,,,,,,1.0,,,,,,,,,,,,,,,,,,,,,,,,,,,,,1610612756,2006,2005-06,False
2067-2401-2571-258-2592,1610612756,"Eddie House, Nikoloz Tskitishvili, Leandro Barbosa, Brian Grant, James Jones","House, Tskitishvili, Barbosa, Grant, Jones",2067-2401-2571-258-2592,PHX,152.0,1,3.0,-1.0,4.0,5,4.0,1.0,9,,,,,,,,4.0,,,2.0,4.0,,1.0,5.0,6.0,1.0,2.0,4.0,,1.0,5.0,4.0,,,,2.0,2.0,,4.0,1.0,1.0,3.0,,,,,1.0,2.0,,,3.0,5.0,4.0,1.0,1.0,0.5,0.5,0.5,0.5,0.5,0.5,,0.5,0.5,0.5,85.26315789473685,15.75,17.8,14.0,17.8,,,,,,,,1.0,,,,,,,0.356675,0.304,0.356675,,,1.0,19.05,,1.0,2.0,,,,,2.0,,,,,,2.0,,,1.0,2.0,,,,,,,,,,1.0,,,,1.0,,,,1.0,,1.0,,,1.0,,,,,1.0,,,0.5,0.5,1.0,,,,,,0.4,5.0,,,,,,,,,,1.0,,,,,,,,1.0,,,,,,,,,,,,,,,,,,,1.0,1.0,,,,1.0,,,,,,,,,,,,,,,,,,,,,,,,,,,,,1610612756,2006,2005-06,False
2067-2469-2571-2592-703,1610612756,"Eddie House, Pat Burke, Leandro Barbosa, James Jones, Kurt Thomas","House, Burke, Barbosa, Jones, Thomas",2067-2469-2571-2592-703,PHX,89.0,1,1.0,,4.0,3,4.0,,7,1.0,1.0,,1.0,1.0,,1.0,,,,1.0,2.0,,2.0,4.0,4.0,,1.0,2.0,,2.0,4.0,,2.0,,,,,,,,,1.0,,,,,1.0,2.0,,,4.0,4.0,4.0,,,0.5,0.5,0.5,0.5,0.6666666666666666,0.6666666666666666,,,,,113.25842696629213,11.5,14.333333333333334,11.5,13.0,0.5,1.0,1.0,0.5,,,,,,,0.5,1.0,,0.5,0.4876,,0.4876,,,1.0,6.95,,1.0,,,,,,,,,,,,,,1.0,,1.0,,,1.0,,,1.0,1.0,,,1.0,,,,1.0,,,,,,,1.0,,0.5,,,,,,1.0,,,,,,,,,,,3.0,,,,,,,,,,,,,,,,1.0,,,,,1.0,,,,,,,,,,,,,,,,,,0.5,,1.0,,,,,,,,,,,,,,,,,,,,,,,,,,,,,,1610612756,2006,2005-06,False
2067-2564-2571-258-2592,1610612756,"Eddie House, Boris Diaw, Leandro Barbosa, Brian Grant, James Jones","House, Diaw, Barbosa, Grant, Jones",2067-2564-2571-258-2592,PHX,192.0,1,3.0,-5.0,7.0,6,7.0,1.0,13,,,,,,,2.0,,3.0,3.0,,2.0,3.0,1.0,1.0,6.0,,,2.0,3.0,1.0,1.0,,,,3.0,,,,,,1.0,4.0,1.0,,,3.0,1.0,2.0,,,1.0,1.0,7.0,,,,,,,0.08333333333333333,0.08333333333333333,0.6,,0.2,,97.5,14.857142857142858,14.666666666666666,13.428571428571429,14.666666666666666,,,,0.4,,,,,0.6,,,,0.6,0.6,0.4497,,0.4497,,,1.0,10.15,25.733333333333334,1.0,,,,,,,,,,,,,1.0,,2.0,3.0,2.0,2.0,,,,2.0,2.0,,,1.0,,,1.0,1.0,,,,,1.0,1.0,,0.3333333333333333,1.0,0.3333333333333333,,1.0,,,,,,,,,,,,,,5.0,,,,,,,,1.0,,,,1.0,,,,,,1.0,,1.0,,,,,,,1.0,1.0,,,1.0,,,2.0,,,,,,,,1.0,,,,,1.0,,,,,,,,,1.0,,,,,,,1.0,0.3333333333333333,0.3333333333333333,,,,,,1610612756,2006,2005-06,False
2067-2564-2571-2592-703,1610612756,"Eddie House, Boris Diaw, Leandro Barbosa, James Jones, Kurt Thomas","House, Diaw, Barbosa, Jones, Thomas",2067-2564-2571-2592-703,PHX,161.0,1,3.0,-2.0,5.0,5,5.0,,10,,,,,,,,3.0,1.0,1.0,,3.0,1.0,1.0,4.0,6.0,,,3.0,1.0,1.0,4.0,,,,1.0,,1.0,,3.0,,,2.0,,,1.0,2.0,1.0,2.0,,,4.0,4.0,5.0,,,,,0.375,0.375,0.4,0.4,0.25,,,,89.44099378881988,15.6,16.6,15.6,14.2,,,,,,,,0.75,0.25,,,,0.25,0.25,0.4236375,,0.4236375,,,1.0,19.033333333333335,24.5,1.0,,,1.0,1.0,,,3.0,1.0,1.0,1.0,,,,1.0,1.0,2.0,,,,,,,,,,1.0,,,1.0,1.0,1.0,1.0,1.0,,,0.5,1.0,,0.6666666666666666,,,1.0,,,1.0,,,,,,1.0,1.0,1.0,1.0,,5.0,,,,,,,,,1.0,,,,1.0,,,,,,,,,,,,,,1.0,,,1.0,,,,,,1.0,,,,,,,,,,,,,,,,,,,,,,,,,1.0,,,,,,,,,,1610612756,2006,2005-06,False
2564-2571-258-2592-959,1610612756,"Boris Diaw, Leandro Barbosa, Brian Grant, James Jones, Steve Nash","Diaw, Barbosa, Grant, Jones, Nash",2564-2571-258-2592-959,PHX,171.0,1,3.0,1.0,7.0,7,7.0,,14,1.0,1.0,,1.0,1.0,1.0,1.0,,1.0,1.0,2.0,2.0,1.0,5.0,9.0,8.0,,2.0,2.0,1.0,5.0,9.0,2.0,2.0,,1.0,1.0,1.0,,2.0,,,,1.0,,,1.0,5.0,8.0,,2.0,9.0,9.0,7.0,0.5,0.5,1.0,1.0,0.6666666666666666,0.6666666666666666,0.6428571428571429,0.6428571428571429,0.3333333333333333,,,,117.89473684210526,11.714285714285714,12.714285714285714,11.714285714285714,12.714285714285714,0.3333333333333333,1.0,1.0,0.3333333333333333,1.0,1.0,,,0.3333333333333333,,0.3333333333333333,1.0,0.3333333333333333,0.6666666666666666,0.5422666666666667,,0.5422666666666667,0.4,0.5,1.0,5.1,25.7,1.0,,,,,,,,,,,1.0,,,,,,,,,,,,,,1.0,2.0,,,,2.0,,,,,,,,,,,,,,,,1.0,,,,,,,,,,7.0,,,,,,,,,,,,,,,,,,,,1.0,,,,,,,,,,,,,,1.0,,,,,,,,,,,,,,,,,,,,,,,,,,,,,,,,,,,,,1610612756,2006,2005-06,False
2564-2571-2592-703-959,1610612756,"Boris Diaw, Leandro Barbosa, James Jones, Kurt Thomas, Steve Nash","Diaw, Barbosa, Jones, Thomas, Nash",2564-2571-2592-703-959,PHX,13.0,1,,,,1,,,1,,,,,,,,,,,,,,,,,,,,,,,,,,,,,,,,,,,,,,,,,,,,,,,,,,,,,,,,,110.76923076923076,,13.0,,13.0,,,,,,,,,,,,,,,,,,,,,,,,,,,,,,,,,,,,,,,,,,,,,,,,,,,,,,,,,,,,,,,,,,,,,,,,,,,,,,,,,,,,,,,,,,,,,,,,,,,,,,,,,,,,,,,,,,,,,,,,,,,,,,,,,,,,,,,,,,,,,,,,,,,,,,1610612756,2006,2005-06,False
