PLAYER_ID,date,team_poss,pullup_PULL_UP_FGM,pullup_PULL_UP_FGA,pullup_PULL_UP_FG_PCT,pullup_PULL_UP_PTS,pullup_PULL_UP_FG3M,pullup_PULL_UP_FG3A,pullup_PULL_UP_FG3_PCT,pullup_PULL_UP_EFG_PCT,overall_def_D_FGM,overall_def_D_FGA,overall_def_D_FG_PCT,overall_def_NORMAL_FG_PCT,overall_def_PCT_PLUSMINUS,lt6ft_totals_FGM_LT_06,lt6ft_totals_FGA_LT_06,lt6ft_totals_LT_06_PCT,lt6ft_totals_NS_LT_06_PCT,lt6ft_totals_PLUSMINUS,hustle_MIN,hustle_CONTESTED_SHOTS,hustle_CONTESTED_SHOTS_2PT,hustle_CONTESTED_SHOTS_3PT,hustle_DEFLECTIONS,hustle_CHARGES_DRAWN,hustle_SCREEN_ASSISTS,hustle_SCREEN_AST_PTS,hustle_OFF_LOOSE_BALLS_RECOVERED,hustle_DEF_LOOSE_BALLS_RECOVERED,hustle_LOOSE_BALLS_RECOVERED,hustle_PCT_LOOSE_BALLS_RECOVERED_OFF,hustle_PCT_LOOSE_BALLS_RECOVERED_DEF,hustle_OFF_BOXOUTS,hustle_DEF_BOXOUTS,hustle_BOX_OUTS,hustle_BOX_OUT_PLAYER_TEAM_REBS,hustle_BOX_OUT_PLAYER_REBS,hustle_PCT_BOX_OUTS_OFF,hustle_PCT_BOX_OUTS_DEF,hustle_PCT_BOX_OUTS_TEAM_REB,hustle_PCT_BOX_OUTS_REB,post_touch_TOUCHES,post_touch_POST_TOUCHES,post_touch_POST_TOUCH_FGM,post_touch_POST_TOUCH_FGA,post_touch_POST_TOUCH_FG_PCT,post_touch_POST_TOUCH_FTM,post_touch_POST_TOUCH_FTA,post_touch_POST_TOUCH_FT_PCT,post_touch_POST_TOUCH_PTS,post_touch_POST_TOUCH_PTS_PCT,post_touch_POST_TOUCH_PASSES,post_touch_POST_TOUCH_PASSES_PCT,post_touch_POST_TOUCH_AST,post_touch_POST_TOUCH_AST_PCT,post_touch_POST_TOUCH_TOV,post_touch_POST_TOUCH_TOV_PCT,post_touch_POST_TOUCH_FOULS,post_touch_POST_TOUCH_FOULS_PCT,DIST_FEET,DIST_MILES,DIST_MILES_OFF,DIST_MILES_DEF,AVG_SPEED,AVG_SPEED_OFF,AVG_SPEED_DEF
1631100,20221028,98.0,1,2,0.5,3,1.0,1.0,1.0,0.75,3.0,3.0,1.0,0.468,0.532,2.0,2.0,1.0,0.601,0.4,,,,,,,,,,,,,,,,,,,,,,,15.0,0.0,0.0,0.0,0.0,0.0,0.0,0.0,0.0,0.0,0.0,0.0,0.0,0.0,0.0,0.0,0.0,0.0,2717.0,0.5,0.3,0.2,4.7,5.53,3.83
203932,20221028,97.0,0,0,,0,0.0,0.0,,,1.0,7.0,0.143,0.459,-0.316,1.0,3.0,0.333,0.62,-0.287,21.3,5.0,4.0,1.0,0.0,0.0,0.0,0.0,0.0,0.0,0.0,0.0,0.0,0.0,0.0,0.0,0.0,0.0,0.0,0.0,0.0,0.0,25.0,2.0,0.0,0.0,0.0,0.0,0.0,0.0,0.0,0.0,0.0,0.0,0.0,0.0,2.0,1.0,0.0,0.0,7820.0,1.5,0.7,0.7,4.02,3.79,3.72
1628988,20221028,98.0,1,1,1.0,2,0.0,0.0,,1.0,9.0,14.0,0.643,0.432,0.211,5.0,5.0,1.0,0.549,0.451,27.9,5.0,4.0,1.0,4.0,0.0,1.0,2.0,0.0,1.0,1.0,0.0,1.0,0.0,0.0,0.0,0.0,0.0,0.0,0.0,0.0,0.0,32.0,0.0,0.0,0.0,0.0,0.0,0.0,0.0,0.0,0.0,0.0,0.0,0.0,0.0,0.0,0.0,0.0,0.0,11038.0,2.1,1.1,1.0,4.25,4.51,3.99
1630174,20221028,101.0,1,1,1.0,3,1.0,1.0,1.0,1.5,9.0,18.0,0.5,0.473,0.027,4.0,9.0,0.444,0.626,-0.182,29.8,9.0,4.0,5.0,1.0,0.0,1.0,3.0,0.0,0.0,0.0,0.0,0.0,0.0,0.0,0.0,0.0,0.0,0.0,0.0,0.0,0.0,35.0,0.0,0.0,0.0,0.0,0.0,0.0,0.0,0.0,0.0,0.0,0.0,0.0,0.0,0.0,0.0,0.0,0.0,11872.0,2.2,1.1,1.1,4.23,4.11,4.35
1629678,20221028,101.0,0,0,,0,0.0,0.0,,,1.0,3.0,0.333,0.409,-0.075,0.0,1.0,0.0,0.619,-0.619,13.3,2.0,1.0,1.0,1.0,0.0,0.0,0.0,0.0,0.0,0.0,0.0,0.0,0.0,0.0,0.0,0.0,0.0,0.0,0.0,0.0,0.0,23.0,0.0,0.0,0.0,0.0,0.0,0.0,0.0,0.0,0.0,0.0,0.0,0.0,0.0,0.0,0.0,0.0,0.0,5427.0,1.0,0.5,0.5,4.22,3.88,4.62
201143,20221028,109.0,1,1,1.0,2,0.0,0.0,,1.0,4.0,13.0,0.308,0.506,-0.199,1.0,1.0,1.0,0.731,0.269,41.4,10.0,4.0,6.0,0.0,0.0,1.0,3.0,1.0,0.0,1.0,1.0,0.0,0.0,1.0,1.0,0.0,0.0,0.0,1.0,0.0,0.0,47.0,0.0,0.0,0.0,0.0,0.0,0.0,0.0,0.0,0.0,0.0,0.0,0.0,0.0,0.0,0.0,0.0,0.0,14870.0,2.8,1.5,1.3,3.75,4.26,3.3
1627936,20221028,106.0,0,0,,0,0.0,0.0,,,6.0,9.0,0.667,0.454,0.212,1.0,1.0,1.0,0.631,0.369,23.6,6.0,1.0,5.0,5.0,0.0,0.0,0.0,0.0,1.0,1.0,0.0,1.0,0.0,0.0,0.0,0.0,0.0,0.0,0.0,0.0,0.0,48.0,0.0,0.0,0.0,0.0,0.0,0.0,0.0,0.0,0.0,0.0,0.0,0.0,0.0,0.0,0.0,0.0,0.0,10262.0,1.9,1.1,0.9,4.48,5.17,4.25
1630578,20221028,103.0,0,0,,0,0.0,0.0,,,12.0,17.0,0.706,0.489,0.217,7.0,11.0,0.636,0.601,0.035,25.5,11.0,10.0,1.0,2.0,0.0,3.0,6.0,1.0,0.0,1.0,1.0,0.0,2.0,3.0,5.0,5.0,3.0,0.4,0.6,1.0,0.6,35.0,3.0,2.0,3.0,0.667,0.0,0.0,0.0,4.0,1.333,0.0,0.0,0.0,0.0,0.0,0.0,0.0,0.0,9051.0,1.7,0.9,0.8,3.76,3.85,3.65
203083,20221028,106.0,1,1,1.0,2,,,,1.0,10.0,17.0,0.588,0.496,0.092,8.0,9.0,0.889,0.651,0.238,22.5,11.0,6.0,5.0,4.0,0.0,4.0,9.0,1.0,0.0,1.0,1.0,0.0,1.0,0.0,1.0,1.0,1.0,1.0,0.0,1.0,1.0,39.0,0.0,0.0,0.0,0.0,0.0,0.0,0.0,0.0,0.0,0.0,0.0,0.0,0.0,0.0,0.0,0.0,0.0,8923.0,1.7,0.8,0.9,4.19,4.37,4.05
1629614,20221028,101.0,0,0,,0,0.0,0.0,,,3.0,9.0,0.333,0.517,-0.184,1.0,5.0,0.2,0.665,-0.465,16.0,3.0,1.0,2.0,4.0,0.0,0.0,0.0,0.0,0.0,0.0,0.0,0.0,0.0,0.0,0.0,0.0,0.0,0.0,0.0,0.0,0.0,22.0,0.0,0.0,0.0,0.0,0.0,0.0,0.0,0.0,0.0,0.0,0.0,0.0,0.0,0.0,0.0,0.0,0.0,6838.0,1.3,0.7,0.6,4.46,4.54,4.37
1629014,20221028,101.0,3,7,0.429,9,3.0,7.0,0.429,0.643,5.0,10.0,0.5,0.453,0.047,3.0,4.0,0.75,0.593,0.157,37.9,9.0,4.0,5.0,3.0,0.0,0.0,0.0,0.0,0.0,0.0,0.0,0.0,0.0,0.0,0.0,0.0,0.0,0.0,0.0,0.0,0.0,94.0,0.0,0.0,0.0,0.0,0.0,0.0,0.0,0.0,0.0,0.0,0.0,0.0,0.0,0.0,0.0,0.0,0.0,15053.0,2.9,1.6,1.2,4.29,4.64,3.63
1630162,20221028,108.0,4,11,0.364,11,3.0,8.0,0.375,0.5,5.0,12.0,0.417,0.457,-0.041,1.0,3.0,0.333,0.584,-0.251,38.2,7.0,1.0,6.0,3.0,0.0,0.0,0.0,0.0,0.0,0.0,0.0,0.0,0.0,0.0,0.0,0.0,0.0,0.0,0.0,0.0,0.0,75.0,2.0,0.0,1.0,0.0,0.0,0.0,0.0,0.0,0.0,1.0,0.5,0.0,0.0,0.0,0.0,0.0,0.0,14118.0,2.7,1.4,1.3,3.94,4.0,3.89
1630264,20221028,101.0,0,0,,0,0.0,0.0,,,,,,,,,,,,,,,,,,,,,,,,,,,,,,,,,,,6.0,0.0,0.0,0.0,0.0,0.0,0.0,0.0,0.0,0.0,0.0,0.0,0.0,0.0,0.0,0.0,0.0,0.0,1532.0,0.3,0.2,0.1,3.98,5.27,2.67
1630559,20221028,109.0,0,0,,0,0.0,0.0,,,2.0,7.0,0.286,0.455,-0.17,1.0,2.0,0.5,0.611,-0.111,26.6,5.0,3.0,2.0,0.0,0.0,0.0,0.0,1.0,0.0,1.0,1.0,0.0,0.0,1.0,1.0,1.0,0.0,0.0,1.0,1.0,0.0,37.0,0.0,0.0,0.0,0.0,0.0,0.0,0.0,0.0,0.0,0.0,0.0,0.0,0.0,0.0,0.0,0.0,0.0,10831.0,2.1,1.1,0.9,4.32,4.6,3.65
203085,20221028,108.0,0,0,,0,0.0,0.0,,,3.0,6.0,0.5,0.46,0.04,2.0,3.0,0.667,0.603,0.064,13.3,4.0,3.0,1.0,0.0,0.0,0.0,0.0,0.0,0.0,0.0,0.0,0.0,0.0,0.0,0.0,0.0,0.0,0.0,0.0,0.0,0.0,16.0,0.0,0.0,0.0,0.0,0.0,0.0,0.0,0.0,0.0,0.0,0.0,0.0,0.0,0.0,0.0,0.0,0.0,5627.0,1.1,0.6,0.5,4.53,5.25,3.9
1630245,20221028,106.0,1,2,0.5,3,1.0,1.0,1.0,0.75,3.0,4.0,0.75,0.449,0.301,2.0,2.0,1.0,0.639,0.361,20.3,2.0,1.0,1.0,0.0,0.0,0.0,0.0,0.0,0.0,0.0,0.0,0.0,0.0,1.0,1.0,1.0,1.0,0.0,1.0,1.0,1.0,53.0,0.0,0.0,0.0,0.0,0.0,0.0,0.0,0.0,0.0,0.0,0.0,0.0,0.0,0.0,0.0,0.0,0.0,9017.0,1.7,0.9,0.8,4.72,5.21,4.27
1631097,20221028,101.0,2,3,0.667,5,1.0,2.0,0.5,0.833,4.0,7.0,0.571,0.472,0.099,2.0,2.0,1.0,0.635,0.366,23.1,1.0,0.0,1.0,0.0,1.0,0.0,0.0,0.0,0.0,0.0,0.0,0.0,0.0,0.0,0.0,0.0,0.0,0.0,0.0,0.0,0.0,38.0,0.0,0.0,0.0,0.0,0.0,0.0,0.0,0.0,0.0,0.0,0.0,0.0,0.0,0.0,0.0,0.0,0.0,8891.0,1.7,1.0,0.7,4.12,4.8,3.41
202687,20221028,99.0,0,0,,0,,,,,7.0,13.0,0.538,0.528,0.01,5.0,8.0,0.625,0.663,-0.038,23.3,6.0,6.0,0.0,4.0,0.0,4.0,8.0,1.0,1.0,2.0,0.5,0.5,0.0,5.0,5.0,4.0,3.0,0.0,1.0,1.0,0.75,41.0,0.0,0.0,0.0,0.0,0.0,0.0,0.0,0.0,0.0,0.0,0.0,0.0,0.0,0.0,0.0,0.0,0.0,9900.0,1.9,1.0,0.9,4.52,4.68,4.36
201933,20221028,109.0,0,0,,0,0.0,0.0,,,4.0,6.0,0.667,0.471,0.195,1.0,1.0,1.0,0.667,0.333,11.7,5.0,2.0,3.0,1.0,0.0,1.0,2.0,0.0,1.0,1.0,0.0,1.0,0.0,0.0,0.0,0.0,0.0,0.0,0.0,0.0,0.0,16.0,0.0,0.0,0.0,0.0,0.0,0.0,0.0,0.0,0.0,0.0,0.0,0.0,0.0,0.0,0.0,0.0,0.0,4131.0,0.8,0.4,0.4,3.81,3.89,3.74
1631104,20221028,106.0,0,1,0.0,0,0.0,0.0,,0.0,6.0,8.0,0.75,0.487,0.263,2.0,3.0,0.667,0.664,0.002,15.3,5.0,2.0,3.0,1.0,0.0,0.0,0.0,0.0,0.0,0.0,0.0,0.0,0.0,0.0,0.0,0.0,0.0,0.0,0.0,0.0,0.0,37.0,0.0,0.0,0.0,0.0,0.0,0.0,0.0,0.0,0.0,0.0,0.0,0.0,0.0,0.0,0.0,0.0,0.0,7143.0,1.4,0.8,0.5,5.08,5.2,4.11
1626171,20221028,104.0,0,1,0.0,0,0.0,0.0,,0.0,11.0,18.0,0.611,0.458,0.153,4.0,7.0,0.571,0.615,-0.043,25.2,11.0,4.0,7.0,1.0,0.0,0.0,0.0,0.0,0.0,0.0,0.0,0.0,1.0,0.0,1.0,1.0,1.0,1.0,0.0,1.0,1.0,35.0,4.0,1.0,2.0,0.5,0.0,0.0,0.0,2.0,0.5,1.0,0.25,0.0,0.0,0.0,0.0,0.0,0.0,10375.0,2.0,1.0,1.0,4.46,4.24,4.7
202711,20221028,99.0,0,1,0.0,0,0.0,0.0,,0.0,8.0,9.0,0.889,0.454,0.435,2.0,2.0,1.0,0.624,0.376,30.4,5.0,4.0,1.0,1.0,0.0,2.0,4.0,0.0,0.0,0.0,0.0,0.0,0.0,4.0,4.0,4.0,0.0,0.0,1.0,1.0,0.0,43.0,1.0,0.0,0.0,0.0,0.0,0.0,0.0,0.0,0.0,1.0,1.0,0.0,0.0,0.0,0.0,0.0,0.0,11871.0,2.2,1.2,1.1,4.12,4.65,3.99
1629626,20221028,101.0,0,1,0.0,0,0.0,1.0,0.0,0.0,3.0,10.0,0.3,0.462,-0.162,2.0,2.0,1.0,0.611,0.39,26.6,10.0,6.0,4.0,3.0,0.0,2.0,4.0,0.0,0.0,0.0,0.0,0.0,0.0,1.0,1.0,1.0,0.0,0.0,1.0,1.0,0.0,29.0,1.0,0.0,0.0,0.0,2.0,2.0,1.0,2.0,2.0,0.0,0.0,0.0,0.0,0.0,0.0,1.0,1.0,10550.0,2.0,1.0,1.0,4.24,4.55,3.97
1630538,20221028,,5,9,0.556,15,5.0,9.0,0.556,0.833,4.0,11.0,0.364,0.404,-0.04,2.0,6.0,0.333,0.481,-0.147,24.0,4.0,2.0,2.0,3.0,0.0,0.0,0.0,0.0,0.0,0.0,0.0,0.0,0.0,0.0,0.0,0.0,0.0,0.0,0.0,0.0,0.0,53.0,0.0,0.0,0.0,0.0,0.0,0.0,0.0,0.0,0.0,0.0,0.0,0.0,0.0,0.0,0.0,0.0,0.0,9765.0,1.8,1.0,0.8,4.17,4.52,3.8
203078,20221028,101.0,5,9,0.556,12,2.0,5.0,0.4,0.667,4.0,11.0,0.364,0.463,-0.099,1.0,4.0,0.25,0.637,-0.387,37.2,6.0,3.0,3.0,4.0,0.0,1.0,2.0,1.0,1.0,2.0,0.5,0.5,0.0,0.0,0.0,0.0,0.0,0.0,0.0,0.0,0.0,77.0,2.0,0.0,0.0,0.0,0.0,0.0,0.0,0.0,0.0,1.0,0.5,0.0,0.0,1.0,0.5,0.0,0.0,14814.0,2.8,1.5,1.3,4.27,4.72,3.84
201572,20221028,104.0,1,2,0.5,2,0.0,0.0,,0.5,9.0,18.0,0.5,0.465,0.035,4.0,7.0,0.571,0.629,-0.057,33.4,21.0,17.0,4.0,1.0,0.0,2.0,5.0,0.0,0.0,0.0,0.0,0.0,1.0,1.0,2.0,2.0,1.0,0.5,0.5,1.0,0.5,40.0,1.0,1.0,1.0,1.0,0.0,0.0,0.0,2.0,2.0,0.0,0.0,0.0,0.0,0.0,0.0,0.0,0.0,12476.0,2.4,1.2,1.1,3.98,3.91,3.73
1628971,20221028,97.0,2,2,1.0,5,1.0,1.0,1.0,1.25,6.0,12.0,0.5,0.478,0.022,2.0,3.0,0.667,0.709,-0.042,30.4,8.0,5.0,3.0,1.0,0.0,0.0,0.0,0.0,0.0,0.0,0.0,0.0,0.0,0.0,0.0,0.0,0.0,0.0,0.0,0.0,0.0,51.0,0.0,0.0,0.0,0.0,0.0,0.0,0.0,0.0,0.0,0.0,0.0,0.0,0.0,0.0,0.0,0.0,0.0,11417.0,2.2,1.1,1.0,4.12,4.17,3.71
1631121,20221028,100.0,0,1,0.0,0,,,,0.0,1.0,3.0,0.333,0.414,-0.08,1.0,1.0,1.0,0.509,0.491,5.3,1.0,0.0,1.0,1.0,0.0,0.0,0.0,0.0,0.0,0.0,0.0,0.0,0.0,0.0,0.0,0.0,0.0,0.0,0.0,0.0,0.0,7.0,0.0,0.0,0.0,0.0,0.0,0.0,0.0,0.0,0.0,0.0,0.0,0.0,0.0,0.0,0.0,0.0,0.0,2172.0,0.4,0.2,0.2,4.16,4.7,3.74
1627854,20221028,108.0,0,2,0.0,0,0.0,1.0,0.0,0.0,1.0,2.0,0.5,0.462,0.038,1.0,1.0,1.0,0.709,0.291,8.7,1.0,1.0,0.0,1.0,0.0,0.0,0.0,0.0,0.0,0.0,0.0,0.0,0.0,0.0,0.0,0.0,0.0,0.0,0.0,0.0,0.0,8.0,0.0,0.0,0.0,0.0,0.0,0.0,0.0,0.0,0.0,0.0,0.0,0.0,0.0,0.0,0.0,0.0,0.0,3371.0,0.6,0.4,0.3,3.98,5.37,3.93
1627741,20221028,101.0,5,8,0.625,11,1.0,3.0,0.333,0.688,7.0,14.0,0.5,0.473,0.027,3.0,5.0,0.6,0.638,-0.038,33.4,9.0,4.0,5.0,1.0,0.0,0.0,0.0,1.0,1.0,2.0,0.5,0.5,0.0,0.0,0.0,0.0,0.0,0.0,0.0,0.0,0.0,61.0,0.0,0.0,0.0,0.0,0.0,0.0,0.0,0.0,0.0,0.0,0.0,0.0,0.0,0.0,0.0,0.0,0.0,13841.0,2.6,1.5,1.1,4.44,4.92,3.91
203468,20221028,99.0,4,8,0.5,8,0.0,2.0,0.0,0.5,5.0,10.0,0.5,0.492,0.009,4.0,4.0,1.0,0.682,0.318,34.5,4.0,3.0,1.0,2.0,0.0,0.0,0.0,2.0,1.0,3.0,0.667,0.333,0.0,0.0,0.0,0.0,0.0,0.0,0.0,0.0,0.0,77.0,0.0,0.0,0.0,0.0,0.0,0.0,0.0,0.0,0.0,0.0,0.0,0.0,0.0,0.0,0.0,0.0,0.0,14515.0,2.7,1.6,1.2,4.39,5.37,3.79
1630595,20221028,99.0,7,13,0.538,14,0.0,3.0,0.0,0.538,6.0,15.0,0.4,0.456,-0.056,2.0,2.0,1.0,0.666,0.334,33.2,7.0,2.0,5.0,3.0,0.0,0.0,0.0,1.0,1.0,2.0,0.5,0.5,0.0,2.0,2.0,1.0,1.0,0.0,1.0,1.0,1.0,71.0,0.0,0.0,0.0,0.0,0.0,0.0,0.0,0.0,0.0,0.0,0.0,0.0,0.0,0.0,0.0,0.0,0.0,13105.0,2.5,1.3,1.2,4.26,4.57,3.96
1631216,20221028,101.0,0,1,0.0,0,0.0,1.0,0.0,0.0,4.0,11.0,0.364,0.428,-0.064,2.0,6.0,0.333,0.582,-0.249,24.0,5.0,2.0,3.0,2.0,0.0,0.0,0.0,0.0,0.0,0.0,0.0,0.0,0.0,0.0,0.0,0.0,0.0,0.0,0.0,0.0,0.0,21.0,0.0,0.0,0.0,0.0,0.0,0.0,0.0,0.0,0.0,0.0,0.0,0.0,0.0,0.0,0.0,0.0,0.0,10093.0,1.9,1.1,0.8,4.41,4.66,4.11
1629629,20221028,101.0,0,1,0.0,0,0.0,0.0,,0.0,2.0,6.0,0.333,0.498,-0.165,2.0,4.0,0.5,0.703,-0.203,11.6,1.0,0.0,1.0,1.0,0.0,0.0,0.0,0.0,0.0,0.0,0.0,0.0,0.0,1.0,1.0,1.0,0.0,0.0,1.0,1.0,0.0,10.0,0.0,0.0,0.0,0.0,0.0,0.0,0.0,0.0,0.0,0.0,0.0,0.0,0.0,0.0,0.0,0.0,0.0,4940.0,0.9,0.5,0.5,4.38,5.28,4.5
1629661,20221028,,0,0,,0,0.0,0.0,,,3.0,7.0,0.429,0.463,-0.035,1.0,3.0,0.333,0.613,-0.28,26.9,5.0,4.0,1.0,5.0,0.0,0.0,0.0,0.0,0.0,0.0,0.0,0.0,0.0,1.0,1.0,1.0,0.0,0.0,1.0,1.0,0.0,31.0,0.0,0.0,0.0,0.0,0.0,0.0,0.0,0.0,0.0,0.0,0.0,0.0,0.0,0.0,0.0,0.0,0.0,11470.0,2.2,1.2,1.0,4.58,5.05,4.13
1626166,20221028,99.0,4,7,0.571,9,1.0,2.0,0.5,0.643,1.0,4.0,0.25,0.457,-0.207,0.0,1.0,0.0,0.561,-0.561,17.4,3.0,1.0,2.0,1.0,0.0,0.0,0.0,1.0,0.0,1.0,1.0,0.0,0.0,0.0,0.0,0.0,0.0,0.0,0.0,0.0,0.0,49.0,0.0,0.0,0.0,0.0,0.0,0.0,0.0,0.0,0.0,0.0,0.0,0.0,0.0,0.0,0.0,0.0,0.0,7026.0,1.3,0.8,0.6,4.16,4.92,4.01
1627747,20221028,109.0,6,12,0.5,17,5.0,7.0,0.714,0.708,10.0,19.0,0.526,0.479,0.047,8.0,10.0,0.8,0.639,0.161,42.8,8.0,3.0,5.0,5.0,0.0,1.0,3.0,0.0,2.0,2.0,0.0,1.0,0.0,0.0,0.0,0.0,0.0,0.0,0.0,0.0,0.0,76.0,0.0,0.0,0.0,0.0,0.0,0.0,0.0,0.0,0.0,0.0,0.0,0.0,0.0,0.0,0.0,0.0,0.0,16734.0,3.2,1.7,1.4,4.19,4.26,3.82
1626224,20221028,109.0,1,1,1.0,3,1.0,1.0,1.0,1.5,3.0,5.0,0.6,0.47,0.13,2.0,2.0,1.0,0.631,0.369,22.4,1.0,1.0,0.0,2.0,0.0,0.0,0.0,0.0,0.0,0.0,0.0,0.0,0.0,0.0,0.0,0.0,0.0,0.0,0.0,0.0,0.0,27.0,0.0,0.0,0.0,0.0,0.0,0.0,0.0,0.0,0.0,0.0,0.0,0.0,0.0,0.0,0.0,0.0,0.0,8702.0,1.6,0.9,0.8,3.95,4.03,4.4
1628449,20221028,92.0,0,0,,0,0.0,0.0,,,5.0,11.0,0.455,0.474,-0.019,3.0,6.0,0.5,0.583,-0.083,22.1,7.0,4.0,3.0,0.0,0.0,0.0,0.0,0.0,0.0,0.0,0.0,0.0,0.0,0.0,0.0,0.0,0.0,0.0,0.0,0.0,0.0,25.0,0.0,0.0,0.0,0.0,0.0,0.0,0.0,0.0,0.0,0.0,0.0,0.0,0.0,0.0,0.0,0.0,0.0,8894.0,1.7,0.9,0.8,4.33,4.38,4.27
1630537,20221028,101.0,1,3,0.333,2,0.0,1.0,0.0,0.333,2.0,5.0,0.4,0.477,-0.077,0.0,1.0,0.0,0.471,-0.471,11.6,3.0,1.0,2.0,0.0,0.0,0.0,0.0,0.0,0.0,0.0,0.0,0.0,0.0,1.0,1.0,1.0,0.0,0.0,1.0,1.0,0.0,11.0,0.0,0.0,0.0,0.0,0.0,0.0,0.0,0.0,0.0,0.0,0.0,0.0,0.0,0.0,0.0,0.0,0.0,4944.0,0.9,0.5,0.5,4.24,4.87,4.55
101108,20221028,99.0,1,3,0.333,2,0.0,0.0,,0.333,6.0,13.0,0.462,0.43,0.031,1.0,3.0,0.333,0.618,-0.285,30.6,7.0,2.0,5.0,2.0,0.0,0.0,0.0,0.0,1.0,1.0,0.0,1.0,0.0,0.0,0.0,0.0,0.0,0.0,0.0,0.0,0.0,68.0,0.0,0.0,0.0,0.0,0.0,0.0,0.0,0.0,0.0,0.0,0.0,0.0,0.0,0.0,0.0,0.0,0.0,10867.0,2.1,1.1,0.9,3.85,4.02,3.31
1631128,20221028,97.0,0,1,0.0,0,0.0,1.0,0.0,0.0,5.0,10.0,0.5,0.474,0.027,3.0,3.0,1.0,0.703,0.297,32.4,4.0,3.0,1.0,0.0,0.0,0.0,0.0,0.0,0.0,0.0,0.0,0.0,0.0,0.0,0.0,0.0,0.0,0.0,0.0,0.0,0.0,35.0,0.0,0.0,0.0,0.0,0.0,0.0,0.0,0.0,0.0,0.0,0.0,0.0,0.0,0.0,0.0,0.0,0.0,13222.0,2.5,1.4,1.1,4.31,4.7,3.9
1631132,20221028,92.0,0,0,,0,,,,,3.0,4.0,0.75,0.499,0.251,2.0,2.0,1.0,0.588,0.413,10.0,1.0,1.0,0.0,1.0,0.0,0.0,0.0,0.0,1.0,1.0,0.0,1.0,0.0,0.0,0.0,0.0,0.0,0.0,0.0,0.0,0.0,10.0,0.0,0.0,0.0,0.0,0.0,0.0,0.0,0.0,0.0,0.0,0.0,0.0,0.0,0.0,0.0,0.0,0.0,4229.0,0.8,0.4,0.4,4.48,4.65,4.34
1629643,20221028,101.0,1,2,0.5,2,0.0,1.0,0.0,0.5,7.0,15.0,0.467,0.46,0.007,3.0,4.0,0.75,0.656,0.094,29.0,7.0,3.0,4.0,1.0,0.0,1.0,2.0,0.0,0.0,0.0,0.0,0.0,0.0,1.0,1.0,1.0,0.0,0.0,1.0,1.0,0.0,40.0,0.0,0.0,0.0,0.0,0.0,0.0,0.0,0.0,0.0,0.0,0.0,0.0,0.0,0.0,0.0,0.0,0.0,11967.0,2.3,1.2,1.1,4.44,4.27,4.65
203991,20221028,98.0,0,0,,0,,,,,4.0,12.0,0.333,0.437,-0.104,2.0,5.0,0.4,0.56,-0.16,23.4,10.0,9.0,1.0,0.0,1.0,5.0,12.0,2.0,0.0,2.0,1.0,0.0,0.0,2.0,2.0,1.0,0.0,0.0,1.0,1.0,0.0,38.0,1.0,0.0,1.0,0.0,0.0,0.0,0.0,0.0,0.0,0.0,0.0,0.0,0.0,0.0,0.0,0.0,0.0,8985.0,1.7,0.9,0.8,4.09,4.39,3.79
1629632,20221028,106.0,5,6,0.833,13,3.0,4.0,0.75,1.083,5.0,14.0,0.357,0.463,-0.106,2.0,2.0,1.0,0.645,0.355,30.9,8.0,3.0,5.0,1.0,1.0,0.0,0.0,0.0,1.0,1.0,0.0,1.0,0.0,0.0,0.0,0.0,0.0,0.0,0.0,0.0,0.0,55.0,0.0,0.0,0.0,0.0,0.0,0.0,0.0,0.0,0.0,0.0,0.0,0.0,0.0,0.0,0.0,0.0,0.0,12331.0,2.3,1.2,1.1,4.15,4.52,3.79
1629012,20221028,95.0,1,2,0.5,3,1.0,2.0,0.5,0.75,4.0,6.0,0.667,0.463,0.204,3.0,3.0,1.0,0.639,0.361,16.5,2.0,0.0,2.0,1.0,0.0,0.0,0.0,0.0,0.0,0.0,0.0,0.0,0.0,0.0,0.0,0.0,0.0,0.0,0.0,0.0,0.0,35.0,0.0,0.0,0.0,0.0,0.0,0.0,0.0,0.0,0.0,0.0,0.0,0.0,0.0,0.0,0.0,0.0,0.0,6445.0,1.2,0.6,0.6,4.12,4.59,3.73
202709,20221028,99.0,0,1,0.0,0,0.0,0.0,,0.0,5.0,8.0,0.625,0.487,0.138,2.0,2.0,1.0,0.666,0.334,16.1,3.0,1.0,2.0,0.0,0.0,0.0,0.0,0.0,0.0,0.0,0.0,0.0,0.0,0.0,0.0,0.0,0.0,0.0,0.0,0.0,0.0,32.0,0.0,0.0,0.0,0.0,0.0,0.0,0.0,0.0,0.0,0.0,0.0,0.0,0.0,0.0,0.0,0.0,0.0,6596.0,1.2,0.7,0.6,4.15,4.85,4.14
1626156,20221028,109.0,1,7,0.143,2,0.0,4.0,0.0,0.143,7.0,14.0,0.5,0.494,0.006,5.0,9.0,0.556,0.637,-0.081,30.8,4.0,1.0,3.0,4.0,0.0,0.0,0.0,0.0,1.0,1.0,0.0,1.0,0.0,0.0,0.0,0.0,0.0,0.0,0.0,0.0,0.0,81.0,0.0,0.0,0.0,0.0,0.0,0.0,0.0,0.0,0.0,0.0,0.0,0.0,0.0,0.0,0.0,0.0,0.0,12078.0,2.3,1.3,1.0,4.22,4.71,3.72
1630227,20221028,103.0,0,1,0.0,0,0.0,1.0,0.0,0.0,2.0,4.0,0.5,0.443,0.058,1.0,2.0,0.5,0.642,-0.142,13.5,1.0,0.0,1.0,3.0,0.0,0.0,0.0,0.0,0.0,0.0,0.0,0.0,0.0,0.0,0.0,0.0,0.0,0.0,0.0,0.0,0.0,35.0,0.0,0.0,0.0,0.0,0.0,0.0,0.0,0.0,0.0,0.0,0.0,0.0,0.0,0.0,0.0,0.0,0.0,5220.0,1.0,0.5,0.5,4.14,4.49,3.84
1630625,20221028,92.0,0,0,,0,0.0,0.0,,,1.0,1.0,1.0,0.59,0.41,1.0,1.0,1.0,0.644,0.356,8.8,0.0,0.0,0.0,0.0,0.0,0.0,0.0,0.0,1.0,1.0,0.0,1.0,0.0,0.0,0.0,0.0,0.0,0.0,0.0,0.0,0.0,29.0,0.0,0.0,0.0,0.0,0.0,0.0,0.0,0.0,0.0,0.0,0.0,0.0,0.0,0.0,0.0,0.0,0.0,3578.0,0.7,0.4,0.3,4.46,5.27,3.71
1627745,20221028,95.0,0,0,,0,,,,,5.0,17.0,0.294,0.525,-0.231,3.0,7.0,0.429,0.68,-0.252,23.6,9.0,7.0,2.0,0.0,0.0,2.0,6.0,1.0,0.0,1.0,1.0,0.0,0.0,1.0,1.0,0.0,0.0,0.0,1.0,0.0,0.0,26.0,0.0,0.0,0.0,0.0,0.0,0.0,0.0,0.0,0.0,0.0,0.0,0.0,0.0,0.0,0.0,0.0,0.0,8820.0,1.7,0.9,0.8,4.12,4.4,3.86
1627814,20221028,99.0,0,0,,0,0.0,0.0,,,1.0,4.0,0.25,0.508,-0.258,0.0,1.0,0.0,0.592,-0.592,15.5,1.0,0.0,1.0,1.0,0.0,0.0,0.0,0.0,0.0,0.0,0.0,0.0,0.0,0.0,0.0,0.0,0.0,0.0,0.0,0.0,0.0,18.0,0.0,0.0,0.0,0.0,0.0,0.0,0.0,0.0,0.0,0.0,0.0,0.0,0.0,0.0,0.0,0.0,0.0,6418.0,1.2,0.6,0.6,4.28,4.38,4.19
1629655,20221028,101.0,0,0,,0,,,,,4.0,11.0,0.364,0.511,-0.148,2.0,5.0,0.4,0.618,-0.218,14.9,10.0,9.0,1.0,3.0,0.0,2.0,4.0,0.0,1.0,1.0,0.0,1.0,0.0,0.0,0.0,0.0,0.0,0.0,0.0,0.0,0.0,20.0,0.0,0.0,0.0,0.0,0.0,0.0,0.0,0.0,0.0,0.0,0.0,0.0,0.0,0.0,0.0,0.0,0.0,6307.0,1.2,0.6,0.6,4.45,4.4,4.51
1627863,20221028,93.0,0,0,,0,0.0,0.0,,,4.0,4.0,1.0,0.461,0.539,1.0,1.0,1.0,0.607,0.393,10.5,0.0,0.0,0.0,0.0,0.0,0.0,0.0,0.0,0.0,0.0,0.0,0.0,0.0,1.0,1.0,0.0,0.0,0.0,1.0,0.0,0.0,9.0,0.0,0.0,0.0,0.0,0.0,0.0,0.0,0.0,0.0,0.0,0.0,0.0,0.0,0.0,0.0,0.0,0.0,3888.0,0.7,0.4,0.4,3.81,4.64,4.11
1629631,20221028,98.0,2,6,0.333,4,0.0,2.0,0.0,0.333,4.0,7.0,0.571,0.454,0.117,2.0,3.0,0.667,0.527,0.139,17.5,6.0,3.0,3.0,0.0,0.0,0.0,0.0,0.0,0.0,0.0,0.0,0.0,0.0,1.0,1.0,0.0,0.0,0.0,1.0,0.0,0.0,25.0,0.0,0.0,0.0,0.0,0.0,0.0,0.0,0.0,0.0,0.0,0.0,0.0,0.0,0.0,0.0,0.0,0.0,7009.0,1.3,0.8,0.5,4.24,5.08,3.35
1629001,20221028,93.0,1,2,0.5,2,0.0,1.0,0.0,0.5,4.0,9.0,0.444,0.426,0.018,4.0,5.0,0.8,0.604,0.196,30.8,4.0,0.0,4.0,4.0,0.0,0.0,0.0,1.0,1.0,2.0,0.5,0.5,0.0,0.0,0.0,0.0,0.0,0.0,0.0,0.0,0.0,64.0,0.0,0.0,0.0,0.0,0.0,0.0,0.0,0.0,0.0,0.0,0.0,0.0,0.0,0.0,0.0,0.0,0.0,12870.0,2.4,1.4,1.0,4.42,4.57,4.23
201599,20221028,97.0,0,0,,0,0.0,0.0,,,3.0,9.0,0.333,0.556,-0.223,3.0,4.0,0.75,0.716,0.034,20.5,6.0,5.0,1.0,0.0,0.0,3.0,8.0,0.0,0.0,0.0,0.0,0.0,0.0,1.0,1.0,1.0,1.0,0.0,1.0,1.0,1.0,34.0,0.0,0.0,0.0,0.0,0.0,0.0,0.0,0.0,0.0,0.0,0.0,0.0,0.0,0.0,0.0,0.0,0.0,6684.0,1.3,0.7,0.6,3.52,3.66,3.38
201942,20221028,106.0,7,13,0.538,14,0.0,0.0,,0.538,6.0,9.0,0.667,0.478,0.188,3.0,3.0,1.0,0.657,0.343,35.5,5.0,1.0,4.0,1.0,0.0,0.0,0.0,0.0,0.0,0.0,0.0,0.0,0.0,0.0,0.0,0.0,0.0,0.0,0.0,0.0,0.0,63.0,1.0,0.0,0.0,0.0,0.0,0.0,0.0,0.0,0.0,1.0,1.0,0.0,0.0,0.0,0.0,0.0,0.0,13638.0,2.6,1.4,1.2,4.13,4.43,3.82
1629731,20221028,109.0,0,1,0.0,0,0.0,0.0,,0.0,4.0,9.0,0.444,0.463,-0.018,2.0,4.0,0.5,0.649,-0.149,38.9,8.0,4.0,4.0,2.0,0.0,0.0,0.0,2.0,0.0,2.0,1.0,0.0,0.0,0.0,0.0,0.0,0.0,0.0,0.0,0.0,0.0,31.0,0.0,0.0,0.0,0.0,0.0,0.0,0.0,0.0,0.0,0.0,0.0,0.0,0.0,0.0,0.0,0.0,0.0,15035.0,2.8,1.5,1.4,3.98,4.05,4.22
1629028,20221028,99.0,0,1,0.0,0,,,,0.0,1.0,4.0,0.25,0.515,-0.265,1.0,2.0,0.5,0.64,-0.14,7.7,3.0,2.0,1.0,0.0,0.0,2.0,4.0,0.0,0.0,0.0,0.0,0.0,0.0,0.0,0.0,0.0,0.0,0.0,0.0,0.0,0.0,16.0,0.0,0.0,0.0,0.0,0.0,0.0,0.0,0.0,0.0,0.0,0.0,0.0,0.0,0.0,0.0,0.0,0.0,2631.0,0.5,0.3,0.2,3.78,4.38,3.14
1627749,20221028,98.0,6,12,0.5,13,1.0,3.0,0.333,0.542,7.0,14.0,0.5,0.423,0.077,2.0,6.0,0.333,0.524,-0.191,32.4,8.0,4.0,4.0,3.0,0.0,1.0,2.0,1.0,0.0,1.0,1.0,0.0,0.0,0.0,0.0,0.0,0.0,0.0,0.0,0.0,0.0,58.0,0.0,0.0,0.0,0.0,0.0,0.0,0.0,0.0,0.0,0.0,0.0,0.0,0.0,0.0,0.0,0.0,0.0,12340.0,2.3,1.4,1.0,4.03,4.69,3.65
1630166,20221028,101.0,0,0,,0,0.0,0.0,,,5.0,11.0,0.455,0.469,-0.015,2.0,2.0,1.0,0.634,0.366,20.0,7.0,3.0,4.0,0.0,0.0,0.0,0.0,0.0,0.0,0.0,0.0,0.0,0.0,0.0,0.0,0.0,0.0,0.0,0.0,0.0,0.0,33.0,0.0,0.0,0.0,0.0,0.0,0.0,0.0,0.0,0.0,0.0,0.0,0.0,0.0,0.0,0.0,0.0,0.0,8278.0,1.6,0.8,0.8,4.57,4.64,4.51
1628372,20221028,100.0,0,1,0.0,0,0.0,0.0,,0.0,6.0,11.0,0.545,0.469,0.077,5.0,5.0,1.0,0.645,0.355,27.4,3.0,0.0,3.0,2.0,0.0,0.0,0.0,0.0,0.0,0.0,0.0,0.0,0.0,0.0,0.0,0.0,0.0,0.0,0.0,0.0,0.0,69.0,0.0,0.0,0.0,0.0,0.0,0.0,0.0,0.0,0.0,0.0,0.0,0.0,0.0,0.0,0.0,0.0,0.0,11549.0,2.2,1.2,1.0,4.54,4.95,4.12
1631220,20221028,99.0,0,0,,0,,,,,1.0,2.0,0.5,0.394,0.106,,,,,,2.0,1.0,1.0,0.0,0.0,0.0,0.0,0.0,0.0,0.0,0.0,0.0,0.0,0.0,0.0,0.0,0.0,0.0,0.0,0.0,0.0,0.0,0.0,0.0,0.0,0.0,0.0,0.0,0.0,0.0,0.0,0.0,0.0,0.0,0.0,0.0,0.0,0.0,0.0,0.0,727.0,0.1,0.1,0.1,2.8,9.01,4.08
1627884,20221028,106.0,0,0,,0,,,,,2.0,6.0,0.333,0.49,-0.157,1.0,2.0,0.5,0.661,-0.161,16.4,2.0,0.0,2.0,4.0,0.0,0.0,0.0,0.0,1.0,1.0,0.0,1.0,0.0,0.0,0.0,0.0,0.0,0.0,0.0,0.0,0.0,20.0,0.0,0.0,0.0,0.0,0.0,0.0,0.0,0.0,0.0,0.0,0.0,0.0,0.0,0.0,0.0,0.0,0.0,7150.0,1.4,0.7,0.7,4.85,5.1,4.62
201565,20221028,104.0,2,3,0.667,5,1.0,2.0,0.5,0.833,2.0,6.0,0.333,0.476,-0.143,1.0,3.0,0.333,0.605,-0.271,14.9,1.0,0.0,1.0,0.0,0.0,0.0,0.0,0.0,1.0,1.0,0.0,1.0,0.0,0.0,0.0,0.0,0.0,0.0,0.0,0.0,0.0,28.0,0.0,0.0,0.0,0.0,0.0,0.0,0.0,0.0,0.0,0.0,0.0,0.0,0.0,0.0,0.0,0.0,0.0,6162.0,1.2,0.6,0.6,4.45,5.22,3.87
1628401,20221028,109.0,0,0,,0,0.0,0.0,,,3.0,7.0,0.429,0.492,-0.063,3.0,3.0,1.0,0.685,0.315,22.2,5.0,3.0,2.0,1.0,1.0,0.0,0.0,0.0,0.0,0.0,0.0,0.0,0.0,0.0,0.0,0.0,0.0,0.0,0.0,0.0,0.0,21.0,0.0,0.0,0.0,0.0,0.0,0.0,0.0,0.0,0.0,0.0,0.0,0.0,0.0,0.0,0.0,0.0,0.0,8368.0,1.6,0.8,0.8,4.07,4.87,3.49
1626164,20221028,99.0,3,9,0.333,6,0.0,3.0,0.0,0.333,6.0,11.0,0.545,0.449,0.096,1.0,2.0,0.5,0.636,-0.136,32.6,5.0,1.0,4.0,0.0,0.0,0.0,0.0,0.0,1.0,1.0,0.0,1.0,0.0,0.0,0.0,0.0,0.0,0.0,0.0,0.0,0.0,49.0,0.0,0.0,0.0,0.0,0.0,0.0,0.0,0.0,0.0,0.0,0.0,0.0,0.0,0.0,0.0,0.0,0.0,12429.0,2.4,1.3,1.0,4.09,4.34,3.48
1628984,20221028,106.0,1,3,0.333,3,1.0,3.0,0.333,0.5,8.0,14.0,0.571,0.453,0.119,4.0,6.0,0.667,0.599,0.068,28.1,4.0,0.0,4.0,3.0,0.0,1.0,3.0,0.0,1.0,1.0,0.0,1.0,0.0,0.0,0.0,0.0,0.0,0.0,0.0,0.0,0.0,49.0,0.0,0.0,0.0,0.0,0.0,0.0,0.0,0.0,0.0,0.0,0.0,0.0,0.0,0.0,0.0,0.0,0.0,10830.0,2.1,1.1,0.9,4.15,4.47,3.47
1628378,20221028,109.0,7,14,0.5,16,2.0,4.0,0.5,0.571,9.0,17.0,0.529,0.452,0.078,5.0,8.0,0.625,0.63,-0.005,45.7,5.0,1.0,4.0,2.0,1.0,1.0,2.0,0.0,1.0,1.0,0.0,1.0,0.0,0.0,0.0,0.0,0.0,0.0,0.0,0.0,0.0,107.0,0.0,0.0,0.0,0.0,0.0,0.0,0.0,0.0,0.0,0.0,0.0,0.0,0.0,0.0,0.0,0.0,0.0,16747.0,3.2,1.8,1.3,3.87,4.09,3.37
203926,20221028,106.0,1,1,1.0,2,0.0,0.0,,1.0,6.0,14.0,0.429,0.509,-0.081,3.0,7.0,0.429,0.643,-0.215,26.7,4.0,2.0,2.0,0.0,0.0,0.0,0.0,0.0,0.0,0.0,0.0,0.0,0.0,0.0,0.0,0.0,0.0,0.0,0.0,0.0,0.0,35.0,0.0,0.0,0.0,0.0,0.0,0.0,0.0,0.0,0.0,0.0,0.0,0.0,0.0,0.0,0.0,0.0,0.0,11991.0,2.3,1.4,0.9,4.8,5.61,3.91
1629234,20221028,101.0,0,0,,0,,,,,6.0,10.0,0.6,0.466,0.134,5.0,6.0,0.833,0.602,0.232,13.6,3.0,3.0,0.0,3.0,0.0,4.0,11.0,1.0,0.0,1.0,1.0,0.0,0.0,1.0,1.0,1.0,0.0,0.0,1.0,1.0,0.0,15.0,0.0,0.0,0.0,0.0,0.0,0.0,0.0,0.0,0.0,0.0,0.0,0.0,0.0,0.0,0.0,0.0,0.0,5460.0,1.0,0.5,0.5,4.09,4.28,3.91
1630613,20221028,104.0,0,0,,0,0.0,0.0,,,1.0,1.0,1.0,0.374,0.626,,,,,,1.6,1.0,0.0,1.0,0.0,0.0,0.0,0.0,0.0,0.0,0.0,0.0,0.0,0.0,0.0,0.0,0.0,0.0,0.0,0.0,0.0,0.0,4.0,0.0,0.0,0.0,0.0,0.0,0.0,0.0,0.0,0.0,0.0,0.0,0.0,0.0,0.0,0.0,0.0,0.0,664.0,0.1,0.1,0.0,3.41,4.57,0.0
201569,20221028,,0,1,0.0,0,0.0,1.0,0.0,0.0,2.0,6.0,0.333,0.475,-0.142,1.0,1.0,1.0,0.629,0.371,33.3,3.0,2.0,1.0,4.0,0.0,0.0,0.0,0.0,0.0,0.0,0.0,0.0,0.0,0.0,0.0,0.0,0.0,0.0,0.0,0.0,0.0,48.0,0.0,0.0,0.0,0.0,0.0,0.0,0.0,0.0,0.0,0.0,0.0,0.0,0.0,0.0,0.0,0.0,0.0,10858.0,2.1,1.1,1.0,3.56,3.99,3.18
203095,20221028,104.0,3,8,0.375,8,2.0,5.0,0.4,0.5,5.0,6.0,0.833,0.473,0.36,4.0,4.0,1.0,0.653,0.347,20.1,3.0,1.0,2.0,0.0,0.0,0.0,0.0,0.0,0.0,0.0,0.0,0.0,0.0,0.0,0.0,0.0,0.0,0.0,0.0,0.0,0.0,40.0,0.0,0.0,0.0,0.0,0.0,0.0,0.0,0.0,0.0,0.0,0.0,0.0,0.0,0.0,0.0,0.0,0.0,8879.0,1.7,1.0,0.7,4.73,4.85,4.56
1630596,20221028,109.0,1,2,0.5,2,0.0,0.0,,0.5,9.0,21.0,0.429,0.461,-0.033,7.0,15.0,0.467,0.619,-0.152,42.0,15.0,10.0,5.0,1.0,0.0,3.0,6.0,0.0,1.0,1.0,0.0,1.0,0.0,1.0,1.0,1.0,1.0,0.0,1.0,1.0,1.0,64.0,4.0,1.0,1.0,1.0,2.0,4.0,0.5,4.0,1.0,1.0,0.25,1.0,0.25,0.0,0.0,2.0,0.5,15975.0,3.0,1.7,1.3,3.95,4.1,3.77
1626163,20221028,103.0,0,0,,0,,,,,0.0,2.0,0.0,0.442,-0.442,0.0,1.0,0.0,0.549,-0.549,,,,,,,,,,,,,,,,,,,,,,,10.0,0.0,0.0,0.0,0.0,0.0,0.0,0.0,0.0,0.0,0.0,0.0,0.0,0.0,0.0,0.0,0.0,0.0,1115.0,0.2,0.1,0.1,3.62,3.47,3.77
1630532,20221028,101.0,0,2,0.0,0,0.0,1.0,0.0,0.0,2.0,6.0,0.333,0.435,-0.102,1.0,2.0,0.5,0.602,-0.102,23.4,1.0,0.0,1.0,4.0,0.0,0.0,0.0,0.0,1.0,1.0,0.0,1.0,0.0,3.0,3.0,3.0,0.0,0.0,1.0,1.0,0.0,51.0,1.0,1.0,1.0,1.0,0.0,0.0,0.0,2.0,2.0,0.0,0.0,0.0,0.0,0.0,0.0,0.0,0.0,9556.0,1.8,0.9,0.9,4.33,4.71,3.99
1627832,20221028,92.0,0,3,0.0,0,0.0,3.0,0.0,0.0,10.0,21.0,0.476,0.456,0.02,3.0,8.0,0.375,0.56,-0.185,34.2,7.0,0.0,7.0,0.0,0.0,0.0,0.0,0.0,0.0,0.0,0.0,0.0,0.0,0.0,0.0,0.0,0.0,0.0,0.0,0.0,0.0,64.0,0.0,0.0,0.0,0.0,0.0,0.0,0.0,0.0,0.0,0.0,0.0,0.0,0.0,0.0,0.0,0.0,0.0,13721.0,2.6,1.3,1.3,4.35,4.49,4.22
1627788,20221028,93.0,0,0,,0,,,,,,,,,,,,,,,,,,,,,,,,,,,,,,,,,,,,,5.0,0.0,0.0,0.0,0.0,0.0,0.0,0.0,0.0,0.0,0.0,0.0,0.0,0.0,0.0,0.0,0.0,0.0,847.0,0.2,0.1,0.1,4.84,4.09,5.93
202066,20221028,99.0,0,0,,0,0.0,0.0,,,1.0,2.0,0.5,0.489,0.012,1.0,1.0,1.0,0.634,0.366,17.1,1.0,0.0,1.0,3.0,0.0,0.0,0.0,0.0,0.0,0.0,0.0,0.0,0.0,0.0,0.0,0.0,0.0,0.0,0.0,0.0,0.0,24.0,0.0,0.0,0.0,0.0,0.0,0.0,0.0,0.0,0.0,0.0,0.0,0.0,0.0,0.0,0.0,0.0,0.0,6961.0,1.3,0.7,0.6,4.17,4.48,3.85
1629726,20221028,98.0,0,0,,0,0.0,0.0,,,3.0,3.0,1.0,0.496,0.504,2.0,2.0,1.0,0.637,0.363,13.8,1.0,0.0,1.0,0.0,0.0,0.0,0.0,0.0,0.0,0.0,0.0,0.0,0.0,0.0,0.0,0.0,0.0,0.0,0.0,0.0,0.0,16.0,0.0,0.0,0.0,0.0,0.0,0.0,0.0,0.0,0.0,0.0,0.0,0.0,0.0,0.0,0.0,0.0,0.0,5551.0,1.1,0.6,0.5,4.45,4.75,4.11
1629018,20221028,92.0,3,8,0.375,6,0.0,3.0,0.0,0.375,4.0,10.0,0.4,0.455,-0.055,0.0,1.0,0.0,0.531,-0.531,33.0,4.0,1.0,3.0,2.0,0.0,0.0,0.0,1.0,1.0,2.0,0.5,0.5,0.0,0.0,0.0,0.0,0.0,0.0,0.0,0.0,0.0,46.0,0.0,0.0,0.0,0.0,0.0,0.0,0.0,0.0,0.0,0.0,0.0,0.0,0.0,0.0,0.0,0.0,0.0,11507.0,2.2,1.1,1.1,3.78,3.99,3.58
201588,20221028,101.0,1,1,1.0,2,0.0,0.0,,1.0,2.0,6.0,0.333,0.434,-0.101,1.0,1.0,1.0,0.5,0.5,26.6,4.0,2.0,2.0,2.0,0.0,0.0,0.0,0.0,0.0,0.0,0.0,0.0,0.0,0.0,0.0,0.0,0.0,0.0,0.0,0.0,0.0,44.0,0.0,0.0,0.0,0.0,0.0,0.0,0.0,0.0,0.0,0.0,0.0,0.0,0.0,0.0,0.0,0.0,0.0,10710.0,2.0,1.1,0.9,4.29,4.4,4.17
1627777,20221028,93.0,0,0,,0,0.0,0.0,,,2.0,10.0,0.2,0.447,-0.247,1.0,3.0,0.333,0.627,-0.293,19.9,4.0,1.0,3.0,0.0,0.0,1.0,3.0,0.0,0.0,0.0,0.0,0.0,0.0,2.0,2.0,2.0,2.0,0.0,1.0,1.0,1.0,26.0,0.0,0.0,0.0,0.0,0.0,0.0,0.0,0.0,0.0,0.0,0.0,0.0,0.0,0.0,0.0,0.0,0.0,7539.0,1.4,0.8,0.6,3.95,4.81,3.2
203507,20221028,104.0,1,7,0.143,3,1.0,4.0,0.25,0.214,4.0,13.0,0.308,0.49,-0.182,2.0,4.0,0.5,0.648,-0.148,38.9,6.0,6.0,0.0,1.0,0.0,2.0,5.0,1.0,1.0,2.0,0.5,0.5,0.0,0.0,0.0,0.0,0.0,0.0,0.0,0.0,0.0,99.0,5.0,1.0,1.0,1.0,0.0,0.0,0.0,2.0,0.4,4.0,0.8,3.0,0.6,0.0,0.0,0.0,0.0,14760.0,2.8,1.6,1.2,4.01,4.57,3.46
1629048,20221028,101.0,0,0,,0,,,,,2.0,2.0,1.0,0.606,0.394,1.0,1.0,1.0,0.774,0.226,2.5,1.0,1.0,0.0,0.0,0.0,1.0,3.0,0.0,0.0,0.0,0.0,0.0,0.0,0.0,0.0,0.0,0.0,0.0,0.0,0.0,0.0,4.0,0.0,0.0,0.0,0.0,0.0,0.0,0.0,0.0,0.0,0.0,0.0,0.0,0.0,0.0,0.0,0.0,0.0,931.0,0.2,0.1,0.1,4.39,4.64,4.17
201609,20221028,104.0,3,4,0.75,7,1.0,2.0,0.5,0.875,3.0,5.0,0.6,0.414,0.186,1.0,2.0,0.5,0.525,-0.025,21.8,2.0,1.0,1.0,0.0,0.0,0.0,0.0,0.0,2.0,2.0,0.0,1.0,0.0,0.0,0.0,0.0,0.0,0.0,0.0,0.0,0.0,48.0,0.0,0.0,0.0,0.0,0.0,0.0,0.0,0.0,0.0,0.0,0.0,0.0,0.0,0.0,0.0,0.0,0.0,8967.0,1.7,0.9,0.8,4.32,4.83,3.86
202330,20221028,100.0,3,5,0.6,7,1.0,2.0,0.5,0.7,0.0,1.0,0.0,0.423,-0.423,,,,,,26.5,1.0,0.0,1.0,2.0,0.0,0.0,0.0,0.0,1.0,1.0,0.0,1.0,0.0,0.0,0.0,0.0,0.0,0.0,0.0,0.0,0.0,59.0,1.0,0.0,0.0,0.0,1.0,2.0,0.5,1.0,1.0,0.0,0.0,0.0,0.0,0.0,0.0,1.0,1.0,10729.0,2.0,1.2,0.8,4.25,4.73,3.69
1628960,20221028,104.0,1,2,0.5,3,1.0,1.0,1.0,0.75,3.0,12.0,0.25,0.419,-0.169,1.0,1.0,1.0,0.668,0.332,28.8,5.0,2.0,3.0,1.0,0.0,0.0,0.0,0.0,1.0,1.0,0.0,1.0,0.0,0.0,0.0,0.0,0.0,0.0,0.0,0.0,0.0,41.0,0.0,0.0,0.0,0.0,0.0,0.0,0.0,0.0,0.0,0.0,0.0,0.0,0.0,0.0,0.0,0.0,0.0,12087.0,2.3,1.2,1.1,4.35,4.68,4.03
1630535,20221028,101.0,0,0,,0,,,,,,,,,,,,,,,1.0,0.0,0.0,0.0,2.0,0.0,0.0,0.0,0.0,0.0,0.0,0.0,0.0,0.0,0.0,0.0,0.0,0.0,0.0,0.0,0.0,0.0,1.0,0.0,0.0,0.0,0.0,0.0,0.0,0.0,0.0,0.0,0.0,0.0,0.0,0.0,0.0,0.0,0.0,0.0,458.0,0.1,0.0,0.1,5.2,0.0,8.84
1628977,20221028,99.0,0,0,,0,0.0,0.0,,,1.0,4.0,0.25,0.464,-0.214,1.0,3.0,0.333,0.629,-0.296,14.6,1.0,1.0,0.0,2.0,0.0,0.0,0.0,0.0,0.0,0.0,0.0,0.0,0.0,1.0,1.0,0.0,0.0,0.0,1.0,0.0,0.0,30.0,0.0,0.0,0.0,0.0,0.0,0.0,0.0,0.0,0.0,0.0,0.0,0.0,0.0,0.0,0.0,0.0,0.0,6178.0,1.2,0.6,0.5,4.56,4.59,3.78
1630193,20221028,104.0,1,3,0.333,3,1.0,2.0,0.5,0.5,7.0,18.0,0.389,0.474,-0.086,4.0,8.0,0.5,0.688,-0.188,27.9,6.0,3.0,3.0,7.0,0.0,0.0,0.0,0.0,0.0,0.0,0.0,0.0,0.0,0.0,0.0,0.0,0.0,0.0,0.0,0.0,0.0,45.0,0.0,0.0,0.0,0.0,0.0,0.0,0.0,0.0,0.0,0.0,0.0,0.0,0.0,0.0,0.0,0.0,0.0,11294.0,2.1,1.1,1.1,4.19,5.19,3.81
1630171,20221028,109.0,0,0,,0,0.0,0.0,,,2.0,3.0,0.667,0.48,0.186,1.0,1.0,1.0,0.657,0.343,5.4,2.0,2.0,0.0,0.0,0.0,0.0,0.0,0.0,0.0,0.0,0.0,0.0,0.0,0.0,0.0,0.0,0.0,0.0,0.0,0.0,0.0,7.0,0.0,0.0,0.0,0.0,0.0,0.0,0.0,0.0,0.0,0.0,0.0,0.0,0.0,0.0,0.0,0.0,0.0,2390.0,0.5,0.2,0.2,5.1,3.55,4.79
1628392,20221028,104.0,1,1,1.0,2,0.0,0.0,,1.0,8.0,22.0,0.364,0.514,-0.15,6.0,9.0,0.667,0.688,-0.021,27.6,14.0,12.0,2.0,2.0,0.0,3.0,6.0,0.0,0.0,0.0,0.0,0.0,0.0,8.0,8.0,3.0,1.0,0.0,1.0,0.75,0.25,41.0,0.0,0.0,0.0,0.0,0.0,0.0,0.0,0.0,0.0,0.0,0.0,0.0,0.0,0.0,0.0,0.0,0.0,11557.0,2.2,1.2,1.0,4.46,4.87,4.06
1630543,20221028,101.0,0,0,,0,,,,,2.0,5.0,0.4,0.536,-0.136,0.0,3.0,0.0,0.682,-0.682,12.3,5.0,4.0,1.0,0.0,0.0,3.0,7.0,0.0,0.0,0.0,0.0,0.0,0.0,0.0,0.0,0.0,0.0,0.0,0.0,0.0,0.0,24.0,0.0,0.0,0.0,0.0,0.0,0.0,0.0,0.0,0.0,0.0,0.0,0.0,0.0,0.0,0.0,0.0,0.0,5222.0,1.0,0.5,0.5,4.56,4.45,4.69
1630587,20221028,99.0,0,1,0.0,0,0.0,1.0,0.0,0.0,3.0,7.0,0.429,0.496,-0.067,3.0,7.0,0.429,0.642,-0.214,15.2,6.0,6.0,0.0,0.0,0.0,0.0,0.0,1.0,0.0,1.0,1.0,0.0,0.0,2.0,2.0,1.0,0.0,0.0,1.0,1.0,0.0,20.0,0.0,0.0,0.0,0.0,0.0,0.0,0.0,0.0,0.0,0.0,0.0,0.0,0.0,0.0,0.0,0.0,0.0,6139.0,1.2,0.6,0.6,4.39,4.35,4.43
1629676,20221028,104.0,0,1,0.0,0,0.0,1.0,0.0,0.0,1.0,2.0,0.5,0.513,-0.013,0.0,1.0,0.0,0.692,-0.692,6.0,2.0,2.0,0.0,1.0,0.0,0.0,0.0,0.0,0.0,0.0,0.0,0.0,0.0,0.0,0.0,0.0,0.0,0.0,0.0,0.0,0.0,9.0,0.0,0.0,0.0,0.0,0.0,0.0,0.0,0.0,0.0,0.0,0.0,0.0,0.0,0.0,0.0,0.0,0.0,2617.0,0.5,0.3,0.2,4.67,5.35,3.92
1630191,20221028,99.0,0,0,,0,0.0,0.0,,,11.0,19.0,0.579,0.519,0.06,3.0,5.0,0.6,0.665,-0.065,29.4,17.0,13.0,4.0,0.0,0.0,5.0,10.0,1.0,0.0,1.0,1.0,0.0,1.0,3.0,4.0,4.0,2.0,0.25,0.75,1.0,0.5,42.0,0.0,0.0,0.0,0.0,0.0,0.0,0.0,0.0,0.0,0.0,0.0,0.0,0.0,0.0,0.0,0.0,0.0,11040.0,2.1,1.1,1.0,4.02,4.37,3.69
1630225,20221028,101.0,0,0,,0,0.0,0.0,,,,,,,,,,,,,,,,,,,,,,,,,,,,,,,,,,,1.0,0.0,0.0,0.0,0.0,0.0,0.0,0.0,0.0,0.0,0.0,0.0,0.0,0.0,0.0,0.0,0.0,0.0,357.0,0.1,0.0,0.0,5.27,0.0,0.0
202397,20221028,97.0,1,2,0.5,2,,,,0.5,0.0,1.0,0.0,0.15,-0.15,,,,,,,,,,,,,,,,,,,,,,,,,,,,10.0,0.0,0.0,0.0,0.0,0.0,0.0,0.0,0.0,0.0,0.0,0.0,0.0,0.0,0.0,0.0,0.0,0.0,1285.0,0.2,0.2,0.1,3.21,4.86,4.73
1630550,20221028,100.0,0,0,,0,0.0,0.0,,,2.0,5.0,0.4,0.465,-0.065,1.0,1.0,1.0,0.826,0.174,14.2,4.0,2.0,2.0,0.0,0.0,0.0,0.0,0.0,0.0,0.0,0.0,0.0,0.0,1.0,1.0,1.0,1.0,0.0,1.0,1.0,1.0,15.0,0.0,0.0,0.0,0.0,0.0,0.0,0.0,0.0,0.0,0.0,0.0,0.0,0.0,0.0,0.0,0.0,0.0,5886.0,1.1,0.6,0.5,4.37,4.73,4.0
1631095,20221028,103.0,0,2,0.0,0,0.0,0.0,,0.0,7.0,16.0,0.438,0.478,-0.04,4.0,9.0,0.444,0.619,-0.174,32.2,10.0,7.0,3.0,4.0,0.0,1.0,2.0,1.0,0.0,1.0,1.0,0.0,0.0,0.0,0.0,0.0,0.0,0.0,0.0,0.0,0.0,37.0,3.0,1.0,2.0,0.5,0.0,0.0,0.0,2.0,0.667,0.0,0.0,0.0,0.0,0.0,0.0,0.0,0.0,11953.0,2.3,1.2,1.1,4.02,4.22,3.83
1631133,20221028,101.0,0,0,,0,0.0,0.0,,,1.0,1.0,1.0,0.465,0.535,,,,,,1.0,1.0,1.0,0.0,0.0,0.0,0.0,0.0,0.0,0.0,0.0,0.0,0.0,0.0,0.0,0.0,0.0,0.0,0.0,0.0,0.0,0.0,2.0,0.0,0.0,0.0,0.0,0.0,0.0,0.0,0.0,0.0,0.0,0.0,0.0,0.0,0.0,0.0,0.0,0.0,348.0,0.1,0.0,0.0,5.2,0.0,0.0
1631298,20221028,97.0,0,0,,0,,,,,1.0,1.0,1.0,0.819,0.181,1.0,1.0,1.0,0.887,0.113,,,,,,,,,,,,,,,,,,,,,,,1.0,0.0,0.0,0.0,0.0,0.0,0.0,0.0,0.0,0.0,0.0,0.0,0.0,0.0,0.0,0.0,0.0,0.0,493.0,0.1,0.1,0.0,4.11,5.71,0.0
1631093,20221028,99.0,3,4,0.75,8,2.0,3.0,0.667,1.0,10.0,12.0,0.833,0.503,0.33,6.0,6.0,1.0,0.634,0.366,23.4,6.0,3.0,3.0,0.0,0.0,0.0,0.0,0.0,0.0,0.0,0.0,0.0,0.0,0.0,0.0,0.0,0.0,0.0,0.0,0.0,0.0,39.0,0.0,0.0,0.0,0.0,0.0,0.0,0.0,0.0,0.0,0.0,0.0,0.0,0.0,0.0,0.0,0.0,0.0,9440.0,1.8,1.0,0.8,4.42,4.85,3.97
1630183,20221028,108.0,1,3,0.333,3,1.0,2.0,0.5,0.5,7.0,20.0,0.35,0.475,-0.125,5.0,14.0,0.357,0.632,-0.275,29.1,14.0,9.0,5.0,2.0,0.0,0.0,0.0,0.0,0.0,0.0,0.0,0.0,0.0,0.0,0.0,0.0,0.0,0.0,0.0,0.0,0.0,32.0,0.0,0.0,0.0,0.0,0.0,0.0,0.0,0.0,0.0,0.0,0.0,0.0,0.0,0.0,0.0,0.0,0.0,12468.0,2.4,1.2,1.1,4.67,4.8,4.15
1630531,20221028,93.0,0,0,,0,,,,,,,,,,,,,,,,,,,,,,,,,,,,,,,,,,,,,3.0,0.0,0.0,0.0,0.0,0.0,0.0,0.0,0.0,0.0,0.0,0.0,0.0,0.0,0.0,0.0,0.0,0.0,876.0,0.2,0.1,0.1,4.85,4.09,5.95
1630256,20221028,103.0,0,1,0.0,0,0.0,0.0,,0.0,7.0,10.0,0.7,0.491,0.209,4.0,5.0,0.8,0.606,0.194,17.8,4.0,1.0,3.0,3.0,1.0,1.0,3.0,0.0,1.0,1.0,0.0,1.0,0.0,1.0,1.0,1.0,0.0,0.0,1.0,1.0,0.0,35.0,1.0,0.0,0.0,0.0,0.0,0.0,0.0,0.0,0.0,0.0,0.0,0.0,0.0,0.0,0.0,0.0,0.0,7945.0,1.5,0.8,0.7,4.27,4.76,3.81
1627751,20221028,92.0,0,0,,0,,,,,10.0,21.0,0.476,0.532,-0.056,6.0,11.0,0.545,0.653,-0.107,30.2,11.0,8.0,3.0,2.0,0.0,4.0,8.0,0.0,0.0,0.0,0.0,0.0,1.0,0.0,1.0,1.0,1.0,1.0,0.0,1.0,1.0,67.0,1.0,1.0,1.0,1.0,0.0,0.0,0.0,2.0,2.0,0.0,0.0,0.0,0.0,0.0,0.0,0.0,0.0,12927.0,2.4,1.4,1.1,4.5,5.0,4.36
1628973,20221028,104.0,1,5,0.2,3,1.0,3.0,0.333,0.3,5.0,18.0,0.278,0.467,-0.189,2.0,4.0,0.5,0.653,-0.153,33.1,8.0,2.0,6.0,1.0,0.0,0.0,0.0,1.0,0.0,1.0,1.0,0.0,0.0,1.0,1.0,1.0,1.0,0.0,1.0,1.0,1.0,67.0,0.0,0.0,0.0,0.0,0.0,0.0,0.0,0.0,0.0,0.0,0.0,0.0,0.0,0.0,0.0,0.0,0.0,14642.0,2.8,1.6,1.2,4.73,5.27,4.17
1631105,20221028,99.0,0,0,,0,,,,,5.0,12.0,0.417,0.503,-0.087,4.0,6.0,0.667,0.669,-0.002,23.3,12.0,9.0,3.0,0.0,0.0,5.0,11.0,0.0,0.0,0.0,0.0,0.0,1.0,0.0,1.0,1.0,1.0,1.0,0.0,1.0,1.0,31.0,1.0,0.0,1.0,0.0,0.0,0.0,0.0,0.0,0.0,0.0,0.0,0.0,0.0,0.0,0.0,0.0,0.0,8809.0,1.7,0.9,0.8,4.13,4.48,3.8
1630224,20221028,103.0,1,11,0.091,2,0.0,6.0,0.0,0.091,7.0,11.0,0.636,0.497,0.14,6.0,9.0,0.667,0.668,-0.001,31.5,2.0,0.0,2.0,0.0,0.0,0.0,0.0,0.0,1.0,1.0,0.0,1.0,0.0,0.0,0.0,0.0,0.0,0.0,0.0,0.0,0.0,62.0,0.0,0.0,0.0,0.0,0.0,0.0,0.0,0.0,0.0,0.0,0.0,0.0,0.0,0.0,0.0,0.0,0.0,12298.0,2.3,1.4,1.0,4.12,4.98,3.61
1630552,20221028,98.0,0,0,,0,0.0,0.0,,,2.0,8.0,0.25,0.463,-0.213,2.0,3.0,0.667,0.605,0.062,21.2,2.0,0.0,2.0,0.0,1.0,1.0,2.0,0.0,0.0,0.0,0.0,0.0,0.0,3.0,3.0,2.0,1.0,0.0,1.0,1.0,0.5,25.0,0.0,0.0,0.0,0.0,0.0,0.0,0.0,0.0,0.0,0.0,0.0,0.0,0.0,0.0,0.0,0.0,0.0,8524.0,1.6,0.9,0.7,4.26,4.93,3.64
1629667,20221028,93.0,0,2,0.0,0,0.0,0.0,,0.0,4.0,6.0,0.667,0.445,0.222,2.0,2.0,1.0,0.641,0.36,22.1,2.0,1.0,1.0,1.0,0.0,1.0,3.0,0.0,0.0,0.0,0.0,0.0,0.0,0.0,0.0,0.0,0.0,0.0,0.0,0.0,0.0,35.0,0.0,0.0,0.0,0.0,0.0,0.0,0.0,0.0,0.0,0.0,0.0,0.0,0.0,0.0,0.0,0.0,0.0,9520.0,1.8,1.0,0.8,4.55,5.49,3.75
1630188,20221028,101.0,0,1,0.0,0,,,,0.0,4.0,11.0,0.364,0.457,-0.093,3.0,6.0,0.5,0.625,-0.125,31.1,7.0,5.0,2.0,0.0,1.0,0.0,0.0,0.0,0.0,0.0,0.0,0.0,0.0,1.0,1.0,1.0,1.0,0.0,1.0,1.0,1.0,47.0,1.0,1.0,1.0,1.0,0.0,0.0,0.0,2.0,2.0,0.0,0.0,0.0,0.0,0.0,0.0,0.0,0.0,12555.0,2.4,1.3,1.0,4.39,4.6,3.79
1627750,20221028,97.0,2,4,0.5,5,1.0,2.0,0.5,0.625,5.0,8.0,0.625,0.471,0.154,2.0,3.0,0.667,0.62,0.047,20.6,3.0,2.0,1.0,0.0,0.0,0.0,0.0,0.0,0.0,0.0,0.0,0.0,0.0,1.0,1.0,1.0,0.0,0.0,1.0,1.0,0.0,40.0,0.0,0.0,0.0,0.0,0.0,0.0,0.0,0.0,0.0,0.0,0.0,0.0,0.0,0.0,0.0,0.0,0.0,7835.0,1.5,0.8,0.7,4.17,4.45,3.89
1630547,20221028,100.0,1,3,0.333,3,1.0,2.0,0.5,0.5,5.0,12.0,0.417,0.418,-0.001,3.0,5.0,0.6,0.619,-0.019,26.2,5.0,0.0,5.0,2.0,0.0,0.0,0.0,0.0,0.0,0.0,0.0,0.0,0.0,0.0,0.0,0.0,0.0,0.0,0.0,0.0,0.0,30.0,0.0,0.0,0.0,0.0,0.0,0.0,0.0,0.0,0.0,0.0,0.0,0.0,0.0,0.0,0.0,0.0,0.0,10802.0,2.0,1.1,0.9,4.25,4.92,3.65
201935,20221028,93.0,1,2,0.5,2,0.0,1.0,0.0,0.5,1.0,10.0,0.1,0.449,-0.349,0.0,2.0,0.0,0.542,-0.542,33.7,8.0,3.0,5.0,1.0,0.0,0.0,0.0,0.0,0.0,0.0,0.0,0.0,0.0,1.0,1.0,1.0,0.0,0.0,1.0,1.0,0.0,78.0,0.0,0.0,0.0,0.0,0.0,0.0,0.0,0.0,0.0,0.0,0.0,0.0,0.0,0.0,0.0,0.0,0.0,10423.0,2.0,1.1,0.9,3.35,3.38,3.33
1629020,20221028,109.0,0,0,,0,,,,,7.0,15.0,0.467,0.561,-0.094,2.0,4.0,0.5,0.756,-0.256,28.3,6.0,4.0,2.0,1.0,0.0,4.0,11.0,0.0,2.0,2.0,0.0,1.0,0.0,1.0,1.0,1.0,0.0,0.0,1.0,1.0,0.0,39.0,0.0,0.0,0.0,0.0,0.0,0.0,0.0,0.0,0.0,0.0,0.0,0.0,0.0,0.0,0.0,0.0,0.0,11082.0,2.1,1.1,1.0,4.17,4.47,3.88
1628386,20221028,109.0,1,1,1.0,2,0.0,0.0,,1.0,5.0,9.0,0.556,0.453,0.103,1.0,2.0,0.5,0.66,-0.16,39.7,9.0,4.0,5.0,2.0,0.0,7.0,18.0,1.0,0.0,1.0,1.0,0.0,1.0,1.0,2.0,1.0,1.0,0.5,0.5,1.0,1.0,48.0,4.0,0.0,2.0,0.0,0.0,0.0,0.0,0.0,0.0,1.0,0.25,0.0,0.0,0.0,0.0,0.0,0.0,14763.0,2.8,1.5,1.3,3.93,4.01,3.84
1629750,20221028,106.0,0,0,,0,0.0,0.0,,,3.0,10.0,0.3,0.463,-0.163,0.0,2.0,0.0,0.684,-0.684,24.4,6.0,3.0,3.0,4.0,0.0,0.0,0.0,1.0,1.0,2.0,0.5,0.5,0.0,0.0,0.0,0.0,0.0,0.0,0.0,0.0,0.0,41.0,0.0,0.0,0.0,0.0,0.0,0.0,0.0,0.0,0.0,0.0,0.0,0.0,0.0,0.0,0.0,0.0,0.0,10457.0,2.0,1.0,1.0,4.5,4.83,4.22
1629637,20221028,99.0,0,0,,0,,,,,2.0,4.0,0.5,0.417,0.084,2.0,2.0,1.0,0.623,0.377,7.9,1.0,0.0,1.0,1.0,0.0,0.0,0.0,0.0,0.0,0.0,0.0,0.0,0.0,0.0,0.0,0.0,0.0,0.0,0.0,0.0,0.0,6.0,0.0,0.0,0.0,0.0,0.0,0.0,0.0,0.0,0.0,0.0,0.0,0.0,0.0,0.0,0.0,0.0,0.0,3038.0,0.6,0.3,0.3,4.24,4.57,3.97
1627759,20221028,109.0,1,7,0.143,2,0.0,3.0,0.0,0.143,5.0,11.0,0.455,0.503,-0.049,4.0,5.0,0.8,0.68,0.12,42.8,4.0,3.0,1.0,3.0,0.0,2.0,4.0,1.0,0.0,1.0,1.0,0.0,0.0,0.0,0.0,0.0,0.0,0.0,0.0,0.0,0.0,88.0,0.0,0.0,0.0,0.0,0.0,0.0,0.0,0.0,0.0,0.0,0.0,0.0,0.0,0.0,0.0,0.0,0.0,16625.0,3.1,1.7,1.5,4.04,4.67,3.72
1629669,20221028,108.0,0,3,0.0,0,0.0,2.0,0.0,0.0,5.0,11.0,0.455,0.464,-0.01,1.0,5.0,0.2,0.643,-0.443,19.9,4.0,4.0,0.0,1.0,0.0,0.0,0.0,0.0,0.0,0.0,0.0,0.0,0.0,0.0,0.0,0.0,0.0,0.0,0.0,0.0,0.0,39.0,0.0,0.0,0.0,0.0,0.0,0.0,0.0,0.0,0.0,0.0,0.0,0.0,0.0,0.0,0.0,0.0,0.0,8769.0,1.7,0.9,0.7,4.79,4.9,4.09
1628369,20221028,109.0,3,8,0.375,7,1.0,4.0,0.25,0.438,6.0,10.0,0.6,0.478,0.122,1.0,3.0,0.333,0.628,-0.295,42.2,5.0,2.0,3.0,3.0,0.0,0.0,0.0,0.0,0.0,0.0,0.0,0.0,0.0,2.0,2.0,0.0,0.0,0.0,1.0,0.0,0.0,76.0,0.0,0.0,0.0,0.0,0.0,0.0,0.0,0.0,0.0,0.0,0.0,0.0,0.0,0.0,0.0,0.0,0.0,14520.0,2.8,1.5,1.2,3.68,4.11,3.02
201145,20221028,97.0,0,0,,0,0.0,0.0,,,4.0,8.0,0.5,0.446,0.054,3.0,3.0,1.0,0.604,0.396,24.7,1.0,1.0,0.0,0.0,0.0,1.0,3.0,0.0,0.0,0.0,0.0,0.0,0.0,0.0,0.0,0.0,0.0,0.0,0.0,0.0,0.0,34.0,2.0,1.0,1.0,1.0,1.0,2.0,0.5,3.0,1.5,0.0,0.0,0.0,0.0,0.0,0.0,1.0,0.5,9027.0,1.7,1.0,0.8,3.84,4.29,3.82
203924,20221028,101.0,0,1,0.0,0,0.0,0.0,,0.0,5.0,11.0,0.455,0.459,-0.004,2.0,6.0,0.333,0.624,-0.29,35.0,5.0,2.0,3.0,3.0,0.0,0.0,0.0,0.0,0.0,0.0,0.0,0.0,0.0,0.0,0.0,0.0,0.0,0.0,0.0,0.0,0.0,53.0,3.0,0.0,1.0,0.0,0.0,0.0,0.0,0.0,0.0,2.0,0.667,0.0,0.0,0.0,0.0,0.0,0.0,13359.0,2.5,1.3,1.2,4.03,4.19,3.87
1631110,20221028,106.0,0,0,,0,0.0,0.0,,,8.0,15.0,0.533,0.488,0.045,2.0,4.0,0.5,0.658,-0.158,31.3,12.0,10.0,2.0,1.0,1.0,0.0,0.0,0.0,0.0,0.0,0.0,0.0,0.0,1.0,1.0,1.0,0.0,0.0,1.0,1.0,0.0,48.0,1.0,0.0,0.0,0.0,0.0,0.0,0.0,0.0,0.0,0.0,0.0,0.0,0.0,1.0,1.0,0.0,0.0,13737.0,2.6,1.4,1.2,4.69,5.1,4.29
1630579,20221028,104.0,0,0,,0,,,,,,,,,,,,,,,,,,,,,,,,,,,,,,,,,,,,,0.0,0.0,0.0,0.0,0.0,0.0,0.0,0.0,0.0,0.0,0.0,0.0,0.0,0.0,0.0,0.0,0.0,0.0,60.0,0.0,0.0,0.0,0.0,0.0,0.0
1628975,20221028,104.0,1,3,0.333,3,1.0,2.0,0.5,0.5,5.0,11.0,0.455,0.442,0.012,4.0,5.0,0.8,0.624,0.176,33.5,5.0,3.0,2.0,4.0,0.0,1.0,2.0,1.0,0.0,1.0,1.0,0.0,0.0,0.0,0.0,0.0,0.0,0.0,0.0,0.0,0.0,44.0,0.0,0.0,0.0,0.0,0.0,0.0,0.0,0.0,0.0,0.0,0.0,0.0,0.0,0.0,0.0,0.0,0.0,14207.0,2.7,1.3,1.3,4.49,4.18,4.48
1629111,20221028,99.0,0,2,0.0,0,0.0,1.0,0.0,0.0,3.0,6.0,0.5,0.503,-0.003,2.0,2.0,1.0,0.626,0.375,17.0,5.0,3.0,2.0,0.0,0.0,3.0,6.0,1.0,0.0,1.0,1.0,0.0,1.0,1.0,2.0,2.0,0.0,0.5,0.5,1.0,0.0,30.0,2.0,0.0,0.0,0.0,0.0,0.0,0.0,0.0,0.0,1.0,0.5,0.0,0.0,0.0,0.0,0.0,0.0,6485.0,1.2,0.6,0.6,3.93,3.89,3.96
1628381,20221028,98.0,0,0,,0,0.0,0.0,,,3.0,9.0,0.333,0.449,-0.116,3.0,7.0,0.429,0.558,-0.13,25.2,5.0,4.0,1.0,0.0,0.0,3.0,6.0,0.0,0.0,0.0,0.0,0.0,0.0,0.0,0.0,0.0,0.0,0.0,0.0,0.0,0.0,30.0,1.0,0.0,0.0,0.0,0.0,0.0,0.0,0.0,0.0,1.0,1.0,0.0,0.0,0.0,0.0,0.0,0.0,9969.0,1.9,1.1,0.8,4.26,4.65,3.81
1631098,20221028,101.0,1,2,0.5,2,,,,0.5,3.0,4.0,0.75,0.474,0.276,2.0,2.0,1.0,0.644,0.356,,,,,,,,,,,,,,,,,,,,,,,7.0,0.0,0.0,0.0,0.0,0.0,0.0,0.0,0.0,0.0,0.0,0.0,0.0,0.0,0.0,0.0,0.0,0.0,3185.0,0.6,0.3,0.3,4.58,4.53,4.62
202685,20221028,99.0,1,2,0.5,2,,,,0.5,13.0,23.0,0.565,0.501,0.064,7.0,9.0,0.778,0.637,0.141,31.3,10.0,10.0,0.0,1.0,0.0,2.0,4.0,1.0,0.0,1.0,1.0,0.0,0.0,3.0,3.0,3.0,2.0,0.0,1.0,1.0,0.667,78.0,9.0,4.0,5.0,0.8,0.0,0.0,0.0,9.0,1.0,2.0,0.222,0.0,0.0,0.0,0.0,0.0,0.0,12402.0,2.3,1.2,1.1,4.14,4.24,4.04
203903,20221028,95.0,0,2,0.0,0,0.0,1.0,0.0,0.0,5.0,11.0,0.455,0.475,-0.02,1.0,6.0,0.167,0.687,-0.52,22.4,7.0,4.0,3.0,0.0,0.0,0.0,0.0,2.0,1.0,3.0,0.667,0.333,0.0,0.0,0.0,0.0,0.0,0.0,0.0,0.0,0.0,42.0,0.0,0.0,0.0,0.0,0.0,0.0,0.0,0.0,0.0,0.0,0.0,0.0,0.0,0.0,0.0,0.0,0.0,8653.0,1.6,0.9,0.7,4.17,4.64,3.67
1629670,20221028,101.0,0,2,0.0,0,0.0,0.0,,0.0,2.0,5.0,0.4,0.417,-0.017,1.0,1.0,1.0,0.602,0.398,11.9,2.0,1.0,1.0,1.0,0.0,0.0,0.0,0.0,0.0,0.0,0.0,0.0,0.0,0.0,0.0,0.0,0.0,0.0,0.0,0.0,0.0,16.0,0.0,0.0,0.0,0.0,0.0,0.0,0.0,0.0,0.0,0.0,0.0,0.0,0.0,0.0,0.0,0.0,0.0,5080.0,1.0,0.5,0.4,4.72,4.13,4.41
1630648,20221028,101.0,0,0,,0,,,,,,,,,,,,,,,,,,,,,,,,,,,,,,,,,,,,,2.0,0.0,0.0,0.0,0.0,0.0,0.0,0.0,0.0,0.0,0.0,0.0,0.0,0.0,0.0,0.0,0.0,0.0,425.0,0.1,0.0,0.0,5.26,0.0,0.0
1630631,20221028,99.0,1,3,0.333,3,1.0,1.0,1.0,0.5,7.0,17.0,0.412,0.469,-0.057,5.0,6.0,0.833,0.646,0.188,29.3,7.0,6.0,1.0,5.0,1.0,0.0,0.0,0.0,0.0,0.0,0.0,0.0,0.0,0.0,0.0,0.0,0.0,0.0,0.0,0.0,0.0,63.0,0.0,0.0,0.0,0.0,0.0,0.0,0.0,0.0,0.0,0.0,0.0,0.0,0.0,0.0,0.0,0.0,0.0,12267.0,2.3,1.2,1.1,4.44,4.55,4.34
1630528,20221028,103.0,1,1,1.0,2,,,,1.0,0.0,1.0,0.0,0.419,-0.419,,,,,,1.0,0.0,0.0,0.0,0.0,0.0,0.0,0.0,2.0,0.0,2.0,1.0,0.0,0.0,0.0,0.0,0.0,0.0,0.0,0.0,0.0,0.0,2.0,0.0,0.0,0.0,0.0,0.0,0.0,0.0,0.0,0.0,0.0,0.0,0.0,0.0,0.0,0.0,0.0,0.0,426.0,0.1,0.0,0.0,5.19,0.0,0.0
1628404,20221028,104.0,0,0,,0,0.0,0.0,,,2.0,10.0,0.2,0.47,-0.27,1.0,4.0,0.25,0.613,-0.363,33.8,4.0,1.0,3.0,2.0,0.0,0.0,0.0,1.0,1.0,2.0,0.5,0.5,0.0,1.0,1.0,1.0,1.0,0.0,1.0,1.0,1.0,48.0,0.0,0.0,0.0,0.0,0.0,0.0,0.0,0.0,0.0,0.0,0.0,0.0,0.0,0.0,0.0,0.0,0.0,12817.0,2.4,1.3,1.1,4.0,4.28,3.73
1629006,20221028,99.0,0,0,,0,,,,,,,,,,,,,,,1.6,0.0,0.0,0.0,0.0,0.0,0.0,0.0,1.0,0.0,1.0,1.0,0.0,0.0,0.0,0.0,0.0,0.0,0.0,0.0,0.0,0.0,3.0,0.0,0.0,0.0,0.0,0.0,0.0,0.0,0.0,0.0,0.0,0.0,0.0,0.0,0.0,0.0,0.0,0.0,599.0,0.1,0.1,0.0,3.42,4.58,0.0
1626196,20221028,99.0,2,4,0.5,4,0.0,0.0,,0.5,3.0,9.0,0.333,0.485,-0.152,2.0,4.0,0.5,0.631,-0.131,30.5,4.0,4.0,0.0,1.0,0.0,1.0,3.0,3.0,0.0,3.0,1.0,0.0,0.0,0.0,0.0,0.0,0.0,0.0,0.0,0.0,0.0,55.0,0.0,0.0,0.0,0.0,0.0,0.0,0.0,0.0,0.0,0.0,0.0,0.0,0.0,0.0,0.0,0.0,0.0,12899.0,2.4,1.4,1.0,4.4,4.76,3.97
201950,20221028,104.0,2,8,0.25,6,2.0,6.0,0.333,0.375,4.0,14.0,0.286,0.46,-0.174,1.0,4.0,0.25,0.625,-0.375,32.0,7.0,4.0,3.0,2.0,0.0,0.0,0.0,0.0,0.0,0.0,0.0,0.0,0.0,0.0,0.0,0.0,0.0,0.0,0.0,0.0,0.0,89.0,0.0,0.0,0.0,0.0,0.0,0.0,0.0,0.0,0.0,0.0,0.0,0.0,0.0,0.0,0.0,0.0,0.0,13264.0,2.5,1.3,1.2,4.32,4.54,4.09
1627823,20221028,92.0,0,0,,0,0.0,0.0,,,2.0,3.0,0.667,0.48,0.187,1.0,1.0,1.0,0.531,0.469,3.2,0.0,0.0,0.0,1.0,0.0,0.0,0.0,0.0,0.0,0.0,0.0,0.0,0.0,0.0,0.0,0.0,0.0,0.0,0.0,0.0,0.0,5.0,0.0,0.0,0.0,0.0,0.0,0.0,0.0,0.0,0.0,0.0,0.0,0.0,0.0,0.0,0.0,0.0,0.0,1302.0,0.2,0.1,0.1,3.41,4.47,2.77
203944,20221028,104.0,0,2,0.0,0,0.0,0.0,,0.0,6.0,12.0,0.5,0.514,-0.014,4.0,7.0,0.571,0.67,-0.098,31.2,3.0,1.0,2.0,3.0,0.0,1.0,2.0,0.0,1.0,1.0,0.0,1.0,0.0,0.0,0.0,0.0,0.0,0.0,0.0,0.0,0.0,63.0,4.0,1.0,2.0,0.5,2.0,2.0,1.0,4.0,1.0,0.0,0.0,0.0,0.0,1.0,0.25,1.0,0.25,12598.0,2.4,1.3,1.1,4.29,4.64,3.93
1630551,20221028,109.0,0,0,,0,,,,,,,,,,,,,,,,,,,,,,,,,,,,,,,,,,,,,3.0,0.0,0.0,0.0,0.0,0.0,0.0,0.0,0.0,0.0,0.0,0.0,0.0,0.0,0.0,0.0,0.0,0.0,1396.0,0.3,0.1,0.1,5.13,4.46,2.77
203200,20221028,,1,3,0.333,2,0.0,2.0,0.0,0.333,5.0,9.0,0.556,0.48,0.075,3.0,3.0,1.0,0.678,0.322,25.8,4.0,2.0,2.0,0.0,0.0,0.0,0.0,0.0,0.0,0.0,0.0,0.0,0.0,2.0,2.0,1.0,0.0,0.0,1.0,1.0,0.0,23.0,0.0,0.0,0.0,0.0,0.0,0.0,0.0,0.0,0.0,0.0,0.0,0.0,0.0,0.0,0.0,0.0,0.0,10013.0,1.9,1.1,0.8,4.14,4.64,3.6
1626159,20221028,101.0,1,2,0.5,2,0.0,1.0,0.0,0.5,4.0,10.0,0.4,0.463,-0.063,3.0,6.0,0.5,0.623,-0.123,24.2,3.0,2.0,1.0,3.0,0.0,0.0,0.0,1.0,0.0,1.0,1.0,0.0,0.0,0.0,0.0,0.0,0.0,0.0,0.0,0.0,0.0,55.0,0.0,0.0,0.0,0.0,0.0,0.0,0.0,0.0,0.0,0.0,0.0,0.0,0.0,0.0,0.0,0.0,0.0,9463.0,1.8,1.0,0.8,4.13,4.42,3.81
203994,20221028,101.0,0,0,,0,0.0,0.0,,,9.0,24.0,0.375,0.473,-0.098,5.0,12.0,0.417,0.593,-0.177,32.2,15.0,13.0,2.0,2.0,0.0,5.0,12.0,1.0,0.0,1.0,1.0,0.0,2.0,4.0,6.0,6.0,5.0,0.333,0.667,1.0,0.833,69.0,11.0,8.0,10.0,0.8,0.0,0.0,0.0,16.0,1.455,0.0,0.0,0.0,0.0,1.0,0.091,0.0,0.0,11855.0,2.2,1.2,1.0,3.88,3.96,3.8
1630231,20221028,103.0,0,0,,0,0.0,0.0,,,3.0,9.0,0.333,0.458,-0.125,2.0,4.0,0.5,0.648,-0.148,16.6,1.0,0.0,1.0,0.0,0.0,0.0,0.0,1.0,0.0,1.0,1.0,0.0,0.0,0.0,0.0,0.0,0.0,0.0,0.0,0.0,0.0,27.0,0.0,0.0,0.0,0.0,0.0,0.0,0.0,0.0,0.0,0.0,0.0,0.0,0.0,0.0,0.0,0.0,0.0,6533.0,1.2,0.7,0.6,4.02,4.88,3.87
1630539,20221028,100.0,0,0,,0,,,,,1.0,1.0,1.0,0.451,0.549,1.0,1.0,1.0,0.721,0.279,5.5,3.0,3.0,0.0,0.0,0.0,0.0,0.0,0.0,0.0,0.0,0.0,0.0,0.0,0.0,0.0,0.0,0.0,0.0,0.0,0.0,0.0,8.0,0.0,0.0,0.0,0.0,0.0,0.0,0.0,0.0,0.0,0.0,0.0,0.0,0.0,0.0,0.0,0.0,0.0,2240.0,0.4,0.2,0.2,4.0,4.7,3.48
1626157,20221028,108.0,1,3,0.333,2,0.0,0.0,,0.333,7.0,18.0,0.389,0.474,-0.085,5.0,9.0,0.556,0.626,-0.07,36.9,9.0,5.0,4.0,1.0,0.0,0.0,0.0,1.0,1.0,2.0,0.5,0.5,0.0,0.0,0.0,0.0,0.0,0.0,0.0,0.0,0.0,65.0,3.0,0.0,0.0,0.0,0.0,0.0,0.0,0.0,0.0,3.0,1.0,1.0,0.333,0.0,0.0,0.0,0.0,14127.0,2.7,1.4,1.3,4.08,4.22,3.93
1628966,20221028,106.0,0,1,0.0,0,0.0,1.0,0.0,0.0,4.0,9.0,0.444,0.488,-0.043,3.0,3.0,1.0,0.676,0.324,14.8,8.0,5.0,3.0,0.0,0.0,0.0,0.0,0.0,0.0,0.0,0.0,0.0,0.0,0.0,0.0,0.0,0.0,0.0,0.0,0.0,0.0,11.0,0.0,0.0,0.0,0.0,0.0,0.0,0.0,0.0,0.0,0.0,0.0,0.0,0.0,0.0,0.0,0.0,0.0,6195.0,1.2,0.6,0.5,4.52,4.36,3.92
1629640,20221028,106.0,2,6,0.333,5,1.0,2.0,0.5,0.417,7.0,18.0,0.389,0.506,-0.117,3.0,7.0,0.429,0.636,-0.207,34.7,11.0,6.0,5.0,0.0,0.0,0.0,0.0,1.0,1.0,2.0,0.5,0.5,0.0,0.0,0.0,0.0,0.0,0.0,0.0,0.0,0.0,66.0,1.0,0.0,1.0,0.0,0.0,0.0,0.0,0.0,0.0,0.0,0.0,0.0,0.0,0.0,0.0,0.0,0.0,14029.0,2.7,1.5,1.1,4.37,4.73,3.65
203482,20221028,95.0,0,1,0.0,0,0.0,0.0,,0.0,5.0,10.0,0.5,0.549,-0.049,1.0,3.0,0.333,0.703,-0.37,20.5,2.0,1.0,1.0,1.0,0.0,1.0,2.0,0.0,0.0,0.0,0.0,0.0,1.0,0.0,1.0,1.0,1.0,1.0,0.0,1.0,1.0,36.0,2.0,1.0,1.0,1.0,0.0,0.0,0.0,2.0,1.0,1.0,0.5,0.0,0.0,0.0,0.0,0.0,0.0,7310.0,1.4,0.8,0.6,4.04,4.48,3.59
1626162,20221028,100.0,1,3,0.333,2,0.0,2.0,0.0,0.333,2.0,4.0,0.5,0.496,0.004,1.0,1.0,1.0,0.826,0.174,21.9,3.0,2.0,1.0,1.0,0.0,0.0,0.0,1.0,0.0,1.0,1.0,0.0,0.0,0.0,0.0,0.0,0.0,0.0,0.0,0.0,0.0,40.0,0.0,0.0,0.0,0.0,0.0,0.0,0.0,0.0,0.0,0.0,0.0,0.0,0.0,0.0,0.0,0.0,0.0,8468.0,1.6,0.9,0.7,4.13,4.5,3.73
1629134,20221028,101.0,2,3,0.667,4,0.0,0.0,,0.667,3.0,9.0,0.333,0.44,-0.107,1.0,5.0,0.2,0.61,-0.41,12.5,3.0,2.0,1.0,0.0,0.0,0.0,0.0,0.0,0.0,0.0,0.0,0.0,0.0,0.0,0.0,0.0,0.0,0.0,0.0,0.0,0.0,23.0,0.0,0.0,0.0,0.0,0.0,0.0,0.0,0.0,0.0,0.0,0.0,0.0,0.0,0.0,0.0,0.0,0.0,5272.0,1.0,0.5,0.5,4.56,4.53,4.58
1630553,20221028,101.0,1,1,1.0,2,0.0,0.0,,1.0,5.0,10.0,0.5,0.447,0.053,2.0,2.0,1.0,0.573,0.427,16.8,1.0,1.0,0.0,2.0,0.0,0.0,0.0,0.0,1.0,1.0,0.0,1.0,0.0,0.0,0.0,0.0,0.0,0.0,0.0,0.0,0.0,21.0,0.0,0.0,0.0,0.0,0.0,0.0,0.0,0.0,0.0,0.0,0.0,0.0,0.0,0.0,0.0,0.0,0.0,7167.0,1.4,0.7,0.7,4.61,4.42,4.82
1628995,20221028,101.0,0,0,,0,0.0,0.0,,,,,,,,,,,,,,,,,,,,,,,,,,,,,,,,,,,4.0,0.0,0.0,0.0,0.0,0.0,0.0,0.0,0.0,0.0,0.0,0.0,0.0,0.0,0.0,0.0,0.0,0.0,1220.0,0.2,0.1,0.1,3.62,3.78,3.48
201567,20221028,,0,2,0.0,0,0.0,1.0,0.0,0.0,5.0,7.0,0.714,0.514,0.2,3.0,5.0,0.6,0.691,-0.091,20.9,2.0,1.0,1.0,0.0,1.0,1.0,2.0,0.0,0.0,0.0,0.0,0.0,0.0,2.0,2.0,2.0,2.0,0.0,1.0,1.0,1.0,35.0,5.0,0.0,2.0,0.0,1.0,2.0,0.5,1.0,0.2,2.0,0.4,0.0,0.0,0.0,0.0,1.0,0.2,7733.0,1.5,0.8,0.6,4.01,3.88,3.58
1629645,20221028,103.0,1,4,0.25,3,1.0,3.0,0.333,0.375,5.0,11.0,0.455,0.454,0.001,1.0,2.0,0.5,0.624,-0.124,34.5,9.0,1.0,8.0,2.0,0.0,0.0,0.0,0.0,1.0,1.0,0.0,1.0,1.0,0.0,1.0,1.0,1.0,1.0,0.0,1.0,1.0,83.0,0.0,0.0,0.0,0.0,0.0,0.0,0.0,0.0,0.0,0.0,0.0,0.0,0.0,0.0,0.0,0.0,0.0,13490.0,2.6,1.3,1.2,4.23,4.25,3.89
1630284,20221028,101.0,0,1,0.0,0,0.0,1.0,0.0,0.0,1.0,1.0,1.0,0.558,0.442,1.0,1.0,1.0,0.743,0.257,5.5,0.0,0.0,0.0,1.0,0.0,0.0,0.0,0.0,0.0,0.0,0.0,0.0,0.0,0.0,0.0,0.0,0.0,0.0,0.0,0.0,0.0,8.0,0.0,0.0,0.0,0.0,0.0,0.0,0.0,0.0,0.0,0.0,0.0,0.0,0.0,0.0,0.0,0.0,0.0,2306.0,0.4,0.2,0.2,3.99,3.47,4.7
1630165,20221028,99.0,1,4,0.25,2,0.0,0.0,,0.25,5.0,10.0,0.5,0.462,0.038,1.0,3.0,0.333,0.66,-0.326,18.6,2.0,1.0,1.0,0.0,0.0,0.0,0.0,0.0,0.0,0.0,0.0,0.0,0.0,2.0,2.0,1.0,1.0,0.0,1.0,1.0,1.0,32.0,0.0,0.0,0.0,0.0,0.0,0.0,0.0,0.0,0.0,0.0,0.0,0.0,0.0,0.0,0.0,0.0,0.0,7427.0,1.4,0.7,0.7,4.18,4.45,3.94
204001,20221028,101.0,3,5,0.6,6,0.0,0.0,,0.6,6.0,9.0,0.667,0.525,0.142,,,,,,30.9,8.0,6.0,2.0,2.0,0.0,1.0,2.0,0.0,0.0,0.0,0.0,0.0,0.0,1.0,1.0,1.0,1.0,0.0,1.0,1.0,1.0,47.0,5.0,1.0,3.0,0.333,1.0,2.0,0.5,3.0,0.6,1.0,0.2,0.0,0.0,0.0,0.0,1.0,0.2,11529.0,2.2,1.1,1.1,4.07,4.27,3.88
1628398,20221028,101.0,1,1,1.0,3,1.0,1.0,1.0,1.5,5.0,10.0,0.5,0.458,0.042,0.0,1.0,0.0,0.603,-0.603,37.3,5.0,3.0,2.0,2.0,0.0,0.0,0.0,0.0,0.0,0.0,0.0,0.0,0.0,0.0,0.0,0.0,0.0,0.0,0.0,0.0,0.0,66.0,1.0,0.0,0.0,0.0,0.0,0.0,0.0,0.0,0.0,0.0,0.0,0.0,0.0,1.0,1.0,0.0,0.0,14971.0,2.8,1.5,1.4,4.26,4.76,4.08
1629013,20221028,99.0,1,3,0.333,3,1.0,3.0,0.333,0.5,1.0,6.0,0.167,0.498,-0.332,1.0,5.0,0.2,0.594,-0.394,17.3,4.0,4.0,0.0,2.0,0.0,0.0,0.0,0.0,0.0,0.0,0.0,0.0,0.0,0.0,0.0,0.0,0.0,0.0,0.0,0.0,0.0,21.0,0.0,0.0,0.0,0.0,0.0,0.0,0.0,0.0,0.0,0.0,0.0,0.0,0.0,0.0,0.0,0.0,0.0,7479.0,1.4,0.8,0.7,4.54,5.58,4.23
1626204,20221028,99.0,1,2,0.5,2,0.0,0.0,,0.5,4.0,8.0,0.5,0.487,0.013,3.0,4.0,0.75,0.657,0.093,14.2,5.0,1.0,4.0,2.0,0.0,0.0,0.0,0.0,0.0,0.0,0.0,0.0,0.0,0.0,0.0,0.0,0.0,0.0,0.0,0.0,0.0,19.0,1.0,0.0,1.0,0.0,0.0,0.0,0.0,0.0,0.0,0.0,0.0,0.0,0.0,0.0,0.0,0.0,0.0,5510.0,1.0,0.6,0.5,3.9,4.65,3.93
1628374,20221028,95.0,0,2,0.0,0,0.0,1.0,0.0,0.0,2.0,6.0,0.333,0.545,-0.212,0.0,4.0,0.0,0.701,-0.701,25.9,6.0,6.0,0.0,0.0,0.0,0.0,0.0,0.0,0.0,0.0,0.0,0.0,0.0,1.0,1.0,1.0,1.0,0.0,1.0,1.0,1.0,39.0,2.0,0.0,0.0,0.0,0.0,0.0,0.0,0.0,0.0,1.0,0.5,0.0,0.0,1.0,0.5,0.0,0.0,9433.0,1.8,1.0,0.8,3.96,4.44,3.49
2544,20221028,109.0,1,5,0.2,2,0.0,2.0,0.0,0.2,6.0,11.0,0.545,0.53,0.016,4.0,4.0,1.0,0.66,0.341,37.4,5.0,1.0,4.0,4.0,0.0,0.0,0.0,1.0,1.0,2.0,0.5,0.5,0.0,0.0,0.0,0.0,0.0,0.0,0.0,0.0,0.0,95.0,6.0,1.0,3.0,0.333,0.0,0.0,0.0,2.0,0.333,1.0,0.167,0.0,0.0,0.0,0.0,0.0,0.0,13925.0,2.6,1.4,1.2,3.88,4.27,3.52
1630195,20221028,95.0,1,1,1.0,2,0.0,0.0,,1.0,1.0,5.0,0.2,0.434,-0.234,0.0,1.0,0.0,0.52,-0.52,15.3,2.0,1.0,1.0,0.0,0.0,0.0,0.0,1.0,0.0,1.0,1.0,0.0,0.0,0.0,0.0,0.0,0.0,0.0,0.0,0.0,0.0,21.0,0.0,0.0,0.0,0.0,0.0,0.0,0.0,0.0,0.0,0.0,0.0,0.0,0.0,0.0,0.0,0.0,0.0,6826.0,1.3,0.6,0.7,4.73,4.56,4.88
1629022,20221028,109.0,0,2,0.0,0,0.0,0.0,,0.0,4.0,8.0,0.5,0.463,0.038,3.0,5.0,0.6,0.601,-0.001,24.2,5.0,3.0,2.0,0.0,0.0,1.0,3.0,0.0,0.0,0.0,0.0,0.0,0.0,0.0,0.0,0.0,0.0,0.0,0.0,0.0,0.0,25.0,0.0,0.0,0.0,0.0,0.0,0.0,0.0,0.0,0.0,0.0,0.0,0.0,0.0,0.0,0.0,0.0,0.0,9287.0,1.8,0.9,0.9,4.21,4.24,4.17
1628436,20221028,109.0,0,0,,0,,,,,7.0,14.0,0.5,0.523,-0.023,2.0,3.0,0.667,0.71,-0.043,25.6,9.0,7.0,2.0,1.0,0.0,5.0,11.0,1.0,0.0,1.0,1.0,0.0,0.0,1.0,1.0,1.0,1.0,0.0,1.0,1.0,1.0,25.0,0.0,0.0,0.0,0.0,0.0,0.0,0.0,0.0,0.0,0.0,0.0,0.0,0.0,0.0,0.0,0.0,0.0,9631.0,1.8,1.0,0.8,3.95,4.5,3.42
1630201,20221028,92.0,0,0,,0,,,,,1.0,1.0,1.0,0.432,0.568,,,,,,,,,,,,,,,,,,,,,,,,,,,,5.0,0.0,0.0,0.0,0.0,0.0,0.0,0.0,0.0,0.0,0.0,0.0,0.0,0.0,0.0,0.0,0.0,0.0,1956.0,0.4,0.2,0.2,4.34,5.97,3.41
1627763,20221028,109.0,1,2,0.5,2,0.0,0.0,,0.5,7.0,8.0,0.875,0.459,0.416,2.0,2.0,1.0,0.699,0.301,22.3,3.0,1.0,2.0,2.0,0.0,0.0,0.0,0.0,2.0,2.0,0.0,1.0,0.0,1.0,1.0,1.0,0.0,0.0,1.0,1.0,0.0,35.0,0.0,0.0,0.0,0.0,0.0,0.0,0.0,0.0,0.0,0.0,0.0,0.0,0.0,0.0,0.0,0.0,0.0,8143.0,1.5,0.9,0.7,3.7,5.0,3.1
1627736,20221028,109.0,0,2,0.0,0,0.0,0.0,,0.0,6.0,12.0,0.5,0.485,0.015,1.0,3.0,0.333,0.635,-0.301,22.1,4.0,2.0,2.0,1.0,0.0,0.0,0.0,0.0,0.0,0.0,0.0,0.0,0.0,0.0,0.0,0.0,0.0,0.0,0.0,0.0,0.0,18.0,0.0,0.0,0.0,0.0,0.0,0.0,0.0,0.0,0.0,0.0,0.0,0.0,0.0,0.0,0.0,0.0,0.0,7882.0,1.5,0.8,0.7,3.79,4.23,3.39
203935,20221028,109.0,0,1,0.0,0,0.0,1.0,0.0,0.0,8.0,13.0,0.615,0.489,0.127,3.0,3.0,1.0,0.622,0.378,37.9,6.0,2.0,4.0,2.0,0.0,0.0,0.0,0.0,2.0,2.0,0.0,1.0,0.0,3.0,3.0,2.0,1.0,0.0,1.0,1.0,0.5,74.0,0.0,0.0,0.0,0.0,0.0,0.0,0.0,0.0,0.0,0.0,0.0,0.0,0.0,0.0,0.0,0.0,0.0,13099.0,2.5,1.3,1.2,3.66,4.15,3.24
1631109,20221028,100.0,0,0,,0,,,,,3.0,5.0,0.6,0.404,0.196,,,,,,7.1,4.0,0.0,4.0,0.0,0.0,0.0,0.0,0.0,1.0,1.0,0.0,1.0,0.0,0.0,0.0,0.0,0.0,0.0,0.0,0.0,0.0,12.0,1.0,0.0,1.0,0.0,0.0,0.0,0.0,0.0,0.0,0.0,0.0,0.0,0.0,0.0,0.0,0.0,0.0,2821.0,0.5,0.3,0.3,3.9,5.23,4.25
203486,20221028,,0,0,,0,,,,,8.0,12.0,0.667,0.49,0.176,4.0,5.0,0.8,0.738,0.062,20.5,7.0,5.0,2.0,0.0,0.0,3.0,8.0,0.0,0.0,0.0,0.0,0.0,0.0,0.0,0.0,0.0,0.0,0.0,0.0,0.0,0.0,41.0,6.0,0.0,1.0,0.0,0.0,0.0,0.0,0.0,0.0,4.0,0.667,1.0,0.167,0.0,0.0,0.0,0.0,8447.0,1.6,0.9,0.7,4.38,4.42,4.32
1629680,20221028,101.0,0,0,,0,0.0,0.0,,,3.0,9.0,0.333,0.465,-0.132,2.0,4.0,0.5,0.651,-0.151,21.8,5.0,2.0,3.0,2.0,0.0,0.0,0.0,0.0,0.0,0.0,0.0,0.0,0.0,0.0,0.0,0.0,0.0,0.0,0.0,0.0,0.0,19.0,0.0,0.0,0.0,0.0,0.0,0.0,0.0,0.0,0.0,0.0,0.0,0.0,0.0,0.0,0.0,0.0,0.0,8870.0,1.7,0.9,0.8,4.39,4.89,3.94
1630695,20221028,95.0,0,0,,0,,,,,0.0,4.0,0.0,0.508,-0.508,0.0,1.0,0.0,0.652,-0.652,8.5,0.0,0.0,0.0,0.0,0.0,1.0,2.0,0.0,0.0,0.0,0.0,0.0,0.0,0.0,0.0,0.0,0.0,0.0,0.0,0.0,0.0,14.0,0.0,0.0,0.0,0.0,0.0,0.0,0.0,0.0,0.0,0.0,0.0,0.0,0.0,0.0,0.0,0.0,0.0,3489.0,0.7,0.4,0.3,4.59,5.63,3.68
1629008,20221028,97.0,3,5,0.6,8,2.0,3.0,0.667,0.8,6.0,12.0,0.5,0.441,0.059,5.0,6.0,0.833,0.598,0.236,30.1,1.0,0.0,1.0,1.0,0.0,0.0,0.0,0.0,0.0,0.0,0.0,0.0,2.0,0.0,2.0,2.0,2.0,1.0,0.0,1.0,1.0,44.0,0.0,0.0,0.0,0.0,0.0,0.0,0.0,0.0,0.0,0.0,0.0,0.0,0.0,0.0,0.0,0.0,0.0,11297.0,2.1,1.1,1.0,3.93,3.91,3.93
1628969,20221028,,2,3,0.667,4,0.0,0.0,,0.667,2.0,11.0,0.182,0.433,-0.252,1.0,5.0,0.2,0.581,-0.381,31.1,8.0,5.0,3.0,1.0,0.0,0.0,0.0,1.0,0.0,1.0,1.0,0.0,0.0,0.0,0.0,0.0,0.0,0.0,0.0,0.0,0.0,51.0,1.0,0.0,0.0,0.0,0.0,0.0,0.0,0.0,0.0,1.0,1.0,0.0,0.0,0.0,0.0,0.0,0.0,13544.0,2.6,1.4,1.2,4.68,4.92,4.43
201144,20221028,108.0,2,3,0.667,6,2.0,3.0,0.667,1.0,6.0,13.0,0.462,0.477,-0.016,3.0,6.0,0.5,0.662,-0.162,23.5,2.0,0.0,2.0,0.0,0.0,0.0,0.0,1.0,0.0,1.0,1.0,0.0,0.0,0.0,0.0,0.0,0.0,0.0,0.0,0.0,0.0,57.0,0.0,0.0,0.0,0.0,0.0,0.0,0.0,0.0,0.0,0.0,0.0,0.0,0.0,0.0,0.0,0.0,0.0,9141.0,1.7,1.0,0.8,3.82,4.72,3.44
1630540,20221028,104.0,0,0,,0,,,,,,,,,,,,,,,,,,,,,,,,,,,,,,,,,,,,,0.0,0.0,0.0,0.0,0.0,0.0,0.0,0.0,0.0,0.0,0.0,0.0,0.0,0.0,0.0,0.0,0.0,0.0,64.0,0.0,0.0,0.0,0.0,0.0,0.0
1629011,20221028,104.0,0,0,,0,,,,,4.0,12.0,0.333,0.521,-0.188,3.0,5.0,0.6,0.701,-0.101,20.4,11.0,6.0,5.0,0.0,0.0,0.0,0.0,0.0,0.0,0.0,0.0,0.0,0.0,0.0,0.0,0.0,0.0,0.0,0.0,0.0,0.0,19.0,0.0,0.0,0.0,0.0,0.0,0.0,0.0,0.0,0.0,0.0,0.0,0.0,0.0,0.0,0.0,0.0,0.0,8059.0,1.5,0.8,0.8,4.08,4.65,4.08
1628964,20221028,109.0,0,0,,0,0.0,0.0,,,4.0,9.0,0.444,0.533,-0.089,4.0,5.0,0.8,0.62,0.18,16.9,6.0,5.0,1.0,0.0,0.0,1.0,3.0,1.0,0.0,1.0,1.0,0.0,0.0,2.0,2.0,2.0,1.0,0.0,1.0,1.0,0.5,41.0,0.0,0.0,0.0,0.0,0.0,0.0,0.0,0.0,0.0,0.0,0.0,0.0,0.0,0.0,0.0,0.0,0.0,6456.0,1.2,0.7,0.5,3.97,4.22,3.67
1626149,20221028,93.0,0,0,,0,,,,,3.0,15.0,0.2,0.465,-0.265,1.0,4.0,0.25,0.623,-0.373,17.4,12.0,7.0,5.0,0.0,1.0,3.0,6.0,0.0,0.0,0.0,0.0,0.0,0.0,0.0,0.0,0.0,0.0,0.0,0.0,0.0,0.0,17.0,2.0,0.0,0.0,0.0,0.0,0.0,0.0,0.0,0.0,1.0,0.5,0.0,0.0,0.0,0.0,0.0,0.0,6304.0,1.2,0.6,0.6,3.88,4.11,3.67
1628420,20221028,101.0,1,2,0.5,2,0.0,0.0,,0.5,7.0,13.0,0.538,0.495,0.043,4.0,8.0,0.5,0.689,-0.189,31.2,3.0,2.0,1.0,1.0,0.0,0.0,0.0,1.0,0.0,1.0,1.0,0.0,0.0,2.0,2.0,2.0,0.0,0.0,1.0,1.0,0.0,63.0,0.0,0.0,0.0,0.0,0.0,0.0,0.0,0.0,0.0,0.0,0.0,0.0,0.0,0.0,0.0,0.0,0.0,11760.0,2.2,1.2,1.0,4.0,4.46,3.56
1626167,20221028,101.0,0,2,0.0,0,0.0,0.0,,0.0,7.0,14.0,0.5,0.488,0.012,4.0,8.0,0.5,0.662,-0.162,32.4,9.0,8.0,1.0,0.0,0.0,3.0,6.0,0.0,0.0,0.0,0.0,0.0,0.0,0.0,0.0,0.0,0.0,0.0,0.0,0.0,0.0,53.0,2.0,0.0,1.0,0.0,2.0,2.0,1.0,2.0,1.0,0.0,0.0,0.0,0.0,0.0,0.0,1.0,0.5,12302.0,2.3,1.3,1.1,4.04,4.45,3.95
1630230,20221028,99.0,0,1,0.0,0,0.0,1.0,0.0,0.0,5.0,11.0,0.455,0.489,-0.034,2.0,3.0,0.667,0.693,-0.026,35.0,7.0,1.0,6.0,1.0,0.0,0.0,0.0,1.0,0.0,1.0,1.0,0.0,2.0,0.0,2.0,2.0,2.0,1.0,0.0,1.0,1.0,51.0,0.0,0.0,0.0,0.0,0.0,0.0,0.0,0.0,0.0,0.0,0.0,0.0,0.0,0.0,0.0,0.0,0.0,14025.0,2.7,1.3,1.3,4.34,4.25,4.11
1629642,20221028,101.0,1,1,1.0,3,1.0,1.0,1.0,1.5,1.0,2.0,0.5,0.443,0.058,1.0,1.0,1.0,0.604,0.396,15.2,0.0,0.0,0.0,0.0,0.0,0.0,0.0,1.0,0.0,1.0,1.0,0.0,0.0,1.0,1.0,1.0,1.0,0.0,1.0,1.0,1.0,25.0,0.0,0.0,0.0,0.0,0.0,0.0,0.0,0.0,0.0,0.0,0.0,0.0,0.0,0.0,0.0,0.0,0.0,6180.0,1.2,0.7,0.5,4.37,4.87,3.81
1630208,20221028,100.0,0,0,,0,,,,,7.0,14.0,0.5,0.461,0.04,1.0,2.0,0.5,0.704,-0.204,20.4,8.0,4.0,4.0,1.0,0.0,0.0,0.0,0.0,0.0,0.0,0.0,0.0,1.0,0.0,1.0,1.0,1.0,1.0,0.0,1.0,1.0,20.0,2.0,2.0,2.0,1.0,0.0,0.0,0.0,4.0,2.0,0.0,0.0,0.0,0.0,0.0,0.0,0.0,0.0,8494.0,1.6,0.8,0.8,4.4,4.92,3.97
1629638,20221028,108.0,0,0,,0,0.0,0.0,,,0.0,2.0,0.0,0.487,-0.487,0.0,1.0,0.0,0.652,-0.652,8.5,1.0,1.0,0.0,1.0,0.0,0.0,0.0,0.0,0.0,0.0,0.0,0.0,0.0,0.0,0.0,0.0,0.0,0.0,0.0,0.0,0.0,20.0,0.0,0.0,0.0,0.0,0.0,0.0,0.0,0.0,0.0,0.0,0.0,0.0,0.0,0.0,0.0,0.0,0.0,3747.0,0.7,0.4,0.3,4.59,5.62,3.69
203999,20221028,97.0,0,0,,0,0.0,0.0,,,7.0,19.0,0.368,0.48,-0.112,5.0,10.0,0.5,0.609,-0.109,25.5,11.0,8.0,3.0,2.0,0.0,1.0,2.0,0.0,0.0,0.0,0.0,0.0,2.0,1.0,3.0,3.0,3.0,0.667,0.333,1.0,1.0,79.0,15.0,2.0,3.0,0.667,4.0,6.0,0.667,8.0,0.533,7.0,0.467,2.0,0.133,1.0,0.067,3.0,0.2,9015.0,1.7,0.9,0.8,3.8,3.97,3.62
202696,20221028,106.0,0,1,0.0,0,0.0,0.0,,0.0,8.0,11.0,0.727,0.568,0.159,4.0,5.0,0.8,0.685,0.115,24.5,9.0,8.0,1.0,1.0,0.0,5.0,11.0,0.0,0.0,0.0,0.0,0.0,2.0,1.0,3.0,3.0,2.0,0.667,0.333,1.0,0.667,54.0,2.0,0.0,1.0,0.0,0.0,0.0,0.0,0.0,0.0,1.0,0.5,0.0,0.0,0.0,0.0,0.0,0.0,9215.0,1.7,0.9,0.8,3.94,4.04,3.82
203943,20221028,109.0,0,0,,0,,,,,4.0,5.0,0.8,0.488,0.312,2.0,3.0,0.667,0.659,0.008,7.3,2.0,2.0,0.0,0.0,0.0,0.0,0.0,0.0,0.0,0.0,0.0,0.0,0.0,0.0,0.0,0.0,0.0,0.0,0.0,0.0,0.0,7.0,0.0,0.0,0.0,0.0,0.0,0.0,0.0,0.0,0.0,0.0,0.0,0.0,0.0,0.0,0.0,0.0,0.0,3003.0,0.6,0.3,0.3,4.53,5.44,3.87
1628384,20221028,92.0,1,2,0.5,2,0.0,0.0,,0.5,4.0,9.0,0.444,0.437,0.007,1.0,2.0,0.5,0.603,-0.103,35.8,5.0,2.0,3.0,5.0,0.0,1.0,2.0,1.0,1.0,2.0,0.5,0.5,0.0,0.0,0.0,0.0,0.0,0.0,0.0,0.0,0.0,58.0,0.0,0.0,0.0,0.0,0.0,0.0,0.0,0.0,0.0,0.0,0.0,0.0,0.0,0.0,0.0,0.0,0.0,13517.0,2.6,1.3,1.3,4.11,4.43,3.83
1630167,20221028,104.0,1,2,0.5,3,1.0,2.0,0.5,0.75,4.0,8.0,0.5,0.498,0.002,3.0,3.0,1.0,0.702,0.298,16.8,6.0,5.0,1.0,2.0,0.0,1.0,2.0,0.0,0.0,0.0,0.0,0.0,0.0,1.0,1.0,1.0,0.0,0.0,1.0,1.0,0.0,33.0,1.0,0.0,0.0,0.0,0.0,0.0,0.0,0.0,0.0,1.0,1.0,0.0,0.0,0.0,0.0,0.0,0.0,6934.0,1.3,0.7,0.6,4.31,5.05,3.67
1630534,20221028,95.0,0,1,0.0,0,0.0,1.0,0.0,0.0,2.0,7.0,0.286,0.485,-0.199,1.0,3.0,0.333,0.646,-0.312,19.0,4.0,3.0,1.0,0.0,0.0,0.0,0.0,0.0,0.0,0.0,0.0,0.0,0.0,0.0,0.0,0.0,0.0,0.0,0.0,0.0,0.0,19.0,0.0,0.0,0.0,0.0,0.0,0.0,0.0,0.0,0.0,0.0,0.0,0.0,0.0,0.0,0.0,0.0,0.0,7846.0,1.5,0.8,0.7,4.24,4.9,3.67
1630168,20221028,98.0,0,0,,0,,,,,4.0,8.0,0.5,0.483,0.017,1.0,3.0,0.333,0.623,-0.29,21.5,5.0,4.0,1.0,1.0,0.0,4.0,8.0,0.0,0.0,0.0,0.0,0.0,2.0,3.0,5.0,4.0,2.0,0.4,0.6,1.0,0.5,32.0,2.0,1.0,2.0,0.5,0.0,0.0,0.0,2.0,1.0,0.0,0.0,0.0,0.0,0.0,0.0,0.0,0.0,8647.0,1.6,0.9,0.7,4.2,4.44,3.93
200782,20221028,93.0,0,0,,0,0.0,0.0,,,4.0,7.0,0.571,0.476,0.096,1.0,3.0,0.333,0.634,-0.301,22.6,3.0,1.0,2.0,0.0,1.0,0.0,0.0,0.0,1.0,1.0,0.0,1.0,0.0,1.0,1.0,1.0,1.0,0.0,1.0,1.0,1.0,23.0,0.0,0.0,0.0,0.0,0.0,0.0,0.0,0.0,0.0,0.0,0.0,0.0,0.0,0.0,0.0,0.0,0.0,8420.0,1.6,0.9,0.7,4.06,4.08,4.05
1629023,20221028,100.0,1,4,0.25,3,1.0,3.0,0.333,0.375,2.0,7.0,0.286,0.44,-0.155,1.0,3.0,0.333,0.624,-0.291,22.5,5.0,4.0,1.0,1.0,0.0,0.0,0.0,0.0,0.0,0.0,0.0,0.0,0.0,1.0,1.0,1.0,0.0,0.0,1.0,1.0,0.0,32.0,0.0,0.0,0.0,0.0,0.0,0.0,0.0,0.0,0.0,0.0,0.0,0.0,0.0,0.0,0.0,0.0,0.0,8836.0,1.7,0.9,0.8,4.25,4.51,3.97
1631094,20221028,101.0,5,8,0.625,12,2.0,3.0,0.667,0.75,2.0,8.0,0.25,0.481,-0.231,1.0,3.0,0.333,0.626,-0.293,27.2,4.0,3.0,1.0,1.0,0.0,1.0,2.0,0.0,0.0,0.0,0.0,0.0,0.0,1.0,1.0,1.0,1.0,0.0,1.0,1.0,1.0,65.0,1.0,0.0,0.0,0.0,0.0,0.0,0.0,0.0,0.0,1.0,1.0,0.0,0.0,0.0,0.0,0.0,0.0,10832.0,2.1,1.2,0.9,4.3,5.04,3.59
1627783,20221028,92.0,3,5,0.6,6,0.0,0.0,,0.6,5.0,10.0,0.5,0.461,0.039,2.0,5.0,0.4,0.545,-0.145,35.8,4.0,2.0,2.0,2.0,0.0,1.0,2.0,0.0,1.0,1.0,0.0,1.0,0.0,0.0,0.0,0.0,0.0,0.0,0.0,0.0,0.0,89.0,4.0,2.0,2.0,1.0,2.0,2.0,1.0,6.0,1.5,1.0,0.25,1.0,0.25,0.0,0.0,1.0,0.25,13050.0,2.5,1.3,1.2,3.94,4.39,3.56
201976,20221028,106.0,1,1,1.0,2,0.0,0.0,,1.0,6.0,11.0,0.545,0.499,0.047,5.0,6.0,0.833,0.66,0.174,29.7,3.0,1.0,2.0,1.0,0.0,0.0,0.0,1.0,0.0,1.0,1.0,0.0,0.0,0.0,0.0,0.0,0.0,0.0,0.0,0.0,0.0,45.0,0.0,0.0,0.0,0.0,0.0,0.0,0.0,0.0,0.0,0.0,0.0,0.0,0.0,0.0,0.0,0.0,0.0,11509.0,2.2,1.1,1.0,4.21,4.23,3.8
1630172,20221028,106.0,2,4,0.5,4,0.0,0.0,,0.5,5.0,7.0,0.714,0.458,0.256,2.0,3.0,0.667,0.617,0.05,20.2,7.0,2.0,5.0,3.0,0.0,1.0,2.0,1.0,0.0,1.0,1.0,0.0,0.0,0.0,0.0,0.0,0.0,0.0,0.0,0.0,0.0,25.0,0.0,0.0,0.0,0.0,0.0,0.0,0.0,0.0,0.0,0.0,0.0,0.0,0.0,0.0,0.0,0.0,0.0,8892.0,1.7,0.8,0.9,4.84,4.78,4.89
1630194,20221028,93.0,0,0,,0,,,,,1.0,1.0,1.0,0.423,0.577,1.0,1.0,1.0,0.729,0.271,2.3,0.0,0.0,0.0,0.0,0.0,0.0,0.0,0.0,0.0,0.0,0.0,0.0,0.0,1.0,1.0,1.0,1.0,0.0,1.0,1.0,1.0,3.0,0.0,0.0,0.0,0.0,0.0,0.0,0.0,0.0,0.0,0.0,0.0,0.0,0.0,0.0,0.0,0.0,0.0,930.0,0.2,0.1,0.1,4.84,4.08,5.93
1631212,20221028,97.0,0,0,,0,,,,,,,,,,,,,,,1.8,0.0,0.0,0.0,0.0,0.0,0.0,0.0,0.0,0.0,0.0,0.0,0.0,0.0,1.0,1.0,1.0,0.0,0.0,1.0,1.0,0.0,3.0,0.0,0.0,0.0,0.0,0.0,0.0,0.0,0.0,0.0,0.0,0.0,0.0,0.0,0.0,0.0,0.0,0.0,652.0,0.1,0.1,0.0,2.96,4.18,0.0
1630173,20221028,92.0,0,1,0.0,0,0.0,0.0,,0.0,5.0,7.0,0.714,0.473,0.241,2.0,3.0,0.667,0.607,0.059,15.0,7.0,5.0,2.0,0.0,0.0,0.0,0.0,1.0,0.0,1.0,1.0,0.0,0.0,0.0,0.0,0.0,0.0,0.0,0.0,0.0,0.0,26.0,0.0,0.0,0.0,0.0,0.0,0.0,0.0,0.0,0.0,0.0,0.0,0.0,0.0,0.0,0.0,0.0,0.0,5863.0,1.1,0.6,0.5,4.17,4.19,4.15
1630181,20221028,99.0,0,1,0.0,0,0.0,0.0,,0.0,3.0,6.0,0.5,0.493,0.008,2.0,2.0,1.0,0.696,0.305,24.6,3.0,2.0,1.0,4.0,0.0,0.0,0.0,1.0,0.0,1.0,1.0,0.0,0.0,1.0,1.0,0.0,0.0,0.0,1.0,0.0,0.0,50.0,0.0,0.0,0.0,0.0,0.0,0.0,0.0,0.0,0.0,0.0,0.0,0.0,0.0,0.0,0.0,0.0,0.0,10339.0,2.0,1.1,0.9,4.53,4.53,4.54
1629628,20221028,104.0,1,2,0.5,2,0.0,1.0,0.0,0.5,3.0,16.0,0.188,0.474,-0.286,0.0,6.0,0.0,0.643,-0.643,36.5,5.0,2.0,3.0,0.0,0.0,0.0,0.0,0.0,0.0,0.0,0.0,0.0,0.0,0.0,0.0,0.0,0.0,0.0,0.0,0.0,0.0,55.0,1.0,0.0,0.0,0.0,0.0,0.0,0.0,0.0,0.0,0.0,0.0,0.0,0.0,1.0,1.0,0.0,0.0,15199.0,2.9,1.6,1.3,4.42,4.93,3.92
203526,20221028,109.0,0,0,,0,0.0,0.0,,,2.0,2.0,1.0,0.572,0.428,2.0,2.0,1.0,0.677,0.324,,,,,,,,,,,,,,,,,,,,,,,20.0,0.0,0.0,0.0,0.0,0.0,0.0,0.0,0.0,0.0,0.0,0.0,0.0,0.0,0.0,0.0,0.0,0.0,2803.0,0.5,0.3,0.2,3.89,4.2,3.5
203585,20221028,99.0,0,0,,0,,,,,1.0,1.0,1.0,0.391,0.609,1.0,1.0,1.0,0.714,0.286,,,,,,,,,,,,,,,,,,,,,,,1.0,0.0,0.0,0.0,0.0,0.0,0.0,0.0,0.0,0.0,0.0,0.0,0.0,0.0,0.0,0.0,0.0,0.0,1196.0,0.2,0.1,0.1,3.62,3.77,3.48
203497,20221028,108.0,0,0,,0,,,,,1.0,12.0,0.083,0.506,-0.422,1.0,8.0,0.125,0.687,-0.562,37.2,7.0,6.0,1.0,1.0,0.0,4.0,10.0,0.0,0.0,0.0,0.0,0.0,2.0,2.0,4.0,4.0,4.0,0.5,0.5,1.0,1.0,60.0,3.0,2.0,2.0,1.0,2.0,2.0,1.0,6.0,2.0,0.0,0.0,0.0,0.0,0.0,0.0,1.0,0.333,14205.0,2.7,1.4,1.2,4.23,4.28,3.85
1629060,20221028,109.0,1,1,1.0,2,0.0,0.0,,1.0,4.0,8.0,0.5,0.447,0.053,0.0,2.0,0.0,0.574,-0.574,25.0,5.0,4.0,1.0,0.0,0.0,0.0,0.0,0.0,0.0,0.0,0.0,0.0,1.0,0.0,1.0,0.0,0.0,1.0,0.0,0.0,0.0,31.0,0.0,0.0,0.0,0.0,0.0,0.0,0.0,0.0,0.0,0.0,0.0,0.0,0.0,0.0,0.0,0.0,0.0,10219.0,1.9,1.0,0.9,4.22,4.24,4.2
201566,20221028,,1,2,0.5,3,1.0,2.0,0.5,0.75,2.0,5.0,0.4,0.505,-0.105,1.0,1.0,1.0,0.692,0.308,32.6,6.0,3.0,3.0,2.0,0.0,0.0,0.0,0.0,0.0,0.0,0.0,0.0,0.0,1.0,1.0,1.0,0.0,0.0,1.0,1.0,0.0,72.0,2.0,0.0,0.0,0.0,2.0,2.0,1.0,2.0,1.0,1.0,0.5,0.0,0.0,0.0,0.0,1.0,0.5,12113.0,2.3,1.3,1.0,3.89,4.4,3.38
1630180,20221028,98.0,1,1,1.0,2,0.0,0.0,,1.0,5.0,8.0,0.625,0.442,0.183,1.0,1.0,1.0,0.534,0.466,29.9,5.0,4.0,1.0,1.0,0.0,0.0,0.0,0.0,0.0,0.0,0.0,0.0,0.0,2.0,2.0,2.0,2.0,0.0,1.0,1.0,1.0,22.0,1.0,0.0,0.0,0.0,0.0,0.0,0.0,0.0,0.0,1.0,1.0,0.0,0.0,0.0,0.0,0.0,0.0,11434.0,2.2,1.1,1.1,4.18,4.36,4.02
1630573,20221028,109.0,0,1,0.0,0,0.0,1.0,0.0,0.0,1.0,4.0,0.25,0.438,-0.188,,,,,,11.7,2.0,1.0,1.0,0.0,0.0,0.0,0.0,0.0,0.0,0.0,0.0,0.0,0.0,0.0,0.0,0.0,0.0,0.0,0.0,0.0,0.0,14.0,0.0,0.0,0.0,0.0,0.0,0.0,0.0,0.0,0.0,0.0,0.0,0.0,0.0,0.0,0.0,0.0,0.0,4973.0,0.9,0.5,0.4,4.22,5.08,3.49
1630567,20221028,92.0,1,2,0.5,2,0.0,0.0,,0.5,5.0,8.0,0.625,0.467,0.158,1.0,3.0,0.333,0.597,-0.263,28.9,7.0,5.0,2.0,0.0,0.0,1.0,3.0,0.0,0.0,0.0,0.0,0.0,0.0,0.0,0.0,0.0,0.0,0.0,0.0,0.0,0.0,54.0,1.0,0.0,0.0,0.0,0.0,0.0,0.0,0.0,0.0,0.0,0.0,0.0,0.0,1.0,1.0,0.0,0.0,11454.0,2.2,1.1,1.1,4.31,4.73,3.96
201586,20221028,104.0,0,0,,0,,,,,1.0,2.0,0.5,0.453,0.048,,,,,,5.5,2.0,2.0,0.0,0.0,0.0,0.0,0.0,0.0,0.0,0.0,0.0,0.0,0.0,0.0,0.0,0.0,0.0,0.0,0.0,0.0,0.0,6.0,0.0,0.0,0.0,0.0,0.0,0.0,0.0,0.0,0.0,0.0,0.0,0.0,0.0,0.0,0.0,0.0,0.0,2457.0,0.5,0.3,0.2,5.09,6.1,4.08
1631101,20221028,101.0,2,5,0.4,4,0.0,2.0,0.0,0.4,8.0,18.0,0.444,0.435,0.009,6.0,10.0,0.6,0.589,0.011,29.4,12.0,5.0,7.0,2.0,0.0,0.0,0.0,0.0,0.0,0.0,0.0,0.0,0.0,0.0,0.0,0.0,0.0,0.0,0.0,0.0,0.0,26.0,0.0,0.0,0.0,0.0,0.0,0.0,0.0,0.0,0.0,0.0,0.0,0.0,0.0,0.0,0.0,0.0,0.0,12110.0,2.3,1.2,1.1,4.41,4.42,4.42
1629003,20221028,93.0,1,2,0.5,2,,,,0.5,1.0,3.0,0.333,0.438,-0.105,,,,,,8.8,3.0,0.0,3.0,0.0,0.0,0.0,0.0,0.0,0.0,0.0,0.0,0.0,0.0,0.0,0.0,0.0,0.0,0.0,0.0,0.0,0.0,11.0,0.0,0.0,0.0,0.0,0.0,0.0,0.0,0.0,0.0,0.0,0.0,0.0,0.0,0.0,0.0,0.0,0.0,3452.0,0.7,0.3,0.3,4.41,4.07,3.54
204456,20221028,101.0,0,0,,0,,,,,2.0,3.0,0.667,0.553,0.113,2.0,2.0,1.0,0.709,0.291,12.0,0.0,0.0,0.0,6.0,0.0,0.0,0.0,0.0,0.0,0.0,0.0,0.0,0.0,0.0,0.0,0.0,0.0,0.0,0.0,0.0,0.0,29.0,0.0,0.0,0.0,0.0,0.0,0.0,0.0,0.0,0.0,0.0,0.0,0.0,0.0,0.0,0.0,0.0,0.0,5626.0,1.1,0.6,0.5,5.05,5.53,4.56
1629659,20221028,95.0,0,0,,0,0.0,0.0,,,3.0,5.0,0.6,0.49,0.11,1.0,3.0,0.333,0.681,-0.347,21.1,3.0,2.0,1.0,1.0,0.0,0.0,0.0,0.0,0.0,0.0,0.0,0.0,0.0,1.0,1.0,1.0,1.0,0.0,1.0,1.0,1.0,36.0,0.0,0.0,0.0,0.0,0.0,0.0,0.0,0.0,0.0,0.0,0.0,0.0,0.0,0.0,0.0,0.0,0.0,7639.0,1.4,0.7,0.7,3.86,4.01,3.74
1631106,20221028,103.0,1,1,1.0,2,,,,1.0,2.0,5.0,0.4,0.431,-0.031,0.0,1.0,0.0,0.539,-0.539,15.3,4.0,2.0,2.0,2.0,0.0,0.0,0.0,0.0,0.0,0.0,0.0,0.0,0.0,1.0,1.0,1.0,1.0,0.0,1.0,1.0,1.0,15.0,0.0,0.0,0.0,0.0,0.0,0.0,0.0,0.0,0.0,0.0,0.0,0.0,0.0,0.0,0.0,0.0,0.0,5701.0,1.1,0.6,0.5,4.54,5.36,3.84
1627752,20221028,108.0,0,2,0.0,0,0.0,2.0,0.0,0.0,5.0,10.0,0.5,0.484,0.016,4.0,5.0,0.8,0.677,0.123,25.9,5.0,4.0,1.0,7.0,0.0,0.0,0.0,0.0,0.0,0.0,0.0,0.0,0.0,1.0,1.0,1.0,1.0,0.0,1.0,1.0,1.0,36.0,0.0,0.0,0.0,0.0,0.0,0.0,0.0,0.0,0.0,0.0,0.0,0.0,0.0,0.0,0.0,0.0,0.0,10722.0,2.0,1.1,1.0,4.05,4.38,4.13
203082,20221028,99.0,0,3,0.0,0,0.0,2.0,0.0,0.0,5.0,10.0,0.5,0.455,0.045,1.0,2.0,0.5,0.585,-0.085,24.0,6.0,4.0,2.0,3.0,0.0,1.0,3.0,0.0,0.0,0.0,0.0,0.0,0.0,0.0,0.0,0.0,0.0,0.0,0.0,0.0,0.0,23.0,0.0,0.0,0.0,0.0,0.0,0.0,0.0,0.0,0.0,0.0,0.0,0.0,0.0,0.0,0.0,0.0,0.0,9437.0,1.8,0.9,0.9,4.22,4.55,3.93
201152,20221028,92.0,0,0,,0,0.0,0.0,,,0.0,2.0,0.0,0.463,-0.463,,,,,,4.9,2.0,2.0,0.0,0.0,0.0,0.0,0.0,0.0,0.0,0.0,0.0,0.0,0.0,1.0,1.0,1.0,1.0,0.0,1.0,1.0,1.0,6.0,0.0,0.0,0.0,0.0,0.0,0.0,0.0,0.0,0.0,0.0,0.0,0.0,0.0,0.0,0.0,0.0,0.0,2017.0,0.4,0.2,0.2,4.66,4.51,4.81
1630177,20221028,100.0,0,1,0.0,0,0.0,1.0,0.0,0.0,2.0,7.0,0.286,0.451,-0.165,1.0,3.0,0.333,0.554,-0.221,20.6,2.0,2.0,0.0,0.0,0.0,0.0,0.0,0.0,0.0,0.0,0.0,0.0,0.0,0.0,0.0,0.0,0.0,0.0,0.0,0.0,0.0,46.0,0.0,0.0,0.0,0.0,0.0,0.0,0.0,0.0,0.0,0.0,0.0,0.0,0.0,0.0,0.0,0.0,0.0,8713.0,1.7,0.9,0.8,4.56,4.97,4.18
202699,20221028,93.0,1,2,0.5,2,0.0,0.0,,0.5,3.0,12.0,0.25,0.453,-0.203,1.0,3.0,0.333,0.572,-0.239,28.0,10.0,6.0,4.0,2.0,0.0,0.0,0.0,0.0,2.0,2.0,0.0,1.0,0.0,0.0,0.0,0.0,0.0,0.0,0.0,0.0,0.0,50.0,1.0,0.0,1.0,0.0,0.0,0.0,0.0,0.0,0.0,0.0,0.0,0.0,0.0,0.0,0.0,0.0,0.0,10335.0,2.0,1.1,0.9,4.05,3.97,4.13
1628470,20221028,99.0,0,0,,0,0.0,0.0,,,3.0,6.0,0.5,0.431,0.07,0.0,1.0,0.0,0.592,-0.592,17.3,3.0,1.0,2.0,0.0,0.0,0.0,0.0,0.0,1.0,1.0,0.0,1.0,1.0,0.0,1.0,1.0,1.0,1.0,0.0,1.0,1.0,25.0,0.0,0.0,0.0,0.0,0.0,0.0,0.0,0.0,0.0,0.0,0.0,0.0,0.0,0.0,0.0,0.0,0.0,6965.0,1.3,0.7,0.6,4.28,4.3,4.25
1629027,20221028,98.0,5,10,0.5,13,3.0,5.0,0.6,0.65,2.0,5.0,0.4,0.408,-0.008,1.0,2.0,0.5,0.484,0.016,30.1,1.0,0.0,1.0,0.0,0.0,0.0,0.0,0.0,0.0,0.0,0.0,0.0,0.0,0.0,0.0,0.0,0.0,0.0,0.0,0.0,0.0,70.0,0.0,0.0,0.0,0.0,0.0,0.0,0.0,0.0,0.0,0.0,0.0,0.0,0.0,0.0,0.0,0.0,0.0,11303.0,2.1,1.3,0.9,3.93,4.76,3.44
1630200,20221028,106.0,1,4,0.25,2,0.0,1.0,0.0,0.25,6.0,15.0,0.4,0.486,-0.086,3.0,7.0,0.429,0.663,-0.234,32.8,5.0,3.0,2.0,2.0,0.0,0.0,0.0,0.0,1.0,1.0,0.0,1.0,0.0,0.0,0.0,0.0,0.0,0.0,0.0,0.0,0.0,78.0,0.0,0.0,0.0,0.0,0.0,0.0,0.0,0.0,0.0,0.0,0.0,0.0,0.0,0.0,0.0,0.0,0.0,14953.0,2.8,1.5,1.3,4.81,5.19,4.45
1630235,20221028,98.0,0,0,,0,,,,,0.0,2.0,0.0,0.377,-0.377,,,,,,1.7,1.0,1.0,0.0,0.0,0.0,0.0,0.0,0.0,0.0,0.0,0.0,0.0,0.0,0.0,0.0,0.0,0.0,0.0,0.0,0.0,0.0,4.0,0.0,0.0,0.0,0.0,0.0,0.0,0.0,0.0,0.0,0.0,0.0,0.0,0.0,0.0,0.0,0.0,0.0,584.0,0.1,0.1,0.0,3.23,5.75,0.0
1630530,20221028,99.0,0,0,,0,0.0,0.0,,,6.0,7.0,0.857,0.495,0.363,3.0,3.0,1.0,0.708,0.292,32.6,6.0,2.0,4.0,5.0,0.0,0.0,0.0,0.0,0.0,0.0,0.0,0.0,0.0,0.0,0.0,0.0,0.0,0.0,0.0,0.0,0.0,33.0,0.0,0.0,0.0,0.0,0.0,0.0,0.0,0.0,0.0,0.0,0.0,0.0,0.0,0.0,0.0,0.0,0.0,13267.0,2.5,1.3,1.2,4.3,4.61,4.0
1628972,20221028,109.0,2,3,0.667,6,2.0,2.0,1.0,1.0,7.0,12.0,0.583,0.479,0.105,3.0,4.0,0.75,0.651,0.1,32.0,6.0,3.0,3.0,0.0,0.0,0.0,0.0,0.0,0.0,0.0,0.0,0.0,0.0,1.0,1.0,1.0,0.0,0.0,1.0,1.0,0.0,47.0,0.0,0.0,0.0,0.0,0.0,0.0,0.0,0.0,0.0,0.0,0.0,0.0,0.0,0.0,0.0,0.0,0.0,13175.0,2.5,1.4,1.1,4.38,4.88,3.86
1630169,20221028,101.0,2,6,0.333,5,1.0,4.0,0.25,0.417,6.0,12.0,0.5,0.449,0.052,3.0,5.0,0.6,0.615,-0.015,36.0,3.0,0.0,3.0,2.0,0.0,0.0,0.0,0.0,0.0,0.0,0.0,0.0,0.0,0.0,0.0,0.0,0.0,0.0,0.0,0.0,0.0,99.0,0.0,0.0,0.0,0.0,0.0,0.0,0.0,0.0,0.0,0.0,0.0,0.0,0.0,0.0,0.0,0.0,0.0,14677.0,2.8,1.6,1.2,4.42,4.87,3.93
1631213,20221028,98.0,0,0,,0,,,,,0.0,1.0,0.0,0.417,-0.417,,,,,,2.9,1.0,0.0,1.0,1.0,0.0,0.0,0.0,0.0,0.0,0.0,0.0,0.0,0.0,0.0,0.0,0.0,0.0,0.0,0.0,0.0,0.0,3.0,0.0,0.0,0.0,0.0,0.0,0.0,0.0,0.0,0.0,0.0,0.0,0.0,0.0,0.0,0.0,0.0,0.0,1201.0,0.2,0.1,0.1,3.79,3.48,4.17
1630178,20221028,93.0,5,7,0.714,11,1.0,2.0,0.5,0.786,7.0,13.0,0.538,0.456,0.083,3.0,6.0,0.5,0.655,-0.155,39.8,3.0,1.0,2.0,2.0,0.0,0.0,0.0,0.0,1.0,1.0,0.0,1.0,0.0,0.0,0.0,0.0,0.0,0.0,0.0,0.0,0.0,81.0,0.0,0.0,0.0,0.0,0.0,0.0,0.0,0.0,0.0,0.0,0.0,0.0,0.0,0.0,0.0,0.0,0.0,16228.0,3.1,1.8,1.3,4.43,4.94,3.87
1628962,20221028,95.0,0,0,,0,,,,,2.0,5.0,0.4,0.431,-0.031,1.0,2.0,0.5,0.661,-0.161,8.5,2.0,2.0,0.0,2.0,0.0,1.0,3.0,0.0,1.0,1.0,0.0,1.0,0.0,0.0,0.0,0.0,0.0,0.0,0.0,0.0,0.0,12.0,0.0,0.0,0.0,0.0,0.0,0.0,0.0,0.0,0.0,0.0,0.0,0.0,0.0,0.0,0.0,0.0,0.0,3110.0,0.6,0.3,0.3,3.93,4.22,3.68
1630586,20221028,103.0,0,0,,0,,,,,1.0,3.0,0.333,0.479,-0.146,0.0,1.0,0.0,0.587,-0.587,5.1,2.0,1.0,1.0,0.0,0.0,0.0,0.0,0.0,0.0,0.0,0.0,0.0,0.0,2.0,2.0,2.0,0.0,0.0,1.0,1.0,0.0,6.0,0.0,0.0,0.0,0.0,0.0,0.0,0.0,0.0,0.0,0.0,0.0,0.0,0.0,0.0,0.0,0.0,0.0,1821.0,0.3,0.2,0.2,3.26,6.16,3.36
1630176,20221028,95.0,0,0,,0,,,,,,,,,,,,,,,1.0,0.0,0.0,0.0,0.0,0.0,1.0,2.0,0.0,0.0,0.0,0.0,0.0,0.0,0.0,0.0,0.0,0.0,0.0,0.0,0.0,0.0,1.0,0.0,0.0,0.0,0.0,0.0,0.0,0.0,0.0,0.0,0.0,0.0,0.0,0.0,0.0,0.0,0.0,0.0,344.0,0.1,0.0,0.0,5.26,0.0,0.0
1628427,20221028,97.0,0,0,,0,,,,,,,,,,,,,,,,,,,,,,,,,,,,,,,,,,,,,2.0,0.0,0.0,0.0,0.0,0.0,0.0,0.0,0.0,0.0,0.0,0.0,0.0,0.0,0.0,0.0,0.0,0.0,687.0,0.1,0.1,0.0,2.66,4.18,0.0
1630249,20221028,98.0,0,0,,0,,,,,,,,,,,,,,,,,,,,,,,,,,,,,,,,,,,,,2.0,0.0,0.0,0.0,0.0,0.0,0.0,0.0,0.0,0.0,0.0,0.0,0.0,0.0,0.0,0.0,0.0,0.0,557.0,0.1,0.1,0.0,3.22,5.75,0.0
1628976,20221028,101.0,1,2,0.5,2,0.0,0.0,,0.5,3.0,11.0,0.273,0.437,-0.164,2.0,3.0,0.667,0.568,0.099,25.6,8.0,3.0,5.0,2.0,0.0,1.0,3.0,0.0,1.0,1.0,0.0,1.0,0.0,1.0,1.0,1.0,0.0,0.0,1.0,1.0,0.0,43.0,2.0,0.0,1.0,0.0,2.0,2.0,1.0,2.0,1.0,0.0,0.0,0.0,0.0,0.0,0.0,1.0,0.5,9202.0,1.7,0.9,0.9,3.74,4.27,3.68
1629117,20221028,109.0,0,0,,0,0.0,0.0,,,8.0,21.0,0.381,0.487,-0.106,0.0,4.0,0.0,0.62,-0.62,21.5,19.0,12.0,7.0,3.0,0.0,2.0,4.0,0.0,0.0,0.0,0.0,0.0,0.0,1.0,1.0,1.0,1.0,0.0,1.0,1.0,1.0,26.0,0.0,0.0,0.0,0.0,0.0,0.0,0.0,0.0,0.0,0.0,0.0,0.0,0.0,0.0,0.0,0.0,0.0,8909.0,1.7,0.9,0.8,4.39,4.64,4.13
202083,20221028,104.0,0,1,0.0,0,,,,0.0,,,,,,,,,,,4.2,0.0,0.0,0.0,1.0,0.0,0.0,0.0,0.0,0.0,0.0,0.0,0.0,0.0,0.0,0.0,0.0,0.0,0.0,0.0,0.0,0.0,9.0,0.0,0.0,0.0,0.0,0.0,0.0,0.0,0.0,0.0,0.0,0.0,0.0,0.0,0.0,0.0,0.0,0.0,1802.0,0.3,0.2,0.1,4.2,4.36,3.91
203115,20221028,92.0,0,1,0.0,0,0.0,1.0,0.0,0.0,5.0,7.0,0.714,0.448,0.266,1.0,1.0,1.0,0.613,0.387,29.1,2.0,1.0,1.0,0.0,0.0,0.0,0.0,0.0,0.0,0.0,0.0,0.0,0.0,0.0,0.0,0.0,0.0,0.0,0.0,0.0,0.0,25.0,0.0,0.0,0.0,0.0,0.0,0.0,0.0,0.0,0.0,0.0,0.0,0.0,0.0,0.0,0.0,0.0,0.0,11068.0,2.1,1.0,1.1,4.05,4.09,4.01
1626195,20221028,99.0,0,0,,0,0.0,0.0,,,2.0,3.0,0.667,0.55,0.117,2.0,2.0,1.0,0.695,0.305,8.1,1.0,1.0,0.0,2.0,0.0,2.0,5.0,0.0,0.0,0.0,0.0,0.0,1.0,0.0,1.0,1.0,0.0,1.0,0.0,1.0,0.0,17.0,2.0,0.0,0.0,0.0,0.0,0.0,0.0,0.0,0.0,0.0,0.0,0.0,0.0,1.0,0.5,0.0,0.0,3178.0,0.6,0.3,0.3,4.03,4.39,3.71
1628380,20221028,106.0,0,0,,0,0.0,0.0,,,6.0,9.0,0.667,0.544,0.123,4.0,6.0,0.667,0.67,-0.003,17.8,10.0,9.0,1.0,0.0,0.0,1.0,2.0,0.0,0.0,0.0,0.0,0.0,0.0,1.0,1.0,1.0,0.0,0.0,1.0,1.0,0.0,35.0,0.0,0.0,0.0,0.0,0.0,0.0,0.0,0.0,0.0,0.0,0.0,0.0,0.0,0.0,0.0,0.0,0.0,7227.0,1.4,0.8,0.6,4.33,4.92,3.73
1630192,20221028,97.0,0,0,,0,0.0,0.0,,,1.0,1.0,1.0,0.819,0.181,1.0,1.0,1.0,0.887,0.113,2.0,0.0,0.0,0.0,0.0,0.0,1.0,2.0,0.0,0.0,0.0,0.0,0.0,0.0,0.0,0.0,0.0,0.0,0.0,0.0,0.0,0.0,2.0,0.0,0.0,0.0,0.0,0.0,0.0,0.0,0.0,0.0,0.0,0.0,0.0,0.0,0.0,0.0,0.0,0.0,850.0,0.2,0.1,0.0,5.3,4.18,0.0
