TEAM_ID,TEAM_NAME,GP,W,L,W_PCT,MIN,FGM,FGA,FG_PCT,FG3M,FG3A,FG3_PCT,FTM,FTA,FT_PCT,OREB,DREB,REB,AST,TOV,STL,BLK,BLKA,PF,PFD,PTS,PLUS_MINUS,GP_RANK,W_RANK,L_RANK,W_PCT_RANK,MIN_RANK,FGM_RANK,FGA_RANK,FG_PCT_RANK,FG3M_RANK,FG3A_RANK,FG3_PCT_RANK,FTM_RANK,FTA_RANK,FT_PCT_RANK,OREB_RANK,DREB_RANK,REB_RANK,AST_RANK,TOV_RANK,STL_RANK,BLK_RANK,BLKA_RANK,PF_RANK,PFD_RANK,PTS_RANK,PLUS_MINUS_RANK,team_poss,E_OFF_RATING,OREB_PCT_RANK,TS_PCT,OFF_RATING,TM_TOV_PCT,PACE_RANK,OREB_PCT,REB_PCT,NET_RATING_RANK,DEF_RATING,EFG_PCT_RANK,REB_PCT_RANK,E_DEF_RATING,PIE,DREB_PCT,POSS,EFG_PCT,PIE_RANK,TM_TOV_PCT_RANK,AST_TO,AST_PCT,E_NET_RATING,DREB_PCT_RANK,PACE,AST_RATIO_RANK,OFF_RATING_RANK,E_PACE,PACE_PER40,NET_RATING,AST_TO_RANK,AST_RATIO,AST_PCT_RANK,TS_PCT_RANK,DEF_RATING_RANK,FT_AST,PASSES_RECEIVED,AST_ADJ,POTENTIAL_AST,TEAM_ABBREVIATION,AST_PTS_CREATED,AST_TO_PASS_PCT_ADJ,PASSES_MADE,SECONDARY_AST,AST_TO_PASS_PCT,DRIVE_FGM,DRIVES,DRIVE_PASSES,DRIVE_PF_PCT,DRIVE_FG_PCT,DRIVE_AST,DRIVE_PF,DRIVE_PTS_PCT,DRIVE_FTA,DRIVE_TOV,DRIVE_PTS,DRIVE_FGA,DRIVE_AST_PCT,DRIVE_FT_PCT,DRIVE_PASSES_PCT,DRIVE_TOV_PCT,DRIVE_FTM,AVG_SEC_PER_TOUCH,AVG_DRIB_PER_TOUCH,FRONT_CT_TOUCHES,ELBOW_TOUCHES,TIME_OF_POSS,PTS_PER_PAINT_TOUCH,PTS_PER_TOUCH,PAINT_TOUCHES,PTS_PER_POST_TOUCH,PTS_PER_ELBOW_TOUCH,TOUCHES,POST_TOUCHES,POINTS,OREB_CONTEST,REB_UNCONTEST,OREB_CHANCE_PCT,DREB_CHANCE_DEFER,OREB_UNCONTEST,OREB_CHANCE_PCT_ADJ,DREB_CHANCE_PCT_ADJ,DREB_CHANCES,REB_CONTEST_PCT,OREB_CHANCES,DREB_CONTEST_PCT,AVG_DREB_DIST,DREB_UNCONTEST,OREB_CHANCE_DEFER,REB_CONTEST,DREB_CONTEST,DREB_CHANCE_PCT,AVG_REB_DIST,AVG_OREB_DIST,REB_CHANCE_PCT,REB_CHANCE_DEFER,OREB_CONTEST_PCT,REB_CHANCES,REB_CHANCE_PCT_ADJ,very_tight_FG3_PCT,very_tight_FG3A,very_tight_FGA,very_tight_FG2A,very_tight_FG2M,very_tight_FG_PCT,G,very_tight_FGA_FREQUENCY,very_tight_EFG_PCT,very_tight_FGM,very_tight_FG2A_FREQUENCY,very_tight_FG3M,very_tight_FG2_PCT,very_tight_FG3A_FREQUENCY,tight_FG2A_FREQUENCY,tight_FG3A_FREQUENCY,tight_FG_PCT,tight_FG3A,tight_FG2A,tight_FG3M,tight_FGA,tight_EFG_PCT,tight_FGM,tight_FG2M,tight_FG3_PCT,tight_FGA_FREQUENCY,tight_FG2_PCT,open_FGA,open_FG2M,open_FGA_FREQUENCY,open_FG3A_FREQUENCY,open_EFG_PCT,open_FG2A,open_FGM,open_FG2A_FREQUENCY,open_FG3M,open_FG_PCT,open_FG3_PCT,open_FG3A,open_FG2_PCT,wide_open_FGA,wide_open_FG3A,wide_open_EFG_PCT,wide_open_FG_PCT,wide_open_FG2A_FREQUENCY,wide_open_FG2_PCT,wide_open_FG2A,wide_open_FGM,wide_open_FG2M,wide_open_FG3_PCT,wide_open_FG3M,wide_open_FG3A_FREQUENCY,wide_open_FGA_FREQUENCY,PULL_UP_EFG_PCT,PULL_UP_FG3A,PULL_UP_PTS,PULL_UP_FG_PCT,PULL_UP_FG3M,PULL_UP_FG3_PCT,PULL_UP_FGM,PULL_UP_FGA,EFF_FG_PCT,POST_TOUCH_FG_PCT,POST_TOUCH_PTS,ELBOW_TOUCH_PTS,PAINT_TOUCH_PTS,CATCH_SHOOT_PTS,ELBOW_TOUCH_FG_PCT,CATCH_SHOOT_FG_PCT,PAINT_TOUCH_FG_PCT,RIGHT_CORNER_3_FG_PCT,LEFT_CORNER_3_FG_PCT,BACKCOURT_FGA,MID_FGM,RA_FGM,CORNER_3_FGA,ITP_FGM,MID_FGA,RIGHT_CORNER_3_FGA,LEFT_CORNER_3_FGM,ABOVE_BREAK_3_FG_PCT,ITP_FG_PCT,BACKCOURT_FGM,RIGHT_CORNER_3_FGM,RA_FG_PCT,CORNER_3_FG_PCT,ABOVE_BREAK_3_FGA,LEFT_CORNER_3_FGA,RA_FGA,MID_FG_PCT,BACKCOURT_FG_PCT,ABOVE_BREAK_3_FGM,CORNER_3_FGM,ITP_FGA,PLUSMINUS,FGA_LT_06,FREQ,LT_06_PCT,FGM_LT_06,NS_LT_06_PCT,FGP_40_PLUS,FGP_20_24,FGM_35_39,FGA_LT_5,FGM_LT_5,FGM_15_19,FGP_LT_5,FGA_10_14,FGA_40_PLUS,FGP_10_14,FGA_20_24,FGM_40_PLUS,FGP_25_29,FGP_30_34,FGA_25_29,FGM_5_9,FGA_30_34,FGP_35_39,FGP_5_9,FGA_15_19,FGM_20_24,FGM_30_34,FGP_15_19,FGM_25_29,FGM_10_14,FGA_35_39,FGA_5_9,CATCH_SHOOT_EFG_PCT,CATCH_SHOOT_FGA,CATCH_SHOOT_FG3M,CATCH_SHOOT_FGM,CATCH_SHOOT_FG3A,CATCH_SHOOT_FG3_PCT,opp_very_tight_FG_PCT,opp_very_tight_FGA_FREQUENCY,opp_very_tight_EFG_PCT,opp_very_tight_FG3A_FREQUENCY,opp_very_tight_FGM,opp_very_tight_FGA,opp_very_tight_FG2_PCT,opp_very_tight_FG2A_FREQUENCY,opp_very_tight_FG2M,opp_very_tight_FG3M,opp_very_tight_FG3_PCT,opp_very_tight_FG2A,opp_very_tight_FG3A,opp_tight_FG2_PCT,opp_tight_FG3A_FREQUENCY,opp_tight_FGM,opp_tight_FG3A,opp_tight_FG_PCT,opp_tight_FGA_FREQUENCY,opp_tight_FGA,opp_tight_FG3M,opp_tight_EFG_PCT,opp_tight_FG2A,opp_tight_FG3_PCT,opp_tight_FG2A_FREQUENCY,opp_tight_FG2M,opp_open_FG3M,opp_open_FG2M,opp_open_FG3_PCT,opp_open_FGM,opp_open_FG3A_FREQUENCY,opp_open_FG3A,opp_open_FG_PCT,opp_open_FG2A,opp_open_FGA_FREQUENCY,opp_open_FGA,opp_open_EFG_PCT,opp_open_FG2_PCT,opp_open_FG2A_FREQUENCY,opp_wide_open_FG2_PCT,opp_wide_open_FG_PCT,opp_wide_open_FG2A,opp_wide_open_FG2M,opp_wide_open_FGA_FREQUENCY,opp_wide_open_FG3_PCT,opp_wide_open_FG2A_FREQUENCY,opp_wide_open_FG3A,opp_wide_open_FG3A_FREQUENCY,opp_wide_open_FG3M,opp_wide_open_EFG_PCT,opp_wide_open_FGM,opp_wide_open_FGA,year,playoffs
1610612737,Atlanta Hawks,67,20,47,0.299,3256.0,2723,6067,0.449,805,2416,0.333,1237,1566,0.79,661,2237,2898,1605,1086.0,523,341,428,1548,1404,7488,-534.0,23,26,28,27,23,23,23,23,18,13,30,17,21,10,23,24,24,21,24,20,16,30,22,21,23,29,,104.3,15,0.554,107.0,0.155,7,0.267,0.484,28,114.4,25,26,112.3,0.454,0.708,6999,0.515,29,28,1.48,0.589,-8.0,29,103.28,22,25,105.6,86.06,-7.4,28,16.9,19,23,28,145,18189,1917,3062,ATL,4053,0.105,18172,175,0.088,693,3307,1226,0.06,0.459,299,197,0.531,391,263,1755,1509,0.09,0.824,0.371,0.08,322,3.19,2.48,13351,597,1418.6,0.973,0.28,1574,0.718,0.613,26714,248,7488,392,2014,0.369,319,269,0.379,0.659,3714,0.303,1790,0.217,6.3,1745,46,877,485,0.602,6.6,7.6,0.546,365,0.593,5308,0.586,0.364,11,576,565,246,0.434,67,0.095,0.438,250,0.093,4,0.435,0.002,0.357,0.04,0.504,242,2163,58,2405,0.516,1213,1155,0.24,0.397,0.534,1664,395,0.275,0.156,0.503,716,690,0.118,295,0.415,0.311,948,0.552,1414,1213,0.56,0.402,0.033,0.597,201,568,120,0.369,448,0.2,0.233,0.437,810,1393,0.358,253,0.312,570,1594,0.515,0.581,178,366,1532,1737,0.533,0.346,0.681,0.313,0.367,12,229,1255,520,434,597,275,90,0.334,0.395,0,86,0.641,0.338,1882,245,1958,0.384,0.0,629,176,1098,0.016,2320,0.382,0.626,1452,0.61,0.067,0.336,10,2111,1312,126,0.622,515,15,0.384,822,1,0.338,0.299,1575,239,97,0.4,0.403,314,276,29,0.401,532,198,25,593,0.507,1685,545,581,1583,0.344,0.44,0.083,0.443,0.002,221,502,0.447,0.08,218,3,0.214,488,14,0.55,0.047,1311,287,0.521,0.415,2516,85,0.538,2229,0.296,0.368,1226,313,496,0.366,809,0.141,855,0.461,901,0.29,1756,0.55,0.55,0.149,0.636,0.432,253,161,0.213,0.382,0.042,1036,0.171,396,0.586,557,1289,2020,False
1610612738,Boston Celtics,72,48,24,0.667,3486.0,2971,6448,0.461,905,2487,0.364,1336,1668,0.801,768,2549,3317,1655,995.0,595,406,396,1553,1487,8183,454.0,11,5,5,5,13,14,12,17,11,12,13,9,13,5,5,12,8,19,11,6,4,27,23,16,10,3,1666.0,110.4,5,0.57,112.8,0.137,17,0.283,0.509,3,106.5,17,12,104.5,0.531,0.731,7255,0.531,4,8,1.66,0.557,6.0,16,99.92,25,4,101.9,83.27,6.3,15,16.7,26,13,4,147,20384,1969,2906,BOS,4221,0.097,20378,174,0.081,730,3280,1089,0.081,0.457,299,266,0.591,528,221,1940,1599,0.091,0.813,0.332,0.067,429,3.08,2.3,15563,694,1498.7,0.882,0.28,1622,0.573,0.561,29234,454,8183,488,2265,0.403,387,274,0.413,0.682,4123,0.314,1904,0.217,6.5,1991,49,1042,554,0.618,6.6,7.0,0.569,436,0.636,5829,0.615,0.571,28,566,538,238,0.449,72,0.088,0.463,254,0.084,16,0.442,0.004,0.357,0.069,0.482,445,2297,138,2742,0.507,1322,1184,0.31,0.426,0.515,1843,473,0.286,0.152,0.534,861,814,0.134,341,0.442,0.347,982,0.549,1291,1032,0.607,0.448,0.04,0.653,259,579,169,0.397,410,0.16,0.2,0.488,1078,1968,0.392,384,0.356,792,2018,0.531,0.458,260,389,1431,1727,0.543,0.379,0.616,0.34,0.421,22,347,1302,481,417,814,215,112,0.363,0.394,0,73,0.624,0.385,1985,266,2087,0.426,0.0,720,185,1059,-0.013,2126,0.339,0.599,1273,0.611,0.042,0.4,0,2299,1375,187,0.598,497,24,0.433,856,1,0.357,0.222,1715,234,18,0.0,0.393,441,342,4,0.424,613,215,3,595,0.543,1560,513,590,1386,0.37,0.424,0.087,0.43,0.004,230,543,0.428,0.083,223,7,0.318,521,22,0.507,0.051,1207,321,0.479,0.402,2518,94,0.498,2197,0.293,0.351,1113,327,446,0.322,773,0.162,1016,0.422,816,0.293,1832,0.511,0.547,0.13,0.581,0.404,222,129,0.218,0.37,0.035,1144,0.183,423,0.559,552,1366,2020,False
1610612751,Brooklyn Nets,72,35,37,0.486,3496.0,2908,6498,0.448,941,2746,0.343,1291,1732,0.745,766,2683,3449,1761,1099.0,464,323,379,1510,1521,8048,-41.0,11,14,14,14,11,17,8,24,9,4,26,13,9,25,7,3,3,13,27,26,20,23,18,9,17,15,413.0,106.0,9,0.554,108.7,0.148,10,0.28,0.511,15,109.2,23,9,107.1,0.5,0.736,7404,0.52,16,21,1.6,0.606,-1.1,12,101.7,19,22,104.0,84.75,-0.5,21,17.3,13,22,10,170,19973,2158,3266,BKN,4519,0.108,19945,247,0.088,824,3863,1417,0.07,0.451,350,269,0.549,535,258,2119,1827,0.091,0.774,0.367,0.067,414,3.12,2.36,14739,732,1505.9,0.892,0.278,1588,0.357,0.536,28958,112,8048,445,2420,0.41,374,316,0.425,0.683,4303,0.295,1870,0.213,6.2,2104,69,1016,571,0.624,6.6,7.8,0.576,443,0.581,5987,0.622,0.111,18,631,613,278,0.444,72,0.097,0.445,280,0.095,2,0.454,0.003,0.346,0.061,0.484,393,2242,111,2635,0.505,1276,1165,0.282,0.406,0.52,1944,426,0.3,0.187,0.535,730,836,0.113,410,0.43,0.338,1214,0.584,1275,1119,0.565,0.401,0.024,0.596,156,511,93,0.374,418,0.173,0.197,0.43,939,1430,0.345,284,0.302,573,1662,0.52,0.483,40,392,1416,2005,0.605,0.365,0.658,0.365,0.386,13,185,1448,624,336,504,318,118,0.335,0.368,0,116,0.619,0.375,2105,306,2339,0.367,0.0,705,234,913,-0.01,2078,0.311,0.6,1247,0.61,0.0,0.357,1,2536,1511,109,0.596,396,16,0.369,1164,0,0.341,0.222,1615,170,27,0.125,0.352,253,415,6,0.431,550,146,8,483,0.546,1827,649,673,1773,0.366,0.479,0.081,0.482,0.003,258,539,0.491,0.077,254,4,0.182,517,22,0.506,0.045,1211,298,0.482,0.377,2513,91,0.5,2215,0.305,0.332,1120,316,522,0.335,838,0.141,942,0.422,1046,0.298,1988,0.501,0.499,0.157,0.523,0.411,392,205,0.245,0.375,0.059,1242,0.186,466,0.553,671,1634,2020,False
1610612766,Charlotte Hornets,65,23,42,0.354,3150.0,2425,5586,0.434,785,2231,0.352,1052,1406,0.748,715,2066,2781,1549,949.0,428,268,328,1223,1337,6687,-439.0,26,23,21,22,26,30,30,30,23,23,19,28,27,24,14,29,28,25,5,30,28,11,2,25,30,27,,103.9,8,0.539,105.9,0.15,30,0.28,0.486,27,112.8,28,25,110.6,0.455,0.706,6317,0.504,28,24,1.63,0.639,-6.8,30,96.24,15,28,98.1,80.2,-7.0,18,17.7,4,29,25,172,19694,1886,2862,CHA,3947,0.096,19688,202,0.077,555,2977,1136,0.058,0.412,253,172,0.478,347,230,1424,1346,0.085,0.787,0.382,0.077,273,3.0,2.24,15488,651,1369.8,0.824,0.241,1522,0.51,0.568,27376,572,6584,422,1842,0.425,297,284,0.437,0.673,3321,0.327,1664,0.234,6.2,1558,47,897,475,0.612,6.6,7.6,0.566,344,0.597,4844,0.609,0.25,24,478,454,211,0.454,63,0.087,0.46,217,0.083,6,0.465,0.004,0.384,0.058,0.464,319,2104,89,2423,0.483,1125,1036,0.279,0.442,0.492,1523,296,0.278,0.168,0.51,599,616,0.109,320,0.404,0.346,924,0.494,1061,925,0.575,0.407,0.025,0.559,136,432,76,0.385,356,0.169,0.193,0.422,751,1148,0.334,240,0.32,454,1361,0.505,0.502,292,370,1254,1635,0.553,0.367,0.609,0.371,0.406,14,131,1162,477,348,409,221,104,0.344,0.353,0,82,0.592,0.39,1739,256,1962,0.32,0.0,598,186,985,0.02,2093,0.374,0.629,1317,0.609,0.067,0.365,0,2133,1217,71,0.571,304,15,0.332,797,1,0.347,0.289,1465,224,38,0.0,0.356,199,291,11,0.357,509,101,6,629,0.544,1482,525,543,1419,0.37,0.45,0.078,0.45,0.001,196,436,0.456,0.077,196,0,0.0,430,6,0.557,0.043,1165,242,0.528,0.395,2205,71,0.544,1963,0.293,0.352,1094,301,453,0.343,754,0.157,878,0.461,757,0.293,1635,0.553,0.598,0.136,0.649,0.418,191,124,0.234,0.378,0.034,1114,0.2,421,0.579,545,1305,2020,False
1610612741,Chicago Bulls,65,22,43,0.338,3135.0,2573,5762,0.447,793,2282,0.348,1006,1332,0.755,680,2041,2721,1510,1005.0,652,265,384,1417,1246,6945,-200.0,26,24,23,24,29,28,26,26,21,20,22,29,29,21,21,30,30,28,12,1,29,24,9,30,28,22,,104.1,14,0.547,105.8,0.153,16,0.267,0.481,22,108.9,24,28,107.7,0.466,0.719,6563,0.515,25,26,1.5,0.587,-3.6,23,100.46,21,29,101.9,83.71,-3.1,26,16.9,20,26,9,163,18536,1847,2968,CHI,3955,0.1,18534,181,0.081,656,3388,1361,0.062,0.438,278,209,0.495,417,224,1678,1497,0.082,0.765,0.402,0.066,319,3.03,2.34,14196,663,1340.9,0.832,0.262,1414,0.519,0.569,26537,297,6945,389,1897,0.407,288,287,0.418,0.677,3303,0.301,1671,0.211,6.3,1610,45,819,430,0.618,6.7,7.8,0.568,333,0.572,4791,0.61,0.222,18,554,536,243,0.446,65,0.097,0.449,247,0.094,4,0.453,0.003,0.35,0.036,0.487,203,2001,62,2204,0.501,1073,1011,0.305,0.386,0.505,1543,380,0.27,0.148,0.517,696,659,0.122,279,0.427,0.329,847,0.546,1414,1211,0.565,0.407,0.036,0.626,203,575,127,0.37,448,0.212,0.247,0.433,612,1071,0.351,203,0.332,434,1238,0.515,0.477,154,377,1177,1845,0.554,0.355,0.632,0.377,0.388,12,173,1293,534,315,493,204,128,0.338,0.375,0,77,0.602,0.384,1736,330,2148,0.351,0.0,587,205,839,0.031,2091,0.39,0.64,1338,0.609,0.0,0.368,0,2308,1345,88,0.583,290,13,0.4,934,0,0.337,0.172,1411,200,29,0.0,0.379,249,344,5,0.353,475,116,0,528,0.526,1713,579,611,1628,0.356,0.492,0.078,0.494,0.001,205,417,0.495,0.077,203,2,0.286,410,7,0.552,0.051,1137,274,0.518,0.413,2196,77,0.535,1922,0.281,0.361,1060,316,457,0.359,773,0.165,880,0.473,754,0.307,1634,0.57,0.606,0.142,0.608,0.41,181,110,0.202,0.37,0.034,894,0.168,331,0.564,441,1075,2020,False
1610612739,Cleveland Cavaliers,65,19,46,0.292,3145.0,2619,5715,0.458,727,2070,0.351,983,1296,0.758,704,2172,2876,1500,1073.0,447,211,412,1188,1277,6948,-513.0,26,28,26,29,27,25,28,19,28,26,20,30,30,20,16,26,25,29,21,28,30,29,1,29,27,28,,104.4,2,0.553,106.9,0.165,23,0.296,0.512,29,114.8,22,7,113.6,0.453,0.738,6497,0.522,30,30,1.4,0.573,-9.2,9,99.17,23,26,100.9,82.65,-7.9,30,16.8,23,24,30,138,18803,1801,2832,CLE,3829,0.096,18800,171,0.08,631,3118,1229,0.052,0.461,292,163,0.505,324,255,1576,1370,0.094,0.833,0.394,0.082,270,3.18,2.37,14540,770,1422.0,0.834,0.259,1815,0.502,0.517,26840,733,6948,437,1925,0.413,271,263,0.428,0.705,3351,0.329,1706,0.235,6.0,1662,60,947,510,0.648,6.3,7.3,0.584,331,0.621,4922,0.626,0.333,18,592,574,250,0.432,65,0.104,0.438,256,0.101,6,0.436,0.003,0.372,0.036,0.505,204,2119,53,2323,0.516,1172,1119,0.26,0.408,0.528,1559,406,0.274,0.144,0.53,738,686,0.13,280,0.44,0.341,821,0.55,1221,1027,0.566,0.408,0.034,0.572,194,498,111,0.377,387,0.18,0.214,0.432,636,1223,0.363,197,0.31,513,1414,0.522,0.482,368,398,1513,1757,0.535,0.38,0.632,0.41,0.394,7,291,1147,421,454,707,195,89,0.341,0.431,0,80,0.607,0.401,1638,226,1889,0.412,0.0,558,169,1053,0.048,2232,0.384,0.658,1469,0.61,0.0,0.38,2,2075,1231,127,0.593,486,9,0.455,722,0,0.343,0.29,1360,280,62,0.667,0.42,331,274,18,0.384,466,221,3,667,0.547,1533,523,577,1405,0.372,0.51,0.087,0.516,0.002,257,504,0.512,0.085,251,6,0.429,490,14,0.562,0.041,1203,239,0.537,0.387,2242,77,0.554,2003,0.322,0.346,1126,295,513,0.345,808,0.147,854,0.459,908,0.304,1762,0.542,0.565,0.157,0.602,0.449,249,150,0.222,0.412,0.043,1035,0.179,426,0.614,576,1284,2020,False
1610612742,Dallas Mavericks,75,43,32,0.573,3635.0,3124,6772,0.461,1136,3095,0.367,1392,1787,0.779,791,2729,3520,1849,953.0,460,363,311,1462,1601,8776,371.0,1,12,13,13,1,2,1,16,1,2,10,7,5,14,3,2,2,9,6,27,11,7,12,4,1,6,626.0,113.7,12,0.581,115.9,0.126,18,0.275,0.509,6,111.2,4,10,109.5,0.521,0.74,7569,0.545,8,3,1.94,0.592,4.2,8,99.89,14,1,101.7,83.24,4.8,4,17.7,17,4,18,151,21135,2179,3378,DAL,4753,0.103,21139,242,0.085,801,3646,1427,0.067,0.493,389,243,0.563,475,221,2052,1626,0.107,0.792,0.391,0.061,376,3.13,2.42,15874,547,1575.5,0.933,0.283,1455,0.62,0.7,30175,395,8527,439,2385,0.443,387,329,0.456,0.707,4128,0.3,1747,0.221,6.2,2056,51,1024,585,0.641,6.6,8.2,0.6,438,0.567,5703,0.649,0.267,15,495,480,234,0.481,73,0.075,0.485,238,0.073,4,0.488,0.002,0.333,0.05,0.504,332,2190,94,2522,0.522,1270,1176,0.283,0.383,0.537,1964,410,0.298,0.189,0.546,722,851,0.11,441,0.433,0.355,1242,0.568,1603,1413,0.595,0.421,0.029,0.611,190,675,116,0.396,559,0.215,0.243,0.456,921,1607,0.369,307,0.333,650,1762,0.544,0.434,245,383,1358,2525,0.626,0.383,0.676,0.42,0.389,19,308,1263,670,418,744,367,118,0.36,0.393,0,154,0.674,0.406,2400,303,1875,0.414,0.0,863,272,1064,-0.016,2405,0.355,0.6,1442,0.615,0.0,0.403,2,2036,1329,148,0.653,484,21,0.403,1115,0,0.355,0.387,1977,275,62,0.286,0.379,345,449,24,0.429,702,195,7,725,0.561,2199,781,844,2049,0.381,0.486,0.088,0.493,0.003,285,587,0.488,0.085,276,9,0.409,565,22,0.524,0.036,1298,243,0.506,0.385,2566,81,0.522,2323,0.333,0.349,1217,348,516,0.341,864,0.153,1020,0.432,981,0.3,2001,0.519,0.526,0.147,0.597,0.403,263,157,0.226,0.362,0.039,1242,0.187,449,0.552,606,1505,2020,False
1610612743,Denver Nuggets,73,46,27,0.63,3549.0,3069,6488,0.473,801,2234,0.359,1185,1526,0.777,786,2436,3222,1952,1005.0,586,337,324,1485,1494,8124,154.0,3,6,6,6,3,6,9,4,19,22,15,23,23,16,4,20,15,3,12,7,18,9,16,13,12,11,1813.0,110.1,3,0.567,112.6,0.139,29,0.294,0.509,11,110.4,10,11,108.6,0.517,0.725,7217,0.535,11,9,1.94,0.636,1.5,20,97.64,2,5,99.5,81.37,2.2,3,19.1,5,15,16,168,22282,2321,3318,DEN,4878,0.104,22299,217,0.088,577,2823,1074,0.062,0.434,298,176,0.521,347,177,1470,1331,0.106,0.793,0.38,0.063,275,3.02,2.14,17825,1136,1571.5,0.909,0.26,1804,0.526,0.538,31193,1010,8124,513,2135,0.432,323,268,0.448,0.687,3867,0.336,1818,0.234,6.0,1867,65,1082,569,0.63,6.2,6.9,0.585,388,0.653,5504,0.63,0.25,8,527,519,227,0.435,73,0.081,0.436,229,0.08,2,0.437,0.001,0.363,0.027,0.524,178,2350,52,2528,0.534,1325,1273,0.292,0.39,0.542,2011,583,0.31,0.148,0.522,1053,894,0.163,311,0.445,0.325,958,0.554,1411,1090,0.592,0.438,0.05,0.567,321,618,182,0.4,436,0.168,0.218,0.436,600,1500,0.381,190,0.317,655,1719,0.535,0.515,531,611,1640,2117,0.587,0.393,0.681,0.398,0.41,18,454,1356,502,461,1028,231,111,0.349,0.397,0,92,0.654,0.404,1706,271,2074,0.442,0.0,595,203,1160,0.009,2260,0.358,0.624,1411,0.615,0.053,0.389,1,2285,1440,252,0.63,567,19,0.413,1140,1,0.348,0.111,1211,274,9,0.25,0.398,564,444,1,0.447,422,234,4,689,0.554,1831,607,711,1609,0.377,0.503,0.087,0.505,0.002,275,547,0.508,0.085,273,2,0.2,537,10,0.535,0.048,1269,304,0.508,0.396,2496,96,0.528,2192,0.316,0.348,1173,337,433,0.341,770,0.157,988,0.424,827,0.288,1815,0.517,0.524,0.131,0.565,0.418,271,153,0.229,0.385,0.043,1170,0.186,450,0.575,603,1441,2020,False
1610612765,Detroit Pistons,66,20,46,0.303,3193.0,2595,5658,0.459,791,2157,0.367,1097,1476,0.743,644,2109,2753,1589,1008.0,490,299,369,1299,1308,7078,-235.0,24,26,26,26,24,26,29,18,22,25,11,25,25,26,26,28,29,22,14,24,23,22,3,26,25,23,,106.1,11,0.561,108.8,0.155,28,0.277,0.493,23,112.3,19,19,110.4,0.473,0.717,6507,0.529,23,27,1.58,0.612,-4.3,25,97.86,13,20,99.9,81.55,-3.5,23,17.7,11,20,22,165,18719,1875,2966,DET,4078,0.1,18725,159,0.084,644,3226,1366,0.055,0.472,328,177,0.495,352,231,1596,1364,0.102,0.767,0.423,0.072,270,3.19,2.4,14550,727,1417.5,0.877,0.262,1500,0.682,0.575,26625,497,6967,383,1858,0.434,317,252,0.448,0.673,3407,0.314,1471,0.226,6.3,1606,46,854,471,0.611,6.4,6.9,0.574,363,0.6,4739,0.621,0.5,20,537,517,242,0.469,65,0.097,0.479,252,0.093,10,0.468,0.004,0.377,0.051,0.475,282,2090,73,2372,0.49,1126,1053,0.259,0.428,0.504,1611,387,0.29,0.167,0.566,683,737,0.123,350,0.457,0.377,928,0.567,1027,884,0.592,0.425,0.026,0.65,143,436,93,0.388,343,0.159,0.185,0.422,477,949,0.355,151,0.317,399,1125,0.528,0.528,339,418,1316,1940,0.532,0.381,0.611,0.398,0.442,13,214,1203,636,389,542,324,138,0.347,0.372,1,129,0.627,0.42,1503,312,1918,0.395,0.077,521,267,1046,0.017,2135,0.376,0.627,1338,0.61,0.067,0.393,0,2151,1288,110,0.599,354,15,0.364,917,1,0.356,0.167,1264,253,24,0.0,0.382,267,360,4,0.412,450,129,3,663,0.564,1707,616,654,1610,0.383,0.499,0.09,0.505,0.004,253,507,0.51,0.086,247,6,0.261,484,23,0.536,0.039,1225,221,0.511,0.424,2398,58,0.523,2177,0.262,0.385,1167,264,459,0.345,723,0.135,766,0.451,837,0.283,1603,0.533,0.548,0.148,0.614,0.449,251,154,0.203,0.403,0.044,896,0.158,361,0.606,515,1147,2020,False
1610612744,Golden State Warriors,65,15,50,0.231,3145.0,2510,5730,0.438,678,2032,0.334,1214,1511,0.803,647,2138,2785,1663,969.0,534,299,321,1304,1308,6912,-566.0,26,30,30,30,27,29,27,29,29,28,29,21,24,4,25,27,27,18,8,18,23,8,4,26,29,30,,102.9,25,0.54,104.4,0.146,15,0.255,0.481,30,113.0,30,27,110.9,0.462,0.722,6623,0.497,26,19,1.72,0.663,-8.0,21,101.04,8,30,102.7,84.2,-8.6,11,18.2,1,28,26,173,21686,2053,3079,GSW,4225,0.095,21666,228,0.077,521,2618,916,0.093,0.441,207,244,0.57,486,191,1491,1181,0.079,0.823,0.35,0.073,400,2.71,1.94,16961,817,1337.8,0.838,0.233,1385,0.405,0.454,29670,750,6912,373,1882,0.425,343,272,0.442,0.665,3557,0.321,1522,0.244,6.4,1610,58,894,521,0.601,6.8,8.1,0.566,401,0.577,4922,0.616,0.333,21,454,433,177,0.405,65,0.08,0.413,184,0.076,7,0.409,0.004,0.359,0.049,0.47,277,2038,80,2315,0.487,1087,1007,0.289,0.407,0.494,1756,489,0.309,0.145,0.514,933,765,0.164,276,0.436,0.335,823,0.524,1158,909,0.53,0.394,0.044,0.566,249,456,141,0.347,315,0.16,0.204,0.429,569,1401,0.374,179,0.315,611,1633,0.497,0.473,304,371,1160,1717,0.49,0.349,0.616,0.376,0.411,11,409,1029,398,394,1028,189,86,0.321,0.384,0,71,0.626,0.394,1622,209,1645,0.398,0.0,521,157,1026,-0.001,2143,0.372,0.615,1319,0.616,0.0,0.364,0,1796,1078,255,0.6,535,16,0.402,731,0,0.329,0.31,1397,215,71,0.0,0.391,626,266,22,0.407,459,215,8,550,0.498,1655,494,577,1435,0.344,0.471,0.096,0.474,0.002,259,550,0.477,0.094,256,3,0.231,537,13,0.531,0.042,1094,241,0.505,0.379,2168,71,0.521,1927,0.295,0.337,1023,327,446,0.369,773,0.155,886,0.46,796,0.294,1682,0.557,0.56,0.139,0.633,0.459,207,131,0.231,0.427,0.036,1113,0.195,475,0.639,606,1320,2020,False
1610612745,Houston Rockets,72,44,28,0.611,3476.0,2936,6512,0.451,1126,3261,0.345,1484,1876,0.791,704,2484,3188,1557,1057.0,627,371,354,1566,1515,8482,213.0,11,8,7,8,16,16,7,22,2,1,24,2,2,8,16,18,16,24,19,3,10,18,25,11,4,8,1200.0,110.3,26,0.578,112.5,0.14,2,0.249,0.48,8,109.8,7,29,107.4,0.494,0.713,7539,0.537,19,10,1.47,0.53,2.9,26,104.04,29,6,106.3,86.7,2.7,29,15.5,29,5,15,145,17593,1908,3162,HOU,4134,0.109,17564,215,0.089,781,3524,1388,0.085,0.523,320,300,0.604,598,243,2130,1492,0.091,0.816,0.394,0.069,488,3.22,2.59,12042,534,1424.0,0.789,0.319,1265,0.456,0.552,26566,160,8482,371,2223,0.394,329,328,0.406,0.668,4045,0.299,1786,0.235,6.6,1895,53,954,583,0.614,7.1,9.0,0.564,382,0.528,5647,0.605,0.143,14,504,490,239,0.478,72,0.077,0.48,241,0.075,2,0.488,0.002,0.297,0.075,0.51,486,1935,158,2421,0.543,1235,1077,0.325,0.372,0.557,1983,389,0.305,0.202,0.519,668,816,0.103,427,0.411,0.325,1315,0.582,1597,1446,0.57,0.401,0.023,0.669,151,640,101,0.373,539,0.222,0.246,0.481,1237,1664,0.357,430,0.348,617,1729,0.537,0.388,73,295,998,2127,0.593,0.349,0.653,0.365,0.403,10,161,1398,837,253,398,447,157,0.334,0.374,0,163,0.641,0.382,2410,390,2180,0.405,0.0,804,320,677,0.03,2378,0.361,0.645,1533,0.615,0.077,0.374,0,2302,1443,89,0.627,232,13,0.379,1130,1,0.336,0.341,2122,166,41,0.0,0.37,217,423,14,0.41,712,88,6,449,0.522,1999,683,702,1967,0.347,0.499,0.087,0.502,0.001,287,575,0.501,0.086,284,3,0.375,567,8,0.526,0.048,1303,318,0.493,0.402,2644,79,0.508,2326,0.248,0.354,1224,367,475,0.346,842,0.162,1062,0.428,904,0.299,1966,0.522,0.525,0.138,0.685,0.436,254,174,0.211,0.38,0.039,1134,0.173,431,0.591,605,1388,2020,False
1610612754,Indiana Pacers,73,45,28,0.616,3524.0,3075,6457,0.476,743,2046,0.363,1096,1393,0.787,636,2489,3125,1888,967.0,543,376,335,1445,1373,7989,143.0,3,7,7,7,5,5,11,2,27,27,14,26,28,12,28,17,19,7,7,16,9,14,11,24,19,12,388.0,107.9,27,0.565,109.5,0.132,22,0.243,0.487,13,107.5,12,24,105.1,0.52,0.718,7299,0.534,9,5,1.95,0.614,2.9,24,99.41,3,19,101.3,82.84,1.9,2,18.9,10,18,6,194,21589,2289,3417,IND,4783,0.106,21578,213,0.087,743,3420,1429,0.051,0.488,352,173,0.529,348,205,1809,1522,0.103,0.828,0.418,0.06,288,3.04,2.41,16242,1015,1538.4,0.897,0.263,1449,0.511,0.654,30365,615,7989,386,2173,0.428,372,249,0.439,0.655,4173,0.304,1486,0.227,6.2,1924,36,950,564,0.596,6.4,7.3,0.566,408,0.607,5518,0.611,0.222,18,593,575,297,0.508,73,0.092,0.511,301,0.089,4,0.517,0.003,0.371,0.036,0.508,229,2385,78,2614,0.523,1327,1249,0.341,0.406,0.524,1701,557,0.265,0.108,0.549,1005,808,0.156,251,0.475,0.361,696,0.554,1523,1103,0.551,0.416,0.065,0.533,420,634,224,0.372,410,0.172,0.237,0.456,524,1606,0.407,174,0.332,716,1761,0.534,0.475,314,664,1300,2015,0.574,0.39,0.64,0.433,0.367,10,532,1352,491,448,1265,210,103,0.355,0.454,0,91,0.626,0.395,1545,281,2160,0.421,0.0,549,194,986,-0.018,2352,0.364,0.593,1395,0.611,0.0,0.39,0,2309,1423,309,0.616,635,11,0.458,848,0,0.356,0.179,1320,246,28,0.0,0.418,712,331,5,0.434,470,291,5,589,0.544,1834,565,715,1507,0.375,0.473,0.097,0.479,0.003,295,624,0.474,0.094,287,8,0.444,606,18,0.506,0.052,1313,336,0.478,0.427,2748,92,0.495,2412,0.274,0.375,1221,339,407,0.324,746,0.162,1045,0.411,769,0.282,1814,0.505,0.529,0.119,0.617,0.415,196,121,0.194,0.377,0.03,1055,0.164,398,0.574,519,1251,2020,False
1610612746,LA Clippers,72,49,23,0.681,3476.0,2992,6425,0.466,895,2410,0.371,1498,1894,0.791,767,2664,3431,1708,1051.0,511,338,338,1594,1647,8377,464.0,11,4,4,4,16,12,14,12,12,14,6,1,1,9,6,4,4,17,18,22,17,15,26,2,5,2,1296.0,111.1,10,0.577,113.3,0.142,8,0.278,0.515,2,106.9,9,3,105.3,0.532,0.737,7396,0.535,3,12,1.63,0.571,5.7,10,102.16,20,2,103.9,85.13,6.3,19,16.9,24,6,5,168,19506,2079,3068,LAC,4439,0.107,19514,220,0.088,685,2990,1018,0.083,0.483,255,248,0.61,496,205,1824,1417,0.085,0.798,0.34,0.069,396,3.13,2.31,14631,670,1490.4,0.886,0.293,1520,0.607,0.627,28563,749,8377,476,2370,0.432,334,286,0.445,0.688,4206,0.305,1774,0.214,6.4,2084,50,1047,571,0.633,6.4,6.7,0.592,384,0.621,5790,0.634,0.278,18,628,610,281,0.455,72,0.098,0.459,286,0.095,5,0.461,0.003,0.345,0.052,0.507,332,2216,111,2548,0.528,1291,1180,0.334,0.397,0.532,2030,506,0.316,0.166,0.53,968,886,0.151,380,0.436,0.358,1062,0.523,1208,991,0.594,0.431,0.034,0.585,217,521,127,0.398,394,0.155,0.188,0.447,659,1653,0.387,221,0.335,716,1849,0.535,0.459,455,420,1347,2124,0.586,0.385,0.62,0.393,0.406,11,383,1277,641,441,970,326,128,0.363,0.422,0,128,0.636,0.399,1751,315,2007,0.395,0.0,635,256,1045,-0.018,2067,0.318,0.598,1236,0.616,0.0,0.399,0,2180,1336,208,0.613,541,14,0.434,1059,0,0.354,0.286,1447,270,28,0.0,0.421,514,423,8,0.405,512,235,1,641,0.566,1827,655,707,1704,0.384,0.447,0.09,0.452,0.003,261,584,0.452,0.087,255,6,0.3,564,20,0.499,0.052,1171,338,0.469,0.385,2495,95,0.488,2157,0.281,0.333,1076,340,494,0.339,834,0.155,1004,0.426,954,0.302,1958,0.513,0.518,0.147,0.544,0.399,239,130,0.222,0.37,0.037,1200,0.185,444,0.553,574,1439,2020,False
1610612747,Los Angeles Lakers,71,52,19,0.732,3418.0,3006,6269,0.48,782,2242,0.349,1260,1728,0.729,757,2490,3247,1803,1077.0,612,468,263,1471,1544,8054,411.0,21,3,2,3,22,8,19,1,24,21,21,16,10,28,9,16,12,11,22,4,1,1,15,8,16,5,2049.0,109.6,6,0.573,111.7,0.149,11,0.283,0.512,5,106.1,5,6,103.8,0.539,0.737,7211,0.542,2,23,1.67,0.6,5.8,11,101.2,10,11,103.3,84.33,5.6,14,18.0,15,9,3,169,20140,2151,3296,LAL,4505,0.107,20157,202,0.089,577,2596,979,0.071,0.496,285,185,0.566,365,185,1470,1164,0.11,0.748,0.377,0.071,273,2.98,2.11,15180,818,1437.4,0.954,0.278,1883,0.47,0.566,28927,1015,8054,446,2247,0.449,313,303,0.462,0.686,3942,0.305,1685,0.219,6.2,1944,48,990,544,0.631,6.4,6.8,0.597,361,0.589,5438,0.639,0.2,10,520,510,277,0.537,70,0.083,0.538,279,0.082,2,0.543,0.002,0.342,0.035,0.53,219,2141,57,2360,0.542,1250,1193,0.26,0.377,0.557,1890,566,0.302,0.133,0.519,1057,843,0.169,277,0.446,0.333,833,0.535,1485,1179,0.571,0.422,0.049,0.592,306,626,181,0.377,445,0.188,0.237,0.408,617,1270,0.349,184,0.298,543,1556,0.542,0.471,477,463,1797,1986,0.589,0.37,0.701,0.364,0.445,10,350,1564,615,310,951,305,138,0.33,0.382,0,111,0.69,0.405,1615,310,2266,0.368,0.0,533,249,812,-0.018,2129,0.344,0.596,1268,0.613,0.0,0.382,4,2414,1617,196,0.67,429,15,0.408,966,0,0.329,0.276,1384,181,29,0.444,0.375,540,369,8,0.363,456,175,9,483,0.531,1783,581,657,1576,0.369,0.445,0.085,0.452,0.005,234,526,0.456,0.081,227,7,0.25,498,28,0.506,0.045,1148,276,0.482,0.386,2384,81,0.499,2108,0.293,0.342,1067,277,468,0.303,745,0.148,913,0.417,874,0.29,1787,0.494,0.535,0.142,0.558,0.434,319,178,0.239,0.4,0.052,1156,0.187,462,0.591,640,1475,2020,False
1610612763,Memphis Grizzlies,73,34,39,0.466,3514.0,3106,6634,0.468,798,2297,0.347,1212,1589,0.763,754,2643,3397,1965,1113.0,576,398,386,1546,1474,8222,-78.0,3,16,15,16,9,4,4,7,20,19,23,22,20,19,10,5,5,2,29,9,5,25,21,17,9,17,,106.9,13,0.561,108.7,0.147,6,0.271,0.506,17,109.7,20,14,107.5,0.507,0.733,7562,0.528,14,20,1.77,0.633,-0.6,15,103.31,5,21,105.3,86.1,-1.0,9,18.7,6,21,14,168,22301,2375,3493,MEM,4923,0.107,22293,259,0.088,771,3545,1253,0.069,0.458,351,246,0.554,485,256,1965,1683,0.099,0.775,0.353,0.072,376,2.87,2.02,17116,850,1507.3,0.944,0.261,1839,0.628,0.676,31460,602,8222,461,2320,0.41,365,287,0.425,0.685,4226,0.314,1837,0.23,6.3,2033,61,1068,607,0.625,6.5,7.5,0.577,426,0.611,5884,0.622,0.222,9,497,488,249,0.505,72,0.075,0.507,251,0.074,2,0.51,0.001,0.399,0.028,0.502,184,2637,34,2821,0.508,1415,1381,0.185,0.427,0.524,1805,524,0.273,0.13,0.518,948,798,0.143,274,0.442,0.32,857,0.553,1488,1244,0.588,0.425,0.037,0.594,244,632,145,0.391,487,0.188,0.225,0.431,567,1346,0.378,166,0.293,590,1562,0.528,0.497,378,575,1736,2082,0.624,0.376,0.667,0.365,0.387,12,270,1358,513,681,696,260,98,0.341,0.447,0,95,0.641,0.376,1770,253,2120,0.388,0.0,604,193,1523,-0.017,2189,0.332,0.598,1308,0.615,0.0,0.373,0,2317,1442,135,0.622,614,16,0.435,922,0,0.338,0.368,1475,413,19,0.0,0.442,328,344,7,0.412,498,267,8,935,0.541,1893,624,712,1703,0.366,0.449,0.087,0.455,0.002,256,570,0.449,0.084,249,7,0.438,554,16,0.503,0.048,1268,313,0.484,0.398,2620,108,0.505,2307,0.345,0.35,1160,348,464,0.353,812,0.15,985,0.434,888,0.284,1873,0.526,0.523,0.135,0.573,0.41,255,146,0.231,0.378,0.039,1268,0.193,479,0.568,625,1523,2020,False
1610612748,Miami Heat,73,44,29,0.603,3549.0,2880,6160,0.468,979,2584,0.379,1440,1840,0.783,620,2619,3239,1892,1088.0,547,332,302,1501,1584,8179,215.0,3,8,11,11,3,20,20,10,6,7,2,4,3,13,29,6,13,5,25,15,19,4,17,7,11,7,2049.0,110.0,23,0.587,111.9,0.149,27,0.257,0.512,7,109.3,3,5,107.2,0.525,0.753,7306,0.547,6,22,1.74,0.657,2.8,3,98.7,4,7,100.5,82.25,2.7,10,18.8,3,1,12,229,21053,2293,3586,MIA,4940,0.109,21053,218,0.088,612,3148,1298,0.074,0.476,331,232,0.522,463,230,1642,1287,0.105,0.801,0.412,0.073,371,3.16,2.26,15998,1086,1566.3,0.851,0.271,1644,0.382,0.519,29769,584,8070,342,2300,0.382,414,261,0.396,0.705,4077,0.274,1590,0.207,6.3,2039,59,875,533,0.633,6.7,8.4,0.582,473,0.563,5479,0.637,0.24,25,482,457,224,0.477,72,0.08,0.483,230,0.076,6,0.49,0.004,0.324,0.071,0.498,428,1958,144,2386,0.528,1189,1045,0.336,0.395,0.534,1877,467,0.311,0.169,0.554,857,849,0.142,382,0.452,0.375,1020,0.545,1299,1058,0.6,0.436,0.04,0.585,241,567,141,0.403,426,0.175,0.215,0.438,633,1336,0.367,216,0.341,560,1526,0.548,0.482,223,564,1399,2397,0.605,0.398,0.676,0.345,0.419,19,300,1214,638,387,817,328,130,0.382,0.41,0,113,0.669,0.381,1926,310,1815,0.367,0.0,736,243,945,0.032,1992,0.319,0.644,1282,0.611,0.0,0.39,1,1979,1282,174,0.648,470,24,0.402,1057,0,0.379,0.311,1563,216,45,0.2,0.378,446,412,14,0.39,592,189,5,571,0.577,2036,730,810,1863,0.392,0.451,0.089,0.458,0.004,249,552,0.456,0.085,241,8,0.333,528,24,0.54,0.05,1212,312,0.512,0.38,2368,102,0.533,2056,0.327,0.33,1110,405,380,0.328,785,0.199,1236,0.397,740,0.317,1976,0.5,0.514,0.119,0.607,0.403,196,119,0.213,0.368,0.031,1133,0.182,417,0.56,536,1329,2020,False
1610612749,Milwaukee Bucks,73,56,17,0.767,3519.0,3160,6638,0.476,1007,2840,0.355,1336,1800,0.742,691,3083,3774,1889,1102.0,526,429,326,1431,1586,8663,736.0,3,1,1,1,6,1,3,3,3,3,18,9,4,27,19,1,1,6,28,19,3,10,10,6,2,1,1018.0,110.5,28,0.583,111.9,0.142,1,0.241,0.524,1,102.5,1,1,100.6,0.562,0.775,7739,0.552,1,13,1.71,0.598,9.9,1,105.51,11,8,107.2,87.93,9.4,12,18.0,16,3,1,175,20187,2251,3492,MIL,4855,0.112,20175,228,0.092,624,2799,1076,0.081,0.534,283,227,0.58,451,234,1624,1168,0.101,0.714,0.384,0.084,322,2.95,2.11,15058,868,1439.2,0.897,0.292,1491,0.654,0.644,29300,768,8547,401,2663,0.427,416,277,0.44,0.713,4679,0.284,1591,0.215,6.1,2386,47,1055,654,0.65,6.4,7.9,0.61,463,0.591,6096,0.66,0.154,13,507,494,231,0.46,72,0.078,0.462,233,0.076,2,0.468,0.002,0.328,0.037,0.539,244,2141,77,2385,0.555,1285,1208,0.316,0.365,0.564,1895,530,0.29,0.155,0.562,880,887,0.135,357,0.468,0.352,1015,0.602,1744,1532,0.564,0.403,0.032,0.67,212,703,142,0.366,561,0.235,0.267,0.476,853,1633,0.392,287,0.336,673,1716,0.552,0.523,502,559,1337,2298,0.567,0.374,0.626,0.373,0.399,9,356,1422,609,377,767,303,122,0.347,0.407,0,113,0.675,0.386,2220,306,2106,0.464,0.0,770,235,927,-0.092,1929,0.285,0.517,997,0.609,0.0,0.396,0,2248,1480,187,0.658,466,10,0.453,893,0,0.347,0.261,2013,224,23,0.0,0.389,407,354,6,0.459,698,211,2,576,0.544,2032,692,759,1896,0.365,0.386,0.086,0.393,0.005,224,580,0.398,0.08,216,8,0.216,543,37,0.459,0.05,1138,339,0.441,0.382,2580,109,0.462,2241,0.322,0.332,1029,325,415,0.341,740,0.141,952,0.41,853,0.267,1805,0.5,0.487,0.126,0.495,0.394,281,139,0.264,0.375,0.042,1504,0.223,564,0.552,703,1785,2020,False
1610612750,Minnesota Timberwolves,64,19,45,0.297,3112.0,2586,5865,0.441,853,2540,0.336,1223,1624,0.753,675,2193,2868,1525,981.0,555,362,355,1370,1383,7248,-275.0,30,28,24,28,30,27,25,28,14,8,28,20,19,23,22,25,26,26,9,13,12,19,6,23,24,24,,105.3,18,0.551,107.6,0.146,3,0.264,0.488,24,111.6,26,23,110.0,0.472,0.731,6736,0.514,24,18,1.55,0.59,-4.7,17,103.94,26,24,105.9,86.62,-4.0,24,16.7,18,25,20,174,19605,1835,3055,MIN,4013,0.094,19593,155,0.078,730,3247,1128,0.08,0.475,259,260,0.585,510,218,1899,1536,0.08,0.771,0.347,0.067,393,2.88,2.12,14934,547,1333.0,0.866,0.261,1267,0.502,0.516,27732,476,7248,415,1923,0.415,308,254,0.426,0.694,3466,0.328,1627,0.24,6.2,1669,41,941,526,0.633,6.5,7.5,0.581,349,0.615,4940,0.625,0.3,10,607,597,277,0.461,64,0.104,0.464,280,0.102,3,0.464,0.002,0.351,0.045,0.498,261,2052,74,2313,0.514,1151,1077,0.284,0.395,0.525,1580,271,0.27,0.183,0.491,508,607,0.087,336,0.384,0.313,1072,0.533,1352,1196,0.566,0.403,0.027,0.673,156,545,105,0.368,440,0.204,0.231,0.439,683,1071,0.348,223,0.327,424,1220,0.514,0.467,239,282,1097,1952,0.554,0.341,0.616,0.332,0.337,11,160,1268,457,305,419,208,84,0.338,0.351,1,69,0.622,0.335,2070,249,2038,0.382,0.091,699,153,870,0.005,2137,0.369,0.619,1322,0.613,0.083,0.342,0,2194,1313,70,0.598,273,12,0.37,951,1,0.341,0.231,1637,212,26,0.0,0.371,197,325,6,0.355,558,101,4,571,0.501,1868,607,633,1797,0.338,0.448,0.09,0.454,0.003,233,520,0.454,0.087,227,6,0.3,500,20,0.537,0.044,1241,252,0.513,0.419,2420,77,0.529,2168,0.306,0.375,1164,308,498,0.362,806,0.148,852,0.476,843,0.293,1695,0.566,0.591,0.146,0.571,0.418,226,129,0.198,0.38,0.039,915,0.158,348,0.571,477,1141,2020,False
1610612740,New Orleans Pelicans,72,30,42,0.417,3486.0,3065,6598,0.465,982,2656,0.37,1229,1687,0.729,797,2551,3348,1932,1181.0,539,358,348,1524,1519,8341,-93.0,11,21,21,21,13,7,5,13,5,6,7,19,11,29,1,11,7,4,30,17,13,17,19,10,6,20,,108.0,4,0.568,110.5,0.156,4,0.287,0.508,20,111.8,6,13,109.4,0.495,0.729,7548,0.539,18,29,1.64,0.63,-1.4,18,103.89,7,15,106.3,86.57,-1.3,17,18.4,7,14,21,200,22553,2365,3547,NOP,4995,0.105,22555,271,0.084,673,3292,1243,0.061,0.449,323,202,0.517,409,257,1702,1499,0.098,0.741,0.378,0.078,303,2.67,1.9,17410,765,1412.2,0.843,0.259,1591,0.476,0.63,31683,464,8218,469,2221,0.422,369,314,0.436,0.676,4086,0.325,1851,0.239,6.2,1907,58,1071,602,0.615,6.4,7.3,0.573,427,0.6,5748,0.619,0.25,12,591,579,290,0.496,71,0.092,0.498,293,0.09,3,0.501,0.002,0.346,0.055,0.504,355,2228,116,2583,0.526,1301,1185,0.327,0.401,0.532,1926,432,0.299,0.173,0.526,813,819,0.126,387,0.425,0.348,1113,0.531,1343,1125,0.606,0.436,0.034,0.596,218,586,130,0.405,456,0.175,0.208,0.434,700,1370,0.36,232,0.331,569,1580,0.539,0.492,221,482,1341,2317,0.612,0.386,0.674,0.434,0.374,19,291,1462,660,332,757,320,127,0.362,0.375,0,139,0.635,0.403,1975,340,2302,0.384,0.0,714,266,885,-0.002,2487,0.376,0.611,1520,0.613,0.0,0.39,1,2450,1521,145,0.621,438,21,0.402,1159,0,0.361,0.4,1578,195,15,0.143,0.361,390,452,6,0.372,569,176,7,540,0.565,2017,723,779,1874,0.386,0.454,0.095,0.456,0.002,279,615,0.46,0.093,276,3,0.2,600,15,0.518,0.04,1308,259,0.499,0.404,2621,84,0.515,2362,0.324,0.364,1224,320,502,0.323,822,0.153,990,0.442,868,0.287,1858,0.529,0.578,0.134,0.613,0.442,266,163,0.214,0.402,0.041,1122,0.173,451,0.605,614,1388,2020,False
1610612752,New York Knicks,66,21,45,0.318,3193.0,2638,5896,0.447,631,1872,0.337,1076,1550,0.694,795,2274,3069,1456,946.0,504,313,333,1464,1305,6983,-426.0,24,25,24,25,24,24,24,25,30,30,27,27,22,30,2,23,21,30,3,23,21,13,13,28,26,26,,103.8,1,0.531,105.9,0.143,25,0.3,0.513,26,112.4,29,4,110.6,0.461,0.742,6594,0.501,27,14,1.54,0.552,-6.8,7,99.11,28,27,100.9,82.59,-6.5,25,16.0,27,30,23,149,19609,1735,2832,NYK,3712,0.088,19627,143,0.074,583,2962,1050,0.074,0.423,293,220,0.505,437,228,1497,1379,0.099,0.677,0.354,0.077,296,3.0,2.22,15587,711,1394.8,0.948,0.25,1543,0.588,0.568,27889,754,6983,475,2124,0.451,327,317,0.467,0.694,3605,0.307,1764,0.205,6.4,1807,63,941,466,0.631,6.6,7.3,0.594,390,0.597,5164,0.643,0.2,10,540,530,227,0.424,66,0.092,0.426,229,0.09,2,0.428,0.002,0.389,0.039,0.49,227,2291,68,2518,0.504,1235,1167,0.3,0.428,0.509,1787,476,0.304,0.142,0.506,951,762,0.162,286,0.426,0.342,836,0.501,1039,799,0.526,0.394,0.041,0.558,240,409,134,0.344,275,0.136,0.177,0.41,454,1227,0.364,139,0.306,544,1495,0.501,0.506,443,404,1462,1685,0.558,0.358,0.647,0.383,0.353,7,406,1250,410,354,1058,175,83,0.33,0.388,0,67,0.607,0.366,1450,235,2058,0.384,0.0,478,150,913,0.021,1827,0.322,0.633,1156,0.611,0.0,0.367,0,2197,1288,226,0.586,428,7,0.4,927,0,0.327,0.273,1144,236,11,0.0,0.4,588,340,3,0.384,374,171,4,590,0.514,1624,486,591,1390,0.35,0.403,0.074,0.412,0.004,169,419,0.406,0.07,162,7,0.35,399,20,0.509,0.046,1076,262,0.479,0.396,2247,65,0.493,1985,0.248,0.35,1011,366,463,0.369,829,0.175,993,0.461,804,0.317,1797,0.563,0.576,0.142,0.627,0.458,185,116,0.213,0.428,0.033,1026,0.181,439,0.64,555,1211,2020,False
1610612760,Oklahoma City Thunder,72,44,28,0.611,3486.0,2879,6156,0.468,770,2171,0.355,1422,1787,0.796,593,2495,3088,1562,986.0,550,353,290,1390,1641,7950,143.0,11,8,7,8,13,21,21,8,25,24,17,5,5,7,30,15,20,23,10,14,15,2,8,3,20,12,716.0,108.4,29,0.573,110.1,0.137,21,0.241,0.492,12,108.1,18,22,106.3,0.519,0.728,7218,0.53,10,7,1.58,0.543,2.1,19,99.42,27,17,101.1,82.85,2.1,22,16.3,28,10,7,131,20656,1923,2798,OKC,3943,0.093,20648,243,0.076,847,3870,1486,0.069,0.49,325,267,0.564,530,275,2182,1730,0.084,0.821,0.384,0.071,435,3.14,2.3,15482,777,1536.5,0.815,0.271,1483,0.55,0.525,29339,511,7950,352,2155,0.415,356,240,0.428,0.684,4002,0.301,1429,0.231,6.5,1915,42,928,576,0.623,6.7,7.6,0.583,398,0.594,5298,0.63,0.6,5,448,443,198,0.449,72,0.073,0.452,201,0.072,3,0.447,0.001,0.358,0.022,0.506,135,2202,36,2337,0.514,1183,1147,0.267,0.38,0.521,2032,605,0.33,0.155,0.54,1076,933,0.175,328,0.459,0.343,956,0.562,1336,1075,0.571,0.42,0.042,0.605,261,561,158,0.375,403,0.175,0.217,0.485,631,1776,0.428,208,0.33,784,1831,0.53,0.464,281,408,1209,1877,0.607,0.379,0.638,0.337,0.357,19,464,1186,449,459,990,205,87,0.361,0.4,1,69,0.641,0.347,1700,244,1851,0.469,0.053,613,156,1147,-0.014,2322,0.36,0.602,1397,0.616,0.083,0.375,0,2031,1248,272,0.614,627,24,0.448,837,2,0.36,0.28,1404,249,25,0.0,0.397,578,314,7,0.471,506,281,3,627,0.543,1660,544,629,1485,0.366,0.478,0.083,0.483,0.003,255,534,0.485,0.08,249,6,0.286,513,21,0.531,0.05,1352,321,0.503,0.417,2690,94,0.52,2369,0.293,0.367,1258,311,482,0.333,793,0.145,934,0.429,913,0.286,1847,0.514,0.528,0.142,0.508,0.388,258,131,0.213,0.36,0.04,1118,0.173,403,0.535,534,1376,2020,False
1610612753,Orlando Magic,73,33,40,0.452,3514.0,2871,6468,0.444,807,2354,0.343,1282,1656,0.774,751,2498,3249,1747,937.0,599,396,338,1336,1420,7831,-74.0,3,18,19,18,9,22,10,27,17,15,25,14,15,17,12,14,11,15,2,5,6,15,5,20,22,16,525.0,106.1,16,0.544,107.9,0.129,26,0.267,0.5,19,109.2,27,15,107.1,0.496,0.749,7255,0.506,17,4,1.86,0.608,-1.0,5,98.99,17,23,100.9,82.49,-1.3,5,17.5,12,27,11,200,19821,2148,3494,ORL,4547,0.108,19817,208,0.088,620,3094,1270,0.06,0.468,278,186,0.512,372,222,1583,1325,0.09,0.79,0.41,0.072,294,3.26,2.58,15397,995,1556.4,0.794,0.273,1807,0.454,0.502,28670,829,7831,470,2181,0.441,356,275,0.452,0.683,4013,0.327,1702,0.238,6.0,1906,39,1064,594,0.622,6.1,6.4,0.584,395,0.626,5568,0.628,0.404,47,606,559,261,0.462,73,0.094,0.478,280,0.087,19,0.467,0.007,0.352,0.066,0.474,426,2272,127,2698,0.498,1279,1152,0.298,0.418,0.507,1695,480,0.262,0.114,0.499,956,724,0.148,244,0.427,0.33,739,0.502,1461,1141,0.543,0.4,0.05,0.525,320,585,168,0.365,417,0.177,0.226,0.428,598,1456,0.372,190,0.318,633,1702,0.506,0.451,376,499,1434,2153,0.524,0.364,0.575,0.325,0.422,25,407,1212,363,445,1089,126,100,0.339,0.402,1,41,0.632,0.388,1964,237,1919,0.374,0.04,665,141,1108,-0.006,2161,0.341,0.608,1313,0.613,0.037,0.359,0,2078,1272,226,0.612,629,27,0.402,860,1,0.342,0.222,1626,252,9,0.0,0.39,590,309,2,0.383,556,253,3,646,0.511,2059,607,748,1726,0.352,0.454,0.09,0.461,0.003,259,571,0.457,0.087,251,8,0.364,549,22,0.517,0.054,1270,341,0.487,0.411,2609,98,0.506,2268,0.287,0.358,1172,325,492,0.344,817,0.149,945,0.455,851,0.283,1796,0.545,0.578,0.134,0.632,0.441,223,141,0.216,0.403,0.035,1145,0.18,462,0.61,603,1368,2020,False
1610612755,Philadelphia 76ers,73,43,30,0.589,3519.0,3000,6417,0.468,848,2307,0.368,1236,1638,0.755,764,2553,3317,1884,1037.0,586,389,294,1529,1493,8084,174.0,3,12,12,12,6,10,15,11,15,18,9,18,17,22,8,10,8,8,16,7,8,3,20,14,15,10,383.0,109.1,7,0.566,110.7,0.142,20,0.281,0.516,10,108.4,13,2,106.3,0.523,0.753,7304,0.534,7,11,1.82,0.628,2.8,2,99.59,6,14,101.3,82.99,2.3,7,18.5,8,16,8,153,21889,2300,3448,PHI,4797,0.105,21877,282,0.086,640,2934,1166,0.063,0.482,249,186,0.541,372,176,1586,1329,0.085,0.737,0.397,0.06,274,3.07,2.19,17056,1197,1574.9,0.866,0.263,1632,0.629,0.371,30790,1242,8084,441,2349,0.414,344,319,0.432,0.709,3946,0.29,1845,0.204,6.4,2030,77,962,521,0.647,6.7,7.7,0.594,421,0.577,5582,0.643,0.222,9,462,453,212,0.463,72,0.072,0.465,214,0.071,2,0.468,0.001,0.372,0.038,0.508,245,2382,71,2627,0.522,1335,1264,0.29,0.41,0.531,1865,508,0.291,0.137,0.53,988,828,0.154,320,0.444,0.365,877,0.514,1447,1175,0.583,0.426,0.042,0.592,272,616,161,0.387,455,0.184,0.226,0.421,399,1197,0.377,127,0.318,535,1420,0.534,0.509,781,444,1414,2441,0.51,0.385,0.634,0.388,0.425,11,418,1277,479,457,1047,227,107,0.36,0.414,0,88,0.651,0.407,1815,252,1962,0.399,0.0,653,195,1103,0.011,2206,0.352,0.622,1372,0.611,0.0,0.391,0,2129,1341,220,0.63,608,12,0.4,822,0,0.364,0.091,1599,292,11,0.0,0.422,543,321,1,0.405,582,243,1,692,0.547,2109,711,799,1883,0.378,0.462,0.083,0.467,0.003,241,522,0.466,0.081,235,6,0.333,504,18,0.52,0.046,1298,286,0.497,0.417,2610,90,0.515,2324,0.315,0.371,1208,271,520,0.345,791,0.125,785,0.446,988,0.283,1773,0.523,0.526,0.158,0.592,0.418,294,174,0.216,0.37,0.047,1058,0.169,391,0.563,565,1352,2020,False
1610612756,Phoenix Suns,73,34,39,0.466,3519.0,3006,6429,0.468,831,2320,0.358,1451,1740,0.834,712,2465,3177,1987,1077.0,559,290,401,1609,1653,8294,16.0,3,16,15,16,6,8,13,9,16,17,16,3,8,1,15,19,17,1,22,11,27,28,29,1,7,14,,109.7,21,0.576,111.3,0.145,9,0.261,0.498,14,110.8,15,16,108.4,0.512,0.734,7449,0.532,13,16,1.84,0.661,1.4,14,101.74,1,12,103.7,84.79,0.5,6,19.2,2,7,17,200,21055,2372,3777,PHX,5059,0.113,21051,221,0.093,603,3217,1356,0.069,0.467,366,222,0.498,443,233,1601,1292,0.114,0.806,0.422,0.072,357,3.02,2.25,16159,1123,1507.2,0.875,0.273,1901,0.579,0.51,29959,617,8175,387,2190,0.421,330,313,0.434,0.684,3856,0.295,1676,0.221,6.2,1877,49,920,533,0.626,6.7,8.5,0.583,379,0.548,5347,0.628,0.111,9,511,502,261,0.513,72,0.081,0.514,262,0.08,1,0.52,0.001,0.347,0.026,0.505,165,2188,50,2353,0.516,1189,1139,0.303,0.373,0.521,1785,530,0.283,0.125,0.523,997,799,0.158,269,0.448,0.341,788,0.532,1651,1315,0.58,0.428,0.053,0.613,336,707,206,0.381,501,0.209,0.262,0.452,443,1338,0.4,152,0.343,593,1481,0.533,0.512,357,573,1663,2290,0.546,0.373,0.622,0.381,0.367,8,433,1342,577,401,1039,291,105,0.355,0.414,0,111,0.637,0.374,1730,286,2107,0.417,0.0,614,216,968,0.011,2308,0.368,0.625,1442,0.614,0.0,0.372,1,2255,1398,193,0.62,657,13,0.451,1021,0,0.354,0.385,1411,233,13,0.333,0.398,471,380,5,0.41,500,296,3,585,0.533,2122,664,799,1815,0.366,0.453,0.099,0.455,0.003,281,620,0.462,0.097,279,2,0.125,604,16,0.545,0.046,1284,287,0.522,0.394,2461,100,0.542,2174,0.348,0.348,1184,334,518,0.333,852,0.16,1002,0.437,946,0.312,1948,0.523,0.548,0.151,0.613,0.441,217,133,0.195,0.403,0.035,999,0.16,403,0.606,536,1216,2020,False
1610612757,Portland Trail Blazers,74,35,39,0.473,3567.0,3122,6749,0.463,952,2525,0.377,1312,1632,0.804,754,2599,3353,1525,946.0,465,451,364,1606,1488,8508,-85.0,2,14,15,15,2,3,2,14,8,10,3,12,18,3,10,7,6,26,3,25,2,21,28,15,3,19,512.0,111.1,17,0.57,113.2,0.126,13,0.266,0.492,18,114.3,14,20,111.8,0.486,0.712,7519,0.533,20,2,1.61,0.488,-0.7,28,101.17,30,3,103.2,84.31,-1.1,20,15.2,30,12,27,124,17780,1805,2795,POR,3869,0.102,17767,180,0.085,708,2681,773,0.079,0.485,235,211,0.675,420,159,1811,1459,0.088,0.829,0.288,0.059,348,3.54,2.68,12497,695,1578.8,0.911,0.313,1416,0.654,0.609,26782,664,8393,482,2236,0.418,371,261,0.426,0.675,4163,0.321,1793,0.227,6.1,1975,35,1064,582,0.615,6.2,6.6,0.574,406,0.644,5770,0.617,0.333,51,595,544,253,0.454,73,0.09,0.468,270,0.082,17,0.465,0.008,0.356,0.063,0.488,416,2366,146,2782,0.514,1357,1211,0.351,0.419,0.512,2085,551,0.314,0.162,0.547,1009,944,0.152,393,0.453,0.365,1076,0.546,1175,939,0.588,0.427,0.036,0.53,236,502,125,0.401,377,0.141,0.177,0.479,1041,2262,0.4,374,0.359,944,2360,0.532,0.452,434,423,1290,1901,0.574,0.398,0.614,0.412,0.429,12,519,1239,493,413,1195,267,97,0.369,0.421,0,110,0.604,0.42,2017,226,2050,0.434,0.0,744,207,982,-0.028,2311,0.346,0.588,1359,0.616,0.063,0.4,8,2212,1308,277,0.591,652,16,0.437,1074,1,0.367,0.358,1457,231,134,0.667,0.409,627,430,48,0.442,534,285,12,565,0.567,1592,543,631,1392,0.39,0.459,0.087,0.471,0.004,265,577,0.458,0.083,252,13,0.481,550,27,0.506,0.041,1314,272,0.49,0.403,2682,95,0.508,2410,0.349,0.362,1219,352,443,0.352,795,0.15,1000,0.427,862,0.28,1862,0.521,0.514,0.13,0.55,0.435,260,143,0.23,0.411,0.039,1271,0.191,523,0.606,666,1531,2020,False
1610612758,Sacramento Kings,72,31,41,0.431,3491.0,2943,6364,0.462,914,2511,0.364,1127,1464,0.77,695,2372,3067,1713,1043.0,556,293,304,1595,1404,7927,-147.0,11,20,20,20,12,15,16,15,10,11,12,24,26,18,18,21,22,16,17,12,25,5,27,21,21,21,,107.8,22,0.566,109.5,0.144,19,0.258,0.492,21,111.4,11,21,109.6,0.479,0.736,7239,0.534,21,15,1.64,0.582,-1.8,13,99.6,18,18,101.2,83.0,-1.9,16,17.4,22,17,19,135,20142,1996,3189,SAC,4361,0.099,20143,182,0.084,653,3206,1216,0.07,0.464,309,226,0.527,443,242,1688,1406,0.096,0.761,0.379,0.075,337,3.15,2.42,15093,769,1511.6,0.935,0.271,1514,0.437,0.567,28820,696,7814,408,2059,0.421,351,274,0.437,0.667,3847,0.316,1629,0.233,6.3,1785,60,952,544,0.606,6.6,7.7,0.568,411,0.596,5312,0.616,0.176,34,565,531,259,0.469,71,0.09,0.474,265,0.085,6,0.488,0.005,0.327,0.047,0.49,292,2046,98,2338,0.511,1145,1047,0.336,0.374,0.512,1846,503,0.295,0.15,0.546,906,839,0.145,336,0.454,0.357,940,0.555,1506,1214,0.583,0.428,0.047,0.613,292,645,179,0.384,466,0.194,0.241,0.453,733,1513,0.38,243,0.332,635,1670,0.535,0.47,304,436,1416,2172,0.557,0.385,0.644,0.379,0.405,8,336,1227,573,465,814,272,122,0.357,0.412,1,103,0.642,0.393,1931,301,1910,0.413,0.125,689,225,1128,0.031,2127,0.345,0.645,1372,0.614,0.083,0.367,1,2072,1287,194,0.621,485,12,0.404,1123,1,0.365,0.25,1497,299,28,0.2,0.411,414,412,7,0.469,546,196,5,728,0.56,1900,649,739,1707,0.38,0.5,0.093,0.504,0.003,280,560,0.509,0.09,276,4,0.222,542,18,0.567,0.039,1265,236,0.541,0.386,2338,74,0.557,2102,0.314,0.347,1191,395,423,0.362,818,0.18,1092,0.432,803,0.313,1895,0.536,0.527,0.133,0.576,0.387,151,87,0.208,0.361,0.025,1110,0.183,401,0.546,488,1261,2020,False
1610612759,San Antonio Spurs,71,32,39,0.451,3443.0,2995,6350,0.472,760,2021,0.376,1348,1664,0.81,640,2530,3170,1751,895.0,518,390,308,1377,1424,8098,-79.0,21,19,15,19,21,11,17,5,26,29,4,8,14,2,27,13,18,14,1,21,7,6,7,19,14,18,,110.4,30,0.572,111.7,0.123,14,0.233,0.495,16,112.6,16,18,110.9,0.502,0.751,7249,0.531,15,1,1.96,0.585,-0.5,4,101.14,12,10,102.6,84.29,-0.9,1,17.9,21,11,24,145,19623,2078,3032,SAS,4419,0.106,19610,213,0.088,758,3601,1530,0.074,0.507,363,266,0.562,528,214,2024,1496,0.101,0.826,0.425,0.059,436,3.14,2.38,14756,633,1467.9,0.839,0.284,1158,0.536,0.553,28068,825,7977,361,2270,0.431,344,266,0.445,0.692,3924,0.268,1463,0.191,6.5,2004,47,833,472,0.631,6.8,7.9,0.596,391,0.573,5214,0.644,0.5,32,548,516,256,0.496,70,0.088,0.511,272,0.083,16,0.496,0.005,0.346,0.043,0.506,265,2158,88,2423,0.525,1227,1139,0.332,0.389,0.528,2003,614,0.321,0.124,0.524,1228,904,0.197,290,0.451,0.374,775,0.5,1259,917,0.573,0.431,0.055,0.541,342,543,185,0.39,358,0.147,0.202,0.459,459,1832,0.417,166,0.362,833,1997,0.533,0.466,442,350,972,2128,0.594,0.404,0.622,0.423,0.392,13,687,1059,441,489,1554,196,96,0.371,0.433,0,83,0.643,0.406,1566,245,1646,0.442,0.0,581,179,1130,0.001,2168,0.344,0.614,1331,0.613,0.0,0.404,1,1776,1100,370,0.619,764,15,0.453,969,0,0.367,0.077,1266,322,13,0.333,0.457,839,391,1,0.441,464,346,3,705,0.557,1871,577,753,1513,0.381,0.483,0.094,0.489,0.003,284,588,0.486,0.091,277,7,0.389,570,18,0.525,0.047,1210,293,0.497,0.387,2435,85,0.514,2142,0.29,0.341,1125,354,477,0.378,831,0.149,937,0.458,879,0.289,1816,0.555,0.543,0.14,0.632,0.434,242,153,0.23,0.395,0.039,1204,0.192,475,0.599,628,1446,2020,False
1610612761,Toronto Raptors,72,53,19,0.736,3476.0,2897,6331,0.458,995,2663,0.374,1329,1670,0.796,685,2583,3268,1816,1067.0,636,358,395,1559,1466,8118,449.0,11,2,2,2,16,18,18,20,4,5,5,11,12,6,20,8,10,10,20,2,13,26,24,18,13,4,1107.0,109.0,24,0.574,110.8,0.146,12,0.256,0.496,4,104.7,8,17,102.0,0.53,0.721,7328,0.536,5,17,1.7,0.627,7.0,22,101.19,9,13,103.3,84.32,6.1,13,18.1,9,8,2,152,20756,2205,3361,TOR,4657,0.106,20754,272,0.086,548,3126,1401,0.064,0.456,299,200,0.471,398,216,1472,1202,0.096,0.827,0.448,0.069,329,2.97,2.21,15843,853,1463.9,0.805,0.271,1536,0.46,0.546,29529,591,8000,387,2258,0.402,375,292,0.418,0.664,4216,0.299,1697,0.227,6.4,1966,63,965,578,0.605,6.6,7.6,0.563,438,0.567,5739,0.61,0.182,11,532,521,238,0.451,71,0.085,0.453,240,0.084,2,0.457,0.002,0.337,0.048,0.495,298,2096,88,2394,0.513,1185,1097,0.295,0.384,0.523,1755,415,0.282,0.158,0.53,770,759,0.124,344,0.432,0.349,985,0.539,1546,1320,0.608,0.433,0.036,0.562,226,669,127,0.411,542,0.212,0.248,0.439,748,1124,0.341,250,0.334,437,1280,0.535,0.451,272,466,1236,2341,0.571,0.388,0.63,0.378,0.388,12,220,1375,614,308,615,294,124,0.374,0.381,0,111,0.611,0.383,2032,320,2250,0.358,0.0,759,235,808,-0.033,2056,0.323,0.578,1188,0.611,0.0,0.388,0,2454,1451,98,0.591,306,14,0.373,1034,0,0.367,0.368,1710,191,38,0.0,0.391,282,401,14,0.348,628,114,4,489,0.563,2021,709,783,1828,0.388,0.445,0.086,0.451,0.004,239,537,0.453,0.082,233,6,0.261,514,23,0.502,0.062,1119,385,0.467,0.383,2398,109,0.489,2013,0.283,0.322,1010,325,400,0.34,725,0.153,957,0.417,783,0.278,1740,0.51,0.511,0.125,0.538,0.375,182,98,0.253,0.354,0.029,1400,0.224,495,0.531,593,1582,2020,False
1610612762,Utah Jazz,72,44,28,0.611,3471.0,2886,6130,0.471,963,2537,0.38,1278,1641,0.779,656,2577,3233,1615,1089.0,438,292,329,1468,1501,8013,178.0,11,8,7,8,19,19,22,6,7,9,1,15,16,15,24,9,14,20,26,29,26,12,14,12,18,9,660.0,110.0,20,0.585,111.8,0.152,24,0.261,0.512,9,109.3,2,8,107.4,0.513,0.746,7169,0.549,12,25,1.48,0.56,2.6,6,99.15,24,9,100.8,82.62,2.5,27,16.8,25,2,13,191,21342,2001,2923,UTA,4293,0.094,21333,204,0.076,871,4135,1595,0.059,0.477,394,246,0.53,490,320,2193,1825,0.095,0.81,0.386,0.077,397,3.08,2.31,16353,603,1540.9,0.94,0.267,1394,0.584,0.592,30036,173,8013,373,2336,0.426,329,278,0.437,0.692,4053,0.276,1540,0.202,6.2,2058,40,893,520,0.636,6.5,7.7,0.593,369,0.569,5446,0.637,0.333,18,525,507,233,0.455,72,0.086,0.461,239,0.083,6,0.46,0.003,0.347,0.042,0.504,257,2126,71,2383,0.519,1202,1131,0.276,0.389,0.532,1772,444,0.289,0.164,0.551,768,799,0.125,355,0.451,0.354,1004,0.578,1443,1257,0.629,0.445,0.03,0.597,186,642,111,0.422,531,0.205,0.236,0.47,943,1705,0.382,319,0.338,693,1813,0.549,0.477,101,357,1311,1962,0.58,0.404,0.686,0.426,0.393,20,228,1213,704,483,544,371,131,0.371,0.405,1,158,0.653,0.411,1811,333,1857,0.419,0.05,672,289,1194,-0.012,2166,0.338,0.602,1304,0.614,0.04,0.402,0,2029,1268,113,0.625,472,25,0.424,1207,1,0.372,0.222,1366,305,27,0.0,0.412,261,485,6,0.433,508,200,3,740,0.605,1602,637,651,1565,0.407,0.461,0.077,0.466,0.004,226,490,0.475,0.073,221,5,0.2,465,25,0.51,0.049,1247,311,0.486,0.4,2564,98,0.505,2253,0.315,0.352,1149,324,610,0.348,934,0.145,931,0.445,1169,0.328,2100,0.522,0.522,0.183,0.546,0.414,282,154,0.195,0.375,0.044,968,0.151,363,0.559,517,1250,2020,False
1610612764,Washington Wizards,72,25,47,0.347,3471.0,2990,6544,0.457,864,2345,0.368,1394,1770,0.788,732,2295,3027,1801,1020.0,574,309,363,1634,1601,8238,-336.0,11,22,28,23,19,13,6,21,13,16,8,6,7,11,13,22,23,12,15,10,22,20,30,4,8,25,,108.2,19,0.562,110.2,0.136,5,0.262,0.478,25,114.7,21,30,112.7,0.473,0.712,7475,0.523,22,6,1.77,0.602,-4.5,27,103.38,16,16,105.2,86.15,-4.5,8,17.6,14,19,29,204,22151,2172,3375,WAS,4678,0.098,22161,190,0.081,705,3346,1273,0.075,0.468,281,252,0.553,499,215,1850,1508,0.084,0.8,0.38,0.064,399,2.83,2.19,17338,719,1468.5,0.858,0.264,1512,0.523,0.7,31179,237,8238,406,2101,0.426,333,325,0.44,0.661,3803,0.305,1717,0.225,6.4,1776,52,923,517,0.603,6.7,7.9,0.568,385,0.555,5333,0.612,0.143,21,540,519,233,0.437,71,0.083,0.44,236,0.08,3,0.449,0.003,0.345,0.056,0.487,364,2247,124,2611,0.511,1272,1148,0.341,0.401,0.511,2099,566,0.322,0.153,0.519,1100,915,0.169,349,0.436,0.349,999,0.515,1264,957,0.595,0.441,0.047,0.557,307,558,171,0.404,387,0.147,0.194,0.427,622,1600,0.374,198,0.318,701,1875,0.523,0.448,124,503,1298,2138,0.563,0.385,0.616,0.345,0.43,18,483,1288,420,355,1215,197,96,0.367,0.362,1,68,0.643,0.39,1905,223,2004,0.398,0.056,699,164,982,0.024,2368,0.372,0.632,1497,0.608,0.1,0.366,0,2175,1353,297,0.622,577,20,0.407,806,2,0.363,0.556,1619,195,45,0.0,0.342,726,295,25,0.409,588,235,5,571,0.564,1913,660,748,1694,0.39,0.491,0.081,0.496,0.002,253,515,0.491,0.08,248,5,0.5,505,10,0.554,0.047,1385,296,0.526,0.416,2632,90,0.543,2336,0.304,0.369,1295,358,507,0.379,865,0.149,945,0.477,870,0.287,1815,0.575,0.583,0.138,0.638,0.432,229,146,0.215,0.391,0.036,1134,0.179,443,0.595,589,1363,2020,False
