PLAYER_ID,PLAYER_NAME,NICKNAME,TEAM_ID,TEAM_ABBREVIATION,AGE,GP,W,L,W_PCT,MIN,FGM,FGA,FG_PCT,FG3M,FG3A,FG3_PCT,FTM,FTA,FT_PCT,OREB,DREB,REB,AST,TOV,STL,BLK,BLKA,PF,PFD,PTS,PLUS_MINUS,NBA_FANTASY_PTS,DD2,TD3,WNBA_FANTASY_PTS,GP_RANK,W_RANK,L_RANK,W_PCT_RANK,MIN_RANK,FGM_RANK,FGA_RANK,FG_PCT_RANK,FG3M_RANK,FG3A_RANK,FG3_PCT_RANK,FTM_RANK,FTA_RANK,FT_PCT_RANK,OREB_RANK,DREB_RANK,REB_RANK,AST_RANK,TOV_RANK,STL_RANK,BLK_RANK,BLKA_RANK,PF_RANK,PFD_RANK,PTS_RANK,PLUS_MINUS_RANK,NBA_FANTASY_PTS_RANK,DD2_RANK,TD3_RANK,WNBA_FANTASY_PTS_RANK,DEF_RATING_RANK,PIE,FGM_PG,FGA_PG,E_OFF_RATING,DREB_PCT_RANK,E_DEF_RATING,PACE_RANK,PACE,E_NET_RATING_RANK,EFG_PCT,sp_work_OFF_RATING,OFF_RATING_RANK,sp_work_NET_RATING,USG_PCT_RANK,AST_PCT_RANK,POSS,sp_work_PACE_RANK,sp_work_NET_RATING_RANK,DEF_RATING,sp_work_DEF_RATING_RANK,DREB_PCT,E_TOV_PCT_RANK,sp_work_PACE,sp_work_DEF_RATING,REB_PCT,USG_PCT,AST_RATIO,NET_RATING,AST_TO_RANK,E_PACE,EFG_PCT_RANK,FGM_PG_RANK,REB_PCT_RANK,E_TOV_PCT,AST_RATIO_RANK,PACE_PER40,PIE_RANK,AST_PCT,OREB_PCT,TM_TOV_PCT_RANK,TS_PCT_RANK,AST_TO,OFF_RATING,E_USG_PCT_RANK,E_USG_PCT,E_DEF_RATING_RANK,OREB_PCT_RANK,NET_RATING_RANK,E_PACE_RANK,TS_PCT,sp_work_OFF_RATING_RANK,TM_TOV_PCT,FGA_PG_RANK,E_NET_RATING,E_OFF_RATING_RANK,BACKCOURT_FG_PCT,LEFT_CORNER_3_FG_PCT,MID_FGM,RA_FG_PCT,CORNER_3_FGA,RA_FGA,ITP_FGA,MID_FGA,ABOVE_BREAK_3_FGM,ABOVE_BREAK_3_FGA,MID_FG_PCT,CORNER_3_FG_PCT,RA_FGM,RIGHT_CORNER_3_FG_PCT,BACKCOURT_FGA,RIGHT_CORNER_3_FGM,CORNER_3_FGM,BACKCOURT_FGM,ITP_FG_PCT,ITP_FGM,ABOVE_BREAK_3_FG_PCT,RIGHT_CORNER_3_FGA,LEFT_CORNER_3_FGM,LEFT_CORNER_3_FGA,FGM_35_39,FGM_10_14,FGP_20_24,FGA_15_19,FGM_20_24,FGM_40_PLUS,FGP_15_19,FGP_35_39,FGP_25_29,FGA_30_34,FGM_LT_5,FGA_LT_5,FGA_20_24,FGP_30_34,TEAM_ABBR,FGM_30_34,FGP_LT_5,FGM_15_19,FGP_40_PLUS,FGA_10_14,FGA_25_29,FGP_10_14,FGA_5_9,FGA_35_39,FGP_5_9,FGA_40_PLUS,FGM_5_9,FGM_25_29,year,date,PASSES_MADE,AST_TO_PASS_PCT,PASSES_RECEIVED,FT_AST,AST_PTS_CREATED,POTENTIAL_AST,AST_TO_PASS_PCT_ADJ,SECONDARY_AST,AST_ADJ,DRIVE_TOV_PCT,DRIVE_PF,DRIVE_FTM,DRIVES,DRIVE_PASSES_PCT,DRIVE_TOV,DRIVE_AST_PCT,DRIVE_FT_PCT,DRIVE_PF_PCT,DRIVE_FG_PCT,DRIVE_FGM,DRIVE_PASSES,DRIVE_FGA,DRIVE_FTA,DRIVE_PTS,DRIVE_AST,DRIVE_PTS_PCT,TOUCHES,PTS_PER_POST_TOUCH,FRONT_CT_TOUCHES,ELBOW_TOUCHES,POINTS,PAINT_TOUCHES,PTS_PER_PAINT_TOUCH,AVG_DRIB_PER_TOUCH,PTS_PER_ELBOW_TOUCH,AVG_SEC_PER_TOUCH,POST_TOUCHES,TIME_OF_POSS,PTS_PER_TOUCH,REB_CHANCE_PCT,OREB_CONTEST,AVG_OREB_DIST,OREB_CONTEST_PCT,OREB_CHANCES,REB_CONTEST_PCT,REB_CHANCE_DEFER,DREB_CONTEST_PCT,DREB_CHANCE_PCT,AVG_REB_DIST,AVG_DREB_DIST,REB_CONTEST,DREB_CHANCE_PCT_ADJ,DREB_CHANCE_DEFER,REB_UNCONTEST,DREB_CONTEST,OREB_CHANCE_PCT,OREB_CHANCE_DEFER,DREB_CHANCES,OREB_UNCONTEST,REB_CHANCE_PCT_ADJ,OREB_CHANCE_PCT_ADJ,DREB_UNCONTEST,REB_CHANCES,very_tight_FG2A_FREQUENCY,very_tight_EFG_PCT,very_tight_FG3A_FREQUENCY,very_tight_FG3A,very_tight_FGM,very_tight_FG2_PCT,very_tight_FGA,very_tight_FG3_PCT,very_tight_FG3M,very_tight_FG2M,G,very_tight_FG2A,very_tight_FGA_FREQUENCY,very_tight_FG_PCT,tight_FGA,tight_FGA_FREQUENCY,tight_FG2_PCT,tight_FG2A_FREQUENCY,tight_FG2A,tight_EFG_PCT,tight_FG3A,tight_FG3_PCT,tight_FGM,tight_FG3M,tight_FG_PCT,tight_FG3A_FREQUENCY,tight_FG2M,open_FGA_FREQUENCY,open_FG3A,open_FGA,open_FG2M,open_EFG_PCT,open_FG2A,open_FG3A_FREQUENCY,open_FG_PCT,open_FG3_PCT,open_FG2_PCT,open_FGM,open_FG3M,open_FG2A_FREQUENCY,wide_open_FG2A,wide_open_FG_PCT,wide_open_FG3A,wide_open_EFG_PCT,wide_open_FG2M,wide_open_FG3M,wide_open_FG2A_FREQUENCY,wide_open_FG3A_FREQUENCY,wide_open_FGM,wide_open_FGA_FREQUENCY,wide_open_FG3_PCT,wide_open_FGA,wide_open_FG2_PCT,EFF_FG_PCT,CATCH_SHOOT_FG_PCT,POST_TOUCH_FG_PCT,ELBOW_TOUCH_FG_PCT,POST_TOUCH_PTS,PAINT_TOUCH_FG_PCT,ELBOW_TOUCH_PTS,PAINT_TOUCH_PTS,CATCH_SHOOT_PTS,PLUSMINUS,FGA_LT_06,NS_LT_06_PCT,LT_06_PCT,FGM_LT_06,PLAYER_POSITION,FREQ,CATCH_SHOOT_FGA,CATCH_SHOOT_FG3M,CATCH_SHOOT_EFG_PCT,CATCH_SHOOT_FG3A,CATCH_SHOOT_FGM,CATCH_SHOOT_FG3_PCT,HTM,VTM,opp_team,team,opp_id,series_key,GAME_ID,overall_def_FREQ,overall_def_D_FGM,overall_def_D_FGA,overall_def_D_FG_PCT,overall_def_NORMAL_FG_PCT,overall_def_PCT_PLUSMINUS,three_pt_def_FREQ,three_pt_def_FG3M,three_pt_def_FG3A,three_pt_def_FG3_PCT,three_pt_def_NS_FG3_PCT,three_pt_def_PLUSMINUS,two_pt_def_FREQ,two_pt_def_FG2M,two_pt_def_FG2A,two_pt_def_FG2_PCT,two_pt_def_NS_FG2_PCT,two_pt_def_PLUSMINUS,less_6ft_def_FREQ,less_6ft_def_FGM_LT_06,less_6ft_def_FGA_LT_06,less_6ft_def_LT_06_PCT,less_6ft_def_NS_LT_06_PCT,less_6ft_def_PLUSMINUS,less_10ft_def_FREQ,less_10ft_def_FGM_LT_10,less_10ft_def_FGA_LT_10,less_10ft_def_LT_10_PCT,less_10ft_def_NS_LT_10_PCT,less_10ft_def_PLUSMINUS,more_15ft_def_FREQ,more_15ft_def_FGM_GT_15,more_15ft_def_FGA_GT_15,more_15ft_def_GT_15_PCT,more_15ft_def_NS_GT_15_PCT,more_15ft_def_PLUSMINUS,hustle_CONTESTED_SHOTS,hustle_CONTESTED_SHOTS_2PT,hustle_CONTESTED_SHOTS_3PT,hustle_DEFLECTIONS,hustle_CHARGES_DRAWN,hustle_SCREEN_ASSISTS,hustle_SCREEN_AST_PTS,hustle_OFF_LOOSE_BALLS_RECOVERED,hustle_DEF_LOOSE_BALLS_RECOVERED,hustle_LOOSE_BALLS_RECOVERED,hustle_PCT_LOOSE_BALLS_RECOVERED_OFF,hustle_PCT_LOOSE_BALLS_RECOVERED_DEF,hustle_OFF_BOXOUTS,hustle_DEF_BOXOUTS,hustle_BOX_OUTS,hustle_BOX_OUT_PLAYER_TEAM_REBS,hustle_BOX_OUT_PLAYER_REBS,hustle_PCT_BOX_OUTS_OFF,hustle_PCT_BOX_OUTS_DEF,hustle_PCT_BOX_OUTS_TEAM_REB,hustle_PCT_BOX_OUTS_REB,post_touch_TOUCHES,post_touch_POST_TOUCHES,post_touch_POST_TOUCH_FGM,post_touch_POST_TOUCH_FGA,post_touch_POST_TOUCH_FG_PCT,post_touch_POST_TOUCH_FTM,post_touch_POST_TOUCH_FTA,post_touch_POST_TOUCH_FT_PCT,post_touch_POST_TOUCH_PTS,post_touch_POST_TOUCH_PTS_PCT,post_touch_POST_TOUCH_PASSES,post_touch_POST_TOUCH_PASSES_PCT,post_touch_POST_TOUCH_AST,post_touch_POST_TOUCH_AST_PCT,post_touch_POST_TOUCH_TOV,post_touch_POST_TOUCH_TOV_PCT,post_touch_POST_TOUCH_FOULS,post_touch_POST_TOUCH_FOULS_PCT,speed_distance_MIN1,speed_distance_DIST_FEET,speed_distance_DIST_MILES,speed_distance_DIST_MILES_OFF,speed_distance_DIST_MILES_DEF,speed_distance_AVG_SPEED,speed_distance_AVG_SPEED_OFF,speed_distance_AVG_SPEED_DEF,season,team_poss,PULL_UP_FGM,PULL_UP_FGA,PULL_UP_FG_PCT,PULL_UP_PTS,PULL_UP_FG3M,PULL_UP_FG3A,PULL_UP_FG3_PCT,PULL_UP_EFG_PCT,DIST_FEET,DIST_MILES,DIST_MILES_OFF,DIST_MILES_DEF,AVG_SPEED,AVG_SPEED_OFF,AVG_SPEED_DEF
2544,LeBron James,LeBron,1610612747,LAL,39.0,1,0,1,0.0,40.75,10,16,0.625,3,5,0.6,4,5,0.8,2,4,6,8,7,1,1,1,1,4,27,-9,45.2,0,0,48.0,1,41,41,41,7,7,12,10,9,23,4,10,12,25,13,20,21,2,2,15,11,50,15,14,8,62,7,9,1,5,61,0.146,10.0,16.0,110.6,52,118.6,46,94.23,45,0.719,110.0,35,-11.3,13,4,80,46,49,121.3,61,0.085,71,94.23,121.3,0.073,0.291,24.2,-11.3,20,95.03,8,7,41,21.1,15,78.53,20,0.333,0.057,71,10,1.14,110.0,13,0.298,55,23,49,56,0.742,35,21.2,12,-8.1,34,0.0,0.0,0.0,0.667,0.0,9.0,1.0,1.0,3.0,5.0,0.0,0.0,6.0,0.0,0.0,0.0,0.0,0.0,1.0,1.0,0.6,0.0,0.0,0.0,0.0,0.0,1.0,0.0,1.0,0.0,0.0,0.0,0.333,1.0,7.0,10.0,1.0,1.0,LAL,1.0,0.7,0.0,0.0,1.0,3.0,0.0,0.0,0.0,0.0,0.0,0.0,1.0,2024,20240420,58.0,0.138,68.0,1.0,20.0,18.0,0.155,0.0,9.0,0.111,1.0,2.0,9.0,0.222,1.0,0.0,1.0,0.111,0.8,4.0,2.0,5.0,2.0,10.0,0.0,1.111,81.0,1.0,41.0,0.0,27.0,2.0,0.0,2.77,0.0,3.72,2.0,5.0,0.333,0.545,0.0,7.9,0.0,4.0,0.167,2.0,0.25,0.571,5.7,4.6,1.0,0.8,2.0,5.0,1.0,0.5,0.0,7.0,2.0,0.667,0.5,3.0,11.0,0.125,0.5,0.0,0.0,1.0,0.5,2.0,,0.0,1.0,1.0,2.0,0.125,0.5,9.0,0.563,0.714,0.438,7.0,0.722,2.0,0.5,6.0,1.0,0.667,0.125,5.0,0.188,1.0,3.0,1.0,0.833,2.0,0.063,0.667,1.0,0.5,2.0,1.0,0.125,0.0,0.5,2.0,0.75,0.0,1.0,0.0,0.125,1.0,0.125,0.5,2.0,,0.719,1.0,0.5,0.0,2.0,0.0,0.0,0.0,9.0,0.215,8.0,0.66,0.875,7.0,F,0.5,3.0,3.0,1.5,3.0,3.0,1.0,,,DEN,LAL,1610612743,LAL_DEN_2024,42300151,1.0,11.0,16.0,0.688,0.525,0.162,0.188,1.0,3.0,0.333,0.4,-0.066,0.813,10.0,13.0,0.769,0.598,0.171,0.5,7.0,8.0,0.875,0.66,0.215,0.625,9.0,10.0,0.9,0.637,0.264,0.313,1.0,5.0,0.2,0.407,-0.207,6.0,4.0,2.0,1.0,0.0,0.0,0.0,0.0,1.0,1.0,0.0,1.0,0.0,0.0,0.0,0.0,0.0,0.0,0.0,0.0,0.0,81.0,2.0,1.0,2.0,0.5,0.0,0.0,0.0,2.0,1.0,0.0,0.0,0.0,0.0,0.0,0.0,0.0,0.0,40.75,12822.0,2.43,1.24,1.18,3.33,3.56,3.13,2023_24,94,0,3,0.0,0,0.0,2.0,0.0,0.0,12822.0,2.4,1.2,1.2,3.33,3.56,3.13
200768,Kyle Lowry,Kyle,1610612755,PHI,38.0,1,0,1,0.0,38.74333333333333,5,9,0.556,4,7,0.571,4,4,1.0,2,2,4,2,1,1,1,0,4,2,18,6,30.8,0,0,32.0,1,41,41,41,10,21,32,18,2,11,5,10,14,1,13,41,29,24,23,15,11,1,70,26,16,22,27,9,1,20,57,0.099,5.0,9.0,129.1,63,117.8,71,89.2,28,0.778,132.4,8,11.8,50,42,71,71,26,120.5,57,0.047,49,89.2,120.5,0.052,0.139,15.4,11.8,9,91.36,6,21,51,7.3,31,74.34,37,0.074,0.059,49,5,2.0,132.4,48,0.149,52,22,26,74,0.836,8,7.7,32,11.3,8,0.0,0.0,0.0,1.0,1.0,1.0,0.0,1.0,3.0,6.0,0.0,1.0,1.0,1.0,0.0,1.0,1.0,0.0,0.0,0.0,0.5,1.0,0.0,0.0,0.0,0.0,1.0,1.0,1.0,0.0,0.0,0.0,0.5,0.0,1.0,1.0,1.0,0.0,PHI,0.0,1.0,0.0,0.0,0.0,6.0,0.0,0.0,0.0,0.0,0.0,0.0,3.0,2024,20240420,56.0,0.036,46.0,0.0,6.0,6.0,0.036,0.0,2.0,0.0,0.0,0.0,3.0,0.667,0.0,0.0,0.0,0.0,0.0,0.0,2.0,1.0,0.0,0.0,0.0,0.0,68.0,0.0,32.0,1.0,18.0,0.0,0.0,1.9,0.0,2.72,0.0,3.1,0.265,0.444,0.0,19.4,0.0,2.0,0.0,0.0,0.0,0.286,14.5,9.5,0.0,0.286,0.0,4.0,0.0,1.0,0.0,7.0,2.0,0.444,1.0,2.0,9.0,0.111,1.0,0.0,0.0,1.0,1.0,1.0,,0.0,1.0,1.0,1.0,0.111,1.0,2.0,0.222,,0.0,0.0,0.75,2.0,0.5,1.0,1.0,0.5,0.222,0.0,0.444,4.0,4.0,0.0,0.75,0.0,0.444,0.5,0.5,,2.0,2.0,0.0,1.0,0.5,1.0,0.75,0.0,1.0,0.111,0.111,1.0,0.222,1.0,2.0,0.0,0.778,0.6,0.0,0.0,0.0,0.0,0.0,0.0,9.0,0.121,7.0,0.593,0.714,5.0,G,0.318,5.0,3.0,0.9,5.0,3.0,0.6,,,NYK,PHI,1610612752,PHI_NYK_2024,42300111,1.0,10.0,22.0,0.455,0.461,-0.007,0.409,3.0,9.0,0.333,0.372,-0.039,0.591,7.0,13.0,0.538,0.52,0.018,0.318,5.0,7.0,0.714,0.593,0.121,0.455,6.0,10.0,0.6,0.55,0.05,0.455,4.0,10.0,0.4,0.381,0.019,4.0,3.0,1.0,8.0,0.0,2.0,4.0,0.0,1.0,1.0,0.0,1.0,0.0,0.0,0.0,0.0,0.0,0.0,0.0,0.0,0.0,68.0,0.0,0.0,0.0,0.0,0.0,0.0,0.0,0.0,0.0,0.0,0.0,0.0,0.0,0.0,0.0,0.0,0.0,38.75,14043.0,2.66,1.39,1.27,3.85,4.3,3.46,2023_24,89,1,3,0.333,3,1.0,2.0,0.5,0.5,14043.0,2.7,1.4,1.3,3.85,4.3,3.46
201142,Kevin Durant,Kevin,1610612756,PHX,35.0,1,0,1,0.0,38.70333333333333,11,17,0.647,2,2,1.0,7,9,0.778,0,7,7,1,5,1,1,0,1,7,31,-20,41.9,0,0,45.0,1,41,41,41,12,5,10,9,14,43,1,5,3,27,42,10,14,38,4,15,11,1,15,3,5,78,10,9,1,7,67,0.172,11.0,17.0,99.1,22,122.2,31,97.36,65,0.706,101.3,51,-24.0,10,45,78,31,65,125.3,67,0.179,67,97.36,125.3,0.092,0.31,3.7,-24.0,35,99.66,9,5,29,18.5,53,81.13,13,0.067,0.0,67,11,0.2,101.3,11,0.314,62,42,65,23,0.74,51,18.5,10,-23.0,52,0.0,0.0,7.0,0.333,1.0,3.0,2.0,10.0,1.0,1.0,0.7,1.0,1.0,1.0,0.0,1.0,1.0,0.0,0.5,1.0,1.0,1.0,0.0,0.0,0.0,5.0,1.0,3.0,2.0,0.0,1.0,0.0,0.0,0.0,1.0,3.0,2.0,0.0,PHX,0.0,0.333,3.0,0.0,9.0,0.0,0.556,0.0,0.0,0.0,0.0,0.0,0.0,2024,20240420,36.0,0.028,51.0,0.0,3.0,7.0,0.028,0.0,1.0,0.0,3.0,4.0,10.0,0.1,0.0,0.0,0.667,0.3,0.75,3.0,1.0,4.0,6.0,10.0,0.0,1.0,67.0,0.4,41.0,0.0,31.0,3.0,0.0,2.45,0.0,3.35,5.0,3.7,0.463,0.636,0.0,0.0,0.0,1.0,0.429,1.0,0.429,0.7,5.6,5.6,3.0,0.778,1.0,4.0,3.0,0.0,0.0,10.0,0.0,0.7,0.0,4.0,11.0,,,,,,,,,,,,,,,11.0,0.647,0.545,0.647,11.0,0.545,0.0,,6.0,0.0,0.545,0.0,6.0,0.294,1.0,5.0,3.0,0.9,4.0,0.059,0.8,1.0,0.75,4.0,1.0,0.235,0.0,1.0,1.0,1.5,0.0,1.0,0.0,0.059,1.0,0.059,1.0,1.0,,0.706,0.5,0.5,0.0,2.0,0.0,0.0,0.0,3.0,-0.617,3.0,0.617,0.0,0.0,F,0.188,2.0,1.0,0.75,1.0,1.0,1.0,,,MIN,PHX,1610612750,PHX_MIN_2024,42300161,1.0,9.0,16.0,0.563,0.469,0.094,0.438,5.0,7.0,0.714,0.373,0.341,0.563,4.0,9.0,0.444,0.533,-0.089,0.188,0.0,3.0,0.0,0.617,-0.617,0.438,2.0,7.0,0.286,0.577,-0.291,0.5,6.0,8.0,0.75,0.38,0.37,8.0,3.0,5.0,3.0,0.0,1.0,2.0,0.0,0.0,0.0,0.0,0.0,0.0,2.0,2.0,2.0,1.0,0.0,1.0,1.0,0.5,67.0,5.0,1.0,2.0,0.5,0.0,0.0,0.0,2.0,0.4,2.0,0.4,0.0,0.0,0.0,0.0,0.0,0.0,38.7,14159.0,2.68,1.42,1.26,3.84,4.09,3.6,2023_24,96,9,12,0.75,19,1.0,1.0,1.0,0.792,14159.0,2.7,1.4,1.3,3.84,4.09,3.6
201144,Mike Conley,Mike,1610612750,MIN,36.0,1,1,0,1.0,27.4,2,12,0.167,0,3,0.0,0,0,0.0,2,1,3,7,1,0,0,2,5,1,4,-8,17.1,0,0,14.0,1,1,1,1,38,45,17,61,42,36,42,42,42,42,13,58,39,4,23,39,27,72,80,42,50,60,45,9,1,45,51,-0.03,2.0,12.0,100.3,62,115.4,34,96.35,55,0.167,101.8,50,-14.5,29,3,55,34,52,116.4,51,0.05,42,96.35,116.4,0.059,0.194,35.0,-14.5,1,97.51,61,45,47,5.0,5,80.29,68,0.368,0.065,42,65,7.0,101.8,30,0.197,47,19,52,41,0.167,50,5.0,17,-15.1,50,0.0,0.0,1.0,0.333,0.0,3.0,4.0,2.0,0.0,3.0,0.5,0.0,1.0,0.0,0.0,0.0,0.0,0.0,0.0,0.0,0.0,0.0,0.0,0.0,0.0,0.0,0.0,1.0,0.0,0.0,1.0,0.0,0.0,,1.0,5.0,1.0,,MIN,,0.2,1.0,0.0,1.0,2.0,0.0,2.0,0.0,0.0,0.0,0.0,0.0,2024,20240420,54.0,0.13,58.0,1.0,19.0,6.0,0.167,1.0,9.0,0.0,0.0,0.0,8.0,0.25,0.0,0.0,0.0,0.0,0.333,2.0,2.0,6.0,0.0,4.0,0.0,0.5,69.0,0.0,37.0,1.0,4.0,2.0,0.0,3.83,0.0,4.37,0.0,5.0,0.058,0.5,1.0,7.2,0.5,4.0,0.333,0.0,0.0,0.5,7.2,7.2,1.0,0.5,0.0,2.0,0.0,0.5,0.0,2.0,1.0,0.5,0.5,1.0,6.0,0.083,0.0,0.0,0.0,0.0,0.0,1.0,,0.0,0.0,1.0,1.0,0.083,0.0,4.0,0.333,0.0,0.333,4.0,0.0,0.0,,0.0,0.0,0.0,0.0,0.0,0.333,2.0,4.0,1.0,0.25,2.0,0.167,0.25,0.0,0.5,1.0,0.0,0.167,2.0,0.333,1.0,0.333,1.0,0.0,0.167,0.083,1.0,0.25,0.0,3.0,0.5,0.167,0.0,0.0,0.0,0.0,0.0,0.0,0.0,0.0,0.433,2.0,0.567,1.0,2.0,G,0.5,2.0,0.0,0.0,2.0,0.0,0.0,,,PHX,MIN,1610612756,MIN_PHX_2024,42300161,1.0,2.0,4.0,0.5,0.502,-0.002,0.5,0.0,2.0,0.0,0.411,-0.411,0.5,2.0,2.0,1.0,0.554,0.446,0.5,2.0,2.0,1.0,0.567,0.433,0.5,2.0,2.0,1.0,0.563,0.437,0.5,0.0,2.0,0.0,0.434,-0.434,0.0,0.0,0.0,2.0,0.0,0.0,0.0,0.0,0.0,0.0,0.0,0.0,1.0,0.0,1.0,1.0,1.0,1.0,0.0,1.0,1.0,69.0,0.0,0.0,0.0,0.0,0.0,0.0,0.0,0.0,0.0,0.0,0.0,0.0,0.0,0.0,0.0,0.0,0.0,27.4,10973.0,2.08,1.15,0.92,4.24,4.64,3.83,2023_24,97,1,4,0.25,2,0.0,1.0,0.0,0.25,10973.0,2.1,1.2,0.9,4.24,4.64,3.83
201152,Thaddeus Young,Thaddeus,1610612756,PHX,36.0,1,0,1,0.0,3.616666666666666,0,0,0.0,0,0,0.0,0,0,0.0,0,0,0,0,0,0,0,0,0,0,0,-5,0.0,0,0,0.0,1,41,41,41,72,63,76,63,42,61,42,42,42,42,42,69,73,54,44,39,27,1,1,54,66,49,78,9,1,78,43,0.0,0.0,0.0,50.0,69,128.6,5,106.18,76,0.0,50.0,76,-62.5,77,54,8,5,74,112.5,43,0.0,1,106.18,112.5,0.0,0.0,0.0,-62.5,37,99.54,63,63,73,0.0,54,88.48,60,0.0,0.0,1,66,0.0,50.0,77,0.0,70,42,74,24,0.0,76,0.0,76,-78.6,76,,,0.0,0.0,,0.0,0.0,0.0,0.0,0.0,0.0,,0.0,,,,,,0.0,0.0,0.0,,,,,0.0,,0.0,,,0.0,,0.0,,0.0,0.0,,,PHX,,0.0,0.0,,0.0,0.0,0.0,,,,,,0.0,2024,20240420,4.0,0.0,3.0,0.0,0.0,1.0,0.0,0.0,0.0,0.0,0.0,0.0,0.0,0.0,0.0,0.0,0.0,0.0,0.0,0.0,0.0,0.0,0.0,0.0,0.0,0.0,4.0,0.0,1.0,1.0,0.0,0.0,0.0,1.75,0.0,2.01,0.0,0.1,0.0,,,,,,,,,,,,,,,,,,,,,,,,,,,,,,,,,,,,,,,,,,,,,,,,,,,,,,,,,,,,,,,,,,,,,,,,,,,,,,0.0,0.0,0.0,0.0,0.0,0.0,0.0,0.0,0.0,,,,,,,,0.0,,,,0.0,,,,MIN,PHX,1610612750,PHX_MIN_2024,42300161,,,,,,,,,,,,,,,,,,,,,,,,,,,,,,,,,,,,,0.0,0.0,0.0,1.0,0.0,0.0,0.0,0.0,0.0,0.0,0.0,0.0,0.0,0.0,0.0,0.0,0.0,0.0,0.0,0.0,0.0,4.0,0.0,0.0,0.0,0.0,0.0,0.0,0.0,0.0,0.0,0.0,0.0,0.0,0.0,0.0,0.0,0.0,0.0,3.62,1420.0,0.27,0.12,0.15,4.57,3.75,5.13,2023_24,96,0,0,,0,,,,,1420.0,0.3,0.1,0.2,4.57,3.75,5.13
201569,Eric Gordon,Eric,1610612756,PHX,35.0,1,0,1,0.0,21.07333333333333,0,5,0.0,0,4,0.0,0,0,0.0,0,2,2,1,2,1,1,0,1,1,0,-18,7.9,0,0,7.0,1,41,41,41,47,63,49,63,42,27,42,42,42,42,42,41,49,38,10,15,11,1,15,42,66,77,59,9,1,58,77,-0.038,0.0,5.0,98.4,49,137.4,13,100.22,70,0.0,97.7,55,-40.9,47,41,44,13,71,138.6,77,0.091,73,100.22,138.6,0.05,0.149,12.5,-40.9,32,100.36,63,63,54,25.0,40,83.52,71,0.077,0.0,73,66,0.5,97.7,47,0.153,79,42,71,13,0.0,55,25.0,49,-39.0,54,0.0,0.0,0.0,0.0,2.0,1.0,0.0,0.0,0.0,2.0,0.0,0.0,0.0,0.0,0.0,0.0,0.0,0.0,0.0,0.0,0.0,1.0,0.0,1.0,0.0,0.0,0.0,0.0,0.0,0.0,0.0,0.0,0.0,,0.0,1.0,3.0,,PHX,,0.0,0.0,0.0,0.0,1.0,0.0,0.0,0.0,0.0,0.0,0.0,0.0,2024,20240420,7.0,0.143,12.0,0.0,3.0,1.0,0.143,0.0,1.0,0.5,0.0,0.0,2.0,0.5,1.0,0.0,0.0,0.0,0.0,0.0,1.0,0.0,0.0,0.0,0.0,0.0,15.0,0.0,9.0,0.0,0.0,1.0,0.0,2.0,0.0,2.27,0.0,0.6,0.0,0.286,0.0,0.0,0.0,1.0,0.5,1.0,0.5,0.333,5.8,5.8,1.0,0.4,1.0,1.0,1.0,0.0,0.0,6.0,0.0,0.333,0.0,1.0,7.0,,,,,,,,,,,,,,,1.0,0.2,,0.0,0.0,0.0,1.0,0.0,0.0,0.0,0.0,0.2,0.0,0.2,0.0,1.0,0.0,0.0,1.0,0.0,0.0,,0.0,0.0,0.0,0.2,0.0,0.0,3.0,0.0,0.0,0.0,0.0,0.6,0.0,0.6,0.0,3.0,,0.0,0.0,0.0,0.0,0.0,0.0,0.0,0.0,0.0,0.384,2.0,0.616,1.0,2.0,G,0.2,2.0,0.0,0.0,2.0,0.0,0.0,,,MIN,PHX,1610612750,PHX_MIN_2024,42300161,1.0,4.0,10.0,0.4,0.449,-0.049,0.7,2.0,7.0,0.286,0.378,-0.093,0.3,2.0,3.0,0.667,0.517,0.15,0.2,2.0,2.0,1.0,0.616,0.384,0.3,2.0,3.0,0.667,0.549,0.117,0.7,2.0,7.0,0.286,0.38,-0.095,3.0,1.0,2.0,2.0,0.0,0.0,0.0,0.0,0.0,0.0,0.0,0.0,0.0,0.0,0.0,0.0,0.0,0.0,0.0,0.0,0.0,15.0,0.0,0.0,0.0,0.0,0.0,0.0,0.0,0.0,0.0,0.0,0.0,0.0,0.0,0.0,0.0,0.0,0.0,21.07,7850.0,1.49,0.72,0.77,3.83,3.69,3.97,2023_24,96,0,2,0.0,0,0.0,2.0,0.0,0.0,7850.0,1.5,0.7,0.8,3.83,3.69,3.97
201587,Nicolas Batum,Nicolas,1610612755,PHI,35.0,1,0,1,0.0,25.883333333333333,1,4,0.25,1,4,0.25,0,0,0.0,0,2,2,1,1,0,1,0,0,0,3,-20,8.9,0,0,9.0,1,41,41,41,42,50,52,55,26,27,35,42,42,42,42,41,49,38,23,39,11,1,1,54,56,78,56,9,1,54,55,0.034,1.0,4.0,74.1,55,117.2,53,93.65,72,0.375,76.5,70,-41.5,71,43,51,53,72,118.0,55,0.069,64,93.65,118.0,0.033,0.086,16.7,-41.5,21,95.51,50,50,65,16.7,28,78.04,55,0.071,0.0,64,54,1.0,76.5,71,0.087,49,42,72,51,0.375,70,16.7,52,-43.1,70,0.0,0.0,0.0,0.0,2.0,0.0,0.0,0.0,1.0,2.0,0.0,0.0,0.0,0.0,0.0,0.0,0.0,0.0,0.0,0.0,0.5,1.0,0.0,1.0,0.0,0.0,0.333,0.0,1.0,0.0,0.0,0.0,0.0,,0.0,0.0,3.0,,PHI,,0.0,0.0,0.0,0.0,1.0,0.0,0.0,0.0,0.0,0.0,0.0,0.0,2024,20240420,23.0,0.043,14.0,0.0,3.0,2.0,0.043,0.0,1.0,0.0,0.0,0.0,0.0,0.0,0.0,0.0,0.0,0.0,0.0,0.0,0.0,0.0,0.0,0.0,0.0,0.0,28.0,0.0,18.0,1.0,3.0,1.0,0.0,0.36,0.0,1.36,0.0,0.6,0.107,0.333,0.0,0.0,0.0,1.0,0.0,0.0,0.0,0.4,6.9,6.9,0.0,0.4,0.0,2.0,0.0,0.0,0.0,5.0,0.0,0.333,0.0,2.0,6.0,,,,,,,,,,,,,,,,,,,,,,,,,,,,0.25,1.0,1.0,0.0,0.0,0.0,0.25,0.0,0.0,,0.0,0.0,0.0,0.0,0.333,3.0,0.5,0.0,1.0,0.0,0.75,1.0,0.75,0.333,3.0,,0.375,0.25,0.0,0.0,0.0,0.0,0.0,0.0,3.0,-0.606,1.0,0.606,0.0,0.0,G-F,0.091,4.0,1.0,0.375,4.0,1.0,0.25,,,NYK,PHI,1610612752,PHI_NYK_2024,42300111,1.0,4.0,11.0,0.364,0.457,-0.093,0.455,2.0,5.0,0.4,0.397,0.003,0.545,2.0,6.0,0.333,0.507,-0.173,0.091,0.0,1.0,0.0,0.606,-0.606,0.091,0.0,1.0,0.0,0.532,-0.532,0.727,3.0,8.0,0.375,0.406,-0.031,8.0,3.0,5.0,0.0,0.0,0.0,0.0,0.0,0.0,0.0,0.0,0.0,0.0,0.0,0.0,0.0,0.0,0.0,0.0,0.0,0.0,28.0,0.0,0.0,0.0,0.0,0.0,0.0,0.0,0.0,0.0,0.0,0.0,0.0,0.0,0.0,0.0,0.0,0.0,25.88,10346.0,1.96,1.03,0.93,4.36,4.2,4.09,2023_24,89,0,0,,0,0.0,0.0,,,10346.0,2.0,1.0,0.9,4.36,4.2,4.09
201599,DeAndre Jordan,DeAndre,1610612743,DEN,35.0,1,1,0,1.0,8.616666666666667,1,1,1.0,0,0,0.0,2,2,1.0,0,2,2,0,0,1,1,0,3,2,4,-3,12.4,0,0,10.0,1,1,1,1,66,50,70,1,42,61,42,21,26,1,42,41,49,54,44,15,11,1,51,26,50,43,48,9,1,52,54,0.155,1.0,1.0,107.1,6,117.1,65,91.91,49,1.0,106.3,42,-11.4,65,54,16,65,50,117.6,54,0.25,1,91.91,117.6,0.105,0.111,0.0,-11.4,37,91.8,2,50,28,0.0,54,76.6,17,0.0,0.0,1,2,0.0,106.3,67,0.105,48,42,50,72,1.064,42,0.0,70,-10.0,39,0.0,0.0,0.0,1.0,0.0,1.0,0.0,0.0,0.0,0.0,0.0,0.0,1.0,0.0,0.0,0.0,0.0,0.0,0.0,0.0,0.0,0.0,0.0,0.0,,0.0,0.0,0.0,0.0,0.0,0.0,,0.0,,1.0,1.0,0.0,,DEN,,1.0,0.0,0.0,0.0,0.0,0.0,0.0,,0.0,0.0,0.0,0.0,2024,20240420,6.0,0.0,4.0,0.0,0.0,0.0,0.0,0.0,0.0,0.0,1.0,2.0,1.0,0.0,0.0,0.0,1.0,1.0,0.0,0.0,0.0,0.0,2.0,2.0,0.0,2.0,8.0,0.0,3.0,0.0,4.0,0.0,0.0,0.25,0.0,1.8,0.0,0.2,0.5,0.5,0.0,0.0,0.0,1.0,0.0,0.0,0.0,0.667,8.1,8.1,0.0,0.667,0.0,2.0,0.0,0.0,0.0,3.0,0.0,0.5,0.0,2.0,4.0,,,,,,,,,,,,,,,1.0,1.0,1.0,1.0,1.0,1.0,0.0,,1.0,0.0,1.0,0.0,1.0,,,,,,,,,,,,,,,,,,,,,,,,,,,1.0,0.0,0.0,0.0,0.0,0.0,0.0,0.0,0.0,0.423,1.0,0.577,1.0,1.0,C,0.167,0.0,,,,0.0,,,,LAL,DEN,1610612747,DEN_LAL_2024,42300151,1.0,3.0,6.0,0.5,0.48,0.02,0.5,0.0,3.0,0.0,0.392,-0.392,0.5,3.0,3.0,1.0,0.565,0.435,0.167,1.0,1.0,1.0,0.577,0.423,0.333,2.0,2.0,1.0,0.598,0.402,0.5,0.0,3.0,0.0,0.39,-0.39,3.0,3.0,0.0,1.0,0.0,1.0,3.0,0.0,0.0,0.0,0.0,0.0,0.0,0.0,0.0,0.0,0.0,0.0,0.0,0.0,0.0,8.0,0.0,0.0,0.0,0.0,0.0,0.0,0.0,0.0,0.0,0.0,0.0,0.0,0.0,0.0,0.0,0.0,0.0,8.62,2930.0,0.55,0.28,0.27,3.86,3.87,3.85,2023_24,94,0,0,,0,,,,,2930.0,0.6,0.3,0.3,3.86,3.87,3.85
202699,Tobias Harris,Tobias,1610612755,PHI,31.0,1,0,1,0.0,31.42333333333333,3,7,0.429,1,4,0.25,0,0,0.0,0,9,9,2,2,0,0,0,4,0,7,0,18.8,0,0,19.0,1,41,41,41,32,37,39,37,26,27,35,42,42,42,42,4,9,24,10,39,27,1,70,54,43,36,39,9,1,39,75,0.066,3.0,7.0,125.2,13,123.8,78,86.31,36,0.5,131.6,11,-2.3,55,38,57,78,39,133.9,75,0.22,66,86.31,133.9,0.13,0.132,18.2,-2.3,21,92.05,35,37,20,18.2,22,71.92,44,0.091,0.0,66,44,1.0,131.6,56,0.134,64,42,39,70,0.5,11,18.2,39,1.4,17,0.0,0.5,0.0,1.0,2.0,1.0,2.0,0.0,0.0,2.0,0.0,0.5,1.0,0.0,0.0,0.0,1.0,0.0,0.5,1.0,0.0,0.0,1.0,2.0,0.0,1.0,0.5,0.0,1.0,0.0,0.0,0.0,0.0,0.0,1.0,1.0,2.0,0.0,PHI,0.0,1.0,0.0,0.0,2.0,2.0,0.5,0.0,0.0,0.0,0.0,0.0,0.0,2024,20240420,24.0,0.083,16.0,0.0,6.0,3.0,0.083,0.0,2.0,0.167,0.0,0.0,6.0,0.5,1.0,0.0,0.0,0.0,1.0,2.0,3.0,2.0,0.0,4.0,0.0,0.667,33.0,0.0,13.0,0.0,7.0,0.0,0.0,2.85,0.0,3.62,1.0,2.0,0.212,0.563,0.0,0.0,0.0,2.0,0.111,0.0,0.111,0.643,3.6,3.6,1.0,0.643,0.0,8.0,1.0,0.0,0.0,14.0,0.0,0.563,0.0,8.0,16.0,0.143,0.0,0.0,0.0,0.0,0.0,1.0,,0.0,0.0,1.0,1.0,0.143,0.0,3.0,0.429,1.0,0.286,2.0,0.667,1.0,0.0,2.0,0.0,0.667,0.143,2.0,0.143,1.0,1.0,0.0,0.0,0.0,0.143,0.0,0.0,,0.0,0.0,0.0,0.0,0.5,2.0,0.75,0.0,1.0,0.0,0.286,1.0,0.286,0.5,2.0,,0.5,0.333,0.0,0.0,0.0,0.0,0.0,0.0,3.0,-0.099,6.0,0.599,0.5,3.0,F,0.545,3.0,1.0,0.5,3.0,1.0,0.333,,,NYK,PHI,1610612752,PHI_NYK_2024,42300111,1.0,3.0,11.0,0.273,0.51,-0.238,,,,,,,1.0,3.0,11.0,0.273,0.554,-0.281,0.545,3.0,6.0,0.5,0.599,-0.099,0.636,3.0,7.0,0.429,0.586,-0.158,0.182,0.0,2.0,0.0,0.404,-0.404,3.0,3.0,0.0,2.0,0.0,0.0,0.0,0.0,0.0,0.0,0.0,0.0,0.0,0.0,0.0,0.0,0.0,0.0,0.0,0.0,0.0,33.0,1.0,0.0,1.0,0.0,0.0,0.0,0.0,0.0,0.0,0.0,0.0,0.0,0.0,0.0,0.0,0.0,0.0,31.42,11903.0,2.25,1.11,1.14,4.05,4.18,3.62,2023_24,89,0,2,0.0,0,0.0,1.0,0.0,0.0,11903.0,2.3,1.1,1.1,4.05,4.18,3.62
202704,Reggie Jackson,Reggie,1610612743,DEN,34.0,1,1,0,1.0,9.016666666666667,1,4,0.25,1,2,0.5,0,0,0.0,0,1,1,2,1,0,0,0,2,0,3,2,6.2,0,0,7.0,1,1,1,1,65,50,52,55,26,43,6,42,42,42,42,58,64,24,23,39,27,1,31,54,56,30,61,9,1,58,24,0.0,1.0,4.0,100.0,32,98.9,12,101.15,37,0.375,105.3,46,10.5,27,10,19,12,30,94.7,24,0.143,60,101.15,94.7,0.056,0.217,28.6,10.5,9,101.68,50,50,49,14.3,13,84.29,60,0.286,0.0,60,54,2.0,105.3,26,0.227,29,42,30,3,0.375,46,14.3,52,1.1,51,0.0,1.0,0.0,0.0,1.0,0.0,1.0,1.0,0.0,1.0,0.0,1.0,0.0,0.0,0.0,0.0,1.0,0.0,0.0,0.0,0.0,0.0,1.0,1.0,0.0,0.0,1.0,1.0,1.0,0.0,0.0,0.0,0.0,,0.0,0.0,1.0,,DEN,,0.0,0.0,0.0,0.0,1.0,0.0,1.0,0.0,0.0,0.0,0.0,0.0,2024,20240420,17.0,0.118,20.0,0.0,5.0,2.0,0.118,0.0,2.0,0.0,0.0,0.0,1.0,0.0,0.0,0.0,0.0,0.0,0.0,0.0,0.0,1.0,0.0,0.0,0.0,0.0,23.0,0.0,9.0,0.0,3.0,0.0,0.0,5.3,0.0,6.16,0.0,2.4,0.13,1.0,0.0,0.0,0.0,0.0,0.0,0.0,0.0,1.0,7.2,7.2,0.0,1.0,0.0,1.0,0.0,0.0,0.0,1.0,0.0,1.0,0.0,1.0,1.0,,,,,,,,,,,,,,,1.0,0.25,0.0,0.25,1.0,0.0,0.0,,0.0,0.0,0.0,0.0,0.0,0.25,0.0,1.0,0.0,0.0,1.0,0.0,0.0,,0.0,0.0,0.0,0.25,0.0,0.5,2.0,0.75,0.0,1.0,0.0,0.5,1.0,0.5,0.5,2.0,,0.375,0.5,0.0,0.0,0.0,0.0,0.0,0.0,3.0,0.312,1.0,0.688,1.0,1.0,G,0.167,2.0,1.0,0.75,2.0,1.0,0.5,,,LAL,DEN,1610612747,DEN_LAL_2024,42300151,1.0,2.0,6.0,0.333,0.499,-0.166,0.667,0.0,4.0,0.0,0.411,-0.411,0.333,2.0,2.0,1.0,0.588,0.413,0.167,1.0,1.0,1.0,0.688,0.312,0.167,1.0,1.0,1.0,0.659,0.341,0.667,0.0,4.0,0.0,0.408,-0.408,3.0,1.0,2.0,1.0,0.0,0.0,0.0,0.0,0.0,0.0,0.0,0.0,0.0,0.0,0.0,0.0,0.0,0.0,0.0,0.0,0.0,23.0,0.0,0.0,0.0,0.0,0.0,0.0,0.0,0.0,0.0,0.0,0.0,0.0,0.0,0.0,0.0,0.0,0.0,9.02,3469.0,0.66,0.38,0.28,4.34,4.48,4.17,2023_24,94,0,1,0.0,0,0.0,0.0,,0.0,3469.0,0.7,0.4,0.3,4.34,4.48,4.17
202711,Bojan Bogdanovic,Bojan,1610612752,NYK,35.0,1,1,0,1.0,24.8,4,12,0.333,3,6,0.5,2,4,0.5,1,6,7,1,0,0,0,2,2,3,13,27,22.9,0,0,24.0,1,1,1,1,44,29,17,47,9,16,6,21,14,33,23,12,14,38,44,39,27,72,31,18,26,3,35,9,1,31,5,0.122,4.0,12.0,123.6,19,68.5,59,92.9,6,0.458,127.1,14,56.2,22,45,48,59,3,70.8,5,0.188,1,92.9,70.8,0.115,0.23,6.7,56.3,37,95.81,43,29,24,0.0,52,77.42,33,0.067,0.034,1,48,0.0,127.1,23,0.232,6,31,3,47,0.472,14,0.0,17,55.1,20,0.0,0.0,0.0,0.0,2.0,2.0,3.0,1.0,3.0,4.0,0.0,0.0,0.0,0.0,0.0,0.0,0.0,0.0,0.333,1.0,0.75,2.0,0.0,0.0,0.0,1.0,0.0,0.0,0.0,0.0,0.0,0.0,0.75,,0.0,2.0,2.0,,NYK,,0.0,0.0,0.0,3.0,4.0,0.333,1.0,0.0,0.0,0.0,0.0,3.0,2024,20240420,14.0,0.071,22.0,0.0,2.0,2.0,0.143,1.0,2.0,0.0,0.0,0.0,4.0,0.0,0.0,0.0,0.0,0.0,0.0,0.0,0.0,4.0,0.0,0.0,0.0,0.0,30.0,1.0,21.0,0.0,13.0,1.0,0.0,1.4,0.0,2.07,2.0,1.0,0.433,0.7,0.0,8.5,0.0,2.0,0.143,1.0,0.167,0.75,9.8,10.0,1.0,0.857,1.0,6.0,1.0,0.5,0.0,8.0,1.0,0.778,0.5,5.0,10.0,0.083,0.0,0.0,0.0,0.0,0.0,1.0,,0.0,0.0,1.0,1.0,0.083,0.0,3.0,0.25,0.0,0.25,3.0,0.0,0.0,,0.0,0.0,0.0,0.0,0.0,0.417,3.0,5.0,1.0,0.5,2.0,0.25,0.4,0.333,0.5,2.0,1.0,0.167,0.0,0.667,3.0,1.0,0.0,2.0,0.0,0.25,2.0,0.25,0.667,3.0,,0.458,0.667,1.0,0.0,2.0,0.0,0.0,0.0,6.0,0.381,1.0,0.619,1.0,1.0,F,0.2,3.0,2.0,1.0,3.0,2.0,0.667,,,PHI,NYK,1610612755,NYK_PHI_2024,42300111,1.0,2.0,5.0,0.4,0.456,-0.056,0.8,1.0,4.0,0.25,0.4,-0.15,0.2,1.0,1.0,1.0,0.503,0.497,0.2,1.0,1.0,1.0,0.619,0.381,0.2,1.0,1.0,1.0,0.556,0.444,0.8,1.0,4.0,0.25,0.401,-0.151,0.0,0.0,0.0,0.0,0.0,0.0,0.0,0.0,0.0,0.0,0.0,0.0,0.0,0.0,0.0,0.0,0.0,0.0,0.0,0.0,0.0,30.0,2.0,1.0,1.0,1.0,0.0,2.0,0.0,2.0,1.0,0.0,0.0,0.0,0.0,0.0,0.0,1.0,0.5,24.8,9452.0,1.79,0.9,0.89,4.08,4.21,3.95,2023_24,89,2,7,0.286,5,1.0,3.0,0.333,0.357,9452.0,1.8,0.9,0.9,4.08,4.21,3.95
202738,Isaiah Thomas,Isaiah,1610612756,PHX,35.0,1,0,1,0.0,3.616666666666666,0,2,0.0,0,1,0.0,0,0,0.0,0,0,0,0,1,0,0,0,0,0,0,-5,-1.0,0,0,0.0,1,41,41,41,72,63,62,63,42,53,42,42,42,42,42,69,73,54,23,39,27,1,1,54,66,49,81,9,1,78,43,-0.214,0.0,2.0,50.0,69,128.6,5,106.18,76,0.0,50.0,76,-62.5,3,54,8,5,74,112.5,43,0.0,76,106.18,112.5,0.0,0.375,0.0,-62.5,37,99.54,63,63,73,33.3,54,88.48,80,0.0,0.0,76,66,0.0,50.0,2,0.375,70,42,74,24,0.0,76,33.3,62,-78.6,76,,,0.0,0.0,,0.0,1.0,0.0,0.0,1.0,0.0,,0.0,,,,,,0.0,0.0,0.0,,,,,0.0,,0.0,,,0.0,,0.0,,0.0,1.0,,,PHX,,0.0,0.0,,0.0,1.0,0.0,,,,,,0.0,2024,20240420,6.0,0.0,8.0,0.0,0.0,1.0,0.0,0.0,0.0,0.0,0.0,0.0,2.0,0.5,0.0,0.0,0.0,0.0,0.0,0.0,1.0,1.0,0.0,0.0,0.0,0.0,9.0,0.0,2.0,0.0,0.0,0.0,0.0,4.67,0.0,5.14,0.0,0.8,0.0,,,,,,,,,,,,,,,,,,,,,,,,,,,,,,,,,,,,,,,1.0,0.5,0.0,0.5,1.0,0.0,0.0,,0.0,0.0,0.0,0.0,0.0,0.5,1.0,1.0,0.0,0.0,0.0,0.5,0.0,0.0,,0.0,0.0,0.0,,,,,,,,,,,,,,0.0,0.0,0.0,0.0,0.0,0.0,0.0,0.0,0.0,0.419,1.0,0.581,1.0,1.0,G,0.5,0.0,0.0,,0.0,0.0,,,,MIN,PHX,1610612750,PHX_MIN_2024,42300161,1.0,2.0,2.0,1.0,0.428,0.572,,,,,,,1.0,2.0,2.0,1.0,0.467,0.533,0.5,1.0,1.0,1.0,0.581,0.419,0.5,1.0,1.0,1.0,0.5,0.5,,,,,,,1.0,1.0,0.0,1.0,0.0,0.0,0.0,0.0,0.0,0.0,0.0,0.0,0.0,0.0,0.0,0.0,0.0,0.0,0.0,0.0,0.0,9.0,0.0,0.0,0.0,0.0,0.0,0.0,0.0,0.0,0.0,0.0,0.0,0.0,0.0,0.0,0.0,0.0,0.0,3.62,1542.0,0.29,0.14,0.15,4.57,3.75,5.12,2023_24,96,0,1,0.0,0,0.0,1.0,0.0,0.0,1542.0,0.3,0.1,0.2,4.57,3.75,5.12
203076,Anthony Davis,Anthony,1610612747,LAL,31.0,1,0,1,0.0,44.5,12,23,0.522,0,4,0.0,8,9,0.889,3,11,14,5,2,0,4,1,3,8,32,-12,66.3,1,0,59.0,1,41,41,41,1,4,5,26,42,27,42,2,3,22,7,2,3,11,10,39,1,50,51,2,3,66,1,1,1,1,72,0.171,12.0,23.0,113.3,12,127.0,56,93.3,53,0.522,112.6,30,-15.3,11,24,87,56,54,127.9,72,0.224,46,93.3,127.9,0.163,0.309,14.7,-15.3,8,93.37,34,4,11,5.9,34,77.75,14,0.192,0.081,46,31,2.5,112.6,12,0.313,68,15,54,63,0.593,30,5.9,5,-13.6,30,0.0,0.0,1.0,0.857,0.0,7.0,11.0,1.0,0.0,4.0,1.0,0.0,6.0,0.0,0.0,0.0,0.0,0.0,0.455,5.0,0.0,0.0,0.0,0.0,0.0,2.0,0.0,0.0,0.0,0.0,0.0,0.0,0.0,0.0,6.0,9.0,1.0,0.0,LAL,0.0,0.667,0.0,0.0,2.0,3.0,1.0,8.0,0.0,0.5,0.0,4.0,0.0,2024,20240420,52.0,0.096,53.0,0.0,12.0,3.0,0.096,0.0,5.0,0.111,1.0,2.0,9.0,0.0,1.0,0.0,1.0,0.111,0.333,2.0,0.0,6.0,2.0,6.0,0.0,0.667,86.0,0.667,52.0,5.0,32.0,11.0,1.545,1.14,0.4,2.42,3.0,3.5,0.372,0.609,3.0,1.9,1.0,6.0,0.429,3.0,0.273,0.647,3.9,4.5,6.0,0.786,3.0,8.0,3.0,0.5,0.0,17.0,0.0,0.7,0.5,8.0,23.0,0.174,1.0,0.0,0.0,4.0,1.0,4.0,,0.0,4.0,1.0,4.0,0.174,1.0,9.0,0.391,0.333,0.391,9.0,0.333,0.0,,3.0,0.0,0.333,0.0,3.0,0.174,0.0,4.0,4.0,1.0,4.0,0.0,1.0,,1.0,4.0,0.0,0.174,2.0,0.167,4.0,0.167,1.0,0.0,0.087,0.174,1.0,0.261,0.0,6.0,0.5,0.522,0.0,0.5,0.25,2.0,0.875,2.0,17.0,0.0,-0.243,7.0,0.672,0.429,3.0,F-C,0.304,4.0,0.0,0.0,4.0,0.0,0.0,,,DEN,LAL,1610612743,LAL_DEN_2024,42300151,1.0,8.0,23.0,0.348,0.509,-0.161,0.522,5.0,12.0,0.417,0.335,0.082,0.478,3.0,11.0,0.273,0.583,-0.31,0.304,3.0,7.0,0.429,0.672,-0.243,0.348,3.0,8.0,0.375,0.64,-0.265,0.609,5.0,14.0,0.357,0.356,0.001,15.0,7.0,8.0,3.0,0.0,7.0,17.0,0.0,0.0,0.0,0.0,0.0,0.0,1.0,1.0,1.0,0.0,0.0,1.0,1.0,0.0,86.0,3.0,1.0,2.0,0.5,0.0,0.0,0.0,2.0,0.667,0.0,0.0,0.0,0.0,1.0,0.333,0.0,0.0,44.5,14592.0,2.76,1.4,1.36,3.56,3.77,3.37,2023_24,94,2,2,1.0,4,0.0,0.0,,1.0,14592.0,2.8,1.4,1.4,3.56,3.77,3.37
203078,Bradley Beal,Bradley,1610612756,PHX,31.0,1,0,1,0.0,37.285,6,10,0.6,1,3,0.333,2,3,0.667,1,1,2,6,1,3,0,0,2,2,15,-9,34.4,0,0,30.0,1,41,41,41,18,16,26,11,26,36,24,21,23,30,23,58,49,8,23,3,27,1,31,26,22,62,21,9,1,23,48,0.124,6.0,10.0,102.9,68,112.5,22,98.48,46,0.65,105.3,45,-7.5,46,10,75,22,45,112.8,48,0.026,44,98.48,112.8,0.027,0.15,33.3,-7.5,3,99.8,18,16,70,5.5,7,82.07,32,0.286,0.029,44,23,6.0,105.3,46,0.156,43,33,45,20,0.663,45,5.6,26,-9.6,46,0.0,0.0,0.0,0.6,1.0,5.0,2.0,0.0,1.0,2.0,0.0,0.0,3.0,0.0,0.0,0.0,0.0,0.0,1.0,2.0,0.5,0.0,0.0,1.0,0.0,2.0,0.5,0.0,1.0,0.0,0.0,0.0,0.0,0.0,3.0,5.0,2.0,0.0,PHX,0.0,0.6,0.0,0.0,2.0,1.0,1.0,0.0,0.0,0.0,0.0,0.0,0.0,2024,20240420,61.0,0.098,59.0,1.0,15.0,10.0,0.131,1.0,8.0,0.0,0.0,0.0,13.0,0.692,0.0,0.077,0.0,0.0,0.75,3.0,9.0,4.0,0.0,6.0,1.0,0.462,75.0,0.0,28.0,0.0,15.0,1.0,2.0,4.15,0.0,4.66,0.0,5.8,0.2,0.4,1.0,4.4,1.0,2.0,1.0,0.0,1.0,0.333,3.8,3.3,2.0,0.333,0.0,0.0,1.0,0.5,0.0,3.0,0.0,0.4,0.5,0.0,5.0,,,,,,,,,,,,,,,5.0,0.5,0.6,0.5,5.0,0.6,0.0,,3.0,0.0,0.6,0.0,3.0,0.2,0.0,2.0,2.0,1.0,2.0,0.0,1.0,,1.0,2.0,0.0,0.2,0.0,0.333,3.0,0.5,0.0,1.0,0.0,0.3,1.0,0.3,0.333,3.0,,0.65,0.333,0.0,0.0,0.0,0.0,0.0,2.0,3.0,0.228,6.0,0.606,0.833,5.0,G,0.4,3.0,1.0,0.5,3.0,1.0,0.333,,,MIN,PHX,1610612750,PHX_MIN_2024,42300161,1.0,6.0,15.0,0.4,0.464,-0.064,0.333,1.0,5.0,0.2,0.388,-0.188,0.667,5.0,10.0,0.5,0.53,-0.03,0.4,5.0,6.0,0.833,0.604,0.229,0.467,5.0,7.0,0.714,0.58,0.134,0.467,1.0,7.0,0.143,0.388,-0.245,5.0,3.0,2.0,4.0,0.0,0.0,0.0,0.0,0.0,0.0,0.0,0.0,0.0,0.0,0.0,0.0,0.0,0.0,0.0,0.0,0.0,75.0,0.0,0.0,0.0,0.0,0.0,0.0,0.0,0.0,0.0,0.0,0.0,0.0,0.0,0.0,0.0,0.0,0.0,37.28,14009.0,2.65,1.39,1.27,3.97,4.21,3.75,2023_24,96,2,2,1.0,4,0.0,0.0,,1.0,14009.0,2.7,1.4,1.3,3.97,4.21,3.75
203200,Justin Holiday,Justin,1610612743,DEN,35.0,1,1,0,1.0,5.866666666666666,0,2,0.0,0,2,0.0,0,0,0.0,1,0,1,0,0,0,0,0,0,1,0,-2,1.2,0,0,1.0,1,1,1,1,68,63,62,63,42,43,42,42,42,42,23,69,64,54,44,39,27,1,1,42,66,41,76,9,1,75,52,-0.071,0.0,2.0,101.0,69,120.3,26,98.18,60,0.0,100.0,52,-16.7,54,54,12,26,58,116.7,52,0.0,1,98.18,116.7,0.071,0.133,0.0,-16.7,37,96.22,63,63,42,0.0,54,81.82,75,0.0,0.111,1,66,0.0,100.0,49,0.144,58,9,58,45,0.0,52,0.0,62,-19.3,49,0.0,,0.0,0.0,1.0,0.0,0.0,0.0,0.0,1.0,0.0,0.0,0.0,0.0,0.0,0.0,0.0,0.0,0.0,0.0,0.0,1.0,,,,0.0,0.0,0.0,0.0,0.0,0.0,,0.0,,0.0,0.0,1.0,,DEN,,0.0,0.0,0.0,0.0,1.0,0.0,0.0,,0.0,0.0,0.0,0.0,2024,20240420,6.0,0.0,5.0,0.0,0.0,2.0,0.0,0.0,0.0,0.0,0.0,0.0,1.0,1.0,0.0,0.0,0.0,0.0,0.0,0.0,1.0,0.0,0.0,0.0,0.0,0.0,8.0,0.0,6.0,0.0,0.0,1.0,0.0,0.75,0.0,1.73,0.0,0.2,0.0,0.5,0.0,3.1,0.0,1.0,0.0,0.0,0.0,0.0,3.1,0.0,0.0,0.0,0.0,1.0,0.0,1.0,0.0,1.0,1.0,0.5,1.0,0.0,2.0,,,,,,,,,,,,,,,,,,,,,,,,,,,,0.5,1.0,1.0,0.0,0.0,0.0,0.5,0.0,0.0,,0.0,0.0,0.0,0.0,0.0,1.0,0.0,0.0,0.0,0.0,0.5,0.0,0.5,0.0,1.0,,0.0,0.0,0.0,0.0,0.0,0.0,0.0,0.0,0.0,,,,,,,,1.0,0.0,0.0,1.0,0.0,0.0,,,LAL,DEN,1610612747,DEN_LAL_2024,42300151,1.0,0.0,1.0,0.0,0.537,-0.537,,,,,,,1.0,0.0,1.0,0.0,0.59,-0.59,,,,,,,,,,,,,1.0,0.0,1.0,0.0,0.394,-0.394,2.0,1.0,1.0,0.0,0.0,0.0,0.0,0.0,0.0,0.0,0.0,0.0,0.0,0.0,0.0,0.0,0.0,0.0,0.0,0.0,0.0,8.0,0.0,0.0,0.0,0.0,0.0,0.0,0.0,0.0,0.0,0.0,0.0,0.0,0.0,0.0,0.0,0.0,0.0,5.87,2439.0,0.46,0.24,0.22,4.69,3.84,3.66,2023_24,94,0,1,0.0,0,0.0,1.0,0.0,0.0,2439.0,0.5,0.2,0.2,4.69,3.84,3.66
203484,Kentavious Caldwell-Pope,Kentavious,1610612743,DEN,31.0,1,1,0,1.0,36.96666666666667,4,11,0.364,4,10,0.4,0,0,0.0,0,2,2,1,0,3,0,1,3,2,12,14,24.9,0,0,25.0,1,1,1,1,19,29,23,45,2,1,21,42,42,42,42,41,49,38,44,3,27,50,51,26,30,10,33,9,1,30,37,0.046,4.0,11.0,125.9,58,109.1,48,94.14,19,0.545,129.2,12,20.9,57,53,72,48,17,108.2,37,0.065,1,94.14,108.2,0.029,0.128,8.3,20.9,37,94.97,32,29,67,0.0,49,78.45,51,0.028,0.0,1,37,0.0,129.2,58,0.13,41,42,17,57,0.545,12,0.0,23,16.8,16,0.0,0.0,0.0,0.0,2.0,0.0,1.0,0.0,3.0,8.0,0.0,0.5,0.0,0.5,0.0,1.0,1.0,0.0,0.0,0.0,0.375,2.0,0.0,0.0,0.0,0.0,0.5,0.0,1.0,0.0,0.0,0.0,0.375,0.0,0.0,0.0,2.0,0.0,DEN,0.0,0.0,0.0,0.0,0.0,8.0,0.0,1.0,0.0,0.0,0.0,0.0,3.0,2024,20240420,29.0,0.034,24.0,0.0,2.0,4.0,0.034,0.0,1.0,0.0,0.0,0.0,0.0,0.0,0.0,0.0,0.0,0.0,0.0,0.0,0.0,0.0,0.0,0.0,0.0,0.0,42.0,0.0,26.0,0.0,12.0,0.0,0.0,0.93,0.0,1.91,0.0,1.3,0.286,0.4,0.0,0.0,0.0,1.0,0.0,1.0,0.0,0.5,14.1,14.1,0.0,0.667,1.0,2.0,0.0,0.0,0.0,4.0,0.0,0.5,0.0,2.0,5.0,,,,,,,,,,,,,,,3.0,0.273,0.0,0.091,1.0,0.5,2.0,0.5,1.0,1.0,0.333,0.182,0.0,0.182,2.0,2.0,0.0,0.0,0.0,0.182,0.0,0.0,,0.0,0.0,0.0,0.0,0.5,6.0,0.75,0.0,3.0,0.0,0.545,3.0,0.545,0.5,6.0,,0.545,0.375,0.0,0.0,0.0,0.0,0.0,0.0,9.0,-0.223,5.0,0.623,0.4,2.0,G,0.455,8.0,3.0,0.563,8.0,3.0,0.375,,,LAL,DEN,1610612747,DEN_LAL_2024,42300151,1.0,6.0,11.0,0.545,0.466,0.079,0.455,3.0,5.0,0.6,0.393,0.207,0.545,3.0,6.0,0.5,0.516,-0.016,0.455,2.0,5.0,0.4,0.624,-0.224,0.455,2.0,5.0,0.4,0.579,-0.179,0.545,4.0,6.0,0.667,0.395,0.272,1.0,1.0,0.0,4.0,0.0,0.0,0.0,0.0,0.0,0.0,0.0,0.0,0.0,1.0,1.0,1.0,0.0,0.0,1.0,1.0,0.0,42.0,0.0,0.0,0.0,0.0,0.0,0.0,0.0,0.0,0.0,0.0,0.0,0.0,0.0,0.0,0.0,0.0,0.0,36.97,12722.0,2.41,1.32,1.09,3.7,3.81,3.57,2023_24,94,1,2,0.5,3,1.0,2.0,0.5,0.75,12722.0,2.4,1.3,1.1,3.7,3.81,3.57
203497,Rudy Gobert,Rudy,1610612750,MIN,32.0,1,1,0,1.0,37.486666666666665,4,6,0.667,0,0,0.0,6,7,0.857,6,10,16,2,1,0,0,0,4,5,14,19,35.2,1,0,32.0,1,1,1,1,17,29,45,5,42,61,42,6,7,23,2,3,2,24,23,39,27,1,70,7,23,7,19,1,1,20,34,0.135,4.0,6.0,131.2,4,107.8,40,95.39,14,0.667,133.8,5,27.1,64,47,74,40,13,106.7,34,0.313,50,95.39,106.7,0.242,0.114,16.7,27.1,9,95.85,12,29,3,8.3,28,79.49,28,0.063,0.176,50,7,2.0,133.8,64,0.117,35,4,13,46,0.771,5,8.3,45,23.4,6,0.0,0.0,0.0,0.6,0.0,5.0,1.0,0.0,0.0,0.0,0.0,0.0,3.0,0.0,0.0,0.0,0.0,0.0,1.0,1.0,0.0,0.0,0.0,0.0,0.0,1.0,0.0,0.0,0.0,0.0,0.0,0.0,0.0,,3.0,5.0,0.0,,MIN,,0.6,0.0,0.0,1.0,0.0,1.0,0.0,0.0,0.0,0.0,0.0,0.0,2024,20240420,38.0,0.053,21.0,0.0,4.0,2.0,0.053,0.0,2.0,0.0,0.0,0.0,1.0,1.0,0.0,0.0,0.0,0.0,0.0,0.0,1.0,0.0,0.0,0.0,0.0,0.0,50.0,1.0,27.0,2.0,14.0,10.0,0.7,0.32,1.0,1.51,3.0,1.3,0.28,0.593,3.0,4.2,0.5,15.0,0.313,4.0,0.2,0.667,5.7,6.6,5.0,0.833,3.0,11.0,2.0,0.4,1.0,15.0,3.0,0.696,0.429,8.0,27.0,,,,,,,,,,,,,,,4.0,0.667,0.5,0.667,4.0,0.5,0.0,,2.0,0.0,0.5,0.0,2.0,0.333,0.0,2.0,2.0,1.0,2.0,0.0,1.0,,1.0,2.0,0.0,0.333,,,,,,,,,,,,,,0.667,0.0,0.5,0.0,3.0,0.6,2.0,7.0,0.0,-0.211,7.0,0.64,0.429,3.0,C,0.438,0.0,,,,0.0,,,,PHX,MIN,1610612756,MIN_PHX_2024,42300161,1.0,7.0,16.0,0.438,0.511,-0.073,0.25,1.0,4.0,0.25,0.377,-0.127,0.75,6.0,12.0,0.5,0.562,-0.062,0.438,3.0,7.0,0.429,0.64,-0.211,0.438,3.0,7.0,0.429,0.61,-0.181,0.5,4.0,8.0,0.5,0.435,0.065,6.0,5.0,1.0,5.0,0.0,10.0,24.0,0.0,2.0,2.0,0.0,1.0,4.0,2.0,6.0,6.0,3.0,0.667,0.333,1.0,0.5,50.0,3.0,1.0,2.0,0.5,0.0,0.0,0.0,3.0,1.0,0.0,0.0,0.0,0.0,1.0,0.333,0.0,0.0,37.48,15139.0,2.87,1.51,1.36,4.26,4.38,4.14,2023_24,97,1,1,1.0,2,,,,1.0,15139.0,2.9,1.5,1.4,4.26,4.38,4.14
203914,Gary Harris,Gary,1610612753,ORL,29.0,1,0,1,0.0,33.11333333333334,0,6,0.0,0,5,0.0,0,0,0.0,1,1,2,0,0,3,0,0,2,0,0,-12,11.4,0,0,8.0,1,41,41,41,26,63,45,63,42,23,42,42,42,42,23,58,49,54,44,3,27,1,31,54,66,66,52,9,1,56,31,-0.036,0.0,6.0,83.2,66,101.0,17,99.3,58,0.0,85.3,67,-16.2,73,54,68,17,57,101.4,31,0.037,1,99.3,101.4,0.028,0.077,0.0,-16.2,37,100.72,63,63,68,0.0,54,82.75,69,0.0,0.023,1,66,0.0,85.3,74,0.077,32,38,57,11,0.0,67,0.0,45,-17.8,66,0.0,0.0,0.0,0.0,0.0,0.0,0.0,1.0,0.0,5.0,0.0,0.0,0.0,0.0,0.0,0.0,0.0,0.0,0.0,0.0,0.0,0.0,0.0,0.0,,0.0,0.0,1.0,0.0,0.0,0.0,,0.0,0.0,0.0,0.0,0.0,0.0,ORL,0.0,0.0,0.0,0.0,0.0,5.0,0.0,0.0,,0.0,0.0,0.0,0.0,2024,20240420,15.0,0.0,11.0,0.0,0.0,2.0,0.0,0.0,0.0,0.0,0.0,0.0,0.0,0.0,0.0,0.0,0.0,0.0,0.0,0.0,0.0,0.0,0.0,0.0,0.0,0.0,22.0,0.0,12.0,1.0,0.0,1.0,0.0,1.18,0.0,1.68,0.0,0.6,0.0,0.667,0.0,11.9,0.0,1.0,0.0,1.0,0.0,0.5,17.0,22.1,0.0,1.0,1.0,2.0,0.0,1.0,0.0,2.0,1.0,1.0,1.0,1.0,3.0,,,,,,,,,,,,,,,1.0,0.167,,0.0,0.0,0.0,1.0,0.0,0.0,0.0,0.0,0.167,0.0,0.5,2.0,3.0,0.0,0.0,1.0,0.333,0.0,0.0,0.0,0.0,0.0,0.167,0.0,0.0,2.0,0.0,0.0,0.0,0.0,0.333,0.0,0.333,0.0,2.0,,0.0,0.0,0.0,0.0,0.0,0.0,0.0,0.0,0.0,0.348,4.0,0.652,1.0,4.0,G,0.364,5.0,0.0,0.0,5.0,0.0,0.0,,,CLE,ORL,1610612739,ORL_CLE_2024,42300131,1.0,7.0,11.0,0.636,0.491,0.146,0.364,1.0,4.0,0.25,0.362,-0.112,0.636,6.0,7.0,0.857,0.558,0.299,0.364,4.0,4.0,1.0,0.652,0.348,0.455,5.0,5.0,1.0,0.596,0.404,0.545,2.0,6.0,0.333,0.375,-0.041,0.0,0.0,0.0,7.0,0.0,0.0,0.0,1.0,0.0,1.0,1.0,0.0,0.0,1.0,1.0,1.0,0.0,0.0,1.0,1.0,0.0,22.0,0.0,0.0,0.0,0.0,0.0,0.0,0.0,0.0,0.0,0.0,0.0,0.0,0.0,0.0,0.0,0.0,0.0,33.12,13032.0,2.47,1.12,1.35,4.24,4.14,4.34,2023_24,96,0,1,0.0,0,0.0,0.0,,0.0,13032.0,2.5,1.1,1.4,4.24,4.14,4.34
203915,Spencer Dinwiddie,Spencer,1610612747,LAL,31.0,1,0,1,0.0,13.116666666666667,0,0,0.0,0,0,0.0,0,0,0.0,0,2,2,1,0,0,0,0,1,0,0,-12,3.9,0,0,3.0,1,41,41,41,58,63,76,63,42,61,42,42,42,42,42,41,49,38,44,39,27,1,15,54,66,66,65,9,1,66,53,0.036,0.0,0.0,78.0,34,117.2,11,104.29,71,0.0,78.6,69,-38.7,77,31,28,11,70,117.2,53,0.133,1,104.29,117.2,0.069,0.0,100.0,-38.7,37,104.66,63,63,43,0.0,1,86.91,54,0.125,0.0,1,66,0.0,78.6,77,0.0,50,42,70,1,0.0,69,0.0,76,-39.2,69,0.0,0.0,0.0,0.0,0.0,0.0,0.0,0.0,0.0,0.0,0.0,0.0,0.0,0.0,0.0,0.0,0.0,0.0,0.0,0.0,0.0,0.0,0.0,0.0,0.0,0.0,0.0,0.0,0.0,0.0,0.0,0.0,0.0,,0.0,0.0,0.0,,LAL,,0.0,0.0,0.0,0.0,0.0,0.0,0.0,0.0,0.0,0.0,0.0,0.0,2024,20240420,14.0,0.071,11.0,1.0,4.0,4.0,0.143,0.0,2.0,0.0,0.0,0.0,1.0,1.0,0.0,0.0,0.0,0.0,0.0,0.0,1.0,0.0,0.0,0.0,0.0,0.0,15.0,0.0,3.0,0.0,0.0,0.0,0.0,2.33,0.0,3.25,0.0,0.8,0.0,0.667,0.0,0.0,0.0,1.0,0.0,1.0,0.0,0.667,8.8,8.8,0.0,1.0,1.0,2.0,0.0,0.0,0.0,3.0,0.0,1.0,0.0,2.0,3.0,,,,,,,,,,,,,,,,,,,,,,,,,,,,,,,,,,,,,,,,,,,,,,,,,,,,,,0.0,0.0,0.0,0.0,0.0,0.0,0.0,0.0,0.0,-0.69,1.0,0.69,0.0,0.0,G,0.25,0.0,,,,0.0,,,,DEN,LAL,1610612743,LAL_DEN_2024,42300151,1.0,1.0,4.0,0.25,0.464,-0.214,0.25,1.0,1.0,1.0,0.364,0.636,0.75,0.0,3.0,0.0,0.519,-0.519,0.25,0.0,1.0,0.0,0.69,-0.69,0.5,0.0,2.0,0.0,0.588,-0.588,0.5,1.0,2.0,0.5,0.368,0.132,2.0,2.0,0.0,0.0,0.0,0.0,0.0,0.0,0.0,0.0,0.0,0.0,0.0,1.0,1.0,1.0,1.0,0.0,1.0,1.0,1.0,15.0,0.0,0.0,0.0,0.0,0.0,0.0,0.0,0.0,0.0,0.0,0.0,0.0,0.0,0.0,0.0,0.0,0.0,13.12,5129.0,0.97,0.5,0.47,4.31,4.44,4.19,2023_24,94,0,0,,0,,,,,5129.0,1.0,0.5,0.5,4.31,4.44,4.19
203932,Aaron Gordon,Aaron,1610612743,DEN,28.0,1,1,0,1.0,32.085,5,11,0.455,0,3,0.0,2,2,1.0,6,5,11,7,1,0,0,0,2,2,12,20,34.7,1,0,30.0,1,1,1,1,30,21,23,36,42,36,42,21,26,1,2,16,7,4,23,39,27,1,31,26,30,5,20,1,1,23,23,0.135,5.0,11.0,124.0,23,97.4,62,92.75,12,0.455,125.8,16,32.3,36,14,62,62,11,93.5,23,0.179,43,92.75,93.5,0.177,0.178,35.0,32.3,1,91.56,45,21,6,5.0,5,77.29,27,0.25,0.176,42,43,7.0,125.8,38,0.179,25,4,11,73,0.505,16,5.0,23,26.6,19,0.0,0.0,0.0,0.625,2.0,8.0,0.0,0.0,0.0,1.0,0.0,0.0,5.0,0.0,0.0,0.0,0.0,0.0,0.0,0.0,0.0,0.0,0.0,2.0,0.0,0.0,0.0,0.0,0.0,0.0,0.0,0.0,0.0,0.0,5.0,8.0,2.0,0.0,DEN,0.0,0.625,0.0,0.0,0.0,1.0,0.0,0.0,0.0,0.0,0.0,0.0,0.0,2024,20240420,29.0,0.241,31.0,0.0,18.0,8.0,0.241,0.0,7.0,0.0,0.0,0.0,1.0,0.0,0.0,0.0,0.0,0.0,1.0,1.0,0.0,1.0,0.0,2.0,0.0,2.0,44.0,0.0,29.0,0.0,12.0,9.0,0.889,2.68,0.0,3.51,1.0,2.6,0.273,0.733,3.0,3.2,0.5,9.0,0.273,0.0,0.0,0.714,6.0,9.4,3.0,0.714,0.0,8.0,0.0,0.667,0.0,7.0,3.0,0.733,0.667,5.0,15.0,,,,,,,,,,,,,,,3.0,0.273,0.667,0.273,3.0,0.667,0.0,,2.0,0.0,0.667,0.0,2.0,0.364,0.0,4.0,2.0,0.5,4.0,0.0,0.5,,0.5,2.0,0.0,0.364,1.0,0.25,3.0,0.25,1.0,0.0,0.091,0.273,1.0,0.364,0.0,4.0,1.0,0.455,0.0,0.0,0.0,0.0,0.6,0.0,8.0,0.0,-0.023,3.0,0.69,0.667,2.0,F,0.3,3.0,0.0,0.0,3.0,0.0,0.0,,,LAL,DEN,1610612747,DEN_LAL_2024,42300151,1.0,4.0,10.0,0.4,0.499,-0.099,0.6,2.0,6.0,0.333,0.399,-0.065,0.4,2.0,4.0,0.5,0.565,-0.065,0.3,2.0,3.0,0.667,0.69,-0.023,0.3,2.0,3.0,0.667,0.654,0.013,0.7,2.0,7.0,0.286,0.399,-0.113,2.0,1.0,1.0,1.0,0.0,1.0,3.0,0.0,1.0,1.0,0.0,1.0,1.0,0.0,1.0,1.0,1.0,1.0,0.0,1.0,1.0,44.0,1.0,0.0,1.0,0.0,0.0,0.0,0.0,0.0,0.0,0.0,0.0,0.0,0.0,0.0,0.0,0.0,0.0,32.08,11602.0,2.2,1.21,0.99,3.89,3.94,3.84,2023_24,94,0,0,,0,0.0,0.0,,,11602.0,2.2,1.2,1.0,3.89,3.94,3.84
203933,T.J. Warren,T.J.,1610612750,MIN,30.0,1,1,0,1.0,3.333333333333333,0,0,0.0,0,0,0.0,0,0,0.0,0,0,0,0,0,0,0,0,0,0,0,5,0.0,0,0,0.0,1,1,1,1,77,63,76,63,42,61,42,42,42,42,42,69,73,54,44,39,27,1,1,54,66,24,78,9,1,78,1,0.0,0.0,0.0,128.6,69,57.1,2,108.0,2,0.0,112.5,31,55.4,77,54,8,2,4,57.1,1,0.0,1,108.0,57.1,0.0,0.0,0.0,55.4,37,100.8,63,63,73,0.0,54,90.0,60,0.0,0.0,1,66,0.0,112.5,77,0.0,1,42,4,8,0.0,31,0.0,76,71.4,10,,,0.0,0.0,,0.0,0.0,0.0,0.0,0.0,0.0,,0.0,,,,,,0.0,0.0,0.0,,,,,0.0,,0.0,,,0.0,,0.0,,0.0,0.0,,,MIN,,0.0,0.0,,0.0,0.0,0.0,,,,,,0.0,2024,20240420,0.0,0.0,0.0,,0.0,0.0,0.0,0.0,0.0,0.0,0.0,0.0,0.0,0.0,0.0,0.0,0.0,0.0,0.0,0.0,0.0,0.0,0.0,0.0,0.0,0.0,0.0,0.0,0.0,0.0,0.0,0.0,0.0,0.0,0.0,0.0,0.0,0.0,0.0,,,,,,,,,,,,,,,,,,,,,,,,,,,,,,,,,,,,,,,,,,,,,,,,,,,,,,,,,,,,,,,,,,,,,,,,,,,,,,0.0,0.0,0.0,0.0,0.0,0.0,0.0,0.0,0.0,,,,,,,,0.0,,,,0.0,,,,PHX,MIN,1610612756,MIN_PHX_2024,42300161,,,,,,,,,,,,,,,,,,,,,,,,,,,,,,,,,,,,,,,,,,,,,,,,,,,,,,,,,,0.0,0.0,0.0,0.0,0.0,0.0,0.0,0.0,0.0,0.0,0.0,0.0,0.0,0.0,0.0,0.0,0.0,0.0,3.33,1261.0,0.24,0.14,0.1,3.33,2.56,4.77,2023_24,97,0,0,,0,,,,,1261.0,0.2,0.1,0.1,3.33,2.56,4.77
203937,Kyle Anderson,Kyle,1610612750,MIN,30.0,1,1,0,1.0,4.883333333333334,1,2,0.5,0,0,0.0,0,0,0.0,0,0,0,0,0,0,0,0,2,0,2,2,2.0,0,0,2.0,1,1,1,1,69,50,62,27,42,61,42,42,42,42,42,69,73,54,44,39,27,1,31,54,59,30,72,9,1,71,56,-0.042,1.0,2.0,141.7,69,114.9,25,98.29,11,0.5,140.0,3,20.0,42,54,10,25,18,120.0,56,0.0,1,98.29,120.0,0.0,0.167,0.0,20.0,37,99.87,35,50,73,0.0,54,81.91,72,0.0,0.0,1,44,0.0,140.0,34,0.184,46,42,18,19,0.5,3,0.0,62,26.8,1,,0.0,0.0,0.0,0.0,0.0,2.0,0.0,0.0,0.0,0.0,0.0,0.0,,,,0.0,,0.5,1.0,0.0,,0.0,0.0,,0.0,0.0,,0.0,,,,0.0,,0.0,0.0,0.0,,MIN,,0.0,,,1.0,0.0,0.0,1.0,,1.0,,1.0,0.0,2024,20240420,5.0,0.0,6.0,0.0,0.0,0.0,0.0,0.0,0.0,0.0,0.0,0.0,1.0,0.0,0.0,0.0,0.0,0.0,0.0,0.0,0.0,1.0,0.0,0.0,0.0,0.0,7.0,0.0,6.0,0.0,2.0,0.0,0.0,0.71,0.0,1.53,0.0,0.2,0.286,,,,,,,,,,,,,,,,,,,,,,,,,,,,,,,,,,,,,,,,,,,,,,,,,,,,1.0,0.0,2.0,1.0,0.5,2.0,0.0,0.5,,0.5,1.0,0.0,1.0,,,,,,,,,,,,,,0.5,0.0,0.0,0.0,0.0,0.0,0.0,0.0,0.0,0.366,1.0,0.634,1.0,1.0,F-G,0.5,0.0,,,,0.0,,,,PHX,MIN,1610612756,MIN_PHX_2024,42300161,1.0,2.0,2.0,1.0,0.516,0.484,,,,,,,1.0,2.0,2.0,1.0,0.556,0.444,0.5,1.0,1.0,1.0,0.634,0.366,0.5,1.0,1.0,1.0,0.61,0.39,,,,,,,1.0,1.0,0.0,0.0,0.0,0.0,0.0,0.0,0.0,0.0,0.0,0.0,0.0,0.0,0.0,0.0,0.0,0.0,0.0,0.0,0.0,7.0,0.0,0.0,0.0,0.0,0.0,0.0,0.0,0.0,0.0,0.0,0.0,0.0,0.0,0.0,0.0,0.0,0.0,4.88,2002.0,0.38,0.21,0.17,4.41,4.42,4.39,2023_24,97,1,2,0.5,2,,,,0.5,2002.0,0.4,0.2,0.2,4.41,4.42,4.39
203954,Joel Embiid,Joel,1610612755,PHI,30.0,1,0,1,0.0,36.53833333333333,8,22,0.364,2,8,0.25,11,12,0.917,3,5,8,6,2,2,0,2,3,10,29,14,51.6,0,0,49.0,1,41,41,41,21,10,7,45,14,6,35,1,1,21,7,16,12,8,10,8,27,72,51,1,7,10,4,9,1,4,59,0.154,8.0,22.0,139.8,36,117.5,74,88.67,17,0.409,143.3,1,22.7,1,14,67,74,16,120.6,59,0.125,45,88.67,120.6,0.116,0.387,17.1,22.7,6,90.96,48,10,23,5.7,27,73.89,18,0.25,0.103,45,40,3.0,143.3,1,0.392,51,11,16,77,0.532,1,5.7,7,22.3,4,0.0,0.0,1.0,0.667,0.0,6.0,3.0,5.0,2.0,8.0,0.2,0.0,4.0,0.0,0.0,0.0,0.0,0.0,0.333,1.0,0.25,0.0,0.0,0.0,0.0,1.0,0.0,3.0,0.0,0.0,0.0,0.0,0.25,0.0,5.0,7.0,0.0,0.0,PHI,0.0,0.714,0.0,0.0,1.0,8.0,1.0,3.0,0.0,0.0,0.0,0.0,2.0,2024,20240420,41.0,0.146,59.0,2.0,20.0,9.0,0.244,2.0,10.0,0.0,2.0,3.0,4.0,0.25,0.0,0.0,0.75,0.5,1.0,1.0,1.0,1.0,4.0,5.0,0.0,1.25,72.0,0.769,55.0,1.0,29.0,4.0,1.0,1.85,2.0,3.01,13.0,3.6,0.403,0.364,2.0,3.0,0.667,6.0,0.625,0.0,0.6,0.294,3.2,3.4,5.0,0.294,0.0,3.0,3.0,0.5,0.0,17.0,1.0,0.364,0.5,2.0,22.0,,,,,,,,,,,,,,,10.0,0.455,0.4,0.455,10.0,0.4,0.0,,4.0,0.0,0.4,0.0,4.0,0.409,5.0,9.0,2.0,0.556,4.0,0.227,0.444,0.4,0.5,4.0,2.0,0.182,0.0,0.0,3.0,0.0,0.0,0.0,0.0,0.136,0.0,0.136,0.0,3.0,,0.409,0.333,0.5,0.0,10.0,0.5,2.0,4.0,6.0,0.082,6.0,0.584,0.667,4.0,C-F,0.333,4.0,2.0,0.75,4.0,2.0,0.5,,,NYK,PHI,1610612752,PHI_NYK_2024,42300111,1.0,7.0,18.0,0.389,0.503,-0.114,0.278,2.0,5.0,0.4,0.378,0.022,0.722,5.0,13.0,0.385,0.559,-0.174,0.333,4.0,6.0,0.667,0.584,0.082,0.444,5.0,8.0,0.625,0.574,0.051,0.333,2.0,6.0,0.333,0.388,-0.054,8.0,7.0,1.0,3.0,0.0,7.0,17.0,1.0,1.0,2.0,0.5,0.5,1.0,4.0,5.0,5.0,4.0,0.2,0.8,1.0,0.8,72.0,13.0,4.0,8.0,0.5,0.0,0.0,0.0,10.0,0.769,4.0,0.308,1.0,0.077,0.0,0.0,0.0,0.0,36.53,10961.0,2.08,1.02,1.06,3.19,3.26,3.13,2023_24,89,1,7,0.143,2,0.0,2.0,0.0,0.143,10961.0,2.1,1.0,1.1,3.19,3.26,3.13
203994,Jusuf Nurkic,Jusuf,1610612756,PHX,29.0,1,0,1,0.0,26.626666666666665,4,6,0.667,0,1,0.0,1,3,0.333,0,4,4,1,2,2,3,0,4,3,9,-1,28.3,0,0,24.0,1,41,41,41,39,29,45,5,42,53,42,36,23,41,42,20,29,38,10,8,3,1,70,18,38,40,29,9,1,31,40,0.073,4.0,6.0,112.1,29,108.7,51,93.74,35,0.667,113.7,28,2.4,41,48,51,51,35,111.3,40,0.16,68,93.74,111.3,0.085,0.17,10.0,2.4,32,95.54,12,29,30,19.4,45,78.12,41,0.053,0.0,68,29,0.5,113.7,40,0.177,38,42,35,50,0.615,28,20.0,45,3.4,31,0.0,0.0,0.0,0.8,0.0,5.0,0.0,0.0,0.0,1.0,0.0,0.0,4.0,0.0,0.0,0.0,0.0,0.0,0.0,0.0,0.0,0.0,0.0,0.0,0.0,0.0,0.0,0.0,0.0,0.0,0.0,0.0,0.0,0.0,4.0,5.0,1.0,0.0,PHX,0.0,0.8,0.0,0.0,0.0,0.0,0.0,0.0,0.0,0.0,0.0,0.0,0.0,2024,20240420,33.0,0.03,27.0,0.0,2.0,4.0,0.03,0.0,1.0,0.0,0.0,0.0,0.0,0.0,0.0,0.0,0.0,0.0,0.0,0.0,0.0,0.0,0.0,0.0,0.0,0.0,42.0,0.0,24.0,2.0,9.0,5.0,1.6,0.64,0.0,2.0,0.0,1.4,0.214,0.333,0.0,0.0,0.0,3.0,0.0,2.0,0.0,0.444,5.3,5.3,0.0,0.571,2.0,4.0,0.0,0.0,0.0,9.0,0.0,0.4,0.0,4.0,12.0,0.5,1.0,0.0,0.0,3.0,1.0,3.0,,0.0,3.0,1.0,3.0,0.5,1.0,2.0,0.333,0.5,0.333,2.0,0.5,0.0,,1.0,0.0,0.5,0.0,1.0,,,,,,,,,,,,,,0.0,0.0,1.0,0.0,0.0,0.0,0.0,0.167,0.0,0.167,0.0,1.0,,0.667,0.0,0.0,0.0,0.0,1.0,0.0,8.0,0.0,-0.043,8.0,0.668,0.625,5.0,C,0.444,1.0,0.0,0.0,1.0,0.0,0.0,,,MIN,PHX,1610612750,PHX_MIN_2024,42300161,1.0,8.0,18.0,0.444,0.517,-0.073,0.333,2.0,6.0,0.333,0.385,-0.051,0.667,6.0,12.0,0.5,0.581,-0.081,0.444,5.0,8.0,0.625,0.668,-0.043,0.556,5.0,10.0,0.5,0.63,-0.13,0.333,2.0,6.0,0.333,0.385,-0.051,7.0,6.0,1.0,2.0,0.0,5.0,10.0,0.0,0.0,0.0,0.0,0.0,1.0,1.0,2.0,2.0,1.0,0.5,0.5,1.0,0.5,42.0,0.0,0.0,0.0,0.0,0.0,0.0,0.0,0.0,0.0,0.0,0.0,0.0,0.0,0.0,0.0,0.0,0.0,26.63,9899.0,1.87,0.97,0.91,4.0,4.34,3.67,2023_24,96,0,0,,0,0.0,0.0,,,9899.0,1.9,1.0,0.9,4.0,4.34,3.67
203999,Nikola Jokic,Nikola,1610612743,DEN,29.0,1,1,0,1.0,39.38333333333333,15,23,0.652,1,3,0.333,1,2,0.5,3,9,12,7,0,2,0,2,3,5,32,14,62.9,1,0,56.0,1,1,1,1,8,1,5,8,26,36,24,36,26,33,7,4,5,4,44,8,27,72,51,7,3,10,2,1,1,2,36,0.219,15.0,23.0,121.6,5,108.8,43,94.46,25,0.674,124.4,19,16.6,16,13,78,43,20,107.8,36,0.273,1,94.46,107.8,0.154,0.253,22.6,16.6,37,95.09,11,1,13,0.0,17,78.71,6,0.269,0.067,1,19,0.0,124.4,18,0.257,39,18,20,55,0.67,19,0.0,5,12.8,22,0.0,0.0,0.0,0.857,0.0,7.0,12.0,1.0,1.0,2.0,0.0,0.0,6.0,0.0,1.0,0.0,0.0,0.0,0.667,8.0,0.5,0.0,0.0,0.0,0.0,1.0,0.0,0.0,0.0,0.0,0.0,0.0,0.5,0.0,7.0,8.0,1.0,0.0,DEN,0.0,0.875,0.0,0.0,2.0,2.0,0.5,9.0,0.0,0.667,1.0,6.0,1.0,2024,20240420,65.0,0.108,68.0,0.0,17.0,12.0,0.123,1.0,8.0,0.0,0.0,0.0,4.0,0.0,0.0,0.0,0.0,0.0,0.75,3.0,0.0,4.0,0.0,6.0,0.0,1.5,95.0,0.4,56.0,11.0,32.0,7.0,1.0,1.54,0.909,2.65,10.0,4.2,0.337,0.522,2.0,5.2,0.667,6.0,0.25,3.0,0.111,0.529,4.6,4.4,3.0,0.6,2.0,9.0,1.0,0.5,1.0,17.0,1.0,0.6,0.6,8.0,23.0,0.087,0.0,0.0,0.0,0.0,0.0,2.0,,0.0,0.0,1.0,2.0,0.087,0.0,15.0,0.652,0.8,0.652,15.0,0.8,0.0,,12.0,0.0,0.8,0.0,12.0,0.13,0.0,3.0,2.0,0.667,3.0,0.0,0.667,,0.667,2.0,0.0,0.13,0.0,0.333,3.0,0.5,0.0,1.0,0.0,0.13,1.0,0.13,0.333,3.0,,0.674,0.5,0.4,0.833,4.0,0.6,10.0,7.0,5.0,-0.16,6.0,0.66,0.5,3.0,C,0.3,4.0,1.0,0.625,2.0,2.0,0.5,,,LAL,DEN,1610612747,DEN_LAL_2024,42300151,1.0,11.0,20.0,0.55,0.527,0.024,0.15,0.0,3.0,0.0,0.264,-0.264,0.85,11.0,17.0,0.647,0.567,0.08,0.3,3.0,6.0,0.5,0.66,-0.16,0.6,7.0,12.0,0.583,0.633,-0.05,0.3,3.0,6.0,0.5,0.365,0.135,3.0,3.0,0.0,6.0,0.0,4.0,10.0,0.0,0.0,0.0,0.0,0.0,2.0,1.0,3.0,3.0,2.0,0.667,0.333,1.0,0.667,95.0,10.0,2.0,5.0,0.4,0.0,0.0,0.0,4.0,0.4,4.0,0.4,0.0,0.0,0.0,0.0,0.0,0.0,39.38,14108.0,2.67,1.58,1.1,3.88,4.29,3.41,2023_24,94,1,2,0.5,2,0.0,1.0,0.0,0.5,14108.0,2.7,1.6,1.1,3.88,4.29,3.41
204060,Joe Ingles,Joe,1610612753,ORL,36.0,1,0,1,0.0,14.65,0,2,0.0,0,1,0.0,1,2,0.5,1,3,4,2,0,1,0,0,2,1,1,2,11.8,0,0,9.0,1,41,41,41,55,63,62,63,42,53,42,36,26,33,23,26,29,24,44,15,27,1,31,42,65,30,50,9,1,54,14,0.076,0.0,2.0,85.7,24,84.7,41,95.02,38,0.0,93.1,57,6.9,76,21,29,41,34,86.2,14,0.176,1,95.02,86.2,0.108,0.056,50.0,6.9,37,100.0,63,63,26,0.0,2,79.18,40,0.2,0.05,1,64,0.0,93.1,72,0.081,17,27,34,17,0.174,57,0.0,62,1.0,65,0.0,0.0,0.0,0.0,0.0,1.0,0.0,0.0,0.0,1.0,0.0,0.0,0.0,0.0,0.0,0.0,0.0,0.0,0.0,0.0,0.0,0.0,0.0,0.0,,0.0,0.0,0.0,0.0,0.0,0.0,,0.0,0.0,0.0,1.0,0.0,0.0,ORL,0.0,0.0,0.0,0.0,0.0,1.0,0.0,0.0,,0.0,0.0,0.0,0.0,2024,20240420,20.0,0.1,15.0,0.0,4.0,3.0,0.1,0.0,2.0,0.0,0.0,0.0,2.0,0.5,0.0,0.0,0.0,0.0,0.0,0.0,1.0,1.0,0.0,0.0,0.0,0.0,24.0,0.0,15.0,1.0,1.0,1.0,0.0,1.21,0.0,2.35,0.0,0.9,0.042,0.8,0.0,6.8,0.0,1.0,0.0,1.0,0.0,0.6,10.9,12.3,0.0,0.75,1.0,4.0,0.0,1.0,0.0,5.0,1.0,1.0,1.0,3.0,5.0,,,,,,,,,,,,,,,1.0,0.5,0.0,0.5,1.0,0.0,0.0,,0.0,0.0,0.0,0.0,0.0,,,,,,,,,,,,,,0.0,0.0,1.0,0.0,0.0,0.0,0.0,0.5,0.0,0.5,0.0,1.0,,0.0,0.0,0.0,0.0,0.0,0.0,0.0,0.0,0.0,0.407,1.0,0.593,1.0,1.0,F-G,1.0,1.0,0.0,0.0,1.0,0.0,0.0,,,CLE,ORL,1610612739,ORL_CLE_2024,42300131,1.0,1.0,1.0,1.0,0.473,0.527,,,,,,,1.0,1.0,1.0,1.0,0.557,0.443,1.0,1.0,1.0,1.0,0.593,0.407,1.0,1.0,1.0,1.0,0.554,0.446,,,,,,,0.0,0.0,0.0,2.0,0.0,0.0,0.0,0.0,1.0,1.0,0.0,1.0,1.0,0.0,1.0,1.0,1.0,1.0,0.0,1.0,1.0,24.0,0.0,0.0,0.0,0.0,0.0,0.0,0.0,0.0,0.0,0.0,0.0,0.0,0.0,0.0,0.0,0.0,0.0,14.65,5628.0,1.07,0.56,0.51,4.22,4.49,3.94,2023_24,96,0,0,,0,0.0,0.0,,,5628.0,1.1,0.6,0.5,4.22,4.49,3.94
1626156,D'Angelo Russell,D'Angelo,1610612747,LAL,28.0,1,0,1,0.0,41.083333333333336,6,20,0.3,1,9,0.111,0,0,0.0,0,3,3,3,1,2,0,1,3,1,13,2,26.1,0,0,24.0,1,41,41,41,6,16,9,53,26,2,41,42,42,42,42,26,39,18,23,8,27,50,51,42,26,30,31,9,1,31,50,0.017,6.0,20.0,118.1,59,111.4,60,92.88,34,0.325,115.0,27,1.1,20,34,80,60,36,113.9,50,0.06,40,92.88,113.9,0.036,0.244,12.5,1.1,6,92.7,56,16,64,4.2,40,77.4,58,0.107,0.0,40,59,3.0,115.0,20,0.25,42,42,36,66,0.325,27,4.2,9,6.6,26,0.0,0.0,1.0,0.5,0.0,2.0,7.0,2.0,1.0,9.0,0.5,0.0,1.0,0.0,0.0,0.0,0.0,0.0,0.429,3.0,0.111,0.0,0.0,0.0,0.0,1.0,0.0,2.0,0.0,0.0,0.5,0.0,0.125,0.0,2.0,5.0,1.0,0.0,LAL,0.0,0.4,1.0,0.0,1.0,8.0,1.0,3.0,0.0,0.333,0.0,1.0,1.0,2024,20240420,47.0,0.064,53.0,0.0,8.0,6.0,0.085,1.0,4.0,0.0,0.0,0.0,7.0,0.0,0.0,0.0,0.0,0.0,0.286,2.0,0.0,7.0,0.0,4.0,0.0,0.571,71.0,0.0,31.0,2.0,13.0,1.0,0.0,3.44,1.0,3.97,0.0,4.7,0.183,0.6,0.0,0.0,0.0,0.0,0.0,0.0,0.0,0.6,13.0,13.0,0.0,0.6,0.0,3.0,0.0,0.0,0.0,5.0,0.0,0.6,0.0,3.0,5.0,0.0,0.0,0.05,1.0,0.0,,1.0,0.0,0.0,0.0,1.0,0.0,0.05,0.0,8.0,0.4,0.286,0.35,7.0,0.25,1.0,0.0,2.0,0.0,0.25,0.05,2.0,0.4,4.0,8.0,3.0,0.375,4.0,0.2,0.375,0.0,0.75,3.0,0.0,0.2,0.0,0.333,3.0,0.5,0.0,1.0,0.0,0.15,1.0,0.15,0.333,3.0,,0.325,0.0,0.0,0.5,0.0,0.0,2.0,0.0,0.0,0.374,2.0,0.626,1.0,2.0,G,0.182,6.0,0.0,0.0,6.0,0.0,0.0,,,DEN,LAL,1610612743,LAL_DEN_2024,42300151,1.0,3.0,11.0,0.273,0.467,-0.195,0.636,1.0,7.0,0.143,0.391,-0.248,0.364,2.0,4.0,0.5,0.566,-0.066,0.182,2.0,2.0,1.0,0.624,0.377,0.182,2.0,2.0,1.0,0.594,0.407,0.818,1.0,9.0,0.111,0.412,-0.301,5.0,1.0,4.0,3.0,0.0,0.0,0.0,0.0,1.0,1.0,0.0,1.0,0.0,0.0,0.0,0.0,0.0,0.0,0.0,0.0,0.0,71.0,0.0,0.0,0.0,0.0,0.0,0.0,0.0,0.0,0.0,0.0,0.0,0.0,0.0,0.0,0.0,0.0,0.0,41.08,14903.0,2.82,1.45,1.37,3.85,4.07,3.66,2023_24,94,3,7,0.429,7,1.0,3.0,0.333,0.5,14903.0,2.8,1.4,1.4,3.85,4.07,3.66
1626157,Karl-Anthony Towns,Karl-Anthony,1610612750,MIN,28.0,1,1,0,1.0,26.6,5,9,0.556,1,2,0.5,8,8,1.0,1,6,7,4,2,1,0,1,4,4,19,-2,34.4,0,0,33.0,1,1,1,1,40,21,32,18,26,43,6,2,5,1,23,12,14,14,10,15,27,50,70,14,14,41,21,9,1,19,40,0.207,5.0,9.0,103.3,6,108.1,33,96.54,43,0.611,105.6,43,-5.8,26,14,54,33,43,111.3,40,0.25,56,96.54,111.3,0.14,0.219,22.2,-5.8,9,99.03,23,21,17,10.8,18,80.45,8,0.25,0.038,56,8,2.0,105.6,24,0.23,37,30,43,35,0.759,43,11.1,32,-4.7,45,0.0,0.0,0.0,0.75,0.0,4.0,3.0,0.0,1.0,2.0,0.0,0.0,3.0,0.0,0.0,0.0,0.0,0.0,0.333,1.0,0.5,0.0,0.0,0.0,,0.0,0.0,0.0,0.0,0.0,0.0,,1.0,0.0,3.0,4.0,1.0,0.0,MIN,0.0,0.75,0.0,0.0,0.0,1.0,0.0,3.0,,0.333,0.0,1.0,1.0,2024,20240420,26.0,0.154,29.0,0.0,9.0,3.0,0.154,0.0,4.0,0.167,1.0,2.0,6.0,0.0,1.0,0.0,1.0,0.167,0.25,1.0,0.0,4.0,2.0,4.0,0.0,0.667,41.0,1.167,29.0,1.0,19.0,3.0,0.667,0.9,3.0,2.3,6.0,1.6,0.463,0.778,1.0,2.5,1.0,2.0,0.429,1.0,0.333,0.857,3.7,3.9,3.0,1.0,1.0,4.0,2.0,0.5,0.0,7.0,0.0,0.875,0.5,4.0,9.0,,,,,,,,,,,,,,,3.0,0.333,0.333,0.333,3.0,0.333,0.0,,1.0,0.0,0.333,0.0,1.0,0.556,1.0,5.0,3.0,0.9,4.0,0.111,0.8,1.0,0.75,4.0,1.0,0.444,0.0,0.0,1.0,0.0,0.0,0.0,0.0,0.111,0.0,0.111,0.0,1.0,,0.611,0.0,1.0,1.0,7.0,1.0,3.0,2.0,0.0,-0.428,4.0,0.678,0.25,1.0,C-F,0.333,1.0,0.0,0.0,1.0,0.0,0.0,,,PHX,MIN,1610612756,MIN_PHX_2024,42300161,1.0,7.0,12.0,0.583,0.502,0.081,0.25,2.0,3.0,0.667,0.387,0.28,0.75,5.0,9.0,0.556,0.561,-0.005,0.333,1.0,4.0,0.25,0.678,-0.428,0.333,1.0,4.0,0.25,0.642,-0.392,0.5,5.0,6.0,0.833,0.426,0.408,5.0,4.0,1.0,3.0,0.0,1.0,2.0,0.0,0.0,0.0,0.0,0.0,0.0,0.0,0.0,0.0,0.0,0.0,0.0,0.0,0.0,41.0,6.0,2.0,2.0,1.0,2.0,2.0,1.0,7.0,1.167,3.0,0.5,2.0,0.333,0.0,0.0,1.0,0.167,26.6,9897.0,1.87,0.96,0.91,3.93,4.15,3.72,2023_24,97,1,1,1.0,3,1.0,1.0,1.0,1.5,9897.0,1.9,1.0,0.9,3.93,4.15,3.72
1626162,Kelly Oubre Jr.,Kelly,1610612755,PHI,28.0,1,0,1,0.0,38.74333333333333,3,7,0.429,1,2,0.5,3,4,0.75,1,2,3,1,2,5,1,1,3,3,10,6,31.1,0,0,27.0,1,41,41,41,10,37,39,37,26,43,6,18,14,28,23,41,39,38,10,1,11,50,51,18,35,22,25,9,1,29,57,0.058,3.0,7.0,129.1,63,117.8,71,89.2,28,0.5,132.4,8,11.8,50,52,71,71,26,120.5,57,0.047,65,89.2,120.5,0.039,0.139,8.3,11.8,32,91.36,35,37,62,17.0,49,74.34,47,0.034,0.029,64,33,0.5,132.4,51,0.137,52,33,26,74,0.571,8,16.7,39,11.3,8,0.0,1.0,0.0,0.667,2.0,3.0,2.0,0.0,0.0,0.0,0.0,0.5,2.0,0.0,0.0,0.0,1.0,0.0,0.0,0.0,0.0,1.0,1.0,1.0,0.0,0.0,0.5,0.0,1.0,0.0,0.0,0.0,0.0,0.0,2.0,4.0,2.0,0.0,PHI,0.0,0.5,0.0,0.0,0.0,0.0,0.0,1.0,0.0,0.0,0.0,0.0,0.0,2024,20240420,24.0,0.042,21.0,0.0,2.0,1.0,0.083,1.0,2.0,0.0,0.0,0.0,1.0,0.0,0.0,0.0,0.0,0.0,0.0,0.0,0.0,1.0,0.0,0.0,0.0,0.0,36.0,0.0,16.0,0.0,10.0,3.0,0.667,1.69,0.0,2.32,0.0,1.4,0.278,0.25,0.0,2.8,0.0,4.0,0.333,0.0,0.5,0.25,7.8,10.3,1.0,0.25,0.0,2.0,1.0,0.25,0.0,8.0,1.0,0.25,0.25,1.0,12.0,0.143,1.0,0.0,0.0,1.0,1.0,1.0,,0.0,1.0,1.0,1.0,0.143,1.0,4.0,0.571,0.25,0.571,4.0,0.25,0.0,,1.0,0.0,0.25,0.0,1.0,,,,,,,,,,,,,,0.0,0.5,2.0,0.75,0.0,1.0,0.0,0.286,1.0,0.286,0.5,2.0,,0.5,0.5,0.0,0.0,0.0,0.333,0.0,2.0,3.0,0.37,3.0,0.63,1.0,3.0,F-G,0.231,2.0,1.0,0.75,2.0,1.0,0.5,,,NYK,PHI,1610612752,PHI_NYK_2024,42300111,1.0,8.0,13.0,0.615,0.464,0.152,0.538,5.0,7.0,0.714,0.374,0.34,0.462,3.0,6.0,0.5,0.53,-0.03,0.231,3.0,3.0,1.0,0.63,0.37,0.308,3.0,4.0,0.75,0.574,0.176,0.538,5.0,7.0,0.714,0.384,0.33,4.0,2.0,2.0,9.0,1.0,0.0,0.0,0.0,2.0,2.0,0.0,1.0,0.0,1.0,1.0,1.0,0.0,0.0,1.0,1.0,0.0,36.0,0.0,0.0,0.0,0.0,0.0,0.0,0.0,0.0,0.0,0.0,0.0,0.0,0.0,0.0,0.0,0.0,0.0,38.75,14799.0,2.8,1.3,1.5,4.0,4.0,3.99,2023_24,89,0,0,,0,0.0,0.0,,,14799.0,2.8,1.3,1.5,4.0,4.0,3.99
