PLAYER_ID,date,PLAYER_NAME,NICKNAME,TEAM_ID,TEAM_ABBREVIATION,AGE,GP,W,L,W_PCT,MIN,FGM,FGA,FG_PCT,FG3M,FG3A,FG3_PCT,FTM,FTA,FT_PCT,OREB,DREB,REB,AST,TOV,STL,BLK,BLKA,PF,PFD,PTS,PLUS_MINUS,NBA_FANTASY_PTS,DD2,TD3,WNBA_FANTASY_PTS,GP_RANK,W_RANK,L_RANK,W_PCT_RANK,MIN_RANK,FGM_RANK,FGA_RANK,FG_PCT_RANK,FG3M_RANK,FG3A_RANK,FG3_PCT_RANK,FTM_RANK,FTA_RANK,FT_PCT_RANK,OREB_RANK,DREB_RANK,REB_RANK,AST_RANK,TOV_RANK,STL_RANK,BLK_RANK,BLKA_RANK,PF_RANK,PFD_RANK,PTS_RANK,PLUS_MINUS_RANK,NBA_FANTASY_PTS_RANK,DD2_RANK,TD3_RANK,WNBA_FANTASY_PTS_RANK,E_TOV_PCT,sp_work_PACE,E_USG_PCT_RANK,sp_work_DEF_RATING,OFF_RATING,PACE_RANK,AST_TO,FGM_PG,OREB_PCT_RANK,sp_work_NET_RATING,TM_TOV_PCT,AST_RATIO_RANK,USG_PCT_RANK,AST_PCT,sp_work_OFF_RATING_RANK,E_TOV_PCT_RANK,EFG_PCT,NET_RATING,E_PACE_RANK,DEF_RATING_RANK,FGM_PG_RANK,E_NET_RATING,TS_PCT_RANK,sp_work_PACE_RANK,USG_PCT,DREB_PCT_RANK,FGA_PG,TM_TOV_PCT_RANK,E_NET_RATING_RANK,sp_work_OFF_RATING,E_DEF_RATING_RANK,FGA_PG_RANK,TS_PCT,PIE,E_USG_PCT,PACE_PER40,OFF_RATING_RANK,sp_work_NET_RATING_RANK,AST_PCT_RANK,OREB_PCT,NET_RATING_RANK,PACE,E_PACE,POSS,E_OFF_RATING_RANK,sp_work_DEF_RATING_RANK,E_DEF_RATING,DREB_PCT,E_OFF_RATING,EFG_PCT_RANK,AST_RATIO,REB_PCT,DEF_RATING,REB_PCT_RANK,PIE_RANK,AST_TO_RANK,AST_TO_PASS_PCT,FT_AST,PASSES_MADE,POTENTIAL_AST,SECONDARY_AST,AST_PTS_CREATED,AST_ADJ,AST_TO_PASS_PCT_ADJ,PASSES_RECEIVED,DRIVE_FGM,DRIVE_PASSES_PCT,DRIVE_PF,DRIVE_PTS_PCT,DRIVE_TOV,DRIVE_PTS,DRIVE_FG_PCT,DRIVE_FGA,DRIVE_FTM,DRIVE_AST,DRIVE_AST_PCT,DRIVE_FT_PCT,DRIVE_PASSES,DRIVE_FTA,DRIVE_PF_PCT,DRIVE_TOV_PCT,DRIVES,POST_TOUCHES,TIME_OF_POSS,PTS_PER_POST_TOUCH,ELBOW_TOUCHES,FRONT_CT_TOUCHES,TOUCHES,AVG_SEC_PER_TOUCH,AVG_DRIB_PER_TOUCH,PTS_PER_TOUCH,POINTS,PAINT_TOUCHES,PTS_PER_ELBOW_TOUCH,PTS_PER_PAINT_TOUCH,OREB_CONTEST,OREB_CONTEST_PCT,REB_CHANCE_PCT_ADJ,OREB_CHANCE_PCT_ADJ,DREB_CHANCE_PCT,OREB_CHANCES,OREB_CHANCE_DEFER,OREB_UNCONTEST,DREB_CONTEST,DREB_UNCONTEST,AVG_OREB_DIST,AVG_REB_DIST,DREB_CONTEST_PCT,DREB_CHANCES,REB_UNCONTEST,REB_CHANCE_DEFER,OREB_CHANCE_PCT,DREB_CHANCE_PCT_ADJ,REB_CONTEST,DREB_CHANCE_DEFER,REB_CHANCES,REB_CHANCE_PCT,REB_CONTEST_PCT,AVG_DREB_DIST,very_tight_FG3_PCT,very_tight_FG3A,very_tight_FGA,very_tight_FG2A_FREQUENCY,very_tight_FG_PCT,very_tight_FG3M,PLAYER_LAST_TEAM_ABBREVIATION,very_tight_FG3A_FREQUENCY,very_tight_FG2_PCT,PLAYER_LAST_TEAM_ID,G,very_tight_FG2A,very_tight_FGM,very_tight_FGA_FREQUENCY,very_tight_FG2M,very_tight_EFG_PCT,tight_FG2M,tight_FGA_FREQUENCY,tight_FG3M,tight_FG_PCT,tight_FG3A,tight_FG3_PCT,tight_FGA,tight_FG2A_FREQUENCY,tight_FG3A_FREQUENCY,tight_FGM,tight_FG2A,tight_FG2_PCT,tight_EFG_PCT,open_FG2_PCT,open_FG2A_FREQUENCY,open_FGA,open_EFG_PCT,open_FG2M,open_FG3A,open_FG3A_FREQUENCY,open_FGA_FREQUENCY,open_FGM,open_FG3M,open_FG3_PCT,open_FG2A,open_FG_PCT,wide_open_EFG_PCT,wide_open_FG2A,wide_open_FGA_FREQUENCY,wide_open_FGA,wide_open_FG3A_FREQUENCY,wide_open_FG2M,wide_open_FG3M,wide_open_FG2_PCT,wide_open_FG3A,wide_open_FG_PCT,wide_open_FG2A_FREQUENCY,wide_open_FG3_PCT,wide_open_FGM,CATCH_SHOOT_PTS,PAINT_TOUCH_FG_PCT,EFF_FG_PCT,ELBOW_TOUCH_PTS,PAINT_TOUCH_PTS,POST_TOUCH_FG_PCT,POST_TOUCH_PTS,ELBOW_TOUCH_FG_PCT,CATCH_SHOOT_FG_PCT,ABOVE_BREAK_3_FGA,RA_FG_PCT,RA_FGA,ABOVE_BREAK_3_FG_PCT,CORNER_3_FGA,MID_FGM,RIGHT_CORNER_3_FGA,LEFT_CORNER_3_FGM,BACKCOURT_FGM,LEFT_CORNER_3_FGA,MID_FGA,ABOVE_BREAK_3_FGM,CORNER_3_FGM,RA_FGM,BACKCOURT_FGA,LEFT_CORNER_3_FG_PCT,RIGHT_CORNER_3_FG_PCT,CORNER_3_FG_PCT,ITP_FG_PCT,BACKCOURT_FG_PCT,RIGHT_CORNER_3_FGM,ITP_FGA,MID_FG_PCT,ITP_FGM,FGA_LT_06,FGM_LT_06,FREQ,NS_LT_06_PCT,LT_06_PCT,PLUSMINUS,PLAYER_POSITION,FGA_5_9,FGP_10_14,FGP_LT_5,FGM_25_29,FGM_5_9,FGA_LT_5,FGM_20_24,FGP_35_39,FGA_40_PLUS,FGM_40_PLUS,FGA_30_34,TEAM_ABBR,FGA_10_14,FGM_35_39,FGA_25_29,FGP_20_24,FGM_15_19,FGA_35_39,FGA_15_19,FGA_20_24,FGP_15_19,FGP_25_29,FGP_30_34,FGM_LT_5,FGP_5_9,FGM_10_14,FGP_40_PLUS,FGM_30_34,CATCH_SHOOT_FGM,CATCH_SHOOT_EFG_PCT,CATCH_SHOOT_FG3_PCT,CATCH_SHOOT_FG3A,CATCH_SHOOT_FGA,CATCH_SHOOT_FG3M,year,playoffs,NORMAL_FG_PCT,PCT_PLUSMINUS,three_pt_def_FREQ,three_pt_def_FG3M,three_pt_def_FG3_PCT,three_pt_def_FG3A,three_pt_def_NS_FG3_PCT,three_pt_def_PLUSMINUS,two_pt_def_FG2_PCT,two_pt_def_NS_FG2_PCT,two_pt_def_FREQ,two_pt_def_PLUSMINUS,two_pt_def_FG2A,two_pt_def_FG2M,less_6ft_def_FGM_LT_06,less_6ft_def_FREQ,less_6ft_def_FGA_LT_06,less_6ft_def_LT_06_PCT,less_6ft_def_NS_LT_06_PCT,less_6ft_def_PLUSMINUS,less_10ft_def_FGM_LT_10,less_10ft_def_PLUSMINUS,less_10ft_def_FREQ,less_10ft_def_LT_10_PCT,less_10ft_def_FGA_LT_10,less_10ft_def_NS_LT_10_PCT,more_15ft_def_TEAM_ID,more_15ft_def_OREB_CONTEST_PCT,more_15ft_def_OREB_CHANCES,more_15ft_def_OREB,more_15ft_def_OREB_CHANCE_PCT_ADJ,more_15ft_def_DREB_UNCONTEST,more_15ft_def_DREB_CHANCE_PCT_ADJ,more_15ft_def_REB_CONTEST,more_15ft_def_DREB_CONTEST,more_15ft_def_REB,more_15ft_def_OREB_CHANCE_PCT,more_15ft_def_REB_CHANCE_DEFER,more_15ft_def_REB_UNCONTEST,more_15ft_def_DREB_CHANCE_PCT,more_15ft_def_AVG_REB_DIST,more_15ft_def_OREB_CONTEST,more_15ft_def_AVG_DREB_DIST,more_15ft_def_REB_CONTEST_PCT,more_15ft_def_AVG_OREB_DIST,more_15ft_def_REB_CHANCE_PCT,more_15ft_def_DREB_CHANCES,more_15ft_def_REB_CHANCE_PCT_ADJ,more_15ft_def_DREB_CHANCE_DEFER,more_15ft_def_DREB,more_15ft_def_REB_CHANCES,more_15ft_def_DREB_CONTEST_PCT,more_15ft_def_TEAM_ABBREVIATION,more_15ft_def_OREB_CHANCE_DEFER,more_15ft_def_OREB_UNCONTEST,hustle_LOOSE_BALLS_RECOVERED,hustle_PCT_LOOSE_BALLS_RECOVERED_OFF,hustle_DEF_LOOSE_BALLS_RECOVERED,hustle_PCT_BOX_OUTS_REB,hustle_SCREEN_ASSISTS,hustle_TEAM_ID,hustle_DEFLECTIONS,hustle_CONTESTED_SHOTS,hustle_PCT_LOOSE_BALLS_RECOVERED_DEF,hustle_CHARGES_DRAWN,hustle_SCREEN_AST_PTS,hustle_TEAM_ABBREVIATION,hustle_CONTESTED_SHOTS_2PT,hustle_CONTESTED_SHOTS_3PT,hustle_PCT_BOX_OUTS_OFF,hustle_DEF_BOXOUTS,hustle_PCT_BOX_OUTS_DEF,hustle_OFF_BOXOUTS,hustle_OFF_LOOSE_BALLS_RECOVERED,hustle_BOX_OUTS,hustle_PCT_BOX_OUTS_TEAM_REB,hustle_BOX_OUT_PLAYER_REBS,hustle_BOX_OUT_PLAYER_TEAM_REBS,post_touch_POST_TOUCH_FOULS_PCT,post_touch_POST_TOUCH_TOV,post_touch_POST_TOUCH_FGA,post_touch_POST_TOUCH_FT_PCT,post_touch_POST_TOUCHES,post_touch_POST_TOUCH_FTA,post_touch_POST_TOUCH_TOV_PCT,post_touch_TEAM_ABBREVIATION,post_touch_POST_TOUCH_AST,post_touch_POST_TOUCH_AST_PCT,post_touch_POST_TOUCH_PTS_PCT,post_touch_TOUCHES,post_touch_POST_TOUCH_FTM,post_touch_POST_TOUCH_FG_PCT,post_touch_POST_TOUCH_FGM,post_touch_POST_TOUCH_PTS,post_touch_POST_TOUCH_PASSES,post_touch_TEAM_ID,post_touch_POST_TOUCH_FOULS,post_touch_POST_TOUCH_PASSES_PCT,DIST_MILES_OFF,DIST_MILES_DEF,AVG_SPEED,AVG_SPEED_OFF,DIST_MILES,AVG_SPEED_DEF,MIN1,DIST_FEET,team_poss,pullup_PULL_UP_FGM,pullup_PULL_UP_FGA,pullup_PULL_UP_FG_PCT,pullup_PULL_UP_PTS,pullup_PULL_UP_FG3M,pullup_PULL_UP_FG3A,pullup_PULL_UP_FG3_PCT,pullup_PULL_UP_EFG_PCT,overall_def_D_FGM,overall_def_D_FGA,overall_def_D_FG_PCT,overall_def_NORMAL_FG_PCT,overall_def_PCT_PLUSMINUS,lt6ft_totals_FGM_LT_06,lt6ft_totals_FGA_LT_06,lt6ft_totals_LT_06_PCT,lt6ft_totals_NS_LT_06_PCT,lt6ft_totals_PLUSMINUS,hustle_MIN
1631260,20241023,AJ Green,AJ,1610612749,MIL,25.0,1,1,0,1.0,4.071666666666666,0,0,0.0,0,0,0.0,0,0,0.0,0,0,0,1,0,1,0,0,0,0,0,4,4.5,0,0,3.0,1,1,1,1,219,203,222,203,124,184,124,136,143,136,127,197,211,109,142,41,91,1,1,174,209,73,206,16,1,208,0.0,94.31,224,114.3,133.3,229,0.0,0.0,127,19.0,0.0,1,224,0.2,25,1,0.0,19.0,214,122,203,42.2,209,229,0.0,197,0.0,1,25,133.3,58,222,0.0,0.1,0.0,78.59,25,51,60,0.0,51,94.31,96.9,9,23,122,100.0,0.0,142.2,203,100.0,0.0,114.3,211,99,125,0.167,0.0,6.0,2.0,0.0,2.0,1.0,0.167,5.0,0.0,0.0,0.0,0.0,0.0,0.0,0.0,0.0,0.0,0.0,0.0,0.0,0.0,0.0,0.0,0.0,0.0,0.0,0.2,0.0,0.0,5.0,6.0,2.14,1.33,0.0,0.0,0.0,0.0,0.0,,,,,,,,,,,,,,,,,,,,,,,,,,,,,,,,,,,,,,,,,,,,,,,,,,,,,,,,,,,,,,,,,,,,,,,,,,,,,,,,0.0,0.0,0.0,0.0,0.0,0.0,0.0,0.0,0.0,0.0,0.0,0.0,0.0,0.0,0.0,0.0,,,,0.0,0.0,0.0,0.0,,,0.0,0.0,0.0,,0.0,0.0,0.0,0.0,1.0,1.0,0.5,0.531,1.0,0.469,G,0.0,0.0,0.0,0.0,0.0,0.0,0.0,,,,,MIL,0.0,,0.0,0.0,,,,0.0,,0.0,,0.0,0.0,0.0,,,0,,,,0,,2025,False,,,,,,,,,,,,,,,,,,,,,,,,,,,,,,,,,,,,,,,,,,,,,,,,,,,,,,,,0.0,0.0,0.0,0.0,0.0,,1.0,1.0,0.0,0.0,0.0,,1.0,0.0,0.0,0.0,0.0,0.0,0.0,0.0,0.0,0.0,0.0,0.0,0.0,0.0,0.0,0.0,0.0,0.0,,0.0,0.0,0.0,6.0,0.0,0.0,0.0,0.0,0.0,,0.0,0.0,0.2,0.1,3.97,5.05,0.3,2.78,,1579.0,102,0.0,0.0,,0.0,,,,,1.0,2.0,0.5,0.394,0.107,1.0,1.0,1.0,0.587,0.413,4.1
1642358,20241023,AJ Johnson,AJ,1610612749,MIL,19.0,1,1,0,1.0,1.1,0,1,0.0,0,0,0.0,0,0,0.0,0,0,0,0,0,0,0,0,0,0,0,0,0.0,0,0,0.0,1,1,1,1,229,203,204,203,124,184,124,136,143,136,127,197,211,176,142,112,91,1,1,174,209,113,226,16,1,226,0.0,109.09,8,200.0,133.3,54,0.0,0.0,127,-66.7,0.0,176,49,0.0,25,1,0.0,-66.7,231,231,203,-14.5,209,54,0.25,197,1.0,1,157,133.3,231,204,0.0,-0.222,0.347,90.91,25,223,176,0.0,223,109.09,79.42,3,1,231,227.3,0.0,212.8,203,0.0,0.0,200.0,211,227,125,0.0,0.0,2.0,0.0,0.0,0.0,0.0,0.0,3.0,0.0,0.0,0.0,0.0,0.0,0.0,0.0,1.0,0.0,0.0,0.0,0.0,0.0,0.0,0.0,0.0,1.0,0.0,0.4,0.0,0.0,1.0,3.0,7.61,7.67,0.0,0.0,0.0,0.0,0.0,,,,,,,,,,,,,,,,,,,,,,,,,,,,,,,,,,,,,,,,,0.0,1.0,0.0,0.0,0.0,,1.0,1.0,0.0,0.0,1.0,0.0,0.0,,,,,,,,,,,,,,,,,,,,,,,,,,,0.0,0.0,0.0,0.0,0.0,0.0,0.0,0.0,0.0,,0.0,1.0,,,,,,,,,,,0.0,,,,,0.0,,,0.0,,0.0,,,,,,,,0.0,,0.0,,0.0,1.0,,,,,,MIL,,,,,,,,,,,,0.0,0.0,,,,0,,,,0,,2025,False,,,,,,,,,,,,,,,,,,,,,,,,,,,,,,,,,,,,,,,,,,,,,,,,,,,,,,,,,,,,,,,,,,,,,,,,,,,,,,,0.0,0.0,0.0,0.0,0.0,0.0,0.0,,0.0,0.0,0.0,3.0,0.0,0.0,0.0,0.0,0.0,,0.0,0.0,0.1,0.0,4.63,8.12,0.1,0.0,,568.0,102,0.0,0.0,,0.0,,,,,,,,,,,,,,,
1630174,20241023,Aaron Nesmith,Aaron,1610612754,IND,25.0,1,1,0,1.0,18.755,2,4,0.5,1,2,0.5,2,2,1.0,1,1,2,0,0,2,1,1,4,2,7,-1,18.4,0,0,16.0,1,1,1,1,136,128,147,68,71,109,37,66,82,1,59,156,132,176,142,12,22,153,191,78,126,123,121,16,1,124,0.0,101.09,175,117.1,123.7,163,0.0,2.0,76,6.6,0.0,176,174,0.0,56,1,0.625,6.6,145,147,128,15.4,59,163,0.119,178,4.0,1,64,123.7,111,147,0.717,0.054,0.119,84.24,56,89,176,0.056,89,101.09,102.27,38,46,147,111.7,0.053,127.2,69,0.0,0.054,117.1,168,156,125,0.0,0.0,25.0,1.0,0.0,0.0,0.0,0.0,18.0,0.0,0.8,0.0,0.0,0.0,0.0,0.0,1.0,0.0,0.0,0.0,0.0,4.0,0.0,0.0,0.0,5.0,0.0,1.0,0.0,1.0,17.0,30.0,1.91,1.53,0.233,7.0,2.0,0.0,1.0,1.0,1.0,0.667,0.5,0.5,2.0,0.0,0.0,1.0,0.0,14.0,9.8,1.0,2.0,0.0,1.0,0.5,1.0,2.0,1.0,4.0,0.5,1.0,5.6,,,,,,,,,,,,,,,,,0.0,0.25,0.0,0.0,0.0,,1.0,0.25,0.0,0.0,1.0,0.0,0.0,1.0,0.25,1.0,1.0,1.0,0.0,0.0,0.25,1.0,0.0,,1.0,1.0,0.75,0.0,0.5,2.0,0.5,0.0,1.0,,2.0,0.5,0.0,0.5,1.0,3.0,1.0,0.625,0.0,2.0,0.0,0.0,0.0,0.5,2.0,0.0,1.0,0.5,0.0,0.0,0.0,0.0,0.0,0.0,0.0,1.0,0.0,0.0,0.0,0.0,0.0,0.0,1.0,0.0,0.0,1.0,0.0,1.0,4.0,2.0,0.364,0.592,0.5,-0.092,G-F,0.0,1.0,0.0,1.0,0.0,1.0,0.0,,0.0,0.0,0.0,IND,1.0,,2.0,0.0,0.0,,0.0,0.0,0.0,0.5,0.0,0.0,0.0,1.0,0.0,0.0,1,0.75,0.5,2.0,2,1.0,2025,False,,,,,,,,,,,,,,,,,,,,,,,,,,,,,,,,,,,,,,,,,,,,,,,,,,,,,,,,1.0,1.0,0.0,0.0,0.0,,4.0,5.0,0.0,0.0,0.0,,4.0,1.0,0.0,0.0,0.0,0.0,1.0,0.0,0.0,0.0,0.0,0.0,0.0,0.0,0.0,0.0,0.0,0.0,,0.0,0.0,0.0,30.0,0.0,0.0,0.0,0.0,0.0,,0.0,0.0,0.8,0.8,4.8,5.23,1.6,4.44,,8325.0,101,1.0,1.0,1.0,2.0,0.0,0.0,,1.0,5.0,11.0,0.455,0.451,0.003,2.0,4.0,0.5,0.586,-0.086,18.8
1641737,20241023,Adem Bona,Adem,1610612755,PHI,21.0,1,0,1,0.0,2.65,1,1,1.0,0,0,0.0,0,0,0.0,1,0,1,0,0,0,0,0,1,0,2,3,3.2,0,0,3.0,1,122,122,122,223,165,204,1,124,184,124,136,143,136,59,197,173,176,142,112,91,1,47,174,183,83,210,16,1,208,0.0,108.68,180,116.7,166.7,62,0.0,1.0,2,50.0,0.0,176,179,0.0,4,1,1.0,50.0,216,137,165,30.2,12,62,0.111,197,1.0,1,32,166.7,216,204,1.0,0.136,0.114,90.57,4,20,176,0.333,20,108.68,96.36,6,8,137,143.4,0.0,173.6,10,0.0,0.167,116.7,23,73,125,0.0,0.0,4.0,0.0,0.0,0.0,0.0,0.0,3.0,0.0,0.0,0.0,0.0,0.0,0.0,0.0,0.0,0.0,0.0,0.0,0.0,0.0,0.0,0.0,0.0,0.0,0.0,0.1,0.0,0.0,4.0,5.0,1.51,0.4,0.4,2.0,1.0,0.0,2.0,1.0,1.0,1.0,1.0,0.0,1.0,0.0,0.0,0.0,0.0,1.9,1.9,0.0,0.0,0.0,0.0,1.0,0.0,1.0,0.0,1.0,1.0,1.0,0.0,,,,,,,,,,,,,,,,,1.0,1.0,0.0,1.0,0.0,,1.0,1.0,0.0,1.0,1.0,1.0,1.0,,,,,,,,,,,,,,,,,,,,,,,,,,,0.0,1.0,1.0,0.0,2.0,0.0,0.0,0.0,0.0,0.0,1.0,1.0,0.0,0.0,0.0,0.0,,,,0.0,0.0,0.0,1.0,,,0.0,0.0,0.0,,0.0,0.0,0.0,0.0,1.0,0.0,0.5,0.5,0.0,-0.5,F,0.0,,1.0,0.0,0.0,1.0,0.0,,,,0.0,PHI,,,0.0,0.0,0.0,,0.0,0.0,0.0,0.0,0.0,1.0,0.0,,,0.0,0,,,,0,,2025,False,,,,,,,,,,,,,,,,,,,,,,,,,,,,,,,,,,,,,,,,,,,,,,,,,,,,,,,,0.0,0.0,0.0,0.0,1.0,,0.0,1.0,0.0,0.0,2.0,,0.0,1.0,0.0,0.0,0.0,0.0,0.0,0.0,0.0,0.0,0.0,0.0,0.0,0.0,0.0,0.0,0.0,0.0,,0.0,0.0,0.0,5.0,0.0,0.0,0.0,0.0,0.0,,0.0,0.0,0.1,0.1,3.83,3.47,0.2,4.28,,1147.0,100,0.0,0.0,,0.0,,,,,0.0,2.0,0.0,0.412,-0.412,0.0,1.0,0.0,0.505,-0.505,2.7
1630578,20241023,Alperen Sengun,Alperen,1610612745,HOU,22.0,1,0,1,0.0,33.88666666666666,10,22,0.455,2,3,0.667,3,4,0.75,6,12,18,5,3,4,1,3,2,8,25,10,66.1,1,0,60.0,1,122,122,122,27,5,8,114,30,84,21,51,45,80,1,2,1,26,20,2,22,223,103,4,14,38,1,1,1,2,9.4,97.74,24,104.5,109.7,206,1.67,10.0,28,5.2,9.7,107,27,0.278,116,135,0.5,5.2,126,81,5,-2.3,123,206,0.289,10,22.0,136,126,109.7,76,8,0.526,0.267,0.301,81.45,116,97,41,0.125,97,97.74,103.63,72,170,81,102.4,0.364,100.1,106,16.1,0.222,104.5,7,8,47,0.116,0.0,43.0,8.0,0.0,12.0,5.0,0.116,45.0,4.0,0.111,0.0,0.889,0.0,8.0,0.5,8.0,0.0,0.0,0.0,0.0,1.0,0.0,0.0,0.0,9.0,4.0,3.2,0.5,10.0,48.0,74.0,2.58,1.51,0.338,25.0,11.0,0.4,0.455,3.0,0.5,0.692,0.6,0.706,10.0,0.0,3.0,9.0,3.0,5.4,4.4,0.75,17.0,6.0,1.0,0.6,0.75,12.0,1.0,27.0,0.667,0.667,3.9,,0.0,2.0,0.091,0.0,0.0,HOU,0.0,0.0,1610612745.0,1.0,2.0,0.0,0.091,0.0,0.0,7.0,0.727,0.0,0.438,0.0,,16.0,0.727,0.0,7.0,16.0,0.438,0.438,1.0,0.045,1.0,1.0,1.0,0.0,0.0,0.045,1.0,0.0,,1.0,1.0,1.0,0.0,0.136,3.0,0.136,0.0,2.0,,3.0,0.667,0.0,0.667,2.0,6.0,0.286,0.5,4.0,5.0,0.5,2.0,0.4,0.667,3.0,0.462,13.0,0.667,0.0,0.0,0.0,0.0,0.0,0.0,0.0,2.0,0.0,6.0,0.0,0.0,0.0,0.0,0.333,0.0,0.0,6.0,0.0,2.0,6.0,5.0,0.462,0.592,0.833,0.242,C,5.0,0.0,0.5,2.0,1.0,14.0,0.0,0.0,0.0,0.0,0.0,HOU,0.0,0.0,3.0,0.0,0.0,0.0,0.0,0.0,0.0,0.667,0.0,7.0,0.2,0.0,0.0,0.0,2,1.0,0.667,3.0,3,2.0,2025,False,,,,,,,,,,,,,,,,,,,,,,,,,,,,,,,,,,,,,,,,,,,,,,,,,,,,,,,,2.0,1.0,0.0,0.8,7.0,,5.0,9.0,0.0,0.0,16.0,,8.0,1.0,0.0,5.0,1.0,0.0,2.0,5.0,1.0,4.0,5.0,0.0,0.0,2.0,0.0,4.0,0.0,0.0,,1.0,0.25,0.5,74.0,0.0,0.5,1.0,2.0,2.0,,0.0,0.5,1.3,1.1,3.95,3.94,2.4,3.96,,12792.0,96,0.0,0.0,,0.0,0.0,0.0,,,10.0,13.0,0.769,0.433,0.336,5.0,6.0,0.833,0.593,0.241,33.9
1641708,20241023,Amen Thompson,Amen,1610612745,HOU,21.0,1,0,1,0.0,21.826666666666668,5,11,0.455,1,2,0.5,2,4,0.5,1,3,4,0,0,0,1,0,3,2,13,-19,20.8,0,0,20.0,1,122,122,122,117,47,54,114,71,109,37,66,45,105,59,71,89,176,142,112,22,1,155,78,69,221,108,16,1,101,0.0,97.86,53,128.3,93.0,204,0.0,5.0,107,-35.2,0.0,176,55,0.0,198,1,0.5,-35.2,194,191,47,-41.5,129,204,0.245,113,11.0,1,212,93.0,197,54,0.509,0.076,0.253,81.55,198,203,176,0.032,203,97.86,98.35,43,208,191,131.3,0.111,89.8,106,0.0,0.069,128.3,134,129,125,0.0,0.0,23.0,5.0,0.0,0.0,0.0,0.0,26.0,1.0,0.0,0.0,2.0,0.0,2.0,1.0,1.0,0.0,0.0,0.0,0.0,0.0,0.0,0.0,0.0,1.0,0.0,1.5,0.0,5.0,19.0,35.0,2.61,1.8,0.371,13.0,5.0,0.4,0.4,0.0,0.0,0.444,0.333,0.5,3.0,0.0,1.0,1.0,2.0,6.1,6.7,0.333,6.0,3.0,0.0,0.333,0.5,1.0,0.0,9.0,0.444,0.25,6.9,,0.0,1.0,0.091,1.0,0.0,HOU,0.0,1.0,1610612745.0,1.0,1.0,1.0,0.091,1.0,1.0,2.0,0.545,0.0,0.333,0.0,,6.0,0.545,0.0,2.0,6.0,0.333,0.333,0.5,0.182,2.0,0.5,1.0,0.0,0.0,0.182,1.0,0.0,,2.0,0.5,0.75,0.0,0.182,2.0,0.182,0.0,1.0,,2.0,0.5,0.0,0.5,1.0,3.0,0.5,0.5,2.0,2.0,0.0,0.0,0.333,0.333,0.0,1.0,3.0,0.0,2.0,0.0,0.0,1.0,0.0,2.0,2.0,0.0,1.0,3.0,0.0,0.5,0.0,0.5,0.25,0.0,0.0,4.0,0.0,1.0,4.0,0.0,0.5,0.525,0.0,-0.525,G-F,2.0,0.0,1.0,0.0,1.0,3.0,1.0,0.0,0.0,0.0,0.0,HOU,2.0,0.0,0.0,0.5,0.0,0.0,2.0,2.0,0.0,0.0,0.0,3.0,0.5,0.0,0.0,0.0,1,0.5,0.5,2.0,3,1.0,2025,False,,,,,,,,,,,,,,,,,,,,,,,,,,,,,,,,,,,,,,,,,,,,,,,,,,,,,,,,1.0,0.0,1.0,0.0,3.0,,2.0,2.0,1.0,0.0,8.0,,2.0,0.0,0.0,0.0,0.0,0.0,0.0,0.0,0.0,0.0,0.0,0.0,0.0,0.0,0.0,0.0,0.0,0.0,,0.0,0.0,0.0,35.0,0.0,0.0,0.0,0.0,0.0,,0.0,0.0,0.9,0.8,4.36,4.78,1.7,3.96,,9076.0,96,0.0,2.0,0.0,0.0,0.0,0.0,,0.0,1.0,8.0,0.125,0.466,-0.341,0.0,4.0,0.0,0.583,-0.583,21.8
1629599,20241023,Amir Coffey,Amir,1610612746,LAC,27.0,1,0,1,0.0,25.821666666666665,4,4,1.0,2,2,1.0,1,2,0.5,0,3,3,1,0,1,0,0,2,2,11,-12,19.1,0,0,19.0,1,122,122,122,84,72,147,1,30,109,1,104,82,105,127,71,114,109,142,41,91,1,103,78,84,197,117,16,1,109,0.0,102.24,210,109.1,87.3,140,0.0,4.0,127,-21.8,0.0,97,209,0.071,213,1,1.25,-21.8,163,102,72,-25.6,8,140,0.081,72,4.0,1,187,87.3,114,147,1.127,0.14,0.082,85.2,213,179,141,0.0,179,102.24,100.98,55,215,102,112.4,0.158,86.8,5,16.7,0.061,109.1,154,68,125,0.056,0.0,18.0,1.0,0.0,2.0,1.0,0.056,16.0,2.0,0.333,0.0,1.333,0.0,4.0,1.0,2.0,0.0,0.0,0.0,0.0,1.0,0.0,0.0,0.0,3.0,0.0,0.8,0.0,0.0,15.0,23.0,1.98,1.0,0.478,11.0,0.0,0.0,0.0,0.0,0.0,0.6,0.0,0.5,2.0,1.0,0.0,0.0,3.0,0.0,8.1,0.0,6.0,3.0,2.0,0.0,0.6,0.0,1.0,7.0,0.429,0.0,8.1,,,,,,,,,,,,,,,,,1.0,0.25,0.0,1.0,0.0,,1.0,0.25,0.0,1.0,1.0,1.0,1.0,1.0,0.25,3.0,1.333,1.0,2.0,0.5,0.75,3.0,2.0,1.0,1.0,1.0,,,,,,,,,,,,,,3.0,0.0,1.25,0.0,0.0,0.0,0.0,0.0,1.0,2.0,0.0,0.0,1.0,0.0,0.0,0.0,0.0,0.0,0.0,0.0,2.0,0.0,0.0,0.0,0.0,0.0,0.0,1.0,0.0,0.0,2.0,0.0,2.0,4.0,2.0,0.25,0.594,0.5,-0.094,G-F,0.0,1.0,0.0,1.0,0.0,0.0,0.0,,0.0,0.0,1.0,LAC,2.0,,1.0,0.0,0.0,,0.0,0.0,0.0,1.0,1.0,0.0,0.0,2.0,0.0,1.0,1,1.5,1.0,1.0,1,1.0,2025,False,,,,,,,,,,,,,,,,,,,,,,,,,,,,,,,,,,,,,,,,,,,,,,,,,,,,,,,,0.0,0.0,0.0,0.0,1.0,,1.0,3.0,0.0,0.0,2.0,,3.0,0.0,0.0,0.0,0.0,0.0,0.0,0.0,0.0,0.0,0.0,0.0,0.0,0.0,0.0,0.0,0.0,0.0,,0.0,0.0,0.0,23.0,0.0,0.0,0.0,0.0,0.0,,0.0,0.0,1.0,1.0,4.33,4.28,2.0,4.38,,10510.0,113,3.0,3.0,1.0,7.0,1.0,1.0,1.0,1.167,7.0,16.0,0.438,0.479,-0.041,2.0,4.0,0.5,0.639,-0.139,25.8
203083,20241023,Andre Drummond,Andre,1610612755,PHI,31.0,1,0,1,0.0,25.05,4,8,0.5,0,1,0.0,2,2,1.0,5,8,13,0,1,0,0,0,5,1,10,-6,24.6,1,0,23.0,1,122,122,122,94,72,85,68,124,151,124,66,82,1,3,13,5,176,79,112,91,1,219,117,95,169,85,1,1,83,10.1,98.68,139,121.6,107.7,200,0.0,4.0,18,-13.9,10.0,176,137,0.0,130,140,0.5,-13.9,223,173,72,-15.3,109,200,0.154,5,8.0,138,160,107.7,188,85,0.563,0.104,0.156,82.24,130,160,176,0.147,160,98.68,95.27,52,114,173,126.4,0.4,111.1,106,0.0,0.241,121.6,4,95,125,0.0,0.0,25.0,1.0,0.0,0.0,0.0,0.0,18.0,0.0,1.0,0.0,0.0,0.0,0.0,0.0,0.0,0.0,0.0,0.0,0.0,1.0,0.0,0.0,0.0,1.0,0.0,1.0,0.0,1.0,22.0,36.0,1.67,0.44,0.278,10.0,8.0,0.0,1.25,3.0,0.6,0.929,0.833,0.8,6.0,0.0,2.0,1.0,7.0,2.9,3.7,0.125,10.0,9.0,2.0,0.833,1.0,4.0,2.0,16.0,0.813,0.308,4.2,,,,,,,,,,,,,,,,,4.0,0.75,0.0,0.667,0.0,,6.0,0.75,0.0,4.0,6.0,0.667,0.667,,,,,,,,,,,,,,0.0,1.0,0.25,2.0,0.125,0.0,0.0,0.0,1.0,0.0,0.125,0.0,0.0,0.0,0.667,0.5,0.0,10.0,0.0,0.0,0.0,0.0,0.0,0.667,6.0,0.0,1.0,0.0,1.0,0.0,0.0,0.0,1.0,0.0,0.0,4.0,0.0,0.0,0.0,0.0,0.0,0.0,0.0,0.0,0.0,0.0,1.0,0.0,0.1,0.733,0.0,-0.733,C,0.0,0.0,0.667,0.0,0.0,6.0,0.0,,0.0,0.0,0.0,PHI,0.0,,0.0,0.0,0.0,,0.0,2.0,0.0,0.0,0.0,4.0,0.0,0.0,0.0,0.0,0,0.0,0.0,1.0,2,0.0,2025,False,,,,,,,,,,,,,,,,,,,,,,,,,,,,,,,,,,,,,,,,,,,,,,,,,,,,,,,,0.0,0.0,0.0,0.0,3.0,,2.0,7.0,0.0,0.0,7.0,,3.0,4.0,0.0,1.0,1.0,0.0,0.0,1.0,1.0,0.0,1.0,0.0,0.0,0.0,0.0,0.0,0.0,0.0,,0.0,0.0,0.0,36.0,0.0,0.0,0.0,0.0,0.0,,0.0,0.0,1.0,0.9,4.27,4.28,1.9,4.26,,9859.0,100,0.0,0.0,,0.0,0.0,0.0,,,3.0,10.0,0.3,0.521,-0.221,0.0,1.0,0.0,0.716,-0.716,25.1
1641748,20241023,Andre Jackson Jr.,Andre,1610612749,MIL,22.0,1,1,0,1.0,1.1,0,0,0.0,0,0,0.0,0,0,0.0,0,0,0,0,0,0,0,0,0,0,0,0,0.0,0,0,0.0,1,1,1,1,229,203,222,203,124,184,124,136,143,136,127,197,211,176,142,112,91,1,1,174,209,113,226,16,1,226,0.0,109.09,224,200.0,133.3,54,0.0,0.0,127,-66.7,0.0,176,224,0.0,25,1,0.0,-66.7,231,231,203,-14.5,209,54,0.0,197,0.0,1,157,133.3,231,222,0.0,0.0,0.0,90.91,25,223,176,0.0,223,109.09,79.42,3,1,231,227.3,0.0,212.8,203,0.0,0.0,200.0,211,198,125,0.0,0.0,1.0,0.0,0.0,0.0,0.0,0.0,1.0,0.0,0.0,0.0,0.0,0.0,0.0,0.0,0.0,0.0,0.0,0.0,0.0,0.0,0.0,0.0,0.0,0.0,0.0,0.1,0.0,0.0,0.0,2.0,1.78,1.0,0.0,0.0,0.0,0.0,0.0,,,,,,,,,,,,,,,,,,,,,,,,,,,,,,,,,,,,,,,,,,,,,,,,,,,,,,,,,,,,,,,,,,,,,,,,,,,,,,,,0.0,0.0,0.0,0.0,0.0,0.0,0.0,0.0,0.0,,0.0,0.0,,,,,,,,,,,0.0,,,,,0.0,,,0.0,,0.0,,,,,,,,0.0,,0.0,,0.0,0.0,,,,,,MIL,,,,,,,,,,,,0.0,0.0,,,,0,,,,0,,2025,False,,,,,,,,,,,,,,,,,,,,,,,,,,,,,,,,,,,,,,,,,,,,,,,,,,,,,,,,,,,,,,,,,,,,,,,,,,,,,,,0.0,0.0,0.0,0.0,0.0,0.0,0.0,,0.0,0.0,0.0,2.0,0.0,0.0,0.0,0.0,0.0,,0.0,0.0,0.1,0.0,4.62,8.13,0.1,0.0,,540.0,102,0.0,0.0,,0.0,,,,,,,,,,,,,,,
1629614,20241023,Andrew Nembhard,Andrew,1610612754,IND,24.0,1,1,0,1.0,34.81333333333333,3,8,0.375,0,2,0.0,2,2,1.0,0,2,2,7,2,1,0,0,3,4,8,6,21.9,0,0,19.0,1,1,1,1,20,98,85,154,124,109,124,66,82,1,127,105,132,11,40,41,91,1,155,25,110,60,98,16,1,109,11.2,96.51,154,105.7,114.3,217,3.5,3.0,127,8.6,11.1,20,151,0.269,103,144,0.375,8.6,191,88,98,11.9,160,217,0.143,178,8.0,143,80,114.3,69,85,0.45,0.062,0.144,80.43,103,80,45,0.0,80,96.51,98.78,70,105,88,101.6,0.053,113.5,169,38.9,0.029,105.7,195,151,15,0.14,1.0,50.0,11.0,0.0,19.0,8.0,0.16,49.0,2.0,0.556,0.0,0.444,0.0,4.0,0.667,3.0,0.0,2.0,0.222,0.0,5.0,0.0,0.0,0.0,9.0,0.0,3.7,0.0,0.0,32.0,64.0,3.44,3.23,0.125,8.0,0.0,0.0,0.0,0.0,0.0,0.5,0.0,0.667,2.0,0.0,0.0,0.0,2.0,0.0,5.8,0.0,3.0,2.0,1.0,0.0,1.0,0.0,1.0,5.0,0.4,0.0,5.8,,,,,,,,,,,,,,,,,1.0,0.125,0.0,1.0,0.0,,1.0,0.125,0.0,1.0,1.0,1.0,1.0,0.5,0.5,4.0,0.5,2.0,0.0,0.0,0.5,2.0,0.0,,4.0,0.5,0.0,1.0,0.375,3.0,0.25,0.0,0.0,0.0,2.0,0.0,0.125,0.0,0.0,0.0,0.0,0.375,0.0,0.0,0.0,0.0,0.0,0.0,2.0,1.0,1.0,0.0,0.0,1.0,0.0,0.0,0.0,0.0,2.0,0.0,0.0,1.0,0.0,0.0,0.0,0.0,0.333,0.0,0.0,3.0,0.5,1.0,1.0,1.0,0.111,0.548,1.0,0.452,G-F,0.0,0.333,1.0,0.0,0.0,1.0,0.0,0.0,0.0,0.0,0.0,IND,3.0,0.0,1.0,0.0,1.0,0.0,2.0,1.0,0.5,0.0,0.0,1.0,0.0,1.0,0.0,0.0,0,0.0,0.0,2.0,2,0.0,2025,False,,,,,,,,,,,,,,,,,,,,,,,,,,,,,,,,,,,,,,,,,,,,,,,,,,,,,,,,0.0,0.0,0.0,0.0,0.0,,3.0,3.0,0.0,1.0,0.0,,1.0,2.0,0.0,0.0,0.0,0.0,0.0,0.0,0.0,0.0,0.0,0.0,0.0,0.0,0.0,0.0,0.0,0.0,,0.0,0.0,0.0,64.0,0.0,0.0,0.0,0.0,0.0,,0.0,0.0,1.4,1.4,4.5,4.66,2.8,4.35,,14609.0,101,2.0,5.0,0.4,4.0,0.0,0.0,,0.4,3.0,9.0,0.333,0.463,-0.13,1.0,1.0,1.0,0.555,0.445,34.8
203952,20241023,Andrew Wiggins,Andrew,1610612744,GSW,29.0,1,1,0,1.0,23.066666666666663,8,15,0.533,4,7,0.571,0,0,0.0,2,2,4,2,1,0,0,1,2,1,20,9,26.8,0,0,30.0,1,1,1,1,111,18,28,65,9,20,33,136,143,136,33,105,89,78,79,112,91,153,103,117,31,43,66,16,1,44,5.6,110.29,51,94.3,111.3,41,2.0,8.0,56,17.0,5.6,135,49,0.182,110,102,0.667,17.0,33,37,18,12.7,74,41,0.25,154,15.0,102,78,111.3,45,28,0.667,0.153,0.26,91.91,110,58,70,0.077,58,110.29,111.08,53,124,37,95.6,0.074,108.3,58,11.1,0.075,94.3,123,54,30,0.063,1.0,32.0,6.0,1.0,6.0,4.0,0.125,34.0,0.0,0.667,0.0,0.0,0.0,0.0,0.0,1.0,0.0,1.0,0.333,0.0,2.0,0.0,0.0,0.0,3.0,1.0,1.9,0.0,2.0,33.0,48.0,2.35,1.44,0.417,20.0,1.0,0.0,0.0,1.0,0.5,0.571,0.667,0.333,3.0,0.0,1.0,1.0,1.0,14.4,10.9,0.5,6.0,2.0,2.0,0.667,0.5,2.0,2.0,9.0,0.444,0.5,7.4,,0.0,1.0,0.067,0.0,0.0,GSW,0.0,0.0,1610612744.0,1.0,1.0,0.0,0.067,0.0,0.0,3.0,0.333,0.0,0.6,1.0,0.0,5.0,0.267,0.067,3.0,4.0,0.75,0.6,0.0,0.133,2.0,0.0,0.0,0.0,0.0,0.133,0.0,0.0,,2.0,0.0,1.0,1.0,0.467,7.0,0.4,1.0,4.0,1.0,6.0,0.714,0.067,0.667,5.0,9.0,0.0,0.667,0.0,0.0,0.0,0.0,0.0,0.6,6.0,0.8,5.0,0.5,1.0,0.0,0.0,1.0,0.0,1.0,2.0,3.0,1.0,4.0,0.0,1.0,0.0,1.0,0.0,0.0,0.0,1.0,0.0,0.0,8.0,4.0,0.615,0.555,0.5,-0.055,F,0.0,0.0,0.667,2.0,0.0,6.0,2.0,,0.0,0.0,0.0,GSW,0.0,,5.0,0.667,0.0,,1.0,3.0,0.0,0.4,0.0,4.0,0.0,0.0,0.0,0.0,3,0.9,0.6,5.0,5,3.0,2025,False,,,,,,,,,,,,,,,,,,,,,,,,,,,,,,,,,,,,,,,,,,,,,,,,,,,,,,,,0.0,0.0,0.0,0.0,0.0,,1.0,3.0,0.0,0.0,0.0,,3.0,0.0,0.0,0.0,0.0,0.0,0.0,0.0,0.0,0.0,0.0,0.0,0.0,1.0,0.0,1.0,0.0,0.0,,0.0,0.0,0.0,48.0,0.0,0.0,0.0,0.0,0.0,,0.0,0.0,1.0,0.8,4.64,4.97,1.9,3.84,,9980.0,109,1.0,4.0,0.25,3.0,1.0,2.0,0.5,0.375,7.0,13.0,0.538,0.443,0.095,4.0,8.0,0.5,0.607,-0.107,23.1
1629014,20241023,Anfernee Simons,Anfernee,1610612757,POR,25.0,1,0,1,0.0,32.61666666666667,5,12,0.417,2,7,0.286,3,3,1.0,0,2,2,3,5,1,0,0,3,2,15,-16,19.9,0,0,24.0,1,122,122,122,33,47,44,134,30,20,98,51,69,1,127,105,132,51,6,41,91,1,155,78,50,214,112,16,1,79,23.5,106.69,79,116.7,93.2,77,0.6,5.0,127,-23.5,23.8,113,80,0.176,197,209,0.5,-23.5,53,137,47,-25.7,108,77,0.212,174,12.0,211,188,93.2,139,44,0.563,0.047,0.217,88.91,197,184,72,0.0,184,106.69,108.61,73,205,137,116.1,0.057,90.4,106,14.3,0.025,116.7,200,166,104,0.055,1.0,55.0,11.0,2.0,8.0,6.0,0.109,65.0,2.0,0.3,1.0,0.6,2.0,6.0,0.5,4.0,2.0,0.0,0.0,1.0,3.0,2.0,0.1,0.2,10.0,0.0,5.2,0.0,0.0,32.0,75.0,4.15,3.81,0.2,15.0,0.0,0.0,0.0,0.0,0.0,0.5,0.0,0.5,0.0,0.0,0.0,1.0,1.0,0.0,8.0,0.5,4.0,1.0,0.0,0.0,0.5,1.0,0.0,4.0,0.5,0.5,8.0,,,,,,,,,,,,,,,,,3.0,0.5,0.0,0.5,1.0,0.0,6.0,0.417,0.083,3.0,5.0,0.6,0.5,,0.0,1.0,0.0,0.0,1.0,0.083,0.083,0.0,0.0,0.0,0.0,0.0,0.6,0.0,0.417,5.0,0.417,0.0,2.0,,5.0,0.4,0.0,0.4,2.0,6.0,0.0,0.5,0.0,0.0,0.0,0.0,0.0,0.333,7.0,0.5,4.0,0.286,0.0,0.0,0.0,0.0,0.0,0.0,0.0,2.0,0.0,2.0,0.0,0.0,0.0,0.0,1.0,0.0,0.0,1.0,0.0,1.0,5.0,4.0,0.385,0.571,0.8,0.229,G,1.0,0.0,0.5,1.0,1.0,4.0,0.0,,0.0,0.0,1.0,POR,0.0,,6.0,0.0,0.0,,0.0,0.0,0.0,0.167,1.0,2.0,1.0,0.0,0.0,1.0,2,0.5,0.333,6.0,6,2.0,2025,False,,,,,,,,,,,,,,,,,,,,,,,,,,,,,,,,,,,,,,,,,,,,,,,,,,,,,,,,1.0,0.0,1.0,0.0,0.0,,0.0,1.0,1.0,0.0,0.0,,0.0,1.0,0.0,0.0,0.0,0.0,0.0,0.0,0.0,0.0,0.0,0.0,0.0,0.0,0.0,0.0,0.0,0.0,,0.0,0.0,0.0,75.0,0.0,0.0,0.0,0.0,0.0,,0.0,0.0,1.4,1.2,4.47,4.61,2.6,4.32,,13537.0,108,0.0,1.0,0.0,0.0,0.0,1.0,0.0,0.0,7.0,13.0,0.538,0.437,0.101,4.0,5.0,0.8,0.605,0.195,32.6
1641710,20241023,Anthony Black,Anthony,1610612753,ORL,20.0,1,1,0,1.0,27.9,4,9,0.444,1,2,0.5,1,3,0.333,4,2,6,4,0,0,0,1,2,3,10,13,23.2,0,0,21.0,1,1,1,1,66,72,72,120,71,109,37,104,69,129,4,105,41,31,142,112,91,153,103,40,95,29,91,16,1,98,0.0,97.2,152,107.1,128.1,212,0.0,4.0,31,20.9,0.0,46,154,0.19,44,1,0.5,20.9,200,94,72,13.5,153,212,0.141,149,9.0,1,74,128.1,106,72,0.484,0.071,0.147,81.0,44,48,69,0.114,48,97.2,98.06,57,60,94,109.6,0.077,123.1,106,28.6,0.098,107.1,88,135,125,0.08,0.0,50.0,8.0,2.0,13.0,7.0,0.14,39.0,1.0,0.4,0.0,0.4,0.0,2.0,0.333,3.0,0.0,1.0,0.2,0.0,2.0,0.0,0.0,0.0,5.0,0.0,3.8,0.0,0.0,33.0,60.0,3.84,2.88,0.167,10.0,3.0,0.0,0.667,1.0,0.25,0.667,0.571,1.0,7.0,0.0,3.0,0.0,2.0,15.4,11.7,0.0,2.0,5.0,0.0,0.571,1.0,1.0,0.0,9.0,0.667,0.167,4.2,,0.0,3.0,0.333,0.333,0.0,ORL,0.0,0.333,1610612753.0,1.0,3.0,1.0,0.333,1.0,0.333,2.0,0.444,0.0,0.5,0.0,,4.0,0.444,0.0,2.0,4.0,0.5,0.5,,,,,,,,,,,,,,0.75,0.0,0.222,2.0,0.222,0.0,1.0,,2.0,0.5,0.0,0.5,1.0,3.0,0.333,0.5,0.0,2.0,0.0,0.0,0.0,0.5,0.0,0.4,5.0,0.0,2.0,0.0,2.0,0.0,0.0,0.0,1.0,0.0,1.0,2.0,0.0,0.0,0.5,0.5,1.0,0.0,1.0,1.0,0.0,1.0,4.0,4.0,0.364,0.641,1.0,0.359,G,1.0,0.0,0.4,0.0,1.0,5.0,1.0,,0.0,0.0,0.0,ORL,1.0,,0.0,0.5,0.0,,0.0,2.0,0.0,0.0,0.0,2.0,1.0,0.0,0.0,0.0,1,0.75,0.5,2.0,2,1.0,2025,False,,,,,,,,,,,,,,,,,,,,,,,,,,,,,,,,,,,,,,,,,,,,,,,,,,,,,,,,1.0,1.0,0.0,0.0,0.0,,1.0,1.0,0.0,0.0,0.0,,0.0,1.0,0.0,0.0,0.0,0.0,1.0,0.0,0.0,0.0,0.0,0.0,0.0,0.0,0.0,0.0,0.0,0.0,,0.0,0.0,0.0,60.0,0.0,0.0,0.0,0.0,0.0,,0.0,0.0,1.2,1.0,4.41,4.43,2.2,4.36,,11416.0,98,0.0,0.0,,0.0,0.0,0.0,,,6.0,11.0,0.545,0.445,0.1,4.0,4.0,1.0,0.616,0.384,27.9
1641810,20241023,Antonio Reeves,Antonio,1610612740,NOP,21.0,1,1,0,1.0,1.0,0,3,0.0,0,2,0.0,0,0,0.0,0,0,0,0,1,0,0,0,0,0,0,-3,-1.0,0,0,0.0,1,1,1,1,232,203,172,203,124,109,124,136,143,136,127,197,211,176,79,112,91,1,1,174,209,142,233,16,1,226,25.0,168.0,1,75.0,0.0,1,0.0,0.0,127,-75.0,25.0,176,1,0.0,228,213,0.0,-75.0,1,12,203,-100.0,209,1,1.0,197,3.0,212,228,0.0,58,172,0.0,-1.0,1.0,140.0,228,226,176,0.0,226,168.0,144.0,3,228,12,100.0,0.0,0.0,203,0.0,0.0,75.0,211,234,125,0.0,0.0,1.0,0.0,0.0,0.0,0.0,0.0,5.0,0.0,0.0,0.0,0.0,0.0,0.0,0.0,1.0,0.0,0.0,0.0,0.0,0.0,0.0,0.0,0.0,1.0,0.0,0.2,0.0,0.0,5.0,5.0,2.1,2.2,0.0,0.0,0.0,0.0,0.0,,,,,,,,,,,,,,,,,,,,,,,,,,,,,,,,,,,,,,,,,0.0,0.333,0.0,0.0,0.0,,1.0,0.333,0.0,0.0,1.0,0.0,0.0,,,,,,,,,,,,,,0.0,0.0,0.667,2.0,0.667,0.0,0.0,,2.0,0.0,0.0,0.0,0.0,0.0,0.0,0.0,0.0,0.0,0.0,0.0,0.0,0.0,1.0,0.0,1.0,0.0,1.0,,,0.0,0.0,1.0,,0.0,0.0,0.0,0.0,0.0,,0.0,,0.0,,,,,,,,,,,,,,0.0,0.0,,1.0,0.0,,0.0,0.0,,NOP,,,1.0,0.0,,,,1.0,,0.0,,0.0,,,0.0,,0,0.0,0.0,2.0,2,0.0,2025,False,,,,,,,,,,,,,,,,,,,,,,,,,,,,,,,,,,,,,,,,,,,,,,,,,,,,,,,,,,,,,,,,,,,,,,,,,,,,,,,0.0,0.0,0.0,0.0,0.0,0.0,0.0,,0.0,0.0,0.0,5.0,0.0,0.0,0.0,0.0,0.0,,0.0,0.0,0.0,0.0,5.34,0.0,0.1,0.0,,421.0,108,0.0,0.0,,0.0,0.0,0.0,,,,,,,,,,,,,
1630245,20241023,Ayo Dosunmu,Ayo,1610612741,CHI,24.0,1,0,1,0.0,24.966666666666665,4,6,0.667,0,2,0.0,0,0,0.0,0,4,4,3,2,0,0,1,2,1,8,-13,15.3,0,0,15.0,1,122,122,122,96,72,112,36,124,109,124,136,143,136,127,49,89,51,40,112,91,153,103,117,110,201,137,16,1,132,18.2,116.32,173,116.9,90.3,14,1.5,4.0,127,-26.6,18.2,50,173,0.176,205,194,0.667,-26.6,11,146,72,-18.7,74,14,0.119,70,6.0,194,173,90.3,116,112,0.667,0.085,0.124,96.93,205,189,72,0.0,189,116.32,115.97,62,194,146,112.8,0.16,94.1,58,27.3,0.077,116.9,116,120,49,0.094,1.0,32.0,5.0,0.0,9.0,4.0,0.125,24.0,3.0,0.143,0.0,0.857,2.0,6.0,1.0,3.0,0.0,1.0,0.143,0.0,1.0,0.0,0.0,0.286,7.0,0.0,1.8,0.0,0.0,15.0,41.0,2.67,2.02,0.195,8.0,0.0,0.0,0.0,0.0,0.0,0.667,0.0,0.667,1.0,1.0,0.0,1.0,3.0,0.0,12.7,0.25,6.0,3.0,1.0,0.0,0.667,1.0,0.0,7.0,0.571,0.25,12.7,,0.0,1.0,0.167,1.0,0.0,CHI,0.0,1.0,1610612741.0,1.0,1.0,1.0,0.167,1.0,1.0,3.0,0.667,0.0,0.75,1.0,0.0,4.0,0.5,0.167,3.0,3.0,1.0,0.75,,,,,,,,,,,,,,0.0,0.0,0.167,1.0,0.167,0.0,0.0,,1.0,0.0,0.0,0.0,0.0,0.0,0.0,0.667,0.0,0.0,0.0,0.0,0.0,0.0,2.0,1.0,4.0,0.0,0.0,0.0,0.0,0.0,0.0,0.0,0.0,0.0,0.0,4.0,0.0,0.0,0.0,0.0,0.0,0.0,0.0,0.0,0.0,0.0,4.0,2.0,0.286,0.637,0.5,-0.137,G,0.0,0.0,1.0,0.0,0.0,4.0,0.0,0.0,0.0,0.0,0.0,CHI,0.0,0.0,1.0,0.0,0.0,0.0,0.0,1.0,0.0,0.0,0.0,4.0,0.0,0.0,0.0,0.0,0,,,0.0,0,0.0,2025,False,,,,,,,,,,,,,,,,,,,,,,,,,,,,,,,,,,,,,,,,,,,,,,,,,,,,,,,,1.0,0.0,1.0,0.0,0.0,,0.0,3.0,1.0,0.0,0.0,,1.0,2.0,0.0,0.0,0.0,0.0,0.0,0.0,0.0,0.0,0.0,0.0,0.0,0.0,0.0,0.0,0.0,0.0,,0.0,0.0,0.0,41.0,0.0,0.0,0.0,0.0,0.0,,0.0,0.0,1.0,1.0,4.42,4.75,2.0,4.13,,10664.0,108,0.0,2.0,0.0,0.0,0.0,2.0,0.0,0.0,6.0,14.0,0.429,0.441,-0.012,2.0,4.0,0.5,0.614,-0.114,25.0
1628389,20241023,Bam Adebayo,Bam,1610612748,MIA,27.0,1,0,1,0.0,25.516666666666666,1,5,0.2,0,2,0.0,7,10,0.7,3,2,5,1,0,0,0,0,1,6,9,-30,16.5,0,0,15.0,1,122,122,122,87,165,130,194,124,109,124,8,4,91,16,105,55,109,142,112,91,1,47,10,104,231,131,16,1,132,0.0,100.64,131,137.7,79.6,171,0.0,1.0,44,-58.1,0.0,148,124,0.091,222,1,0.2,-58.1,208,214,165,-55.4,155,171,0.167,162,5.0,1,222,79.6,212,130,0.479,0.051,0.164,83.87,222,220,127,0.094,220,100.64,97.67,54,218,214,139.1,0.067,83.7,194,9.1,0.081,137.7,111,159,125,0.033,0.0,30.0,4.0,0.0,2.0,1.0,0.033,28.0,0.0,0.25,1.0,0.5,0.0,2.0,0.0,1.0,2.0,0.0,0.0,1.0,1.0,2.0,0.25,0.0,4.0,0.0,2.1,0.0,1.0,24.0,41.0,3.0,1.88,0.22,9.0,4.0,2.0,0.5,1.0,0.333,0.455,0.429,0.5,7.0,0.0,2.0,1.0,1.0,9.2,6.9,0.5,4.0,3.0,0.0,0.429,0.5,2.0,0.0,11.0,0.455,0.4,3.6,,,,,,,,,,,,,,,,,0.0,0.2,0.0,0.0,0.0,,1.0,0.2,0.0,0.0,1.0,0.0,0.0,1.0,0.2,3.0,0.333,1.0,2.0,0.4,0.6,1.0,0.0,0.0,1.0,0.333,0.0,1.0,0.2,1.0,0.0,0.0,0.0,0.0,0.0,0.0,0.2,,0.0,0.0,0.0,0.2,2.0,2.0,0.0,0.0,1.0,0.0,1.0,0.0,0.0,0.0,1.0,0.0,0.0,0.0,0.0,1.0,2.0,0.0,0.0,0.0,0.0,0.0,0.0,0.0,1.0,0.0,0.0,1.0,0.0,1.0,9.0,4.0,0.45,0.665,0.444,-0.22,C-F,2.0,1.0,0.0,0.0,0.0,0.0,0.0,,0.0,0.0,,MIA,1.0,,1.0,0.0,0.0,,0.0,1.0,0.0,0.0,,0.0,0.0,1.0,0.0,,0,0.0,0.0,1.0,1,0.0,2025,False,,,,,,,,,,,,,,,,,,,,,,,,,,,,,,,,,,,,,,,,,,,,,,,,,,,,,,,,1.0,1.0,0.0,0.0,0.0,,1.0,4.0,0.0,0.0,0.0,,3.0,1.0,0.0,0.0,0.0,0.0,1.0,0.0,0.0,0.0,0.0,0.0,0.0,0.0,0.0,0.0,0.0,0.0,,0.0,0.0,0.0,41.0,0.0,0.0,0.0,0.0,0.0,,0.0,0.0,1.0,0.9,4.19,4.44,1.9,3.96,,10218.0,97,1.0,3.0,0.333,2.0,0.0,1.0,0.0,0.333,7.0,20.0,0.35,0.449,-0.099,4.0,9.0,0.444,0.618,-0.174,25.5
1641767,20241023,Ben Sheppard,Ben,1610612754,IND,23.0,1,1,0,1.0,6.3,0,0,0.0,0,0,0.0,0,0,0.0,0,2,2,0,0,0,1,0,2,0,0,1,5.4,0,0,4.0,1,1,1,1,205,203,222,203,124,184,124,136,143,136,127,105,132,176,142,112,22,1,103,174,209,104,199,16,1,200,0.0,114.29,224,128.6,118.8,22,0.0,0.0,127,-9.8,0.0,176,224,0.0,72,1,0.0,-9.8,150,192,203,22.5,209,22,0.0,5,0.0,1,42,118.8,190,222,0.0,0.015,0.0,95.24,72,152,176,0.0,152,114.29,101.79,16,14,192,127.8,0.4,150.3,203,0.0,0.2,128.6,12,194,125,0.0,0.0,8.0,0.0,0.0,0.0,0.0,0.0,4.0,0.0,0.0,0.0,0.0,0.0,0.0,0.0,0.0,0.0,0.0,0.0,0.0,0.0,0.0,0.0,0.0,0.0,0.0,0.2,0.0,0.0,3.0,9.0,1.33,0.56,0.0,0.0,0.0,0.0,0.0,0.0,0.0,1.0,0.0,1.0,1.0,0.0,0.0,1.0,1.0,0.0,4.4,0.5,2.0,1.0,0.0,0.0,1.0,1.0,0.0,2.0,1.0,0.5,4.4,,,,,,,,,,,,,,,,,,,,,,,,,,,,,,,,,,,,,,,,,,,,,,,,,,,,,,,,0.0,0.0,0.0,0.0,0.0,0.0,0.0,0.0,0.0,0.0,0.0,0.0,0.0,0.0,0.0,0.0,,0.0,,0.0,0.0,0.0,0.0,0.0,,0.0,0.0,0.0,0.0,0.0,0.0,0.0,0.0,1.0,1.0,0.25,0.857,1.0,0.143,G,0.0,0.0,0.0,0.0,0.0,0.0,0.0,,0.0,0.0,,IND,0.0,,0.0,0.0,,,,0.0,,0.0,,0.0,0.0,0.0,0.0,,0,,,,0,,2025,False,,,,,,,,,,,,,,,,,,,,,,,,,,,,,,,,,,,,,,,,,,,,,,,,,,,,,,,,1.0,0.0,1.0,0.0,0.0,,0.0,3.0,1.0,0.0,0.0,,1.0,2.0,0.0,0.0,0.0,0.0,0.0,0.0,0.0,0.0,0.0,0.0,0.0,0.0,0.0,0.0,0.0,0.0,,0.0,0.0,0.0,9.0,0.0,0.0,0.0,0.0,0.0,,0.0,0.0,0.3,0.3,5.3,5.61,0.6,5.03,,3142.0,101,0.0,0.0,,0.0,,,,,2.0,4.0,0.5,0.511,-0.011,1.0,1.0,1.0,0.723,0.277,6.3
1627732,20241023,Ben Simmons,Ben,1610612751,BKN,28.0,1,0,1,0.0,24.2,3,4,0.75,0,0,0.0,0,0,0.0,2,3,5,8,6,0,1,0,5,0,6,-8,21.0,0,0,21.0,1,122,122,122,102,98,147,27,124,184,124,136,143,136,33,71,55,7,4,112,22,1,219,174,137,177,105,16,1,98,33.3,101.16,119,117.6,102.0,160,1.33,3.0,53,-15.7,33.3,11,118,0.571,164,224,0.75,-15.7,142,149,98,-18.4,50,160,0.175,78,4.0,224,172,102.0,148,147,0.75,0.076,0.178,84.3,164,164,2,0.083,164,101.16,102.35,51,174,149,117.8,0.143,99.5,39,44.4,0.111,117.6,71,128,59,0.114,1.0,70.0,16.0,0.0,23.0,9.0,0.129,60.0,1.0,0.6,0.0,0.4,1.0,2.0,1.0,1.0,0.0,2.0,0.4,0.0,3.0,0.0,0.0,0.2,5.0,0.0,5.5,0.0,2.0,33.0,82.0,4.05,3.05,0.073,6.0,6.0,0.0,0.333,2.0,1.0,0.556,0.4,0.375,5.0,0.0,0.0,0.0,3.0,3.7,4.6,0.0,8.0,3.0,3.0,0.4,0.6,2.0,3.0,12.0,0.417,0.4,5.3,,0.0,1.0,0.25,1.0,0.0,BKN,0.0,1.0,1610612751.0,1.0,1.0,1.0,0.25,1.0,1.0,1.0,0.5,0.0,0.5,0.0,,2.0,0.5,0.0,1.0,2.0,0.5,0.5,1.0,0.25,1.0,1.0,1.0,0.0,0.0,0.25,1.0,0.0,,1.0,1.0,,,,,,,,,,,,,,0.0,0.5,0.75,0.0,2.0,0.0,0.0,0.0,0.0,0.0,0.667,3.0,0.0,0.0,0.0,0.0,0.0,,0.0,0.0,0.0,0.0,2.0,,0.0,0.0,0.0,1.0,,0.0,1.0,0.0,1.0,4.0,3.0,0.571,0.675,0.75,0.075,G-F,0.0,0.0,0.75,0.0,0.0,4.0,0.0,0.0,,,0.0,BKN,0.0,0.0,0.0,0.0,0.0,0.0,0.0,0.0,0.0,0.0,0.0,3.0,0.0,0.0,,0.0,0,,,,0,,2025,False,,,,,,,,,,,,,,,,,,,,,,,,,,,,,,,,,,,,,,,,,,,,,,,,,,,,,,,,2.0,1.0,0.0,0.0,2.0,,2.0,2.0,0.0,0.0,5.0,,2.0,0.0,0.0,1.0,1.0,0.0,2.0,1.0,1.0,0.0,1.0,0.0,0.0,0.0,0.0,0.0,0.0,0.0,,0.0,0.0,0.0,82.0,0.0,0.0,0.0,0.0,0.0,,0.0,0.0,1.1,0.8,4.3,4.59,1.9,3.97,,10067.0,105,0.0,0.0,,0.0,,,,,3.0,7.0,0.429,0.479,-0.051,3.0,4.0,0.75,0.635,0.115,24.2
1631097,20241023,Bennedict Mathurin,Bennedict,1610612754,IND,22.0,1,1,0,1.0,27.696666666666665,5,8,0.625,2,3,0.667,7,9,0.778,1,5,6,1,3,0,0,0,3,3,19,8,24.7,0,0,28.0,1,1,1,1,71,47,85,47,30,84,21,8,6,76,59,32,41,109,20,112,91,1,155,40,33,46,84,16,1,51,18.8,102.25,72,98.2,104.9,138,0.33,5.0,91,6.7,20.0,163,86,0.056,147,197,0.75,6.7,143,52,47,6.7,40,138,0.206,82,8.0,197,93,104.9,52,85,0.794,0.157,0.234,85.21,147,88,159,0.043,88,102.25,102.32,61,144,52,98.2,0.139,104.8,39,6.7,0.102,98.2,84,50,120,0.036,0.0,28.0,3.0,2.0,2.0,3.0,0.107,33.0,0.0,0.333,1.0,0.333,0.0,1.0,0.0,0.0,1.0,0.0,0.0,0.5,1.0,2.0,0.333,0.0,3.0,0.0,1.9,0.0,0.0,27.0,42.0,2.69,1.9,0.452,19.0,1.0,0.0,2.0,0.0,0.0,0.4,0.5,0.357,2.0,0.0,0.0,1.0,4.0,0.0,7.8,0.2,14.0,4.0,1.0,0.5,0.385,1.0,1.0,16.0,0.375,0.167,7.8,,,,,,,,,,,,,,,,,1.0,0.5,0.0,0.25,1.0,0.0,4.0,0.375,0.125,1.0,3.0,0.333,0.25,1.0,0.125,2.0,1.25,1.0,1.0,0.125,0.25,2.0,1.0,1.0,1.0,1.0,1.25,1.0,0.25,2.0,0.125,1.0,1.0,1.0,1.0,1.0,0.125,1.0,2.0,8.0,0.0,0.75,0.0,2.0,0.0,0.0,0.0,1.0,2.0,0.5,2.0,1.0,1.0,2.0,0.0,0.0,0.0,1.0,3.0,2.0,0.0,1.0,0.0,0.0,0.0,0.0,0.0,0.0,0.0,0.0,0.667,0.0,4.0,2.0,0.5,0.376,0.5,0.124,G-F,0.0,0.0,0.5,2.0,0.0,2.0,1.0,0.0,0.0,0.0,0.0,IND,0.0,0.0,2.0,0.333,1.0,0.0,1.0,3.0,1.0,1.0,0.0,1.0,0.0,0.0,0.0,0.0,3,1.333,1.0,2.0,3,2.0,2025,False,,,,,,,,,,,,,,,,,,,,,,,,,,,,,,,,,,,,,,,,,,,,,,,,,,,,,,,,1.0,1.0,0.0,0.0,0.0,,1.0,1.0,0.0,0.0,0.0,,1.0,0.0,0.0,0.0,0.0,0.0,1.0,0.0,0.0,0.0,0.0,0.0,0.0,0.0,0.0,0.0,0.0,0.0,,0.0,0.0,0.0,42.0,0.0,0.0,0.0,0.0,0.0,,0.0,0.0,1.1,1.0,4.21,4.6,2.1,3.85,,11223.0,101,1.0,3.0,0.333,2.0,0.0,1.0,0.0,0.333,3.0,8.0,0.375,0.444,-0.069,2.0,4.0,0.5,0.555,-0.055,27.7
1626171,20241023,Bobby Portis,Bobby,1610612749,MIL,29.0,1,1,0,1.0,25.85,7,10,0.7,1,1,1.0,1,1,1.0,1,2,3,3,4,2,1,0,4,1,16,8,29.1,0,0,29.0,1,1,1,1,82,30,63,35,71,151,1,104,136,1,59,105,114,51,10,12,22,1,191,117,43,46,53,16,1,48,22.9,100.27,70,107.4,122.2,176,0.75,7.0,94,14.8,23.5,92,68,0.167,60,207,0.75,14.8,130,98,30,19.8,43,176,0.226,162,10.0,208,55,122.2,70,63,0.766,0.121,0.236,83.56,60,65,78,0.042,65,100.27,103.28,54,63,98,101.8,0.067,121.6,39,17.6,0.056,107.4,164,84,100,0.125,0.0,24.0,4.0,0.0,7.0,3.0,0.125,25.0,0.0,0.0,0.0,0.0,0.0,0.0,0.0,1.0,0.0,0.0,0.0,0.0,0.0,0.0,0.0,0.0,1.0,2.0,1.1,0.0,3.0,24.0,40.0,1.61,0.78,0.4,16.0,6.0,0.0,1.167,1.0,1.0,0.5,0.5,0.5,2.0,0.0,0.0,0.0,2.0,3.4,2.9,0.0,4.0,2.0,0.0,0.5,0.5,1.0,0.0,6.0,0.5,0.333,2.6,,0.0,2.0,0.2,1.0,0.0,MIL,0.0,1.0,1610612749.0,1.0,2.0,2.0,0.2,2.0,1.0,3.0,0.5,0.0,0.6,0.0,,5.0,0.5,0.0,3.0,5.0,0.6,0.6,0.5,0.2,2.0,0.5,1.0,0.0,0.0,0.2,1.0,0.0,,2.0,0.5,1.5,0.0,0.1,1.0,0.1,0.0,1.0,,1.0,1.0,0.0,1.0,1.0,5.0,0.75,0.75,0.0,7.0,0.0,0.0,0.0,1.0,0.0,0.833,6.0,0.0,1.0,1.0,0.0,1.0,0.0,1.0,2.0,0.0,1.0,5.0,0.0,1.0,0.0,1.0,0.0,0.0,0.0,1.0,0.5,0.0,5.0,2.0,0.357,0.522,0.4,-0.122,F,1.0,0.0,0.833,0.0,0.0,6.0,2.0,,0.0,0.0,0.0,MIL,1.0,,0.0,1.0,0.0,,0.0,2.0,0.0,0.0,0.0,5.0,0.0,0.0,0.0,0.0,2,1.25,1.0,1.0,2,1.0,2025,False,,,,,,,,,,,,,,,,,,,,,,,,,,,,,,,,,,,,,,,,,,,,,,,,,,,,,,,,0.0,0.0,0.0,0.0,0.0,,1.0,9.0,0.0,0.0,0.0,,8.0,1.0,0.0,0.0,0.0,0.0,0.0,0.0,0.0,0.0,0.0,0.0,0.0,0.0,0.0,2.0,0.0,0.0,,0.0,0.0,0.0,40.0,0.0,0.0,0.0,0.0,2.0,,0.0,1.0,1.1,0.9,4.34,4.93,2.0,3.79,,10660.0,102,0.0,2.0,0.0,0.0,0.0,0.0,,0.0,7.0,14.0,0.5,0.448,0.053,2.0,5.0,0.4,0.623,-0.223,25.9
203992,20241023,Bogdan Bogdanović,Bogdan,1610612737,ATL,32.0,1,1,0,1.0,27.83333333333333,2,6,0.333,2,6,0.333,2,2,1.0,0,2,2,2,2,0,2,0,3,1,8,-3,17.4,0,0,18.0,1,1,1,1,69,128,112,158,30,30,79,66,82,1,127,105,132,78,40,112,9,1,155,117,110,142,128,16,1,116,18.4,109.51,160,115.9,109.4,49,1.0,2.0,127,-6.5,18.2,88,159,0.1,120,195,0.5,-6.5,29,134,128,-0.2,105,49,0.132,168,6.0,194,119,109.4,108,112,0.581,0.035,0.133,91.26,120,146,121,0.0,146,109.51,111.99,64,118,134,110.2,0.059,110.0,106,18.2,0.033,115.9,182,175,63,0.111,1.0,18.0,4.0,0.0,7.0,3.0,0.167,22.0,0.0,0.667,0.0,0.0,1.0,0.0,0.0,0.0,0.0,0.0,0.0,0.0,2.0,0.0,0.0,0.333,3.0,0.0,1.0,0.0,0.0,21.0,29.0,1.98,1.38,0.276,8.0,0.0,0.0,0.0,0.0,0.0,0.333,0.0,0.4,1.0,0.0,0.0,1.0,1.0,0.0,5.2,0.5,5.0,1.0,0.0,0.0,0.4,1.0,0.0,6.0,0.333,0.5,5.2,,,,,,,,,,,,,,,,,0.0,0.333,1.0,0.5,2.0,0.5,2.0,0.0,0.333,1.0,0.0,,0.75,,0.0,4.0,0.375,0.0,4.0,0.667,0.667,1.0,1.0,0.25,0.0,0.25,,,,,,,,,,,,,,6.0,0.0,0.5,0.0,0.0,0.0,0.0,0.0,0.333,3.0,0.0,0.0,0.333,3.0,0.0,3.0,0.0,0.0,0.0,0.0,1.0,1.0,0.0,0.0,0.0,0.333,0.333,0.0,0.0,1.0,0.0,0.0,0.0,5.0,2.0,0.385,0.58,0.4,-0.18,G,0.0,0.0,0.0,1.0,0.0,0.0,1.0,0.0,0.0,0.0,0.0,ATL,0.0,0.0,3.0,0.333,0.0,0.0,0.0,3.0,0.0,0.333,0.0,0.0,0.0,0.0,0.0,0.0,2,0.5,0.333,6.0,6,2.0,2025,False,,,,,,,,,,,,,,,,,,,,,,,,,,,,,,,,,,,,,,,,,,,,,,,,,,,,,,,,0.0,0.0,0.0,0.0,2.0,,0.0,7.0,0.0,0.0,4.0,,4.0,3.0,0.0,0.0,0.0,0.0,0.0,0.0,0.0,0.0,0.0,0.0,0.0,0.0,0.0,0.0,0.0,0.0,,0.0,0.0,0.0,29.0,0.0,0.0,0.0,0.0,0.0,,0.0,0.0,1.1,1.1,4.38,4.88,2.2,3.99,,11452.0,105,0.0,0.0,,0.0,0.0,0.0,,,6.0,13.0,0.462,0.419,0.043,2.0,5.0,0.4,0.56,-0.16,27.8
203078,20241023,Bradley Beal,Bradley,1610612756,PHX,31.0,1,1,0,1.0,38.46666666666667,8,12,0.667,4,6,0.667,4,5,0.8,0,3,3,1,2,1,1,0,1,3,24,-1,33.1,0,0,36.0,1,1,1,1,5,18,44,36,9,30,21,31,36,70,127,71,114,109,40,41,22,1,47,40,19,123,38,16,1,28,11.6,102.95,105,106.1,103.6,125,0.5,8.0,127,-2.5,11.8,171,109,0.053,154,149,0.833,-2.5,151,91,18,2.3,33,125,0.182,156,12.0,150,110,103.6,88,44,0.845,0.157,0.195,85.79,154,127,162,0.0,127,102.95,101.75,83,130,91,105.0,0.071,107.2,32,5.9,0.042,106.1,175,49,106,0.038,1.0,26.0,3.0,0.0,4.0,2.0,0.077,31.0,2.0,0.3,2.0,0.8,2.0,8.0,0.667,3.0,4.0,1.0,0.1,1.0,3.0,4.0,0.2,0.2,10.0,0.0,2.8,0.0,1.0,21.0,42.0,4.05,3.9,0.571,24.0,0.0,2.0,0.0,0.0,0.0,1.0,0.0,0.75,1.0,0.0,0.0,1.0,2.0,0.0,4.6,0.333,4.0,2.0,1.0,0.0,1.0,1.0,1.0,4.0,0.75,0.333,4.6,,0.0,1.0,0.083,1.0,0.0,PHX,0.0,1.0,1610612756.0,1.0,1.0,1.0,0.083,1.0,1.0,2.0,0.25,1.0,1.0,1.0,1.0,3.0,0.167,0.083,3.0,2.0,1.0,1.167,0.333,0.25,6.0,0.667,1.0,3.0,0.25,0.5,3.0,2.0,0.667,3.0,0.5,0.75,0.0,0.167,2.0,0.167,0.0,1.0,,2.0,0.5,0.0,0.5,1.0,11.0,0.0,0.833,2.0,0.0,0.0,0.0,1.0,0.8,4.0,0.75,4.0,0.75,2.0,0.0,0.0,1.0,0.0,2.0,1.0,3.0,1.0,3.0,0.0,0.5,0.0,0.5,1.0,0.0,0.0,1.0,0.0,1.0,7.0,4.0,0.333,0.554,0.571,0.017,G,0.0,1.0,0.75,3.0,0.0,4.0,1.0,,0.0,0.0,1.0,PHX,1.0,,3.0,0.5,0.0,,1.0,2.0,0.0,1.0,0.0,3.0,0.0,1.0,0.0,0.0,4,1.1,0.75,4.0,5,3.0,2025,False,,,,,,,,,,,,,,,,,,,,,,,,,,,,,,,,,,,,,,,,,,,,,,,,,,,,,,,,0.0,0.0,0.0,0.0,0.0,,1.0,10.0,0.0,0.0,0.0,,5.0,5.0,0.0,0.0,0.0,0.0,0.0,0.0,0.0,0.0,0.0,0.0,0.0,0.0,0.0,0.0,0.0,0.0,,0.0,0.0,0.0,42.0,0.0,0.0,0.0,0.0,0.0,,0.0,0.0,1.5,1.4,4.2,4.25,2.9,4.14,,15342.0,113,1.0,3.0,0.333,3.0,1.0,2.0,0.5,0.5,9.0,21.0,0.429,0.458,-0.03,4.0,7.0,0.571,0.598,-0.026,38.5
1641764,20241023,Brandin Podziemski,Brandin,1610612744,GSW,21.0,1,1,0,1.0,24.933333333333334,0,5,0.0,0,4,0.0,0,0,0.0,4,3,7,4,3,1,0,0,3,2,0,35,14.4,0,0,13.0,1,1,1,1,97,203,130,203,124,69,124,136,143,136,4,71,32,31,20,41,91,1,155,78,209,2,144,16,1,146,25.0,104.92,171,101.8,168.5,99,1.33,0.0,10,66.7,25.0,26,171,0.125,3,213,0.0,66.7,85,69,203,69.4,209,99,0.121,132,5.0,212,9,168.5,55,130,0.0,-0.008,0.127,87.43,3,10,105,0.19,10,104.92,106.15,54,11,69,99.4,0.097,168.8,203,33.3,0.135,101.8,44,209,59,0.114,1.0,35.0,6.0,0.0,12.0,5.0,0.143,29.0,0.0,1.0,0.0,0.0,0.0,0.0,0.0,0.0,0.0,1.0,0.333,0.0,3.0,0.0,0.0,0.0,3.0,0.0,2.0,0.0,1.0,22.0,45.0,2.61,1.96,0.0,0.0,4.0,0.0,0.0,0.0,0.0,0.7,0.667,0.5,6.0,0.0,4.0,1.0,2.0,9.9,7.3,0.333,6.0,6.0,1.0,0.667,0.6,1.0,1.0,11.0,0.636,0.143,3.8,,,,,,,,,,,,,,,,,,,,,,,,,,,,,,0.0,0.2,1.0,0.0,0.0,0.0,0.0,0.2,0.0,0.0,,1.0,0.0,0.0,0.0,0.8,4.0,0.8,0.0,0.0,,4.0,0.0,0.0,0.0,0.0,0.0,0.0,0.0,0.0,0.0,0.0,0.0,0.0,0.0,2.0,0.0,1.0,0.0,2.0,0.0,0.0,0.0,0.0,2.0,0.0,0.0,0.0,0.0,0.0,0.0,0.0,0.0,0.0,0.0,0.0,0.0,0.0,0.0,6.0,2.0,0.6,0.507,0.333,-0.174,G,0.0,0.0,0.0,0.0,0.0,1.0,0.0,,0.0,0.0,0.0,GSW,0.0,,2.0,0.0,0.0,,0.0,2.0,0.0,0.0,0.0,0.0,0.0,0.0,0.0,0.0,0,0.0,0.0,4.0,4,0.0,2025,False,,,,,,,,,,,,,,,,,,,,,,,,,,,,,,,,,,,,,,,,,,,,,,,,,,,,,,,,1.0,1.0,0.0,1.0,1.0,,1.0,2.0,0.0,2.0,3.0,,0.0,2.0,0.0,1.0,1.0,0.0,1.0,1.0,1.0,1.0,1.0,0.0,0.0,0.0,0.0,0.0,0.0,0.0,,0.0,0.0,0.0,45.0,0.0,0.0,0.0,0.0,0.0,,0.0,0.0,1.1,1.0,4.61,5.14,2.1,4.14,,10947.0,109,0.0,0.0,,0.0,0.0,0.0,,,2.0,10.0,0.2,0.429,-0.229,2.0,6.0,0.333,0.543,-0.21,24.9
1629634,20241023,Brandon Clarke,Brandon,1610612763,MEM,28.0,1,1,0,1.0,13.683333333333334,1,5,0.2,0,2,0.0,0,0,0.0,1,2,3,1,1,0,0,2,1,0,2,11,6.1,0,0,6.0,1,1,1,1,172,165,130,194,124,109,124,136,143,136,59,105,114,109,79,112,91,208,47,174,183,36,191,16,1,188,14.3,108.75,112,78.1,120.0,60,1.0,1.0,56,41.9,14.3,113,109,0.083,63,168,0.2,41.9,36,16,165,50.2,201,60,0.182,134,5.0,165,18,120.0,11,130,0.2,-0.011,0.187,90.62,63,28,133,0.077,28,108.75,110.57,30,57,16,73.6,0.095,123.8,194,14.3,0.088,78.1,99,212,63,0.2,0.0,5.0,2.0,0.0,3.0,1.0,0.2,8.0,1.0,0.5,0.0,1.0,0.0,2.0,1.0,1.0,0.0,0.0,0.0,0.0,1.0,0.0,0.0,0.0,2.0,0.0,0.3,0.0,1.0,8.0,11.0,1.53,1.18,0.182,2.0,3.0,0.0,0.0,1.0,1.0,0.5,0.5,0.286,2.0,0.0,0.0,1.0,1.0,6.6,5.5,0.5,7.0,1.0,3.0,0.5,0.5,2.0,3.0,9.0,0.333,0.667,5.0,,,,,,,,,,,,,,,,,1.0,0.6,0.0,0.333,0.0,,3.0,0.6,0.0,1.0,3.0,0.333,0.333,,0.0,1.0,0.0,0.0,1.0,0.2,0.2,0.0,0.0,0.0,0.0,0.0,0.0,0.0,0.2,1.0,0.2,0.0,0.0,,1.0,0.0,0.0,0.0,0.0,0.0,0.0,0.2,0.0,0.0,0.0,0.0,0.0,0.0,1.0,0.0,0.0,0.0,1.0,0.0,0.0,0.0,0.0,1.0,0.0,0.0,0.0,0.0,0.0,0.0,0.0,0.0,0.333,0.0,0.0,3.0,0.0,1.0,1.0,0.0,0.2,0.56,0.0,-0.56,F,2.0,0.0,0.0,0.0,1.0,0.0,0.0,0.0,0.0,0.0,,MEM,1.0,0.0,0.0,0.0,0.0,0.0,0.0,2.0,0.0,0.0,,0.0,0.5,0.0,0.0,,0,0.0,0.0,2.0,2,0.0,2025,False,,,,,,,,,,,,,,,,,,,,,,,,,,,,,,,,,,,,,,,,,,,,,,,,,,,,,,,,1.0,0.0,1.0,0.0,1.0,,0.0,2.0,1.0,0.0,3.0,,2.0,0.0,0.0,0.0,0.0,0.0,0.0,0.0,0.0,0.0,0.0,0.0,0.0,0.0,0.0,0.0,0.0,0.0,,0.0,0.0,0.0,11.0,0.0,0.0,0.0,0.0,0.0,,0.0,0.0,0.5,0.6,4.4,4.44,1.1,4.37,,5627.0,105,0.0,0.0,,0.0,0.0,0.0,,,1.0,5.0,0.2,0.415,-0.215,0.0,1.0,0.0,0.626,-0.626,13.7
1627742,20241023,Brandon Ingram,Brandon,1610612740,NOP,27.0,1,1,0,1.0,31.466666666666665,13,23,0.565,3,5,0.6,4,4,1.0,2,5,7,2,3,2,1,1,4,3,33,18,50.4,0,0,51.0,1,1,1,1,39,2,5,62,20,47,29,31,45,1,33,32,32,78,20,12,22,153,191,40,4,14,8,16,1,7,10.1,106.02,6,88.6,115.9,85,0.67,13.0,68,27.4,10.0,163,5,0.125,94,139,0.63,27.4,52,29,2,27.0,78,85,0.373,94,23.0,138,36,115.9,25,5,0.666,0.207,0.377,88.35,94,34,105,0.063,34,106.02,108.61,69,107,29,86.4,0.132,113.3,68,6.7,0.1,88.6,86,27,102,0.041,0.0,49.0,5.0,2.0,6.0,4.0,0.082,64.0,2.0,0.364,2.0,0.727,2.0,8.0,0.667,3.0,4.0,1.0,0.091,1.0,4.0,4.0,0.182,0.182,11.0,6.0,4.5,1.0,3.0,48.0,79.0,3.41,2.46,0.418,33.0,6.0,0.0,1.333,1.0,0.5,0.538,0.5,0.5,4.0,0.0,1.0,1.0,4.0,5.0,4.9,0.2,10.0,5.0,0.0,0.5,0.5,2.0,0.0,13.0,0.538,0.286,4.8,,0.0,1.0,0.043,1.0,0.0,NOP,0.0,1.0,1610612740.0,1.0,1.0,1.0,0.043,1.0,1.0,5.0,0.435,1.0,0.6,1.0,1.0,10.0,0.391,0.043,6.0,9.0,0.556,0.65,0.333,0.261,9.0,0.389,2.0,3.0,0.13,0.391,3.0,1.0,0.333,6.0,0.333,1.167,2.0,0.13,3.0,0.043,2.0,1.0,1.0,1.0,1.0,0.087,1.0,3.0,3.0,0.667,0.63,0.0,8.0,0.5,6.0,0.0,0.333,5.0,1.0,6.0,0.6,0.0,2.0,0.0,0.0,0.0,0.0,7.0,3.0,0.0,6.0,0.0,0.0,0.0,0.0,0.4,0.0,0.0,5.0,0.286,2.0,2.0,1.0,0.2,0.714,0.5,-0.214,F,3.0,0.4,1.0,2.0,1.0,6.0,1.0,0.0,0.0,0.0,0.0,NOP,5.0,0.0,3.0,0.333,1.0,0.0,3.0,3.0,0.333,0.667,0.0,6.0,0.333,2.0,0.0,0.0,1,0.75,0.5,2.0,2,1.0,2025,False,,,,,,,,,,,,,,,,,,,,,,,,,,,,,,,,,,,,,,,,,,,,,,,,,,,,,,,,1.0,1.0,0.0,0.0,0.0,,1.0,5.0,0.0,0.0,0.0,,2.0,3.0,0.0,0.0,0.0,0.0,1.0,0.0,0.0,0.0,0.0,0.0,0.0,6.0,0.0,6.0,0.0,0.0,,0.0,0.0,1.0,79.0,0.0,0.5,3.0,6.0,0.0,,0.0,0.0,1.3,1.1,4.29,4.57,2.4,4.0,,12666.0,108,5.0,10.0,0.5,12.0,2.0,3.0,0.667,0.6,2.0,10.0,0.2,0.461,-0.261,1.0,2.0,0.5,0.642,-0.142,31.5
1641706,20241023,Brandon Miller,Brandon,1610612766,CHA,21.0,1,1,0,1.0,10.733333333333333,2,4,0.5,1,2,0.5,1,1,1.0,1,0,1,1,1,1,0,0,0,1,6,-6,10.7,0,0,11.0,1,1,1,1,188,128,147,68,71,109,37,104,136,1,59,197,173,109,79,41,91,1,1,117,137,169,167,16,1,158,15.5,102.86,92,95.7,69.6,126,1.0,2.0,68,-26.1,16.7,97,101,0.333,224,175,0.625,-26.1,123,43,128,-25.9,70,126,0.192,197,4.0,177,189,69.6,42,147,0.676,0.172,0.208,85.71,224,188,24,0.063,188,102.86,103.75,23,223,43,94.8,0.0,69.0,69,16.7,0.033,95.7,182,41,63,0.1,0.0,10.0,3.0,0.0,3.0,1.0,0.1,10.0,0.0,0.0,0.0,0.0,1.0,0.0,0.0,1.0,0.0,0.0,0.0,0.0,0.0,0.0,0.0,0.5,2.0,0.0,0.8,0.0,1.0,7.0,15.0,3.03,2.53,0.4,6.0,1.0,0.0,0.0,1.0,1.0,0.333,1.0,0.0,1.0,0.0,0.0,0.0,0.0,6.5,6.5,0.0,2.0,0.0,0.0,1.0,0.0,1.0,0.0,3.0,0.333,1.0,0.0,,,,,,,,,,,,,,,,,1.0,0.75,0.0,0.333,1.0,0.0,3.0,0.5,0.25,1.0,2.0,0.5,0.333,,,,,,,,,,,,,,1.5,0.0,0.25,1.0,0.25,0.0,1.0,,1.0,1.0,0.0,1.0,1.0,3.0,0.0,0.625,0.0,0.0,0.0,0.0,0.0,0.5,2.0,0.0,0.0,0.5,0.0,0.0,,0.0,,0.0,1.0,1.0,0.0,0.0,,0.0,,0.0,1.0,,,1.0,0.0,1.0,1.0,1.0,0.5,0.714,1.0,0.286,F,1.0,0.0,1.0,1.0,0.0,1.0,0.0,0.0,,,0.0,CHA,0.0,0.0,2.0,0.0,0.0,0.0,0.0,0.0,0.0,0.5,0.0,1.0,0.0,0.0,,0.0,1,0.75,0.5,2.0,2,1.0,2025,False,,,,,,,,,,,,,,,,,,,,,,,,,,,,,,,,,,,,,,,,,,,,,,,,,,,,,,,,1.0,0.0,1.0,0.0,0.0,,0.0,1.0,1.0,0.0,0.0,,0.0,1.0,0.0,1.0,1.0,0.0,0.0,1.0,1.0,0.0,1.0,0.0,0.0,0.0,0.0,0.0,0.0,0.0,,0.0,0.0,0.0,15.0,0.0,0.0,0.0,0.0,0.0,,0.0,0.0,0.5,0.3,4.32,4.95,0.8,3.55,,4262.0,96,0.0,0.0,,0.0,0.0,0.0,,,1.0,2.0,0.5,0.426,0.075,1.0,1.0,1.0,0.59,0.41,10.7
1641729,20241023,Brice Sensabaugh,Brice,1610612762,UTA,21.0,1,0,1,0.0,12.316666666666666,1,2,0.5,0,0,0.0,1,2,0.5,2,0,2,0,0,2,0,1,1,1,3,-12,11.4,0,0,9.0,1,122,122,122,182,165,186,68,124,184,124,104,82,105,33,197,132,176,142,12,91,153,47,117,169,197,162,16,1,172,0.0,109.12,212,114.3,71.4,53,0.0,1.0,37,-42.9,0.0,176,208,0.0,223,1,0.5,-42.9,22,122,165,-48.0,125,53,0.081,197,2.0,1,216,71.4,129,186,0.521,0.072,0.078,90.93,223,211,176,0.1,211,109.12,112.71,28,224,122,114.8,0.0,66.8,106,0.0,0.065,114.3,142,134,125,0.0,0.0,12.0,0.0,0.0,0.0,0.0,0.0,8.0,1.0,0.571,1.0,0.429,0.0,3.0,0.5,2.0,1.0,0.0,0.0,0.5,4.0,2.0,0.143,0.0,7.0,0.0,0.6,0.0,1.0,9.0,15.0,2.59,1.67,0.2,3.0,0.0,0.0,0.0,0.0,0.0,0.4,0.667,0.0,3.0,0.0,2.0,0.0,0.0,19.9,19.9,0.0,2.0,2.0,0.0,0.667,0.0,0.0,0.0,5.0,0.4,0.0,0.0,,0.0,1.0,0.5,0.0,0.0,UTA,0.0,0.0,1610612762.0,1.0,1.0,0.0,0.5,0.0,0.0,1.0,0.5,0.0,1.0,0.0,,1.0,0.5,0.0,1.0,1.0,1.0,1.0,,,,,,,,,,,,,,,,,,,,,,,,,,,0.0,0.0,0.5,0.0,0.0,0.0,0.0,0.0,0.0,0.0,0.0,0.0,0.0,0.0,0.0,0.0,0.0,0.0,0.0,0.0,0.0,0.0,0.0,0.0,0.0,0.0,0.0,0.5,0.0,0.0,2.0,0.0,1.0,1.0,1.0,0.5,0.846,1.0,0.154,F,2.0,0.0,0.0,0.0,1.0,0.0,0.0,0.0,0.0,0.0,,UTA,0.0,0.0,0.0,0.0,0.0,0.0,0.0,0.0,0.0,0.0,,0.0,0.5,0.0,0.0,,0,,,,0,,2025,False,,,,,,,,,,,,,,,,,,,,,,,,,,,,,,,,,,,,,,,,,,,,,,,,,,,,,,,,2.0,1.0,0.0,0.0,0.0,,3.0,0.0,0.0,0.0,0.0,,0.0,0.0,0.0,0.0,0.0,0.0,2.0,0.0,0.0,0.0,0.0,0.0,0.0,0.0,0.0,0.0,0.0,0.0,,0.0,0.0,0.0,15.0,0.0,0.0,0.0,0.0,0.0,,0.0,0.0,0.5,0.5,4.51,4.05,1.0,5.09,,5268.0,104,0.0,0.0,,0.0,,,,,2.0,2.0,1.0,0.481,0.52,1.0,1.0,1.0,0.715,0.285,12.3
201572,20241023,Brook Lopez,Brook,1610612749,MIL,36.0,1,1,0,1.0,35.53333333333333,3,11,0.273,1,6,0.167,3,4,0.75,1,7,8,6,4,0,6,0,4,4,10,18,42.6,0,0,37.0,1,1,1,1,16,98,54,183,71,30,114,51,45,80,59,19,22,17,10,112,1,1,191,25,95,14,20,16,1,26,17.6,104.69,95,103.9,125.6,103,1.5,3.0,104,21.7,17.4,54,90,0.194,52,192,0.318,21.7,112,78,98,26.1,178,103,0.205,85,11.0,191,39,125.6,77,54,0.392,0.069,0.206,87.24,52,44,68,0.036,44,104.69,104.26,78,41,78,102.4,0.137,128.5,184,26.1,0.101,103.9,85,139,49,0.261,0.0,23.0,6.0,0.0,15.0,6.0,0.261,27.0,0.0,0.0,0.0,0.0,0.0,0.0,0.0,0.0,0.0,0.0,0.0,0.0,0.0,0.0,0.0,0.0,0.0,0.0,0.8,0.0,4.0,28.0,37.0,1.32,0.32,0.27,10.0,5.0,0.5,1.2,1.0,1.0,0.667,0.5,0.467,2.0,0.0,0.0,4.0,3.0,3.1,5.7,0.571,15.0,3.0,4.0,0.5,0.636,5.0,4.0,16.0,0.5,0.625,6.1,,,,,,,,,,,,,,,,,2.0,0.273,0.0,0.667,0.0,,3.0,0.273,0.0,2.0,3.0,0.667,0.667,0.0,0.182,4.0,0.0,0.0,2.0,0.182,0.364,0.0,0.0,0.0,2.0,0.0,0.375,0.0,0.364,4.0,0.364,0.0,1.0,,4.0,0.25,0.0,0.25,1.0,3.0,0.667,0.318,2.0,6.0,0.0,0.0,0.0,0.125,6.0,0.667,3.0,0.167,0.0,0.0,0.0,0.0,0.0,0.0,0.0,1.0,0.0,2.0,0.0,0.0,0.0,0.0,0.0,0.0,0.0,2.0,0.0,0.0,14.0,7.0,0.667,0.538,0.5,-0.038,C,1.0,0.0,0.5,1.0,0.0,4.0,0.0,,0.0,0.0,0.0,MIL,0.0,,6.0,0.0,0.0,,0.0,0.0,0.0,0.167,0.0,2.0,0.0,0.0,0.0,0.0,1,0.188,0.167,6.0,8,1.0,2025,False,,,,,,,,,,,,,,,,,,,,,,,,,,,,,,,,,,,,,,,,,,,,,,,,,,,,,,,,1.0,0.0,1.0,0.75,6.0,,1.0,24.0,1.0,0.0,16.0,,23.0,1.0,0.0,4.0,1.0,0.0,0.0,4.0,1.0,3.0,4.0,0.0,0.0,0.0,0.0,0.0,0.0,0.0,,0.0,0.0,0.0,37.0,0.0,0.0,0.0,0.0,0.0,,0.0,0.0,1.3,1.2,3.89,4.22,2.5,3.61,,13052.0,102,0.0,0.0,,0.0,0.0,0.0,,,11.0,21.0,0.524,0.469,0.054,7.0,14.0,0.5,0.591,-0.091,35.5
1628981,20241023,Bruno Fernando,Bruno,1610612761,TOR,26.0,1,0,1,0.0,15.416666666666666,3,6,0.5,0,0,0.0,0,0,0.0,2,5,7,1,1,0,0,0,4,0,6,-10,14.9,0,0,14.0,1,122,122,122,156,98,112,68,124,184,124,136,143,136,33,32,32,109,79,112,91,1,191,174,137,186,141,16,1,141,12.5,104.3,108,144.1,118.2,106,1.0,3.0,24,-25.9,12.5,129,112,0.1,76,153,0.5,-25.9,120,221,98,-23.5,137,106,0.179,8,6.0,152,184,118.2,219,112,0.5,0.065,0.192,86.92,76,187,121,0.133,187,104.3,103.8,33,71,221,143.4,0.385,119.9,106,12.5,0.25,144.1,3,144,63,0.059,0.0,17.0,0.0,0.0,2.0,1.0,0.059,14.0,0.0,0.0,0.0,0.0,0.0,0.0,0.0,0.0,0.0,0.0,0.0,0.0,0.0,0.0,0.0,0.0,0.0,0.0,0.5,0.0,3.0,15.0,25.0,1.11,0.32,0.24,6.0,4.0,0.667,1.5,2.0,1.0,0.583,0.286,0.625,7.0,0.0,0.0,1.0,4.0,0.8,3.2,0.2,8.0,4.0,1.0,0.286,0.714,3.0,1.0,13.0,0.538,0.429,4.2,,0.0,1.0,0.167,1.0,0.0,TOR,0.0,1.0,1610612761.0,1.0,1.0,1.0,0.167,1.0,1.0,2.0,0.5,0.0,0.667,0.0,,3.0,0.5,0.0,2.0,3.0,0.667,0.667,0.0,0.333,2.0,0.0,0.0,0.0,0.0,0.333,0.0,0.0,,2.0,0.0,,,,,,,,,,,,,,0.0,0.75,0.5,2.0,6.0,0.0,0.0,0.333,0.0,0.0,0.5,4.0,0.0,0.0,0.0,0.0,0.0,0.0,0.0,0.0,0.0,0.0,2.0,0.0,0.0,0.0,0.0,0.5,0.0,0.0,2.0,0.0,1.0,5.0,3.0,0.625,0.654,0.6,-0.054,F-C,1.0,0.0,0.5,0.0,1.0,4.0,0.0,,0.0,0.0,,TOR,1.0,,0.0,0.0,0.0,,0.0,0.0,0.0,0.0,,2.0,1.0,0.0,0.0,,0,,,,0,,2025,False,,,,,,,,,,,,,,,,,,,,,,,,,,,,,,,,,,,,,,,,,,,,,,,,,,,,,,,,0.0,0.0,0.0,0.0,1.0,,0.0,2.0,0.0,0.0,2.0,,2.0,0.0,1.0,0.0,0.0,1.0,0.0,1.0,1.0,0.0,1.0,0.0,0.0,0.0,0.0,0.0,0.0,0.0,,0.0,0.0,0.0,25.0,0.0,0.0,0.0,0.0,0.0,,0.0,0.0,0.6,0.6,4.28,4.7,1.2,3.93,,6162.0,103,0.0,1.0,0.0,0.0,,,,0.0,4.0,8.0,0.5,0.526,-0.026,3.0,5.0,0.6,0.676,-0.076,15.4
