Minutes,OffPoss,DefPoss,PenaltyOffPoss,PenaltyDefPoss,SecondChanceOffPoss,TotalPoss,AtRimFGM,AtRimFGA,SecondChanceAtRimFGM,SecondChanceAtRimFGA,PenaltyAtRimFGM,PenaltyAtRimFGA,ShortMidRangeFGM,ShortMidRangeFGA,LongMidRangeFGM,LongMidRangeFGA,Corner3FGA,Arc3FGM,Arc3FGA,SecondChanceArc3FGM,SecondChanceArc3FGA,PenaltyArc3FGM,PenaltyArc3FGA,FG2M,FG2A,FG3M,FG3A,FtPoints,Points,SecondChanceFG2M,SecondChanceFG2A,SecondChanceFG3M,SecondChanceFG3A,SecondChancePoints,PenaltyFG2M,PenaltyFG2A,PenaltyFG3M,PenaltyFG3A,PenaltyFtPoints,PenaltyPoints,PtsAssisted2s,PtsUnassisted2s,PtsAssisted3s,PtsUnassisted3s,PtsPutbacks,NonHeaveArc3FGA,NonHeaveArc3FGM,Fg2aBlocked,TwoPtAssists,ThreePtAssists,Assists,Arc3Assists,AtRimAssists,ShortMidRangeAssists,LongMidRangeAssists,AssistPoints,OffThreePtRebounds,OffTwoPtRebounds,FTOffRebounds,DefThreePtRebounds,DefTwoPtRebounds,FTDefRebounds,DefRebounds,OffRebounds,Rebounds,SelfOReb,Steals,BadPassSteals,LostBallSteals,LiveBallTurnovers,BadPassOutOfBoundsTurnovers,BadPassTurnovers,DeadBallTurnovers,Travels,Turnovers,SecondChanceTurnovers,PenaltyTurnovers,ShootingFouls,Fouls,Loose Ball Fouls,FoulsDrawn,Charge Fouls Drawn,Loose Ball Fouls Drawn,Offensive Fouls Drawn,FTA,2pt And 1 Free Throw Trips,TwoPtShootingFoulsDrawn,NonShootingFoulsDrawn,Blocked2s,Blocked3s,BlockedAtRim,BlockedCorner3,BlockedShortMidRange,Blocks,RecoveredBlocks,FirstChancePoints,PenaltyPointsExcludingTakeFouls,PenaltyOffPossExcludingTakeFouls,NonShootingPenaltyNonTakeFouls,NonShootingPenaltyNonTakeFoulsDrawn,Assisted2sPct,NonPutbacksAssisted2sPct,Assisted3sPct,Fg3Pct,SecondChanceFg3Pct,PenaltyFg3Pct,NonHeaveFg3Pct,Fg2Pct,SecondChanceFg2Pct,PenaltyFg2Pct,EfgPct,SecondChanceEfgPct,PenaltyEfgPct,TsPct,SecondChanceTsPct,PenaltyTsPct,FG3APct,FG2APctBlocked,AtRimPctBlocked,LiveBallTurnoverPct,DefFTReboundPct,OffFTReboundPct,DefTwoPtReboundPct,OffTwoPtReboundPct,DefThreePtReboundPct,OffThreePtReboundPct,DefFGReboundPct,OffFGReboundPct,OffAtRimReboundPct,OffShortMidRangeReboundPct,OffLongMidRangeReboundPct,OffArc3ReboundPct,OffCorner3ReboundPct,DefAtRimReboundPct,DefShortMidRangeReboundPct,DefLongMidRangeReboundPct,DefArc3ReboundPct,DefCorner3ReboundPct,SelfORebPct,Pace,BlocksRecoveredPct,SecondsPerPossOff,SecondsPerPossDef,SecondsExcludingORebsPerPossOff,SecondsExcludingORebsPerPossDef,AtRimFrequency,AtRimAccuracy,UnblockedAtRimAccuracy,AtRimPctAssisted,ShortMidRangeFrequency,ShortMidRangeAccuracy,UnblockedShortMidRangeAccuracy,ShortMidRangePctAssisted,LongMidRangeFrequency,LongMidRangeAccuracy,UnblockedLongMidRangeAccuracy,LongMidRangePctAssisted,Corner3Frequency,Arc3Frequency,Arc3Accuracy,UnblockedArc3Accuracy,Arc3PctAssisted,SecondChanceAtRimFrequency,SecondChanceAtRimAccuracy,SecondChanceAtRimPctAssisted,SecondChanceArc3Frequency,SecondChanceArc3Accuracy,SecondChanceArc3PctAssisted,PenaltyAtRimFrequency,PenaltyAtRimAccuracy,PenaltyArc3Frequency,PenaltyArc3Accuracy,AtRimFG3AFrequency,NonHeaveArc3Accuracy,ShotQualityAvg,SecondChanceShotQualityAvg,PenaltyShotQualityAvg,ShootingFoulsDrawnPct,TwoPtShootingFoulsDrawnPct,SecondChancePointsPct,PenaltyPointsPct,Avg2ptShotDistance,Avg3ptShotDistance,PenaltyOffPossPct,Date,GameId,Opponent,Corner3FGM,PenaltyCorner3FGA,SecondChanceFtPoints,HeaveAttempts,Corner3Assists,LostBallOutOfBoundsTurnovers,LostBallTurnovers,Offensive Fouls,ShortMidRangePctBlocked,Corner3Accuracy,UnblockedCorner3Accuracy,Corner3PctAssisted,PenaltyCorner3Frequency,SecondChanceCorner3FGM,SecondChanceCorner3FGA,PenaltyCorner3FGM,Charge Fouls,DefensiveGoaltends,Defensive 3 Seconds Violations,SecondChanceCorner3Frequency,SecondChanceCorner3Accuracy,SecondChanceCorner3PctAssisted,PenaltyCorner3Accuracy,Technical Free Throw Trips,Fg3aBlocked,ThreePtShootingFoulsDrawn,FG3APctBlocked,Corner3PctBlocked,ThreePtShootingFoulsDrawnPct,Transition Take Fouls,LongMidRangePctBlocked,3pt And 1 Free Throw Trips,BlockedArc3,BlockedLongMidRange,Arc3PctBlocked,StepOutOfBoundsTurnovers,Transition Take Fouls Drawn,Clear Path Fouls,OffensiveGoaltends,Season,year,SeasonType
48:00,95,94,29,20,16,189,23,35,6.0,10.0,4.0,7.0,11,22,3.0,8,4,5,26,1.0,5.0,2.0,9.0,37,65,5,30,21,110,8,13,1.0,5.0,19,7.0,12,2.0,9.0,8.0,28.0,36,38,12,3.0,10.0,26,5,1,18,4,22,4,13,4.0,1.0,48,7.0,11,1.0,18,13,3.0,34,19,53,3.0,7,6,1.0,4,2.0,4.0,3,1.0,7,1.0,5.0,9,22,4.0,22,1.0,1.0,1.0,25,3.0,11,3.0,6,2.0,5.0,2.0,1.0,8,6.0,91,28.0,29,5.0,3.0,0.4864864864864865,0.5625,0.8,0.16666666666666666,0.2,0.2222222222222222,0.16666666666666666,0.5692307692307692,0.6153846153846154,0.5833333333333334,0.46842105263157896,0.5277777777777778,0.47619047619047616,0.5188679245283019,0.5277777777777778,0.5384615384615384,0.3157894736842105,0.015384615384615385,0.02857142857142857,0.5714285714285714,0.75,0.3333333333333333,0.6190476190476191,0.39285714285714285,0.6428571428571429,0.30434782608695654,0.6326530612244898,0.35294117647058826,0.4166666666666667,0.2727272727272727,0.6,0.2631578947368421,0.5,0.7272727272727273,0.42857142857142855,0.6666666666666666,0.5789473684210527,0.7777777777777778,0.06,94.5,0.75,15.51578947368421,14.957446808510639,14.526315789473685,14.22340425531915,0.3684210526315789,0.6571428571428571,0.6764705882352942,0.5652173913043478,0.23157894736842105,0.5,0.5,0.36363636363636365,0.08421052631578947,0.375,0.375,0.3333333333333333,0.042105263157894736,0.2736842105263158,0.19230769230769232,0.19230769230769232,0.8,0.5555555555555556,0.6,0.16666666666666666,0.2777777777777778,0.2,1.0,0.3333333333333333,0.5714285714285714,0.42857142857142855,0.2222222222222222,0.6842105263157895,0.19230769230769232,0.5441499999999999,0.5572681818181818,0.5307690476190476,0.10679611650485436,0.1506849315068493,0.17272727272727273,0.2545454545454545,5.7846153846153845,26.16,0.30526315789473685,2024-10-22,0022400062,LAL,,,,,,,,,,,,,,,,,,,,,,,,,,,,,,,,,,,,,,,,2024-25,2025,Regular Season
48:00,99,101,24,13,6,200,7,9,,,2.0,2.0,14,28,6.0,16,8,6,21,,1.0,2.0,7.0,27,53,11,29,28,115,2,3,,1.0,7,6.0,14,2.0,8.0,5.0,23.0,22,32,30,3.0,,19,6,2,11,10,21,5,5,5.0,1.0,52,3.0,3,,26,11,2.0,39,6,45,1.0,7,3,4.0,3,1.0,1.0,6,2.0,9,,3.0,10,18,2.0,24,1.0,,3.0,35,1.0,17,1.0,2,,,,2.0,2,1.0,108,23.0,24,1.0,1.0,0.4074074074074074,0.4074074074074074,0.9090909090909091,0.3793103448275862,,0.25,0.4074074074074074,0.5094339622641509,0.6666666666666666,0.42857142857142855,0.5304878048780488,0.5,0.4090909090909091,0.5808080808080808,0.5833333333333334,0.46,0.35365853658536583,0.03773584905660377,0.1111111111111111,0.3333333333333333,1.0,,0.7333333333333333,0.11538461538461539,0.8666666666666667,0.2,0.8222222222222222,0.14634146341463414,0.5,,0.2,0.16666666666666666,0.3333333333333333,1.0,0.6666666666666666,1.0,0.85,0.9,0.02564102564102564,100.0,0.5,13.444444444444445,15.336633663366337,12.909090909090908,14.752475247524753,0.10975609756097561,0.7777777777777778,0.875,0.7142857142857143,0.34146341463414637,0.5,0.5185185185185185,0.35714285714285715,0.1951219512195122,0.375,0.375,0.16666666666666666,0.0975609756097561,0.25609756097560976,0.2857142857142857,0.2857142857142857,0.8333333333333334,,,,0.25,,,0.09090909090909091,1.0,0.3181818181818182,0.2857142857142857,0.4634146341463415,0.3157894736842105,0.49505437499999994,0.4679,0.4694225,0.17346938775510204,0.2463768115942029,0.06086956521739131,0.2,9.539622641509434,28.00689655172414,0.24242424242424243,2024-10-24,0022400076,SAC,5.0,1.0,3.0,2.0,5.0,2.0,2.0,1.0,0.03571428571428571,0.625,0.625,1.0,0.045454545454545456,,,,,,,,,,,,,,,,,,,,,,,,,,,2024-25,2025,Regular Season
48:00,99,100,4,19,14,199,18,26,4.0,6.0,,,11,30,2.0,5,7,6,22,,3.0,,1.0,31,61,10,29,9,101,5,9,1.0,4.0,14,1.0,2,1.0,2.0,2.0,7.0,38,24,30,,8.0,22,6,8,19,10,29,6,11,7.0,1.0,68,5.0,10,1.0,18,17,2.0,37,16,53,2.0,9,4,5.0,9,2.0,6.0,11,3.0,20,2.0,,10,22,1.0,16,,,1.0,13,3.0,7,1.0,4,,2.0,,2.0,4,4.0,87,7.0,4,2.0,1.0,0.6129032258064516,0.7037037037037037,1.0,0.3448275862068966,0.25,0.5,0.3448275862068966,0.5081967213114754,0.5555555555555556,0.5,0.5111111111111111,0.5,0.625,0.531578947368421,0.5,0.7,0.32222222222222224,0.13114754098360656,0.07692307692307693,0.45,0.6666666666666666,0.5,0.8095238095238095,0.3333333333333333,0.8181818181818182,0.2631578947368421,0.813953488372093,0.30612244897959184,0.25,0.3684210526315789,0.3333333333333333,0.3125,,1.0,0.6666666666666666,1.0,0.7777777777777778,1.0,0.04878048780487805,99.5,1.0,12.8989898989899,16.03,12.464646464646465,15.35,0.28888888888888886,0.6923076923076923,0.75,0.6111111111111112,0.3333333333333333,0.36666666666666664,0.4583333333333333,0.6363636363636364,0.05555555555555555,0.4,0.4,0.5,0.07777777777777778,0.24444444444444444,0.2727272727272727,0.2727272727272727,1.0,0.46153846153846156,0.6666666666666666,0.25,0.23076923076923078,,,,,0.25,,0.6111111111111112,0.2727272727272727,0.5274361111111111,0.5457388888888889,0.4607,0.07446808510638298,0.1076923076923077,0.13861386138613863,0.06930693069306931,5.939344262295082,24.675862068965518,0.04040404040404041,2024-10-26,0022400093,TOR,4.0,1.0,1.0,,4.0,3.0,3.0,2.0,0.2,0.5714285714285714,0.5714285714285714,1.0,0.25,1.0,1.0,1.0,1.0,1.0,1.0,0.07692307692307693,1.0,1.0,1.0,,,,,,,,,,,,,,,,,2024-25,2025,Regular Season
48:00,97,97,18,29,12,194,14,20,1.0,2.0,1.0,1.0,14,29,1.0,5,9,13,30,4.0,4.0,3.0,8.0,29,54,16,39,14,120,4,5,5.0,6.0,23,1.0,3,4.0,10.0,3.0,17.0,28,30,33,15.0,6.0,29,13,2,14,11,25,8,12,2.0,,61,7.0,6,,18,11,2.0,31,13,44,2.0,12,7,5.0,5,2.0,3.0,5,,10,2.0,2.0,13,21,1.0,20,1.0,2.0,1.0,18,3.0,8,2.0,2,,2.0,,,2,1.0,97,15.0,16,,,0.4827586206896552,0.5384615384615384,0.6875,0.41025641025641024,0.8333333333333334,0.4,0.42105263157894735,0.5370370370370371,0.8,0.3333333333333333,0.5698924731182796,1.0454545454545454,0.5384615384615384,0.595,1.0454545454545454,0.53125,0.41935483870967744,0.037037037037037035,,0.5,0.3333333333333333,,0.6111111111111112,0.25,0.9,0.3181818181818182,0.7631578947368421,0.2826086956521739,0.3333333333333333,0.21428571428571427,0.25,0.375,0.16666666666666666,0.6,0.5555555555555556,0.75,0.9333333333333333,0.8,0.044444444444444446,97.0,0.5,14.824742268041238,14.8659793814433,14.1340206185567,14.24742268041237,0.21505376344086022,0.7,0.7,0.8571428571428571,0.3118279569892473,0.4827586206896552,0.5185185185185185,0.14285714285714285,0.053763440860215055,0.2,0.2,,0.0967741935483871,0.3225806451612903,0.43333333333333335,0.43333333333333335,0.6153846153846154,0.18181818181818182,0.5,,0.36363636363636365,1.0,0.25,0.07692307692307693,1.0,0.6153846153846154,0.375,0.6344086021505376,0.4482758620689655,0.5380288043478261,0.50512,0.5095333333333333,0.08163265306122448,0.13559322033898305,0.19166666666666668,0.14166666666666666,7.524074074074075,26.26666666666667,0.18556701030927836,2024-10-29,0022400114,DAL,3.0,2.0,,1.0,3.0,1.0,2.0,1.0,0.06896551724137931,0.3333333333333333,0.3333333333333333,1.0,0.15384615384615385,1.0,2.0,1.0,,,,0.18181818181818182,0.5,1.0,0.5,1.0,,,,,,,,,,,,,,,,2024-25,2025,Regular Season
48:00,98,98,37,21,18,196,18,33,6.0,8.0,7.0,11.0,9,21,3.0,6,8,9,24,1.0,1.0,1.0,6.0,30,60,11,32,23,116,7,11,1.0,3.0,19,12.0,22,1.0,9.0,10.0,37.0,46,14,21,12.0,2.0,24,9,8,23,7,30,5,16,6.0,1.0,67,7.0,13,,18,12,1.0,31,20,51,2.0,11,6,5.0,8,,5.0,7,,15,4.0,8.0,9,18,1.0,22,1.0,,1.0,29,2.0,10,3.0,2,,1.0,,1.0,2,1.0,97,37.0,37,1.0,3.0,0.7666666666666667,0.7931034482758621,0.6363636363636364,0.34375,0.3333333333333333,0.1111111111111111,0.34375,0.5,0.6363636363636364,0.5454545454545454,0.5054347826086957,0.6071428571428571,0.43548387096774194,0.5576923076923077,0.59375,0.5138888888888888,0.34782608695652173,0.13333333333333333,0.21212121212121213,0.5333333333333333,1.0,,0.8,0.4482758620689655,0.75,0.35,0.7692307692307693,0.40816326530612246,0.5,0.4166666666666667,0.3333333333333333,0.26666666666666666,0.6,0.8,0.6666666666666666,1.0,0.7777777777777778,0.6666666666666666,0.047619047619047616,98.0,0.5,14.428571428571429,14.959183673469388,13.510204081632653,14.561224489795919,0.358695652173913,0.5454545454545454,0.6923076923076923,0.8888888888888888,0.22826086956521738,0.42857142857142855,0.45,0.6666666666666666,0.06521739130434782,0.5,0.5,0.3333333333333333,0.08695652173913043,0.2608695652173913,0.375,0.375,0.5555555555555556,0.5714285714285714,0.75,0.6666666666666666,0.07142857142857142,1.0,,0.3548387096774194,0.6363636363636364,0.1935483870967742,0.16666666666666666,0.7065217391304348,0.375,0.5590032608695652,0.5926166666666667,0.5493193548387096,0.10891089108910891,0.14705882352941177,0.16379310344827586,0.31896551724137934,5.716666666666667,24.528125,0.37755102040816324,2024-11-01,0022400139,DEN,2.0,3.0,2.0,,2.0,1.0,3.0,3.0,0.047619047619047616,0.25,0.2857142857142857,1.0,0.0967741935483871,,2.0,,,,,0.14285714285714285,,,,,1.0,1.0,0.03125,0.125,0.030303030303030304,,,,,,,,,,,2024-25,2025,Regular Season
48:00,94,95,24,18,7,189,24,31,2.0,2.0,9.0,10.0,3,4,3.0,6,9,11,33,,4.0,3.0,9.0,30,41,13,42,14,113,2,2,,4.0,4,9.0,10,3.0,10.0,4.0,31.0,44,16,30,9.0,,32,11,2,22,10,32,8,20,1.0,1.0,74,5.0,2,,19,15,5.0,39,7,46,2.0,6,4,2.0,7,1.0,4.0,6,1.0,13,3.0,5.0,10,16,3.0,16,,1.0,,17,1.0,8,1.0,4,1.0,3.0,1.0,1.0,5,3.0,109,31.0,24,,1.0,0.7333333333333333,0.7333333333333333,0.7692307692307693,0.30952380952380953,,0.3,0.3170731707317073,0.7317073170731707,1.0,0.9,0.5963855421686747,0.3333333333333333,0.675,0.6208791208791209,0.3333333333333333,0.7045454545454546,0.5060240963855421,0.04878048780487805,0.03225806451612903,0.5384615384615384,1.0,,0.8823529411764706,0.18181818181818182,0.7307692307692307,0.2,0.7906976744186046,0.19444444444444445,0.14285714285714285,,0.3333333333333333,0.16666666666666666,0.2857142857142857,0.8333333333333334,1.0,1.0,0.8666666666666667,0.5454545454545454,0.058823529411764705,94.5,0.6,16.0531914893617,14.43157894736842,15.617021276595745,13.778947368421052,0.37349397590361444,0.7741935483870968,0.8,0.8333333333333334,0.04819277108433735,0.75,1.0,0.3333333333333333,0.07228915662650602,0.5,0.5,0.3333333333333333,0.10843373493975904,0.39759036144578314,0.3333333333333333,0.3333333333333333,0.7272727272727273,0.3333333333333333,1.0,1.0,0.6666666666666666,,,0.5,0.9,0.45,0.3333333333333333,0.8795180722891566,0.34375,0.5850939024390244,0.7354,0.6144447368421053,0.08888888888888889,0.16666666666666666,0.035398230088495575,0.2743362831858407,4.729268292682927,25.75,0.2553191489361702,2024-11-02,0022400146,SAS,2.0,1.0,,1.0,2.0,,3.0,2.0,0.25,0.2222222222222222,0.2222222222222222,1.0,0.05,,,,,,1.0,,,,,,,,,,,,,,,,,,,,,2024-25,2025,Regular Season
48:00,97,97,22,33,10,194,14,21,4.0,5.0,3.0,3.0,7,17,4.0,8,8,9,34,,2.0,1.0,8.0,25,46,10,42,13,93,7,10,,2.0,14,5.0,8,1.0,9.0,4.0,17.0,20,30,27,3.0,8.0,34,9,6,10,9,19,8,7,,3.0,47,8.0,4,,15,15,2.0,32,12,44,2.0,10,6,4.0,7,2.0,2.0,7,2.0,14,,4.0,9,22,1.0,19,,2.0,1.0,16,1.0,7,2.0,1,,,,1.0,1,,79,17.0,22,4.0,1.0,0.4,0.47619047619047616,0.9,0.23809523809523808,,0.1111111111111111,0.23809523809523808,0.5434782608695652,0.7,0.625,0.45454545454545453,0.5833333333333334,0.38235294117647056,0.484375,0.5833333333333334,0.425,0.4772727272727273,0.13043478260869565,0.09523809523809523,0.5,1.0,,0.75,0.2,0.75,0.25806451612903225,0.75,0.23529411764705882,0.2857142857142857,0.1111111111111111,0.25,0.20833333333333334,0.42857142857142855,0.7777777777777778,0.7,1.0,0.7142857142857143,0.8333333333333334,0.046511627906976744,97.0,,15.505154639175258,14.185567010309278,14.88659793814433,13.690721649484535,0.23863636363636365,0.6666666666666666,0.7368421052631579,0.5,0.19318181818181818,0.4117647058823529,0.5,,0.09090909090909091,0.5,0.5714285714285714,0.75,0.09090909090909091,0.38636363636363635,0.2647058823529412,0.2647058823529412,0.8888888888888888,0.4166666666666667,0.8,,0.16666666666666666,,,0.17647058823529413,1.0,0.47058823529411764,0.125,0.7159090909090909,0.2647058823529412,0.5368494318181818,0.54125,0.5096941176470589,0.07446808510638298,0.1346153846153846,0.15053763440860216,0.1827956989247312,6.891304347826087,25.859523809523807,0.2268041237113402,2024-11-04,0022400162,CHA,1.0,1.0,,,1.0,1.0,5.0,1.0,0.17647058823529413,0.125,0.16666666666666666,1.0,0.058823529411764705,,,,1.0,1.0,,,,,,,2.0,,0.047619047619047616,0.25,,1.0,0.125,,,,,,,,,2024-25,2025,Regular Season
48:00,96,98,22,34,9,194,21,33,3.0,7.0,5.0,8.0,10,15,1.0,4,8,11,28,2.0,4.0,1.0,5.0,32,52,15,36,10,119,3,7,2.0,4.0,14,6.0,10,2.0,8.0,7.0,25.0,32,32,42,3.0,6.0,28,11,4,16,14,30,10,12,3.0,1.0,74,4.0,6,2.0,13,13,,26,12,38,2.0,8,3,5.0,7,3.0,4.0,6,1.0,13,,2.0,8,20,3.0,17,,2.0,2.0,15,1.0,5,3.0,4,,4.0,,,4,3.0,105,25.0,22,2.0,3.0,0.5,0.5517241379310345,0.9333333333333333,0.4166666666666667,0.5,0.25,0.4166666666666667,0.6153846153846154,0.42857142857142855,0.6,0.6193181818181818,0.5454545454545454,0.5,0.6263157894736842,0.5833333333333334,0.5681818181818182,0.4090909090909091,0.07692307692307693,0.12121212121212122,0.5384615384615384,,0.6666666666666666,0.6190476190476191,0.3,0.65,0.19047619047619047,0.6341463414634146,0.24390243902439024,0.5,,,0.17647058823529413,0.25,0.5714285714285714,0.3333333333333333,1.0,0.6666666666666666,0.6,0.05405405405405406,97.0,0.75,14.864583333333334,14.826530612244898,14.0625,14.387755102040817,0.375,0.6363636363636364,0.7241379310344828,0.5714285714285714,0.17045454545454544,0.6666666666666666,0.6666666666666666,0.3,0.045454545454545456,0.25,0.25,1.0,0.09090909090909091,0.3181818181818182,0.39285714285714285,0.39285714285714285,0.9090909090909091,0.6363636363636364,0.42857142857142855,,0.36363636363636365,0.5,1.0,0.4444444444444444,0.625,0.2777777777777778,0.2,0.7840909090909091,0.39285714285714285,0.5785420454545455,0.607375,0.5975416666666667,0.05434782608695652,0.08928571428571429,0.11764705882352941,0.21008403361344538,4.551923076923076,25.705555555555556,0.22916666666666666,2024-11-07,0022400181,CHI,4.0,3.0,2.0,,4.0,,3.0,1.0,,0.5,0.5,1.0,0.16666666666666666,,,1.0,1.0,,,,,,0.3333333333333333,,,,,,,,,,,,,,,,,2024-25,2025,Regular Season
48:00,102,102,22,19,12,204,25,37,3.0,6.0,5.0,9.0,5,23,3.0,6,9,4,16,1.0,1.0,2.0,4.0,33,66,6,25,18,102,5,11,1.0,1.0,14,6.0,15,4.0,6.0,6.0,30.0,18,48,12,6.0,8.0,15,4,7,9,4,13,2,6,2.0,1.0,30,3.0,11,1.0,18,11,1.0,30,15,45,2.0,11,7,4.0,9,3.0,4.0,8,1.0,17,2.0,3.0,6,17,5.0,21,1.0,2.0,2.0,24,3.0,11,2.0,7,,3.0,,4.0,7,3.0,88,30.0,22,2.0,2.0,0.2727272727272727,0.3103448275862069,0.6666666666666666,0.24,1.0,0.6666666666666666,0.25,0.5,0.45454545454545453,0.4,0.46153846153846156,0.5416666666666666,0.5714285714285714,0.504950495049505,0.5384615384615384,0.625,0.27472527472527475,0.10606060606060606,0.10810810810810811,0.5294117647058824,0.5,0.25,0.5238095238095238,0.3333333333333333,0.75,0.16666666666666666,0.6444444444444445,0.27450980392156865,0.25,0.3333333333333333,0.6666666666666666,0.18181818181818182,0.14285714285714285,0.375,0.5833333333333334,1.0,0.6666666666666666,1.0,0.045454545454545456,102.0,0.42857142857142855,14.009803921568627,14.22549019607843,13.676470588235293,13.431372549019608,0.4065934065934066,0.6756756756756757,0.7575757575757576,0.24,0.25274725274725274,0.21739130434782608,0.25,0.4,0.06593406593406594,0.5,0.5,0.3333333333333333,0.0989010989010989,0.17582417582417584,0.25,0.25,0.5,0.5,0.5,,0.08333333333333333,1.0,1.0,0.42857142857142855,0.5555555555555556,0.19047619047619047,0.5,0.6813186813186813,0.26666666666666666,0.5648622222222223,0.45871500000000004,0.566975,0.12121212121212122,0.14864864864864866,0.13725490196078433,0.29411764705882354,5.504545454545455,25.712,0.21568627450980393,2024-11-08,0022400193,POR,2.0,2.0,1.0,1.0,2.0,1.0,5.0,1.0,0.13043478260869565,0.2222222222222222,0.2222222222222222,1.0,0.09523809523809523,,,2.0,1.0,1.0,,,,,1.0,,,1.0,,,0.04,,,1.0,,,,,,,,2024-25,2025,Regular Season
48:00,97,97,19,15,9,194,16,24,1.0,3.0,3.0,4.0,6,17,1.0,5,9,7,22,,1.0,1.0,2.0,23,46,11,31,16,95,1,3,1.0,3.0,10,5.0,9,2.0,4.0,6.0,22.0,20,26,24,9.0,2.0,22,7,5,10,8,18,4,7,2.0,1.0,44,3.0,7,,24,13,1.0,38,10,48,,14,10,4.0,13,1.0,8.0,10,4.0,23,1.0,5.0,6,20,1.0,20,,2.0,1.0,22,3.0,7,3.0,8,1.0,5.0,1.0,3.0,9,4.0,85,22.0,19,1.0,3.0,0.43478260869565216,0.45454545454545453,0.7272727272727273,0.3548387096774194,0.3333333333333333,0.5,0.3548387096774194,0.5,0.3333333333333333,0.5555555555555556,0.512987012987013,0.4166666666666667,0.6153846153846154,0.5588235294117647,0.5555555555555556,0.6470588235294118,0.4025974025974026,0.10869565217391304,0.08333333333333333,0.5652173913043478,1.0,,0.6190476190476191,0.3181818181818182,0.75,0.15,0.6981132075471698,0.23809523809523808,0.42857142857142855,0.18181818181818182,0.5,0.13333333333333333,0.2,0.4444444444444444,0.8,0.5,0.7272727272727273,0.8,,97.0,0.4444444444444444,14.154639175257731,15.536082474226804,13.896907216494846,14.793814432989691,0.3116883116883117,0.6666666666666666,0.7272727272727273,0.4375,0.22077922077922077,0.35294117647058826,0.42857142857142855,0.3333333333333333,0.06493506493506493,0.2,0.2,1.0,0.11688311688311688,0.2857142857142857,0.3181818181818182,0.3181818181818182,0.5714285714285714,0.5,0.3333333333333333,,0.16666666666666666,,,0.3076923076923077,0.75,0.15384615384615385,0.5,0.7142857142857143,0.3181818181818182,0.542025974025974,0.58897,0.4883153846153846,0.0975609756097561,0.14,0.10526315789473684,0.23157894736842105,6.2586956521739125,24.76774193548387,0.1958762886597938,2024-11-10,0022400206,MIA,4.0,2.0,5.0,,4.0,1.0,5.0,2.0,0.17647058823529413,0.4444444444444444,0.4444444444444444,1.0,0.15384615384615385,1.0,2.0,1.0,1.0,,1.0,0.3333333333333333,0.5,1.0,0.5,,,1.0,,,0.03125,,,,,,,,,,,2024-25,2025,Regular Season
48:00,101,100,28,41,9,201,17,34,3.0,6.0,8.0,10.0,4,12,4.0,6,7,13,25,1.0,2.0,3.0,7.0,25,52,18,32,18,122,3,7,2.0,4.0,12,9.0,14,5.0,9.0,8.0,41.0,28,22,48,6.0,4.0,25,13,4,14,16,30,12,10,3.0,1.0,76,5.0,7,,18,11,,29,12,41,3.0,14,11,3.0,13,1.0,6.0,7,2.0,20,1.0,5.0,11,23,2.0,22,1.0,1.0,3.0,20,2.0,7,3.0,6,1.0,3.0,,3.0,7,7.0,110,41.0,28,2.0,3.0,0.56,0.6086956521739131,0.8888888888888888,0.5625,0.5,0.5555555555555556,0.5625,0.4807692307692308,0.42857142857142855,0.6428571428571429,0.6190476190476191,0.5454545454545454,0.717391304347826,0.6630434782608695,0.5454545454545454,0.7884615384615384,0.38095238095238093,0.07692307692307693,0.08823529411764706,0.65,,,0.8461538461538461,0.25925925925925924,0.8181818181818182,0.35714285714285715,0.8285714285714286,0.2926829268292683,0.23529411764705882,0.25,0.5,0.3333333333333333,0.5,0.8,1.0,0.6666666666666666,0.8235294117647058,0.8,0.08108108108108109,100.5,1.0,15.158415841584159,13.49,14.306930693069306,13.17,0.40476190476190477,0.5,0.5483870967741935,0.5882352941176471,0.14285714285714285,0.3333333333333333,0.36363636363636365,0.75,0.07142857142857142,0.6666666666666666,0.6666666666666666,0.25,0.08333333333333333,0.2976190476190476,0.52,0.52,0.9230769230769231,0.5454545454545454,0.5,,0.18181818181818182,0.5,1.0,0.43478260869565216,0.8,0.30434782608695654,0.42857142857142855,0.7857142857142857,0.52,0.5830494047619047,0.5846214285714285,0.58405,0.0898876404494382,0.12280701754385964,0.09836065573770492,0.3360655737704918,4.655769230769231,25.553125,0.27722772277227725,2024-11-12,0022400008,POR,5.0,2.0,,,4.0,1.0,7.0,1.0,0.08333333333333333,0.7142857142857143,0.7142857142857143,0.8,0.08695652173913043,1.0,2.0,2.0,1.0,2.0,,0.18181818181818182,0.5,,1.0,1.0,,1.0,,,0.03125,,,1.0,1.0,,,,,,,2024-25,2025,Regular Season
48:00,102,101,24,19,11,203,24,35,4.0,7.0,5.0,7.0,2,16,3.0,7,5,7,20,1.0,2.0,2.0,4.0,29,58,9,25,21,106,4,9,1.0,2.0,11,6.0,11,4.0,7.0,5.0,29.0,22,36,18,9.0,8.0,20,7,3,11,6,17,4,11,,,40,4.0,8,,24,15,2.0,41,12,53,,10,7,3.0,12,2.0,6.0,8,1.0,20,1.0,3.0,10,18,1.0,19,,,,23,3.0,13,,10,,7.0,,2.0,10,6.0,95,29.0,24,2.0,,0.3793103448275862,0.44,0.6666666666666666,0.36,0.5,0.5714285714285714,0.36,0.5,0.4444444444444444,0.5454545454545454,0.5120481927710844,0.5,0.6666666666666666,0.5698924731182796,0.5,0.725,0.30120481927710846,0.05172413793103448,0.02857142857142857,0.6,1.0,,0.6,0.2962962962962963,0.7741935483870968,0.25,0.6964285714285714,0.27906976744186046,0.2727272727272727,0.4166666666666667,,0.3076923076923077,,0.6,0.42857142857142855,1.0,0.8,0.7272727272727273,,101.5,0.6,13.57843137254902,14.801980198019802,13.313725490196079,14.128712871287128,0.42168674698795183,0.6857142857142857,0.7058823529411765,0.4583333333333333,0.1927710843373494,0.125,0.14285714285714285,,0.08433734939759036,0.42857142857142855,0.42857142857142855,,0.060240963855421686,0.24096385542168675,0.35,0.35,0.5714285714285714,0.6363636363636364,0.5714285714285714,,0.18181818181818182,0.5,1.0,0.3888888888888889,0.7142857142857143,0.2222222222222222,0.5,0.7228915662650602,0.35,0.5647289156626506,0.5375428571428571,0.5353638888888889,0.13978494623655913,0.19117647058823528,0.10377358490566038,0.27358490566037735,5.367241379310345,25.311999999999998,0.23529411764705882,2024-11-13,0022400226,POR,2.0,3.0,,,2.0,,6.0,2.0,0.125,0.4,0.4,1.0,0.16666666666666666,,,2.0,,,,,,,0.6666666666666666,,,,,,,,,,,1.0,,,,,,2024-25,2025,Regular Season
53:00,105,106,31,28,12,211,10,14,2.0,4.0,3.0,7.0,18,33,8.0,12,9,9,28,2.0,2.0,1.0,6.0,36,59,12,37,18,126,4,7,2.0,3.0,20,10.0,20,3.0,11.0,7.0,36.0,28,44,21,15.0,4.0,28,9,4,14,7,21,4,7,3.0,4.0,49,6.0,6,1.0,21,18,2.0,41,13,54,2.0,6,2,4.0,9,1.0,3.0,4,1.0,13,,1.0,9,17,1.0,19,1.0,1.0,,20,2.0,11,,7,,,,7.0,7,5.0,106,36.0,31,,,0.3888888888888889,0.4117647058823529,0.5833333333333334,0.32432432432432434,0.6666666666666666,0.2727272727272727,0.32432432432432434,0.6101694915254238,0.5714285714285714,0.5,0.5625,0.7,0.46774193548387094,0.6,0.7692307692307693,0.5142857142857142,0.3854166666666667,0.06779661016949153,,0.6923076923076923,1.0,1.0,0.75,0.2727272727272727,0.7777777777777778,0.24,0.7647058823529411,0.2553191489361702,0.25,0.3333333333333333,,0.21052631578947367,0.3333333333333333,1.0,0.7,1.0,0.782608695652174,0.75,0.046511627906976744,95.54716981132076,0.7142857142857143,14.047619047619047,16.08490566037736,13.380952380952381,15.19811320754717,0.14583333333333334,0.7142857142857143,0.7142857142857143,0.7,0.34375,0.5454545454545454,0.6206896551724138,0.16666666666666666,0.125,0.6666666666666666,0.6666666666666666,0.5,0.09375,0.2916666666666667,0.32142857142857145,0.32142857142857145,0.4444444444444444,0.4,0.5,,0.2,1.0,,0.22580645161290322,0.42857142857142855,0.1935483870967742,0.16666666666666666,0.53125,0.32142857142857145,0.49728854166666664,0.4681285714285714,0.49611451612903223,0.10476190476190476,0.16176470588235295,0.15873015873015872,0.2857142857142857,8.205084745762711,25.254054054054052,0.29523809523809524,2024-11-15,0022400020,SAC,3.0,5.0,6.0,,3.0,2.0,6.0,,0.12121212121212122,0.3333333333333333,0.3333333333333333,1.0,0.16129032258064516,,1.0,2.0,,,,0.1,,,0.4,,,,,,,,,,,,,,,,,2024-25,2025,Regular Season
48:00,95,95,22,19,12,190,14,16,3.0,4.0,2.0,2.0,14,29,4.0,9,6,13,25,1.0,4.0,2.0,7.0,32,54,14,31,11,117,4,9,1.0,5.0,11,6.0,13,3.0,10.0,,21.0,38,26,30,12.0,6.0,25,13,5,19,10,29,9,10,7.0,2.0,68,5.0,9,,17,11,2.0,30,14,44,4.0,9,4,5.0,8,,5.0,13,2.0,21,2.0,6.0,13,26,,13,,,1.0,15,,4,,2,,,,2.0,2,1.0,106,21.0,22,1.0,,0.59375,0.6551724137931034,0.7142857142857143,0.45161290322580644,0.2,0.3,0.45161290322580644,0.5925925925925926,0.4444444444444444,0.46153846153846156,0.6235294117647059,0.39285714285714285,0.45652173913043476,0.6373626373626373,0.39285714285714285,0.45652173913043476,0.36470588235294116,0.09259259259259259,,0.38095238095238093,1.0,,0.6875,0.47368421052631576,0.7727272727272727,0.29411764705882354,0.7368421052631579,0.3888888888888889,0.5,0.5384615384615384,0.25,0.3333333333333333,0.2,0.8333333333333334,0.5,1.0,0.8,0.7142857142857143,0.12903225806451613,95.0,0.5,16.305263157894736,14.010526315789473,15.526315789473685,13.74736842105263,0.18823529411764706,0.875,0.875,0.7142857142857143,0.3411764705882353,0.4827586206896552,0.5833333333333334,0.5,0.10588235294117647,0.4444444444444444,0.4444444444444444,0.5,0.07058823529411765,0.29411764705882354,0.52,0.5416666666666666,0.6923076923076923,0.2857142857142857,0.75,,0.2857142857142857,0.25,,0.08695652173913043,1.0,0.30434782608695654,0.2857142857142857,0.5529411764705883,0.52,0.5097758823529412,0.50951,0.46469565217391307,0.05555555555555555,0.06896551724137931,0.09401709401709402,0.1794871794871795,8.531481481481482,25.003225806451614,0.23157894736842105,2024-11-17,0022400234,PHX,1.0,3.0,,,1.0,1.0,3.0,7.0,0.1724137931034483,0.16666666666666666,0.16666666666666666,1.0,0.13043478260869565,,1.0,1.0,1.0,1.0,,0.07142857142857142,,,0.3333333333333333,1.0,1.0,2.0,0.03225806451612903,,0.03125,,,,,,0.04,,,,,2024-25,2025,Regular Season
48:00,97,98,31,36,10,195,21,26,4.0,5.0,7.0,7.0,7,19,2.0,4,5,5,18,,1.0,1.0,7.0,30,49,7,23,29,110,4,5,,1.0,12,8.0,14,2.0,9.0,14.0,36.0,32,28,18,3.0,6.0,18,5,5,16,6,22,4,12,4.0,,50,5.0,4,1.0,19,13,3.0,35,10,45,,11,6,5.0,12,,8.0,5,1.0,17,2.0,4.0,13,24,2.0,24,,,,39,,15,3.0,1,,1.0,,,1,,98,35.0,30,3.0,2.0,0.5333333333333333,0.5925925925925926,0.8571428571428571,0.30434782608695654,,0.2222222222222222,0.30434782608695654,0.6122448979591837,0.8,0.5714285714285714,0.5625,0.6666666666666666,0.4782608695652174,0.6055555555555555,0.75,0.5625,0.3194444444444444,0.10204081632653061,0.07692307692307693,0.7058823529411765,1.0,0.125,0.5909090909090909,0.21052631578947367,0.8260869565217391,0.3333333333333333,0.7111111111111111,0.2647058823529412,0.4,0.08333333333333333,0.5,0.3333333333333333,0.3333333333333333,0.5714285714285714,0.4444444444444444,0.8333333333333334,0.75,0.9090909090909091,,97.5,,14.216494845360824,15.316326530612244,13.88659793814433,14.60204081632653,0.3611111111111111,0.8076923076923077,0.875,0.5714285714285714,0.2638888888888889,0.3684210526315789,0.4375,0.5714285714285714,0.05555555555555555,0.5,0.5,,0.06944444444444445,0.25,0.2777777777777778,0.2777777777777778,0.8,0.8333333333333334,0.8,0.25,0.16666666666666666,,,0.30434782608695654,1.0,0.30434782608695654,0.14285714285714285,0.6805555555555556,0.2777777777777778,0.5808743055555555,0.659375,0.5662478260869566,0.1724137931034483,0.234375,0.10909090909090909,0.32727272727272727,5.091836734693878,25.830434782608698,0.31958762886597936,2024-11-21,0022400261,TOR,2.0,2.0,4.0,,2.0,1.0,4.0,1.0,0.15789473684210525,0.4,0.4,1.0,0.08695652173913043,,,1.0,,,1.0,,,,0.5,1.0,,,,,,,,,,,,2.0,,,,2024-25,2025,Regular Season
48:00,90,90,29,28,9,180,11,15,1.0,1.0,2.0,3.0,3,10,2.0,6,11,19,45,4.0,6.0,5.0,15.0,16,31,21,56,12,107,1,1,4.0,8.0,15,3.0,7,6.0,20.0,5.0,29.0,14,18,54,9.0,2.0,45,19,1,7,18,25,16,5,1.0,1.0,68,7.0,2,,19,14,3.0,36,9,45,2.0,5,3,2.0,2,,2.0,5,,7,,4.0,10,23,4.0,18,,3.0,1.0,15,2.0,8,1.0,6,1.0,3.0,1.0,2.0,7,4.0,92,29.0,29,1.0,1.0,0.4375,0.4666666666666667,0.8571428571428571,0.375,0.5,0.3,0.375,0.5161290322580645,1.0,0.42857142857142855,0.5459770114942529,0.7777777777777778,0.4444444444444444,0.5691489361702128,0.75,0.48333333333333334,0.6436781609195402,0.03225806451612903,,0.2857142857142857,1.0,,0.5833333333333334,0.14285714285714285,0.7307692307692307,0.21212121212121213,0.66,0.19148936170212766,,0.16666666666666666,0.25,0.16666666666666666,0.3333333333333333,0.5714285714285714,0.5833333333333334,0.6,0.7272727272727273,0.75,0.043478260869565216,90.0,0.5714285714285714,16.81111111111111,15.188888888888888,16.31111111111111,14.333333333333334,0.1724137931034483,0.7333333333333333,0.7333333333333333,0.45454545454545453,0.11494252873563218,0.3,0.3333333333333333,0.3333333333333333,0.06896551724137931,0.3333333333333333,0.3333333333333333,0.5,0.12643678160919541,0.5172413793103449,0.4222222222222222,0.4222222222222222,0.8421052631578947,0.1111111111111111,1.0,,0.6666666666666666,0.6666666666666666,1.0,0.1111111111111111,0.6666666666666666,0.5555555555555556,0.3333333333333333,0.8160919540229885,0.4222222222222222,0.528082183908046,0.57465,0.50965,0.08602150537634409,0.21621621621621623,0.14018691588785046,0.27102803738317754,6.664516129032258,25.77857142857143,0.32222222222222224,2024-11-24,0022400271,BOS,2.0,5.0,1.0,,2.0,,,4.0,0.1,0.18181818181818182,0.18181818181818182,1.0,0.18518518518518517,,2.0,1.0,,,,0.2222222222222222,,,0.2,,,,,,,,,,,1.0,,,,,,2024-25,2025,Regular Season
53:00,106,105,21,11,10,211,16,31,1.0,5.0,3.0,8.0,9,17,5.0,14,6,12,31,,,2.0,6.0,30,62,15,37,12,117,4,9,1.0,1.0,12,5.0,12,2.0,7.0,4.0,20.0,32,28,45,,,31,12,4,16,15,31,12,8,4.0,4.0,77,5.0,5,,21,17,1.0,39,10,49,2.0,12,8,4.0,6,1.0,6.0,6,,12,,1.0,10,20,3.0,18,1.0,3.0,1.0,13,,4,3.0,8,1.0,4.0,1.0,4.0,9,5.0,105,18.0,20,1.0,1.0,0.5333333333333333,0.5333333333333333,1.0,0.40540540540540543,1.0,0.2857142857142857,0.40540540540540543,0.4838709677419355,0.4444444444444444,0.4166666666666667,0.5303030303030303,0.55,0.42105263157894735,0.5518867924528302,0.5454545454545454,0.47619047619047616,0.37373737373737376,0.06451612903225806,0.0967741935483871,0.5,1.0,,0.6296296296296297,0.16666666666666666,0.75,0.23809523809523808,0.6909090909090909,0.19607843137254902,0.2,0.14285714285714285,0.125,0.16666666666666666,0.6666666666666666,0.45454545454545453,0.7333333333333333,1.0,0.8181818181818182,0.5,0.0425531914893617,95.54716981132076,0.5555555555555556,14.877358490566039,15.266666666666667,14.084905660377359,14.6,0.31313131313131315,0.5161290322580645,0.5714285714285714,0.5,0.1717171717171717,0.5294117647058824,0.5625,0.4444444444444444,0.1414141414141414,0.35714285714285715,0.35714285714285715,0.8,0.06060606060606061,0.31313131313131315,0.3870967741935484,0.3870967741935484,1.0,0.5,0.2,1.0,,,,0.42105263157894735,0.375,0.3157894736842105,0.3333333333333333,0.6868686868686869,0.3870967741935484,0.5471540404040404,0.5331333333333333,0.5623131578947368,0.038834951456310676,0.06060606060606061,0.10256410256410256,0.17094017094017094,7.145161290322581,25.002702702702702,0.19811320754716982,2024-11-26,0022400037,HOU,3.0,1.0,1.0,,3.0,1.0,,2.0,0.058823529411764705,0.5,0.5,1.0,0.05263157894736842,1.0,1.0,,,,,0.1,1.0,1.0,,,,,,,,,,,,,,,,,,2024-25,2025,Regular Season
48:00,98,98,21,30,14,196,25,35,4.0,8.0,5.0,7.0,9,19,,3,14,10,23,1.0,4.0,1.0,4.0,34,57,12,37,11,115,6,10,1.0,5.0,18,8.0,14,2.0,8.0,5.0,27.0,38,30,27,9.0,2.0,23,10,6,19,9,28,7,17,2.0,,65,7.0,10,2.0,22,14,1.0,37,19,56,3.0,8,6,2.0,11,1.0,7.0,6,,17,3.0,1.0,10,21,1.0,19,2.0,,,15,3.0,8,1.0,3,,1.0,,2.0,3,3.0,97,27.0,21,3.0,1.0,0.5588235294117647,0.5757575757575758,0.75,0.32432432432432434,0.2,0.25,0.32432432432432434,0.5964912280701754,0.6,0.5714285714285714,0.5531914893617021,0.5,0.5,0.575,0.5625,0.5625,0.39361702127659576,0.10526315789473684,0.08571428571428572,0.6470588235294118,1.0,0.6666666666666666,0.9333333333333333,0.43478260869565216,0.88,0.28,0.9,0.3541666666666667,0.8,0.2,,0.38461538461538464,0.16666666666666666,1.0,0.8888888888888888,1.0,0.8823529411764706,0.875,0.07692307692307693,98.0,1.0,15.214285714285714,14.173469387755102,14.214285714285714,14.040816326530612,0.3723404255319149,0.7142857142857143,0.78125,0.68,0.20212765957446807,0.47368421052631576,0.5625,0.2222222222222222,0.031914893617021274,,,,0.14893617021276595,0.24468085106382978,0.43478260869565216,0.47619047619047616,0.7,0.5333333333333333,0.5,0.75,0.26666666666666666,0.25,1.0,0.3181818181818182,0.7142857142857143,0.18181818181818182,0.25,0.7659574468085106,0.43478260869565216,0.5735787234042553,0.6096583333333333,0.561175,0.08080808080808081,0.12903225806451613,0.1565217391304348,0.23478260869565218,5.231578947368421,24.43243243243243,0.21428571428571427,2024-11-27,0022400294,SAC,2.0,4.0,3.0,,2.0,1.0,4.0,3.0,0.15789473684210525,0.14285714285714285,0.15384615384615385,1.0,0.18181818181818182,,1.0,1.0,,,,0.06666666666666667,,,0.25,,3.0,,0.08108108108108109,0.07142857142857142,,,,,,,0.08695652173913043,,,,,2024-25,2025,Regular Season
48:00,93,94,3,20,8,187,12,21,1.0,2.0,,,12,28,2.0,4,11,6,20,1.0,2.0,,1.0,26,53,10,31,10,92,4,7,1.0,2.0,13,,2,,1.0,,,24,28,24,6.0,4.0,19,6,5,12,8,20,4,8,4.0,,48,5.0,5,,17,14,1.0,32,10,42,,17,12,5.0,8,4.0,4.0,7,1.0,15,,,10,16,2.0,14,,1.0,1.0,13,,4,,3,,3.0,,,3,2.0,79,,3,1.0,,0.46153846153846156,0.5,0.8,0.3225806451612903,0.5,,0.3333333333333333,0.49056603773584906,0.5714285714285714,,0.4880952380952381,0.6111111111111112,,0.5168539325842697,0.65,,0.36904761904761907,0.09433962264150944,0.14285714285714285,0.5333333333333333,0.5,,0.7,0.18518518518518517,0.7083333333333334,0.25,0.7045454545454546,0.2127659574468085,0.2222222222222222,0.1875,,0.23076923076923078,0.2857142857142857,0.5714285714285714,0.75,1.0,0.6666666666666666,0.8333333333333334,,93.5,0.6666666666666666,14.849462365591398,15.946808510638299,14.086021505376344,15.329787234042554,0.25,0.5714285714285714,0.6666666666666666,0.6666666666666666,0.3333333333333333,0.42857142857142855,0.46153846153846156,0.3333333333333333,0.047619047619047616,0.5,0.5,,0.13095238095238096,0.23809523809523808,0.3,0.3,0.6666666666666666,0.2222222222222222,0.5,,0.2222222222222222,0.5,1.0,,,0.3333333333333333,,0.6190476190476191,0.3157894736842105,0.552978313253012,0.4286,0.44084999999999996,0.06741573033707865,0.07017543859649122,0.14130434782608695,,6.081132075471698,25.19677419354839,0.03225806451612903,2024-11-29,0022400044,LAC,4.0,,2.0,1.0,4.0,1.0,4.0,,0.07142857142857142,0.36363636363636365,0.36363636363636365,1.0,,,,,1.0,,,,,,,1.0,,2.0,,,0.0625,,,1.0,,,,,,,,2024-25,2025,Regular Season
48:00,95,97,15,11,8,192,17,20,4.0,5.0,1.0,1.0,4,19,5.0,9,3,6,28,1.0,2.0,2.0,11.0,26,48,6,31,10,80,4,5,1.0,2.0,11,1.0,3,2.0,11.0,1.0,9.0,32,20,9,9.0,6.0,26,6,2,16,3,19,3,13,1.0,2.0,41,4.0,5,,18,14,1.0,33,9,42,3.0,8,6,2.0,11,3.0,6.0,10,,21,2.0,4.0,8,16,1.0,17,,1.0,2.0,14,,6,1.0,2,,,,2.0,2,2.0,69,9.0,15,,1.0,0.6153846153846154,0.6956521739130435,0.5,0.1935483870967742,0.5,0.18181818181818182,0.20689655172413793,0.5416666666666666,0.8,0.3333333333333333,0.4430379746835443,0.7857142857142857,0.2857142857142857,0.46511627906976744,0.7857142857142857,0.3,0.3924050632911392,0.041666666666666664,,0.5238095238095238,1.0,,0.7,0.22727272727272727,0.9,0.18181818181818182,0.8,0.20454545454545456,0.3333333333333333,0.26666666666666666,,0.21052631578947367,,0.8333333333333334,0.6923076923076923,,0.8666666666666667,1.0,0.07142857142857142,96.0,1.0,15.136842105263158,14.8659793814433,15.0,14.597938144329897,0.25316455696202533,0.85,0.85,0.7647058823529411,0.24050632911392406,0.21052631578947367,0.23529411764705882,0.25,0.11392405063291139,0.5555555555555556,0.5555555555555556,0.4,0.0379746835443038,0.35443037974683544,0.21428571428571427,0.21428571428571427,0.5,0.7142857142857143,0.8,0.25,0.2857142857142857,0.5,,0.07142857142857142,1.0,0.7857142857142857,0.18181818181818182,0.6455696202531646,0.23076923076923078,0.5260253246753247,0.5165833333333333,0.5259333333333334,0.07058823529411765,0.1111111111111111,0.1375,0.1125,7.995833333333334,26.551612903225806,0.15789473684210525,2024-12-02,0022400318,LAL,,,,2.0,,3.0,5.0,1.0,0.10526315789473684,,,,,,,,2.0,1.0,,,,,,,,,,,,,,,,,,,,,,2024-25,2025,Regular Season
48:00,99,99,25,19,10,198,11,26,4.0,7.0,6.0,8.0,6,14,1.0,3,9,8,31,1.0,2.0,2.0,6.0,18,43,11,40,11,80,4,7,1.0,2.0,11,7.0,12,2.0,7.0,4.0,24.0,12,24,21,12.0,8.0,31,8,5,6,7,13,4,1,4.0,1.0,33,4.0,6,,23,13,2.0,38,10,48,3.0,7,4,3.0,15,2.0,11.0,8,,23,1.0,5.0,9,16,,16,,1.0,1.0,13,3.0,6,,2,,,,,2,1.0,69,24.0,25,1.0,,0.3333333333333333,0.42857142857142855,0.6363636363636364,0.275,0.5,0.2857142857142857,0.275,0.4186046511627907,0.5714285714285714,0.5833333333333334,0.41566265060240964,0.6111111111111112,0.5263157894736842,0.45977011494252873,0.6111111111111112,0.5714285714285714,0.4819277108433735,0.11627906976744186,0.15384615384615385,0.6521739130434783,0.5,,0.8125,0.24,0.8846153846153846,0.14285714285714285,0.8571428571428571,0.18867924528301888,0.26666666666666666,0.25,,0.045454545454545456,0.5,0.8,0.875,0.6666666666666666,0.8421052631578947,1.0,0.0625,99.0,0.5,15.171717171717171,13.919191919191919,15.030303030303031,13.464646464646465,0.3132530120481928,0.4230769230769231,0.5,0.09090909090909091,0.1686746987951807,0.42857142857142855,0.42857142857142855,0.6666666666666666,0.03614457831325301,0.3333333333333333,0.5,1.0,0.10843373493975904,0.37349397590361444,0.25806451612903225,0.25806451612903225,0.5,0.7777777777777778,0.5714285714285714,,0.2222222222222222,0.5,1.0,0.42105263157894735,0.75,0.3157894736842105,0.3333333333333333,0.7951807228915663,0.25806451612903225,0.5280078313253012,0.5637166666666666,0.5033763157894736,0.08045977011494253,0.13043478260869565,0.1375,0.3,5.167441860465116,26.2875,0.25252525252525254,2024-12-04,0022400324,LAC,3.0,1.0,,,3.0,2.0,4.0,1.0,,0.3333333333333333,0.3333333333333333,1.0,0.05263157894736842,,,,,2.0,,,,,,1.0,,1.0,,,0.024390243902439025,,0.3333333333333333,,,2.0,,1.0,,,,2024-25,2025,Regular Season
48:00,98,98,6,9,12,196,9,13,1.0,2.0,,,8,24,4.0,6,9,7,30,,3.0,1.0,3.0,21,43,11,39,15,90,2,5,1.0,4.0,8,,2,2.0,4.0,3.0,9.0,22,20,30,3.0,2.0,30,7,6,11,10,21,6,6,2.0,3.0,52,8.0,4,,18,13,,31,12,43,,9,5,4.0,12,7.0,10.0,10,1.0,22,2.0,1.0,8,11,,14,,,1.0,17,2.0,7,1.0,4,,1.0,,2.0,4,1.0,82,9.0,6,,1.0,0.5238095238095238,0.55,0.9090909090909091,0.28205128205128205,0.25,0.5,0.28205128205128205,0.4883720930232558,0.4,,0.4573170731707317,0.3888888888888889,0.5,0.5056179775280899,0.4,0.5625,0.47560975609756095,0.13953488372093023,0.07692307692307693,0.5454545454545454,,,0.6842105263157895,0.18181818181818182,0.75,0.2962962962962963,0.7209302325581395,0.24489795918367346,0.25,0.1875,,0.3181818181818182,0.2,0.5,0.8461538461538461,,0.7058823529411765,0.8571428571428571,,98.0,0.25,14.36734693877551,15.020408163265307,13.785714285714286,14.326530612244898,0.15853658536585366,0.6923076923076923,0.75,0.6666666666666666,0.2926829268292683,0.3333333333333333,0.42105263157894735,0.25,0.07317073170731707,0.6666666666666666,0.6666666666666666,0.75,0.10975609756097561,0.36585365853658536,0.23333333333333334,0.23333333333333334,0.8571428571428571,0.2222222222222222,0.5,,0.3333333333333333,,,,,0.5,0.3333333333333333,0.6341463414634146,0.23333333333333334,0.4957134146341463,0.53475,0.4223333333333333,0.09090909090909091,0.14583333333333334,0.08888888888888889,0.1,7.774418604651163,26.012820512820515,0.061224489795918366,2024-12-06,0022400338,GSW,4.0,1.0,1.0,,4.0,1.0,2.0,1.0,0.20833333333333334,0.4444444444444444,0.4444444444444444,1.0,0.16666666666666666,1.0,1.0,1.0,,,,0.1111111111111111,1.0,1.0,1.0,,,1.0,,,0.025,,,,,1.0,,,,,,2024-25,2025,Regular Season
48:00,95,94,28,26,14,189,14,18,2.0,5.0,3.0,7.0,10,29,2.0,2,10,12,31,1.0,2.0,2.0,9.0,26,49,16,41,14,114,5,9,3.0,6.0,19,4.0,14,4.0,12.0,6.0,26.0,30,22,39,9.0,6.0,31,12,8,15,13,28,9,9,5.0,1.0,69,5.0,10,1.0,19,15,2.0,36,16,52,1.0,8,4,4.0,6,1.0,4.0,7,1.0,13,1.0,3.0,9,20,1.0,18,,1.0,1.0,20,2.0,8,1.0,6,,1.0,,5.0,6,5.0,95,26.0,28,1.0,1.0,0.5769230769230769,0.6521739130434783,0.8125,0.3902439024390244,0.5,0.3333333333333333,0.3902439024390244,0.5306122448979592,0.5555555555555556,0.2857142857142857,0.5555555555555556,0.6333333333333333,0.38461538461538464,0.576530612244898,0.6333333333333333,0.4482758620689655,0.45555555555555555,0.16326530612244897,,0.46153846153846156,0.6666666666666666,0.25,0.75,0.47619047619047616,0.8260869565217391,0.2,0.7906976744186046,0.32608695652173914,0.25,0.5294117647058824,,0.21052631578947367,0.16666666666666666,1.0,0.7647058823529411,,0.8333333333333334,0.8,0.025,94.5,0.8333333333333334,13.905263157894737,16.585106382978722,13.136842105263158,15.904255319148936,0.2,0.7777777777777778,0.7777777777777778,0.6428571428571429,0.32222222222222224,0.3448275862068966,0.47619047619047616,0.5,0.022222222222222223,1.0,1.0,0.5,0.1111111111111111,0.34444444444444444,0.3870967741935484,0.3870967741935484,0.75,0.3333333333333333,0.4,,0.13333333333333333,0.5,1.0,0.2692307692307692,0.42857142857142855,0.34615384615384615,0.2222222222222222,0.6555555555555556,0.3870967741935484,0.5205724719101124,0.539025,0.533494,0.09278350515463918,0.14545454545454545,0.16666666666666666,0.22807017543859648,6.13265306122449,26.139024390243904,0.29473684210526313,2024-12-08,0022400355,GSW,4.0,3.0,,,4.0,1.0,2.0,2.0,0.27586206896551724,0.4,0.4,1.0,0.11538461538461539,2.0,4.0,2.0,,,,0.26666666666666666,0.5,1.0,0.6666666666666666,1.0,,1.0,,,0.023809523809523808,,,,,,,,,,,2024-25,2025,Regular Season
48:00,99,98,11,18,14,197,12,20,3.0,5.0,2.0,4.0,6,24,5.0,7,6,9,29,2.0,6.0,2.0,5.0,23,51,10,35,11,87,4,6,2.0,6.0,15,2.0,4,2.0,5.0,3.0,13.0,22,24,18,12.0,4.0,29,9,5,11,6,17,5,7,1.0,3.0,40,8.0,7,1.0,18,20,4.0,42,16,58,3.0,7,2,5.0,12,3.0,6.0,10,,22,3.0,3.0,7,21,3.0,14,1.0,,1.0,17,2.0,6,1.0,6,,2.0,,4.0,6,5.0,72,13.0,11,5.0,1.0,0.4782608695652174,0.5238095238095238,0.6,0.2857142857142857,0.3333333333333333,0.4,0.2857142857142857,0.45098039215686275,0.6666666666666666,0.5,0.4418604651162791,0.5833333333333334,0.5555555555555556,0.4673913043478261,0.625,0.5909090909090909,0.4069767441860465,0.09803921568627451,0.15,0.5454545454545454,0.8,0.3333333333333333,0.7142857142857143,0.25,0.782608695652174,0.3333333333333333,0.7450980392156863,0.28846153846153844,0.375,0.16666666666666666,0.5,0.3157894736842105,0.4,0.7692307692307693,0.6153846153846154,1.0,0.8235294117647058,0.6666666666666666,0.06382978723404255,98.5,0.8333333333333334,14.151515151515152,15.091836734693878,13.727272727272727,14.244897959183673,0.23255813953488372,0.6,0.7058823529411765,0.5833333333333334,0.27906976744186046,0.25,0.2727272727272727,0.16666666666666666,0.08139534883720931,0.7142857142857143,0.7142857142857143,0.6,0.06976744186046512,0.3372093023255814,0.3103448275862069,0.3103448275862069,0.5555555555555556,0.4166666666666667,0.6,0.3333333333333333,0.5,0.3333333333333333,1.0,0.4444444444444444,0.5,0.5555555555555556,0.4,0.6395348837209303,0.3103448275862069,0.5319651162790698,0.572375,0.5493222222222223,0.07692307692307693,0.10909090909090909,0.1724137931034483,0.14942528735632185,7.1000000000000005,24.857142857142858,0.1111111111111111,2024-12-13,0022401210,LAL,1.0,,1.0,,1.0,3.0,6.0,2.0,0.08333333333333333,0.16666666666666666,0.16666666666666666,1.0,,,,,,,,,,,,2.0,,1.0,,,0.027777777777777776,,,,,,,1.0,,,,2024-25,2025,Regular Season
48:00,98,100,1,27,11,198,16,27,1.0,4.0,,,7,12,3.0,7,16,4,29,,1.0,,,26,46,11,45,7,92,2,8,1.0,4.0,9,,1,,,,,46,6,33,,2.0,29,4,4,23,11,34,4,15,6.0,2.0,79,11.0,4,,16,23,1.0,40,15,55,,6,6,,11,2.0,10.0,8,,19,3.0,,8,18,,13,1.0,2.0,1.0,9,1.0,5,,7,1.0,2.0,,5.0,8,6.0,83,,1,1.0,,0.8846153846153846,0.92,1.0,0.24444444444444444,0.25,,0.24444444444444444,0.5652173913043478,0.25,,0.46703296703296704,0.2916666666666667,,0.4842105263157895,0.34615384615384615,,0.4945054945054945,0.08695652173913043,0.1111111111111111,0.5789473684210527,1.0,,0.6388888888888888,0.21052631578947367,0.7272727272727273,0.3235294117647059,0.6724137931034483,0.2830188679245283,0.36363636363636365,,,0.32,0.3333333333333333,0.35714285714285715,0.7647058823529411,1.0,0.6842105263157895,1.0,,99.0,0.75,14.326530612244898,14.76,13.5,14.1,0.2967032967032967,0.5925925925925926,0.6666666666666666,0.9375,0.13186813186813187,0.5833333333333334,0.6363636363636364,0.8571428571428571,0.07692307692307693,0.42857142857142855,0.42857142857142855,0.6666666666666666,0.17582417582417584,0.31868131868131866,0.13793103448275862,0.13793103448275862,1.0,0.3333333333333333,0.25,,0.08333333333333333,,,,,,,0.7912087912087912,0.13793103448275862,0.536582967032967,0.5435583333333334,0.4298,0.05263157894736842,0.1,0.09782608695652174,,5.791304347826086,25.362222222222222,0.01020408163265306,2024-12-15,0022401218,SAS,7.0,,2.0,,7.0,,1.0,2.0,0.08333333333333333,0.4375,0.4375,1.0,,1.0,3.0,,1.0,,,0.25,0.3333333333333333,1.0,,,,,,,,,,,1.0,,,1.0,,,,2024-25,2025,Regular Season
48:00,102,101,18,3,14,203,22,32,3.0,5.0,4.0,6.0,6,14,2.0,6,17,11,28,1.0,2.0,1.0,4.0,30,52,20,45,13,133,4,7,1.0,5.0,14,5.0,7,3.0,7.0,2.0,21.0,46,14,48,12.0,6.0,28,11,4,23,16,39,7,17,4.0,2.0,94,8.0,9,,23,18,3.0,44,17,61,3.0,10,7,3.0,10,1.0,9.0,5,,15,3.0,4.0,7,12,,15,1.0,,1.0,16,3.0,9,,2,,1.0,,1.0,2,1.0,119,21.0,18,,,0.7666666666666667,0.8518518518518519,0.8,0.4444444444444444,0.2,0.42857142857142855,0.4444444444444444,0.5769230769230769,0.5714285714285714,0.7142857142857143,0.6185567010309279,0.4583333333333333,0.6785714285714286,0.6407766990291263,0.5,0.7,0.4639175257731959,0.07692307692307693,0.09375,0.6666666666666666,1.0,,0.782608695652174,0.4090909090909091,0.92,0.3333333333333333,0.8541666666666666,0.3695652173913043,0.5,0.25,0.5,0.3125,0.375,0.42857142857142855,1.0,0.8333333333333334,0.9047619047619048,1.0,0.07317073170731707,101.5,0.5,15.803921568627452,12.554455445544555,15.186274509803921,12.326732673267326,0.32989690721649484,0.6875,0.7586206896551724,0.7727272727272727,0.14432989690721648,0.42857142857142855,0.46153846153846156,0.6666666666666666,0.061855670103092786,0.3333333333333333,0.3333333333333333,1.0,0.17525773195876287,0.28865979381443296,0.39285714285714285,0.4074074074074074,0.6363636363636364,0.4166666666666667,0.6,0.3333333333333333,0.16666666666666666,0.5,1.0,0.42857142857142855,0.6666666666666666,0.2857142857142857,0.25,0.7938144329896907,0.39285714285714285,0.5834319587628866,0.6272357142857142,0.6023178571428571,0.08737864077669903,0.15517241379310345,0.10526315789473684,0.15789473684210525,5.5942307692307685,24.46,0.17647058823529413,2024-12-19,0022400367,NYK,9.0,3.0,3.0,,9.0,1.0,1.0,3.0,0.07142857142857142,0.5294117647058824,0.5294117647058824,1.0,0.21428571428571427,,3.0,2.0,,,,0.25,,,0.6666666666666666,1.0,1.0,,0.022222222222222223,,,,,,,,0.03571428571428571,,,,,2024-25,2025,Regular Season
48:00,97,96,33,22,12,193,16,19,5.0,6.0,8.0,10.0,4,17,4.0,9,6,13,36,1.0,3.0,7.0,12.0,24,45,16,42,17,113,6,9,1.0,3.0,17,12.0,19,7.0,13.0,6.0,51.0,36,12,36,12.0,4.0,36,13,2,18,12,30,9,12,3.0,3.0,72,7.0,6,,18,16,3.0,37,13,50,,9,5,4.0,5,2.0,1.0,6,,11,,3.0,10,23,1.0,18,,,1.0,23,,9,2.0,5,1.0,1.0,,4.0,6,4.0,96,51.0,33,3.0,2.0,0.75,0.8181818181818182,0.75,0.38095238095238093,0.3333333333333333,0.5384615384615384,0.38095238095238093,0.5333333333333333,0.6666666666666666,0.631578947368421,0.5517241379310345,0.625,0.703125,0.576530612244898,0.6538461538461539,0.7285714285714285,0.4827586206896552,0.044444444444444446,,0.45454545454545453,0.75,,0.6153846153846154,0.2857142857142857,0.8181818181818182,0.28,0.7083333333333334,0.2826086956521739,0.3333333333333333,0.38461538461538464,,0.2727272727272727,0.3333333333333333,0.5454545454545454,0.5454545454545454,1.0,0.8235294117647058,0.8,,96.5,0.6666666666666666,14.927835051546392,14.916666666666666,14.237113402061855,14.354166666666666,0.21839080459770116,0.8421052631578947,0.8421052631578947,0.75,0.19540229885057472,0.23529411764705882,0.26666666666666666,0.75,0.10344827586206896,0.4444444444444444,0.4444444444444444,0.75,0.06896551724137931,0.41379310344827586,0.3611111111111111,0.3611111111111111,0.6923076923076923,0.5,0.8333333333333334,0.6,0.25,0.3333333333333333,1.0,0.3125,0.8,0.375,0.5833333333333334,0.7011494252873564,0.3611111111111111,0.5248942528735632,0.6229142857142858,0.51406875,0.09375,0.16666666666666666,0.1504424778761062,0.45132743362831856,7.742222222222222,25.273809523809526,0.3402061855670103,2024-12-21,0022400383,GSW,3.0,1.0,2.0,,3.0,1.0,4.0,1.0,0.11764705882352941,0.5,0.5,1.0,0.03125,,,,1.0,,,,,,,1.0,,,,,,,,,1.0,,,,,,,2024-25,2025,Regular Season
48:00,101,101,22,33,6,202,12,21,2.0,4.0,3.0,5.0,9,14,,2,10,11,26,,,4.0,8.0,21,37,18,36,21,117,2,5,,,4,4.0,6,4.0,9.0,4.0,24.0,26,16,42,12.0,4.0,25,11,3,13,14,27,7,8,5.0,,68,1.0,5,,19,15,,34,6,40,1.0,15,9,6.0,12,3.0,8.0,11,1.0,23,1.0,5.0,6,14,,17,,1.0,1.0,26,1.0,9,1.0,6,,4.0,,2.0,6,4.0,113,24.0,22,1.0,1.0,0.6190476190476191,0.6842105263157895,0.7777777777777778,0.5,,0.4444444444444444,0.5142857142857142,0.5675675675675675,0.4,0.6666666666666666,0.6575342465753424,0.4,0.6666666666666666,0.6904761904761905,0.4,0.7058823529411765,0.4931506849315068,0.08108108108108109,0.14285714285714285,0.5217391304347826,,,0.6521739130434783,0.3125,0.6551724137931034,0.058823529411764705,0.6538461538461539,0.18181818181818182,0.1111111111111111,0.6,0.5,0.07142857142857142,,0.5555555555555556,0.6666666666666666,1.0,0.6818181818181818,0.5714285714285714,0.03333333333333333,101.0,0.6666666666666666,13.336633663366337,15.178217821782178,13.237623762376238,14.445544554455445,0.2876712328767123,0.5714285714285714,0.6666666666666666,0.6666666666666666,0.1917808219178082,0.6428571428571429,0.6428571428571429,0.5555555555555556,0.0273972602739726,,,,0.136986301369863,0.3561643835616438,0.4230769230769231,0.4230769230769231,0.6363636363636364,0.8,0.5,,,,,0.3333333333333333,0.6,0.5333333333333333,0.5,0.7808219178082192,0.44,0.5683208333333334,0.5732,0.5687178571428572,0.13253012048192772,0.2,0.03418803418803419,0.20512820512820512,4.935135135135135,25.5,0.21782178217821782,2024-12-23,0022400395,ATL,7.0,1.0,,1.0,7.0,3.0,4.0,1.0,,0.7,0.7,1.0,0.06666666666666667,,,,,,,,,,,1.0,,2.0,,,0.05263157894736842,,,,,,,1.0,,,,2024-25,2025,Regular Season
48:00,91,92,16,15,11,183,9,15,2.0,4.0,,1.0,8,20,3.0,9,8,13,35,1.0,4.0,1.0,8.0,20,44,16,43,11,99,2,7,2.0,5.0,10,1.0,7,2.0,11.0,3.0,11.0,6,34,36,12.0,4.0,35,13,3,3,12,15,9,2,,1.0,42,5.0,7,,12,21,1.0,34,12,46,3.0,6,5,1.0,8,1.0,6.0,5,1.0,13,,1.0,5,13,1.0,14,,2.0,1.0,11,5.0,7,1.0,8,,4.0,,3.0,8,3.0,89,11.0,16,,1.0,0.15,0.16666666666666666,0.75,0.37209302325581395,0.4,0.18181818181818182,0.37209302325581395,0.45454545454545453,0.2857142857142857,0.14285714285714285,0.5057471264367817,0.4166666666666667,0.2222222222222222,0.55,0.4166666666666667,0.2894736842105263,0.4942528735632184,0.06818181818181818,0.06666666666666667,0.6153846153846154,1.0,,0.75,0.2916666666666667,0.75,0.18518518518518517,0.75,0.23529411764705882,0.16666666666666666,0.5,,0.22727272727272727,,0.2857142857142857,0.8571428571428571,1.0,0.5714285714285714,0.8888888888888888,0.06521739130434782,91.5,0.375,15.296703296703297,16.17391304347826,14.736263736263735,15.565217391304348,0.1724137931034483,0.6,0.6428571428571429,0.2222222222222222,0.22988505747126436,0.4,0.4444444444444444,,0.10344827586206896,0.3333333333333333,0.3333333333333333,0.3333333333333333,0.09195402298850575,0.40229885057471265,0.37142857142857144,0.38235294117647056,0.6923076923076923,0.3333333333333333,0.5,,0.3333333333333333,0.25,1.0,0.05555555555555555,,0.4444444444444444,0.125,0.6666666666666666,0.37142857142857144,0.5172850574712643,0.5186,0.4608944444444444,0.07865168539325842,0.15217391304347827,0.10101010101010101,0.1111111111111111,7.663636363636363,24.979069767441857,0.17582417582417584,2024-12-25,0022400406,DAL,3.0,3.0,,,3.0,,2.0,2.0,0.1,0.375,0.42857142857142855,1.0,0.16666666666666666,1.0,1.0,1.0,,,,0.08333333333333333,1.0,1.0,0.3333333333333333,,2.0,,0.046511627906976744,0.125,,,,,,1.0,0.02857142857142857,,,,,2024-25,2025,Regular Season
48:00,95,95,25,12,16,190,20,23,7.0,9.0,5.0,6.0,15,33,,6,7,8,23,,,1.0,3.0,35,62,10,30,12,112,10,16,,,21,9.0,15,1.0,5.0,4.0,25.0,24,46,21,9.0,12.0,22,8,6,12,7,19,5,6,6.0,,45,6.0,12,1.0,17,12,3.0,32,19,51,1.0,7,4,3.0,9,1.0,7.0,6,,15,2.0,7.0,8,16,1.0,22,2.0,3.0,,19,6.0,11,2.0,3,,2.0,,1.0,3,1.0,91,25.0,25,1.0,1.0,0.34285714285714286,0.41379310344827586,0.7,0.3333333333333333,,0.2,0.3448275862068966,0.5645161290322581,0.625,0.6,0.5434782608695652,0.625,0.525,0.5656565656565656,0.6176470588235294,0.5681818181818182,0.32608695652173914,0.0967741935483871,0.043478260869565216,0.6,1.0,0.2,0.631578947368421,0.4444444444444444,0.8095238095238095,0.3157894736842105,0.725,0.391304347826087,0.6666666666666666,0.4444444444444444,0.3333333333333333,0.35714285714285715,0.2,,0.7692307692307693,0.6666666666666666,0.9230769230769231,0.625,0.025,95.0,0.3333333333333333,16.11578947368421,14.2,15.052631578947368,13.736842105263158,0.25,0.8695652173913043,0.9090909090909091,0.3,0.358695652173913,0.45454545454545453,0.5357142857142857,0.4,0.06521739130434782,,,,0.07608695652173914,0.25,0.34782608695652173,0.34782608695652173,0.625,0.5625,0.7777777777777778,,,,,0.3,0.8333333333333334,0.15,0.3333333333333333,0.5760869565217391,0.36363636363636365,0.4957230769230769,0.5325692307692308,0.46724210526315785,0.1134020618556701,0.16417910447761194,0.1875,0.22321428571428573,6.298387096774194,26.473333333333336,0.2631578947368421,2024-12-27,0022400422,HOU,2.0,2.0,1.0,1.0,2.0,,2.0,3.0,0.15151515151515152,0.2857142857142857,0.2857142857142857,1.0,0.1,,,,1.0,,,,,,,,,,,,,,,,,,,,1.0,,,2024-25,2025,Regular Season
48:00,97,96,29,10,10,193,13,21,2.0,4.0,4.0,4.0,8,17,6.0,10,11,8,28,1.0,2.0,1.0,8.0,27,48,11,39,23,110,4,6,1.0,3.0,15,9.0,13,2.0,10.0,8.0,32.0,30,24,30,3.0,2.0,28,8,4,15,10,25,7,8,4.0,3.0,60,3.0,7,,21,13,1.0,35,10,45,3.0,6,4,2.0,4,3.0,4.0,6,,10,,3.0,8,18,4.0,23,,2.0,1.0,28,6.0,14,2.0,4,,2.0,,2.0,4,4.0,95,32.0,29,1.0,2.0,0.5555555555555556,0.5769230769230769,0.9090909090909091,0.28205128205128205,0.3333333333333333,0.2,0.28205128205128205,0.5625,0.6666666666666666,0.6923076923076923,0.5,0.6111111111111112,0.5217391304347826,0.5567010309278351,0.75,0.5925925925925926,0.4482758620689655,0.08333333333333333,0.14285714285714285,0.4,0.5,,0.5416666666666666,0.35,0.65625,0.1111111111111111,0.6071428571428571,0.2127659574468085,0.25,0.5555555555555556,,0.15789473684210525,,0.3333333333333333,0.625,1.0,0.6363636363636364,0.7,0.07142857142857142,96.5,1.0,14.989690721649485,14.854166666666666,14.443298969072165,13.78125,0.2413793103448276,0.6190476190476191,0.7222222222222222,0.6153846153846154,0.19540229885057472,0.47058823529411764,0.5,0.5,0.11494252873563218,0.6,0.6,0.5,0.12643678160919541,0.3218390804597701,0.2857142857142857,0.2857142857142857,0.875,0.4444444444444444,0.5,0.5,0.2222222222222222,0.5,1.0,0.17391304347826086,1.0,0.34782608695652173,0.125,0.6896551724137931,0.2857142857142857,0.5320235632183908,0.5761416666666667,0.48676521739130435,0.14736842105263157,0.25,0.13636363636363635,0.2909090909090909,7.439583333333334,25.105128205128207,0.29896907216494845,2024-12-29,0022400441,SAS,3.0,2.0,4.0,,3.0,1.0,,1.0,0.058823529411764705,0.2727272727272727,0.3,1.0,0.08695652173913043,,1.0,1.0,,1.0,,0.1111111111111111,,,0.5,2.0,1.0,,0.02564102564102564,0.09090909090909091,,,,,,,,,,,,2024-25,2025,Regular Season
48:00,100,100,20,12,9,200,14,20,1.0,2.0,4.0,6.0,13,28,3.0,5,10,8,26,1.0,2.0,1.0,3.0,30,53,12,36,17,113,5,6,1.0,2.0,13,6.0,13,1.0,4.0,4.0,19.0,28,32,33,3.0,2.0,26,8,7,14,11,25,7,9,3.0,2.0,61,4.0,6,,17,13,,30,10,40,1.0,16,8,8.0,3,1.0,2.0,9,1.0,12,2.0,2.0,6,13,,18,,,2.0,23,3.0,11,2.0,2,,1.0,,1.0,2,2.0,100,19.0,20,,2.0,0.4666666666666667,0.4827586206896552,0.9166666666666666,0.3333333333333333,0.5,0.25,0.3333333333333333,0.5660377358490566,0.8333333333333334,0.46153846153846156,0.5393258426966292,0.8125,0.4411764705882353,0.5707070707070707,0.8125,0.475,0.4044943820224719,0.1320754716981132,0.15,0.25,,,0.7647058823529411,0.2727272727272727,0.7391304347826086,0.17391304347826086,0.75,0.2222222222222222,0.16666666666666666,0.35714285714285715,,0.16666666666666666,0.2,0.6,0.8888888888888888,0.6666666666666666,0.8666666666666667,0.5,0.02564102564102564,100.0,1.0,13.77,15.03,13.26,14.58,0.2247191011235955,0.7,0.8235294117647058,0.6428571428571429,0.3146067415730337,0.4642857142857143,0.5416666666666666,0.23076923076923078,0.056179775280898875,0.6,0.6,0.6666666666666666,0.11235955056179775,0.29213483146067415,0.3076923076923077,0.3076923076923077,0.875,0.25,0.5,,0.25,0.5,1.0,0.35294117647058826,0.6666666666666666,0.17647058823529413,0.3333333333333333,0.6292134831460674,0.3076923076923077,0.5350533707865169,0.434,0.49700588235294113,0.1134020618556701,0.18032786885245902,0.11504424778761062,0.168141592920354,6.745283018867925,25.163888888888888,0.2,2024-12-31,0022400452,OKC,4.0,1.0,,,4.0,,1.0,2.0,0.14285714285714285,0.4,0.4,1.0,0.058823529411764705,,,,,,,,,,,,,,,,,,,,,,,2.0,,,,2024-25,2025,Regular Season
48:00,86,86,6,10,12,172,14,19,1.0,2.0,,,7,11,3.0,5,13,16,44,2.0,5.0,,5.0,24,35,22,57,4,118,3,4,3.0,7.0,15,,1,,7.0,1.0,1.0,26,22,51,15.0,,44,16,2,13,17,30,12,10,2.0,1.0,77,8.0,4,,9,13,,22,12,34,1.0,9,4,5.0,1,1.0,,3,,4,1.0,,10,16,2.0,11,2.0,1.0,,6,2.0,3,1.0,1,3.0,,2.0,,4,2.0,103,1.0,6,,1.0,0.5416666666666666,0.5416666666666666,0.7727272727272727,0.38596491228070173,0.42857142857142855,,0.38596491228070173,0.6857142857142857,0.75,,0.6195652173913043,0.6818181818181818,,0.6276595744680851,0.6818181818181818,0.05555555555555555,0.6195652173913043,0.05714285714285714,0.10526315789473684,0.25,,,0.7222222222222222,0.36363636363636365,0.5625,0.24242424242424243,0.6470588235294118,0.2727272727272727,0.4,0.25,0.5,0.2692307692307692,0.14285714285714285,0.6,0.7,1.0,0.5,0.625,0.023809523809523808,86.0,0.5,18.290697674418606,15.19767441860465,17.406976744186046,14.581395348837209,0.20652173913043478,0.7368421052631579,0.8235294117647058,0.7142857142857143,0.11956521739130435,0.6363636363636364,0.6363636363636364,0.2857142857142857,0.05434782608695652,0.6,0.6,0.3333333333333333,0.14130434782608695,0.4782608695652174,0.36363636363636365,0.36363636363636365,0.75,0.18181818181818182,0.5,1.0,0.45454545454545453,0.4,0.5,,,0.625,,0.8260869565217391,0.36363636363636365,0.5563059782608696,0.6152,0.49465,0.03225806451612903,0.08333333333333333,0.1271186440677966,0.00847457627118644,6.014285714285714,25.017543859649123,0.06976744186046512,2025-01-02,0022400464,BOS,6.0,2.0,,,5.0,,1.0,1.0,,0.46153846153846156,0.46153846153846156,0.8333333333333334,0.25,1.0,2.0,,,,,0.18181818181818182,0.5,,,,,,,,,1.0,,,1.0,1.0,,,,,,2024-25,2025,Regular Season
48:00,99,97,37,32,14,196,17,27,4.0,7.0,6.0,7.0,14,20,1.0,8,8,11,30,1.0,2.0,4.0,12.0,32,55,13,38,16,119,5,9,1.0,5.0,15,11.0,16,4.0,14.0,8.0,42.0,28,36,36,3.0,8.0,29,11,4,14,12,26,10,8,6.0,,64,9.0,6,1.0,20,17,3.0,40,16,56,1.0,12,6,6.0,7,1.0,4.0,7,1.0,14,1.0,6.0,11,22,2.0,21,1.0,2.0,2.0,20,2.0,11,,2,,,,2.0,2,2.0,104,42.0,37,3.0,,0.4375,0.5,0.9230769230769231,0.34210526315789475,0.2,0.2857142857142857,0.35135135135135137,0.5818181818181818,0.5555555555555556,0.6875,0.553763440860215,0.4642857142857143,0.5666666666666667,0.5833333333333334,0.5,0.6,0.40860215053763443,0.07272727272727272,0.1111111111111111,0.5,1.0,1.0,0.7727272727272727,0.2727272727272727,0.8333333333333334,0.391304347826087,0.8043478260869565,0.3333333333333333,0.2,0.3333333333333333,0.3333333333333333,0.47058823529411764,0.16666666666666666,0.7142857142857143,0.7272727272727273,1.0,0.8235294117647058,0.8571428571428571,0.024390243902439025,98.0,1.0,15.929292929292929,13.43298969072165,15.212121212121213,13.103092783505154,0.2903225806451613,0.6296296296296297,0.7083333333333334,0.47058823529411764,0.21505376344086022,0.7,0.7368421052631579,0.42857142857142855,0.08602150537634409,0.125,0.125,,0.08602150537634409,0.3225806451612903,0.36666666666666664,0.36666666666666664,0.9090909090909091,0.5,0.5714285714285714,,0.14285714285714285,0.5,1.0,0.23333333333333334,0.8571428571428571,0.4,0.3333333333333333,0.6989247311827957,0.3793103448275862,0.557521195652174,0.6227214285714285,0.5250482758620689,0.10784313725490197,0.171875,0.12605042016806722,0.35294117647058826,6.07090909090909,25.63157894736842,0.37373737373737376,2025-01-04,0022400479,DET,2.0,2.0,2.0,1.0,2.0,,3.0,3.0,0.05,0.25,0.25,1.0,0.06666666666666667,,3.0,,,,1.0,0.21428571428571427,,,,,,,,,,,,,,,,,,,,2024-25,2025,Regular Season
48:00,95,94,19,10,13,189,10,18,1.0,5.0,2.0,2.0,15,30,,6,9,10,26,1.0,2.0,1.0,3.0,25,54,12,35,20,106,4,11,1.0,3.0,13,5.0,9,1.0,5.0,8.0,21.0,28,22,27,9.0,4.0,26,10,2,14,9,23,7,8,6.0,,55,4.0,10,2.0,16,15,4.0,35,16,51,1.0,9,5,4.0,6,3.0,4.0,7,,13,1.0,4.0,8,19,,20,,,1.0,25,5.0,10,3.0,10,,2.0,,8.0,10,5.0,93,21.0,19,,3.0,0.56,0.6086956521739131,0.75,0.34285714285714286,0.3333333333333333,0.2,0.34285714285714286,0.46296296296296297,0.36363636363636365,0.5555555555555556,0.48314606741573035,0.39285714285714285,0.4642857142857143,0.5408163265306123,0.43333333333333335,0.5833333333333334,0.39325842696629215,0.037037037037037035,0.05555555555555555,0.46153846153846156,1.0,0.6666666666666666,0.5555555555555556,0.3448275862068966,0.6956521739130435,0.18181818181818182,0.62,0.27450980392156865,0.625,0.26666666666666666,0.16666666666666666,0.1875,0.16666666666666666,0.5,0.5294117647058824,1.0,0.7222222222222222,0.6,0.021739130434782608,94.5,0.5,15.43157894736842,15.042553191489361,14.589473684210526,14.106382978723405,0.20224719101123595,0.5555555555555556,0.5882352941176471,0.8,0.33707865168539325,0.5,0.5172413793103449,0.4,0.06741573033707865,,,,0.10112359550561797,0.29213483146067415,0.38461538461538464,0.43478260869565216,0.7,0.35714285714285715,0.2,,0.14285714285714285,0.5,1.0,0.14285714285714285,1.0,0.21428571428571427,0.3333333333333333,0.5955056179775281,0.38461538461538464,0.5035522471910112,0.4695727272727273,0.4466428571428572,0.11578947368421053,0.1694915254237288,0.12264150943396226,0.19811320754716982,7.425925925925926,24.425714285714285,0.2,2025-01-06,0022400500,LAC,2.0,2.0,2.0,,2.0,,2.0,3.0,0.03333333333333333,0.2222222222222222,0.2222222222222222,1.0,0.14285714285714285,,1.0,,1.0,,1.0,0.07142857142857142,,,,1.0,3.0,1.0,0.08571428571428572,,0.027777777777777776,,,,,,0.11538461538461539,,,,,2024-25,2025,Regular Season
48:00,97,96,25,11,14,193,15,27,2.0,6.0,2.0,4.0,7,22,1.0,4,15,5,26,2.0,6.0,1.0,6.0,23,53,12,41,15,97,2,11,2.0,7.0,14,5.0,7,5.0,13.0,3.0,28.0,24,22,33,3.0,4.0,26,5,8,12,11,23,4,7,5.0,,57,5.0,15,1.0,17,16,3.0,36,21,57,3.0,12,7,5.0,9,2.0,4.0,5,,14,1.0,5.0,7,18,4.0,17,,2.0,1.0,24,3.0,12,1.0,5,,3.0,,2.0,5,2.0,83,28.0,25,4.0,1.0,0.5217391304347826,0.5714285714285714,0.9166666666666666,0.2926829268292683,0.2857142857142857,0.38461538461538464,0.2926829268292683,0.4339622641509434,0.18181818181818182,0.7142857142857143,0.43617021276595747,0.2777777777777778,0.625,0.46153846153846156,0.35,0.6363636363636364,0.43617021276595747,0.1509433962264151,0.18518518518518517,0.6428571428571429,0.75,0.2,0.7272727272727273,0.5,0.6296296296296297,0.1724137931034483,0.673469387755102,0.3389830508474576,0.5833333333333334,0.4666666666666667,0.3333333333333333,0.14285714285714285,0.25,0.5,0.8,1.0,0.5454545454545454,1.0,0.058823529411764705,96.5,0.4,14.577319587628866,15.270833333333334,13.31958762886598,14.510416666666666,0.2872340425531915,0.5555555555555556,0.6818181818181818,0.4666666666666667,0.23404255319148937,0.3181818181818182,0.3684210526315789,0.7142857142857143,0.0425531914893617,0.25,0.25,,0.1595744680851064,0.2765957446808511,0.19230769230769232,0.19230769230769232,0.8,0.3333333333333333,0.3333333333333333,,0.3333333333333333,0.3333333333333333,1.0,0.2,0.5,0.3,0.16666666666666666,0.723404255319149,0.19230769230769232,0.5669515957446809,0.552059375,0.5504374999999999,0.11650485436893204,0.1935483870967742,0.14432989690721648,0.28865979381443296,5.337735849056603,24.700000000000003,0.25773195876288657,2025-01-07,0022400505,NOP,7.0,7.0,4.0,,7.0,2.0,5.0,,0.13636363636363635,0.4666666666666667,0.4666666666666667,1.0,0.35,,1.0,4.0,,2.0,,0.05555555555555555,,,0.5714285714285714,1.0,,,,,,,,,,,,,,,,2024-25,2025,Regular Season
48:00,93,92,16,31,14,185,16,25,5.0,8.0,3.0,5.0,5,16,2.0,6,10,10,30,,2.0,1.0,7.0,23,47,10,40,13,89,5,9,,7.0,12,3.0,8,1.0,9.0,4.0,13.0,22,24,30,,10.0,29,10,4,11,10,21,10,7,2.0,2.0,52,9.0,9,,18,17,3.0,38,18,56,2.0,4,4,,9,2.0,6.0,7,2.0,16,1.0,1.0,12,22,,19,,1.0,1.0,19,3.0,11,,10,,5.0,,5.0,10,4.0,77,13.0,16,4.0,,0.4782608695652174,0.6111111111111112,1.0,0.25,,0.1111111111111111,0.2564102564102564,0.48936170212765956,0.5555555555555556,0.375,0.4367816091954023,0.3125,0.2647058823529412,0.46842105263157896,0.35294117647058826,0.325,0.45977011494252873,0.0851063829787234,0.12,0.5625,0.75,,0.5862068965517241,0.375,0.8571428571428571,0.3333333333333333,0.7,0.35294117647058826,0.4444444444444444,0.36363636363636365,0.25,0.35294117647058826,0.3,0.6923076923076923,0.5384615384615384,0.3333333333333333,0.8823529411764706,0.75,0.0425531914893617,92.5,0.4,15.870967741935484,15.26086956521739,14.838709677419354,14.554347826086957,0.28735632183908044,0.64,0.7272727272727273,0.4375,0.1839080459770115,0.3125,0.3333333333333333,0.4,0.06896551724137931,0.3333333333333333,0.3333333333333333,1.0,0.11494252873563218,0.3448275862068966,0.3333333333333333,0.3333333333333333,1.0,0.5,0.625,,0.125,,,0.29411764705882354,0.6,0.4117647058823529,0.14285714285714285,0.7471264367816092,0.3448275862068966,0.5394947674418604,0.6162277777777778,0.507053125,0.11578947368421053,0.2,0.1348314606741573,0.14606741573033707,5.895744680851064,26.1575,0.17204301075268819,2025-01-09,0022400519,ORL,,2.0,2.0,1.0,,,3.0,,0.0625,,,,0.11764705882352941,,5.0,,,,,0.3125,,,,,,,,,,,,,,,,1.0,,,,2024-25,2025,Regular Season
48:00,102,101,12,26,19,203,19,36,4.0,10.0,2.0,2.0,12,28,1.0,3,12,13,29,3.0,6.0,1.0,1.0,32,67,16,41,15,127,6,12,3.0,7.0,25,6.0,7,1.0,2.0,4.0,19.0,24,40,39,9.0,6.0,29,13,5,12,13,25,10,8,4.0,,63,8.0,18,,17,10,3.0,30,26,56,5.0,13,7,6.0,7,4.0,3.0,6,,13,6.0,2.0,12,20,1.0,16,,3.0,1.0,19,4.0,10,1.0,3,,2.0,,1.0,3,3.0,102,19.0,12,,1.0,0.375,0.41379310344827586,0.8125,0.3902439024390244,0.42857142857142855,0.5,0.3902439024390244,0.47761194029850745,0.5,0.8571428571428571,0.5185185185185185,0.5526315789473685,0.8333333333333334,0.5478260869565217,0.625,0.8636363636363636,0.37962962962962965,0.07462686567164178,0.1111111111111111,0.5384615384615384,1.0,,0.9090909090909091,0.5294117647058824,0.7083333333333334,0.32,0.7714285714285715,0.4406779661016949,0.625,0.5,,0.3125,0.3333333333333333,0.8571428571428571,1.0,,0.7777777777777778,0.5,0.09259259259259259,101.5,1.0,14.156862745098039,14.217821782178218,13.27450980392157,13.841584158415841,0.3333333333333333,0.5277777777777778,0.59375,0.42105263157894735,0.25925925925925924,0.42857142857142855,0.4444444444444444,0.3333333333333333,0.027777777777777776,0.3333333333333333,0.3333333333333333,,0.1111111111111111,0.26851851851851855,0.4482758620689655,0.4482758620689655,0.7692307692307693,0.5263157894736842,0.4,0.25,0.3157894736842105,0.5,1.0,0.2222222222222222,1.0,0.1111111111111111,1.0,0.7129629629629629,0.4482758620689655,0.5669731481481481,0.5608083333333334,0.4851666666666667,0.08771929824561403,0.136986301369863,0.1968503937007874,0.14960629921259844,5.141791044776119,24.475609756097562,0.11764705882352941,2025-01-11,0022400535,MEM,3.0,1.0,4.0,,3.0,1.0,4.0,1.0,0.03571428571428571,0.25,0.25,1.0,0.1111111111111111,,1.0,,,,,0.05263157894736842,,,,1.0,,,,,,,,,,,,,,,,2024-25,2025,Regular Season
48:00,100,99,16,19,9,199,17,21,3.0,4.0,3.0,3.0,5,28,1.0,2,8,12,32,1.0,2.0,2.0,6.0,23,51,17,40,9,106,5,6,1.0,2.0,13,4.0,5,2.0,6.0,3.0,17.0,26,20,42,9.0,6.0,32,12,6,13,14,27,9,8,4.0,1.0,68,5.0,4,,16,8,2.0,26,9,35,,13,9,4.0,8,1.0,6.0,3,,11,1.0,3.0,16,18,1.0,15,,,1.0,15,1.0,7,1.0,2,1.0,2.0,1.0,,3,2.0,93,17.0,16,,1.0,0.5652173913043478,0.65,0.8235294117647058,0.425,0.5,0.3333333333333333,0.425,0.45098039215686275,0.8333333333333334,0.8,0.532967032967033,0.8125,0.6363636363636364,0.5408163265306123,0.8125,0.6538461538461539,0.43956043956043955,0.11764705882352941,,0.7272727272727273,1.0,,0.42105263157894735,0.14285714285714285,0.7272727272727273,0.22727272727272727,0.5853658536585366,0.18,0.5,0.08695652173913043,,0.2631578947368421,,0.25,0.3333333333333333,1.0,0.75,0.6666666666666666,,99.5,0.6666666666666666,14.5,14.444444444444445,14.21,13.606060606060606,0.23076923076923078,0.8095238095238095,0.8095238095238095,0.47058823529411764,0.3076923076923077,0.17857142857142858,0.22727272727272727,0.8,0.02197802197802198,0.5,0.5,1.0,0.08791208791208792,0.3516483516483517,0.375,0.375,0.75,0.5,0.75,0.3333333333333333,0.25,0.5,1.0,0.2727272727272727,1.0,0.5454545454545454,0.3333333333333333,0.6703296703296703,0.375,0.5273532967032968,0.6367625,0.5180136363636364,0.07216494845360824,0.12280701754385964,0.12264150943396226,0.16037735849056603,5.368627450980393,27.1675,0.16,2025-01-13,0022400548,WAS,5.0,,,,5.0,1.0,2.0,,0.21428571428571427,0.625,0.625,1.0,,,,,,1.0,,,,,,,,,,,,,,,,,,,,,,2024-25,2025,Regular Season
48:00,89,90,13,26,13,179,13,23,1.0,4.0,4.0,4.0,5,11,4.0,12,8,13,28,4.0,6.0,,3.0,22,46,18,36,18,116,1,5,4.0,7.0,16,5.0,6,,3.0,9.0,19.0,22,22,45,9.0,,28,13,7,11,15,26,10,7,2.0,2.0,67,4.0,10,2.0,14,18,3.0,35,16,51,2.0,8,3,5.0,4,4.0,3.0,9,,13,3.0,2.0,12,26,,17,,3.0,,21,,6,3.0,5,,4.0,,1.0,5,2.0,100,16.0,11,4.0,1.0,0.5,0.5,0.8333333333333334,0.5,0.5714285714285714,,0.5,0.4782608695652174,0.2,0.8333333333333334,0.5975609756097561,0.5833333333333334,0.5555555555555556,0.6304347826086957,0.6153846153846154,0.6333333333333333,0.43902439024390244,0.15217391304347827,0.17391304347826086,0.3076923076923077,0.5,1.0,0.6666666666666666,0.43478260869565216,0.7,0.2222222222222222,0.6808510638297872,0.34146341463414637,0.6,0.3333333333333333,0.2857142857142857,0.2,0.3333333333333333,0.6666666666666666,0.6,1.0,0.75,0.5,0.058823529411764705,89.5,0.4,16.50561797752809,15.677777777777777,15.741573033707866,14.822222222222223,0.2804878048780488,0.5652173913043478,0.6842105263157895,0.5384615384615384,0.13414634146341464,0.45454545454545453,0.5,0.4,0.14634146341463414,0.3333333333333333,0.4,0.5,0.0975609756097561,0.34146341463414637,0.4642857142857143,0.4642857142857143,0.7692307692307693,0.3333333333333333,0.25,,0.5,0.6666666666666666,1.0,0.4444444444444444,1.0,0.3333333333333333,,0.7195121951219512,0.4642857142857143,0.5527853658536586,0.60515625,0.6062055555555556,0.07865168539325842,0.11538461538461539,0.13793103448275862,0.16379310344827586,8.108695652173912,25.063888888888886,0.14606741573033707,2025-01-15,0022400565,GSW,5.0,,2.0,,5.0,,1.0,2.0,0.09090909090909091,0.625,0.625,1.0,,,1.0,,,,,0.08333333333333333,,,,,,1.0,,,0.02702702702702703,,0.16666666666666666,,,,,2.0,,,,2024-25,2025,Regular Season
48:00,91,91,17,21,15,182,8,21,3.0,9.0,2.0,5.0,9,26,4.0,9,10,10,24,1.0,3.0,1.0,5.0,21,56,14,34,15,99,3,10,1.0,5.0,9,4.0,8,1.0,7.0,4.0,15.0,16,26,33,9.0,2.0,24,10,1,8,11,19,7,4,2.0,2.0,49,5.0,11,,14,11,3.0,28,16,44,1.0,10,8,2.0,5,1.0,3.0,4,2.0,9,1.0,2.0,7,13,1.0,16,1.0,2.0,1.0,17,,6,2.0,4,,3.0,,1.0,4,3.0,90,15.0,17,1.0,2.0,0.38095238095238093,0.4,0.7857142857142857,0.4117647058823529,0.2,0.14285714285714285,0.4117647058823529,0.375,0.3,0.5,0.4666666666666667,0.3,0.36666666666666664,0.5,0.3,0.4411764705882353,0.37777777777777777,0.017857142857142856,,0.5555555555555556,1.0,,0.5789473684210527,0.3142857142857143,0.7777777777777778,0.25,0.6756756756756757,0.2909090909090909,0.3076923076923077,0.4117647058823529,,0.21428571428571427,0.3333333333333333,0.7272727272727273,0.4,0.3333333333333333,0.8181818181818182,0.7142857142857143,0.018867924528301886,91.0,0.75,16.428571428571427,15.219780219780219,15.68131868131868,14.527472527472527,0.23333333333333334,0.38095238095238093,0.38095238095238093,0.5,0.28888888888888886,0.34615384615384615,0.36,0.2222222222222222,0.1,0.4444444444444444,0.4444444444444444,0.5,0.1111111111111111,0.26666666666666666,0.4166666666666667,0.43478260869565216,0.7,0.6,0.3333333333333333,0.3333333333333333,0.2,0.3333333333333333,1.0,0.3333333333333333,0.4,0.3333333333333333,0.2,0.6111111111111112,0.4166666666666667,0.5267294444444445,0.6225545454545455,0.5348333333333334,0.0625,0.0967741935483871,0.09090909090909091,0.15151515151515152,7.125,25.079411764705885,0.18681318681318682,2025-01-17,0022400578,NYK,4.0,2.0,,,4.0,1.0,2.0,,0.038461538461538464,0.4,0.4,1.0,0.13333333333333333,,2.0,,,,,0.13333333333333333,,,,1.0,1.0,,0.029411764705882353,,,,,,,,0.041666666666666664,,,,,2024-25,2025,Regular Season
48:00,96,97,27,17,13,193,14,21,2.0,2.0,1.0,1.0,10,21,1.0,2,9,13,39,1.0,7.0,3.0,10.0,25,44,17,48,23,124,3,4,2.0,9.0,14,5.0,9,4.0,13.0,12.0,34.0,28,22,39,12.0,4.0,39,13,4,14,13,27,9,8,6.0,,67,10.0,5,,18,16,2.0,36,15,51,3.0,4,1,3.0,4,,1.0,4,1.0,8,1.0,3.0,9,18,2.0,19,,,,25,2.0,7,5.0,1,,1.0,,,1,,110,31.0,25,1.0,3.0,0.56,0.6086956521739131,0.7647058823529411,0.3541666666666667,0.2222222222222222,0.3076923076923077,0.3541666666666667,0.5681818181818182,0.75,0.5555555555555556,0.5489130434782609,0.46153846153846156,0.5,0.6019417475728155,0.5,0.6071428571428571,0.5217391304347826,0.09090909090909091,0.14285714285714285,0.5,1.0,,0.7619047619047619,0.2777777777777778,0.782608695652174,0.3225806451612903,0.7727272727272727,0.30612244897959184,0.16666666666666666,0.2727272727272727,1.0,0.34615384615384615,0.2,0.7,0.8888888888888888,0.5,0.7142857142857143,0.8888888888888888,0.06521739130434782,96.5,,14.541666666666666,15.29896907216495,13.572916666666666,14.938144329896907,0.22826086956521738,0.6666666666666666,0.7777777777777778,0.5714285714285714,0.22826086956521738,0.47619047619047616,0.5,0.6,0.021739130434782608,0.5,0.5,,0.09782608695652174,0.42391304347826086,0.3333333333333333,0.3333333333333333,0.6923076923076923,0.15384615384615385,1.0,0.5,0.5384615384615384,0.14285714285714285,1.0,0.045454545454545456,1.0,0.45454545454545453,0.3,0.75,0.3333333333333333,0.5506875,0.5344375,0.5101454545454546,0.08163265306122448,0.14285714285714285,0.11290322580645161,0.27419354838709675,5.838636363636363,25.27916666666667,0.28125,2025-01-18,0022400590,CLE,4.0,3.0,2.0,,4.0,1.0,3.0,1.0,0.047619047619047616,0.4444444444444444,0.4444444444444444,1.0,0.13636363636363635,1.0,2.0,1.0,,,,0.15384615384615385,0.5,1.0,0.3333333333333333,,,1.0,,,0.02040816326530612,,,,,,,,,,,2024-25,2025,Regular Season
48:00,101,101,25,24,14,202,17,29,3.0,6.0,4.0,7.0,12,20,1.0,4,7,5,26,,3.0,1.0,4.0,30,53,7,33,27,108,4,7,,3.0,12,7.0,14,1.0,4.0,8.0,25.0,26,34,18,3.0,6.0,26,5,6,13,6,19,4,9,4.0,,44,7.0,6,1.0,18,18,2.0,38,14,52,1.0,9,6,3.0,5,1.0,2.0,8,1.0,13,1.0,3.0,13,22,1.0,26,,1.0,4.0,34,3.0,15,2.0,4,,3.0,,1.0,4,2.0,96,25.0,25,1.0,2.0,0.43333333333333335,0.48148148148148145,0.8571428571428571,0.21212121212121213,,0.25,0.21212121212121213,0.5660377358490566,0.5714285714285714,0.5,0.47093023255813954,0.4,0.4722222222222222,0.5346534653465347,0.5,0.5434782608695652,0.38372093023255816,0.11320754716981132,0.20689655172413793,0.38461538461538464,1.0,0.3333333333333333,0.6428571428571429,0.2608695652173913,0.6666666666666666,0.2692307692307692,0.6545454545454545,0.2653061224489796,0.16666666666666666,0.5,,0.19047619047619047,0.6,0.6153846153846154,0.6,0.8,0.6666666666666666,0.6666666666666666,0.023255813953488372,101.0,0.5,13.089108910891088,15.425742574257425,12.722772277227723,14.623762376237623,0.3372093023255814,0.5862068965517241,0.7391304347826086,0.5294117647058824,0.23255813953488372,0.6,0.6,0.3333333333333333,0.046511627906976744,0.25,0.25,,0.08139534883720931,0.3023255813953488,0.19230769230769232,0.19230769230769232,0.8,0.6,0.5,0.3333333333333333,0.3,,,0.3888888888888889,0.5714285714285714,0.2222222222222222,0.25,0.7209302325581395,0.19230769230769232,0.5379429411764706,0.587075,0.5255055555555556,0.16161616161616163,0.23076923076923078,0.1111111111111111,0.23148148148148148,5.533962264150944,26.081818181818182,0.24752475247524752,2025-01-20,0022400601,MEM,2.0,,4.0,,2.0,2.0,3.0,,,0.2857142857142857,0.2857142857142857,1.0,,,,,,,,,,,,,,1.0,,,0.029411764705882353,,,,,,,3.0,,,,2024-25,2025,Regular Season
48:00,99,98,31,27,9,197,22,33,4.0,6.0,6.0,9.0,12,23,3.0,5,7,6,22,,1.0,1.0,10.0,37,61,8,29,16,114,4,8,1.0,3.0,13,9.0,19,2.0,11.0,6.0,30.0,40,34,12,12.0,6.0,22,6,8,20,4,24,2,12,7.0,1.0,52,4.0,8,,12,22,1.0,35,12,47,3.0,5,2,3.0,10,1.0,4.0,5,,15,,3.0,14,21,3.0,18,,3.0,1.0,19,1.0,7,2.0,4,,2.0,,2.0,4,3.0,101,30.0,31,1.0,2.0,0.5405405405405406,0.5882352941176471,0.5,0.27586206896551724,0.3333333333333333,0.18181818181818182,0.27586206896551724,0.6065573770491803,0.5,0.47368421052631576,0.5444444444444444,0.5,0.4,0.5714285714285714,0.5416666666666666,0.4411764705882353,0.32222222222222224,0.13114754098360656,0.15151515151515152,0.6666666666666666,1.0,,0.8461538461538461,0.34782608695652173,0.6666666666666666,0.21052631578947367,0.7727272727272727,0.2857142857142857,0.2727272727272727,0.4,0.5,0.21428571428571427,0.2,0.8571428571428571,0.8,1.0,0.5454545454545454,0.8571428571428571,0.08571428571428572,98.5,0.75,14.606060606060606,14.63265306122449,14.0,14.224489795918368,0.36666666666666664,0.6666666666666666,0.7857142857142857,0.5454545454545454,0.25555555555555554,0.5217391304347826,0.6,0.5833333333333334,0.05555555555555555,0.6,0.6,0.3333333333333333,0.07777777777777778,0.24444444444444444,0.2727272727272727,0.2727272727272727,0.3333333333333333,0.5454545454545454,0.6666666666666666,0.25,0.09090909090909091,,,0.3,0.6666666666666666,0.3333333333333333,0.1,0.6888888888888889,0.2727272727272727,0.5408633333333334,0.59266,0.4983883333333334,0.07291666666666667,0.1044776119402985,0.11403508771929824,0.2631578947368421,5.047540983606557,25.25172413793103,0.31313131313131315,2025-01-22,0022400614,DAL,2.0,1.0,2.0,,2.0,1.0,6.0,,0.13043478260869565,0.2857142857142857,0.2857142857142857,1.0,0.03333333333333333,1.0,2.0,1.0,1.0,,,0.18181818181818182,0.5,1.0,1.0,2.0,,,,,,,,,,,,,,,,2024-25,2025,Regular Season
48:00,97,98,13,14,14,195,14,19,4.0,5.0,,,16,34,2.0,3,5,9,27,1.0,3.0,,3.0,32,56,11,32,7,104,7,9,1.0,4.0,18,1.0,4,1.0,4.0,2.0,7.0,42,22,33,,12.0,26,9,4,21,11,32,9,9,11.0,1.0,75,6.0,10,,9,13,1.0,23,16,39,3.0,7,1,6.0,14,2.0,10.0,6,,20,2.0,3.0,6,13,,14,,1.0,,13,3.0,5,3.0,2,1.0,2.0,1.0,,3,1.0,86,7.0,13,,3.0,0.65625,0.8076923076923077,1.0,0.34375,0.25,0.25,0.3548387096774194,0.5714285714285714,0.7777777777777778,0.25,0.5511363636363636,0.6538461538461539,0.3125,0.5591397849462365,0.6428571428571429,0.3181818181818182,0.36363636363636365,0.07142857142857142,0.10526315789473684,0.7,1.0,,0.5,0.4166666666666667,0.6,0.3,0.5365853658536586,0.36363636363636365,0.6,0.3333333333333333,1.0,0.29411764705882354,0.3333333333333333,0.2727272727272727,0.6363636363636364,0.75,0.5454545454545454,0.75,0.075,97.5,0.3333333333333333,13.989690721649485,15.540816326530612,13.628865979381443,14.673469387755102,0.2159090909090909,0.7368421052631579,0.8235294117647058,0.6428571428571429,0.38636363636363635,0.47058823529411764,0.5,0.6875,0.03409090909090909,0.6666666666666666,0.6666666666666666,0.5,0.056818181818181816,0.3068181818181818,0.3333333333333333,0.3333333333333333,1.0,0.38461538461538464,0.8,,0.23076923076923078,0.3333333333333333,1.0,,,0.375,,0.5795454545454546,0.34615384615384615,0.518114367816092,0.5644055555555556,0.46875,0.05555555555555555,0.08620689655172414,0.17307692307692307,0.0673076923076923,5.853571428571429,25.965625,0.13402061855670103,2025-01-25,0022400634,DEN,2.0,1.0,1.0,1.0,2.0,2.0,4.0,1.0,0.058823529411764705,0.4,0.4,1.0,0.125,,1.0,1.0,,,1.0,0.07692307692307693,,,1.0,,,,,,,1.0,,,,,,,,1.0,,2024-25,2025,Regular Season
48:00,103,102,28,28,14,205,15,26,5.0,7.0,2.0,5.0,4,10,3.0,7,9,11,34,3.0,4.0,4.0,11.0,22,43,12,43,12,92,6,8,3.0,5.0,21,2.0,8,4.0,14.0,2.0,18.0,30,14,27,9.0,6.0,34,11,4,15,9,24,8,11,3.0,1.0,57,3.0,11,,19,18,4.0,41,14,55,1.0,10,6,4.0,13,3.0,8.0,9,1.0,22,,6.0,14,20,,18,2.0,,2.0,18,1.0,7,1.0,2,1.0,1.0,,1.0,3,2.0,71,18.0,28,2.0,1.0,0.6818181818181818,0.7894736842105263,0.75,0.27906976744186046,0.6,0.2857142857142857,0.27906976744186046,0.5116279069767442,0.75,0.25,0.46511627906976744,0.8076923076923077,0.36363636363636365,0.48936170212765956,0.75,0.391304347826087,0.5,0.09302325581395349,0.07692307692307693,0.5909090909090909,1.0,,0.75,0.5238095238095238,0.7037037037037037,0.10344827586206896,0.7254901960784313,0.28,0.45454545454545453,0.6666666666666666,0.5,0.13636363636363635,,0.5555555555555556,0.8181818181818182,1.0,0.7894736842105263,0.5,0.021739130434782608,102.5,0.6666666666666666,13.20388349514563,14.901960784313726,12.766990291262136,14.450980392156863,0.3023255813953488,0.5769230769230769,0.625,0.7333333333333333,0.11627906976744186,0.4,0.5,0.75,0.08139534883720931,0.42857142857142855,0.42857142857142855,0.3333333333333333,0.10465116279069768,0.3953488372093023,0.3235294117647059,0.3235294117647059,0.7272727272727273,0.5384615384615384,0.7142857142857143,0.6,0.3076923076923077,0.75,0.6666666666666666,0.22727272727272727,0.4,0.5,0.36363636363636365,0.8023255813953488,0.3235294117647059,0.5754674418604652,0.61366,0.5463136363636364,0.08602150537634409,0.14285714285714285,0.22826086956521738,0.1956521739130435,5.683720930232559,24.846511627906978,0.27184466019417475,2025-01-27,0022400656,ATL,1.0,3.0,,,1.0,,5.0,3.0,0.2,0.1111111111111111,0.1111111111111111,1.0,0.13636363636363635,,1.0,,,,,0.07692307692307693,,,,,,1.0,,,0.022727272727272728,,,,1.0,,,,,,1.0,2024-25,2025,Regular Season
48:00,97,96,35,17,10,193,16,22,1.0,3.0,6.0,9.0,9,24,6.0,7,11,8,21,2.0,2.0,3.0,7.0,31,53,12,32,15,113,1,4,2.0,3.0,11,12.0,20,5.0,10.0,5.0,44.0,36,26,36,,,20,8,5,18,12,30,8,10,5.0,3.0,72,4.0,6,1.0,13,13,2.0,28,11,39,1.0,7,6,1.0,8,4.0,6.0,8,,16,2.0,3.0,11,25,1.0,19,,1.0,2.0,20,4.0,10,1.0,6,,2.0,,4.0,6,3.0,102,44.0,35,3.0,1.0,0.5806451612903226,0.5806451612903226,1.0,0.375,0.6666666666666666,0.5,0.3870967741935484,0.5849056603773585,0.25,0.6,0.5764705882352941,0.5714285714285714,0.65,0.6086956521739131,0.6111111111111112,0.6875,0.3764705882352941,0.09433962264150944,0.09090909090909091,0.5,1.0,0.3333333333333333,0.7647058823529411,0.2727272727272727,0.8125,0.2222222222222222,0.7878787878787878,0.25,0.3333333333333333,0.2,1.0,0.2727272727272727,0.14285714285714285,0.6666666666666666,0.8181818181818182,0.6666666666666666,0.8125,,0.029411764705882353,96.5,0.5,15.783505154639176,14.052083333333334,15.175257731958762,13.697916666666666,0.25882352941176473,0.7272727272727273,0.8,0.625,0.2823529411764706,0.375,0.42857142857142855,0.5555555555555556,0.08235294117647059,0.8571428571428571,0.8571428571428571,0.5,0.12941176470588237,0.24705882352941178,0.38095238095238093,0.38095238095238093,1.0,0.42857142857142855,0.3333333333333333,,0.2857142857142857,1.0,1.0,0.3,0.6666666666666666,0.23333333333333334,0.42857142857142855,0.6352941176470588,0.4,0.5302220238095238,0.4864625,0.52075,0.10989010989010989,0.1694915254237288,0.09734513274336283,0.3893805309734513,6.901886792452831,26.278125,0.36082474226804123,2025-01-29,0022400672,PHX,4.0,3.0,3.0,1.0,4.0,,2.0,3.0,0.125,0.36363636363636365,0.4,1.0,0.1,,1.0,2.0,,,,0.14285714285714285,,,0.6666666666666666,2.0,1.0,,0.03125,0.09090909090909091,,,,,,,,,,,,2024-25,2025,Regular Season
48:00,96,94,17,12,7,190,7,10,2.0,2.0,1.0,1.0,17,30,1.0,3,4,11,30,1.0,2.0,2.0,5.0,25,43,14,34,21,113,3,4,1.0,2.0,10,4.0,7,2.0,5.0,8.0,22.0,20,30,33,9.0,2.0,30,11,7,10,11,21,8,3,7.0,,53,2.0,5,,13,9,2.0,24,7,31,,6,2,4.0,5,2.0,3.0,10,,15,,2.0,12,20,1.0,18,,,2.0,25,3.0,10,2.0,4,,2.0,,2.0,4,2.0,103,22.0,17,,2.0,0.4,0.4166666666666667,0.7857142857142857,0.4117647058823529,0.5,0.4,0.4117647058823529,0.5813953488372093,0.75,0.5714285714285714,0.5974025974025974,0.75,0.5833333333333334,0.6436781609195402,0.7142857142857143,0.7,0.44155844155844154,0.16279069767441862,0.2,0.3333333333333333,0.6666666666666666,,0.5625,0.29411764705882354,0.7647058823529411,0.10526315789473684,0.6666666666666666,0.19444444444444445,0.6666666666666666,0.25,,0.05555555555555555,1.0,0.2,0.6666666666666666,1.0,0.9166666666666666,0.4,,95.0,0.5,15.604166666666666,14.702127659574469,15.364583333333334,14.25531914893617,0.12987012987012986,0.7,0.875,0.42857142857142855,0.38961038961038963,0.5666666666666667,0.68,0.4117647058823529,0.03896103896103896,0.3333333333333333,0.3333333333333333,,0.05194805194805195,0.38961038961038963,0.36666666666666664,0.3793103448275862,0.7272727272727273,0.3333333333333333,1.0,,0.3333333333333333,0.5,1.0,0.08333333333333333,1.0,0.4166666666666667,0.4,0.5714285714285714,0.36666666666666664,0.478187012987013,0.4780166666666667,0.4458041666666666,0.12941176470588237,0.2,0.08849557522123894,0.19469026548672566,7.574418604651163,25.99411764705882,0.17708333333333334,2025-01-30,0022400677,UTA,3.0,,1.0,,3.0,3.0,2.0,4.0,0.16666666666666666,0.75,1.0,1.0,,,,,,,,,,,,1.0,2.0,1.0,0.058823529411764705,0.25,0.02857142857142857,,,,,,0.03333333333333333,,,,1.0,2024-25,2025,Regular Season
48:00,99,100,16,23,5,199,14,19,2.0,3.0,2.0,2.0,8,25,1.0,6,8,10,25,,,,4.0,23,50,15,33,14,105,3,6,1.0,1.0,9,4.0,6,,4.0,5.0,13.0,28,18,36,9.0,4.0,25,10,3,14,12,26,7,9,5.0,,64,,7,,22,16,2.0,40,7,47,1.0,7,5,2.0,10,1.0,7.0,7,1.0,17,,3.0,8,21,1.0,16,,1.0,2.0,17,3.0,10,,5,1.0,1.0,1.0,4.0,6,2.0,96,13.0,16,2.0,,0.6086956521739131,0.6666666666666666,0.8,0.45454545454545453,1.0,,0.45454545454545453,0.46,0.5,0.6666666666666666,0.5481927710843374,0.6428571428571429,0.4,0.5833333333333334,0.6428571428571429,0.5,0.39759036144578314,0.06,,0.5882352941176471,1.0,,0.64,0.28,0.8148148148148148,,0.7307692307692307,0.16279069767441862,,0.3333333333333333,0.4,,,0.75,0.5333333333333333,1.0,0.8260869565217391,0.75,0.024390243902439025,99.5,0.3333333333333333,14.97979797979798,13.97,14.636363636363637,13.43,0.2289156626506024,0.7368421052631579,0.7368421052631579,0.6428571428571429,0.30120481927710846,0.32,0.36363636363636365,0.625,0.07228915662650602,0.16666666666666666,0.16666666666666666,,0.0963855421686747,0.30120481927710846,0.4,0.4,0.7,0.42857142857142855,0.6666666666666666,,,,,0.2,1.0,0.4,,0.6265060240963856,0.4,0.5177120481927711,0.51655,0.490395,0.1111111111111111,0.17543859649122806,0.08571428571428572,0.12380952380952381,7.236000000000001,25.042424242424243,0.16161616161616163,2025-02-01,0022400690,WAS,5.0,,,,5.0,1.0,3.0,1.0,0.12,0.625,0.625,1.0,,1.0,1.0,,1.0,,,0.14285714285714285,1.0,1.0,,,,,,,,,,,,,,1.0,,,,2024-25,2025,Regular Season
