PLAYER_ID,PLAYER_NAME,NICKNAME,TEAM_ID,TEAM_ABBREVIATION,AGE,GP,W,L,W_PCT,MIN,FGM,FGA,FG_PCT,FG3M,FG3A,FG3_PCT,FTM,FTA,FT_PCT,OREB,DREB,REB,AST,TOV,STL,BLK,BLKA,PF,PFD,PTS,PLUS_MINUS,NBA_FANTASY_PTS,DD2,TD3,WNBA_FANTASY_PTS,GP_RANK,W_RANK,L_RANK,W_PCT_RANK,MIN_RANK,FGM_RANK,FGA_RANK,FG_PCT_RANK,FG3M_RANK,FG3A_RANK,FG3_PCT_RANK,FTM_RANK,FTA_RANK,FT_PCT_RANK,OREB_RANK,DREB_RANK,REB_RANK,AST_RANK,TOV_RANK,STL_RANK,BLK_RANK,BLKA_RANK,PF_RANK,PFD_RANK,PTS_RANK,PLUS_MINUS_RANK,NBA_FANTASY_PTS_RANK,DD2_RANK,TD3_RANK,WNBA_FANTASY_PTS_RANK,team_poss,OFF_RATING_RANK,sp_work_DEF_RATING,E_PACE_RANK,OREB_PCT_RANK,sp_work_NET_RATING,REB_PCT,sp_work_PACE,OFF_RATING,sp_work_DEF_RATING_RANK,FGA_PG_RANK,E_DEF_RATING_RANK,DEF_RATING_RANK,DREB_PCT_RANK,DREB_PCT,AST_TO_RANK,E_USG_PCT,E_TOV_PCT,EFG_PCT,AST_PCT_RANK,E_DEF_RATING,E_NET_RATING,sp_work_OFF_RATING,E_PACE,FGM_PG,TS_PCT_RANK,TS_PCT,FGA_PG,NET_RATING_RANK,sp_work_NET_RATING_RANK,AST_TO,PACE_RANK,E_NET_RATING_RANK,EFG_PCT_RANK,OREB_PCT,sp_work_PACE_RANK,AST_PCT,TM_TOV_PCT,USG_PCT,AST_RATIO,E_OFF_RATING_RANK,USG_PCT_RANK,REB_PCT_RANK,POSS,PIE,PIE_RANK,DEF_RATING,FGM_PG_RANK,PACE_PER40,E_USG_PCT_RANK,AST_RATIO_RANK,sp_work_OFF_RATING_RANK,TM_TOV_PCT_RANK,E_TOV_PCT_RANK,PACE,E_OFF_RATING,NET_RATING,AST_TO_PASS_PCT,PASSES_RECEIVED,POTENTIAL_AST,AST_PTS_CREATED,FT_AST,AST_TO_PASS_PCT_ADJ,AST_ADJ,SECONDARY_AST,PASSES_MADE,DRIVE_FT_PCT,DRIVES,DRIVE_FG_PCT,DRIVE_PTS,DRIVE_FTM,DRIVE_TOV,DRIVE_PF_PCT,DRIVE_PF,DRIVE_PASSES,DRIVE_FGA,DRIVE_FGM,DRIVE_PTS_PCT,DRIVE_AST,DRIVE_FTA,DRIVE_TOV_PCT,DRIVE_AST_PCT,DRIVE_PASSES_PCT,AVG_SEC_PER_TOUCH,ELBOW_TOUCHES,AVG_DRIB_PER_TOUCH,PTS_PER_POST_TOUCH,POST_TOUCHES,PTS_PER_ELBOW_TOUCH,FRONT_CT_TOUCHES,TOUCHES,PTS_PER_TOUCH,PAINT_TOUCHES,PTS_PER_PAINT_TOUCH,POINTS,TIME_OF_POSS,AVG_REB_DIST,REB_CHANCE_DEFER,OREB_UNCONTEST,DREB_CONTEST,REB_CONTEST_PCT,OREB_CONTEST,OREB_CHANCES,DREB_CHANCE_PCT_ADJ,REB_CHANCE_PCT,DREB_CHANCES,REB_CHANCE_PCT_ADJ,DREB_CONTEST_PCT,REB_CONTEST,REB_UNCONTEST,OREB_CONTEST_PCT,OREB_CHANCE_PCT,DREB_UNCONTEST,AVG_DREB_DIST,OREB_CHANCE_PCT_ADJ,REB_CHANCES,AVG_OREB_DIST,OREB_CHANCE_DEFER,DREB_CHANCE_PCT,DREB_CHANCE_DEFER,very_tight_FG2A_FREQUENCY,very_tight_FGM,very_tight_FG2A,G,very_tight_FGA_FREQUENCY,very_tight_FG2M,very_tight_FG3_PCT,PLAYER_LAST_TEAM_ABBREVIATION,very_tight_EFG_PCT,PLAYER_LAST_TEAM_ID,very_tight_FGA,very_tight_FG3A,very_tight_FG3M,very_tight_FG_PCT,very_tight_FG3A_FREQUENCY,very_tight_FG2_PCT,tight_FG3M,tight_FG_PCT,tight_FGA,tight_FGM,tight_FG3A_FREQUENCY,tight_FG2M,tight_FG2_PCT,tight_FGA_FREQUENCY,tight_FG3A,tight_FG2A,tight_FG2A_FREQUENCY,tight_EFG_PCT,tight_FG3_PCT,open_FG2A,open_FGA,open_EFG_PCT,open_FG3M,open_FG2_PCT,open_FG2A_FREQUENCY,open_FG2M,open_FGM,open_FG3A,open_FGA_FREQUENCY,open_FG3_PCT,open_FG_PCT,open_FG3A_FREQUENCY,wide_open_FG2A_FREQUENCY,wide_open_FGM,wide_open_FG3_PCT,wide_open_FGA_FREQUENCY,wide_open_FG3A,wide_open_FG2A,wide_open_FG2M,wide_open_FG_PCT,wide_open_FGA,wide_open_FG3A_FREQUENCY,wide_open_EFG_PCT,wide_open_FG3M,wide_open_FG2_PCT,PULL_UP_FG3_PCT,PULL_UP_FGM,PULL_UP_PTS,PULL_UP_FG3A,PULL_UP_FG_PCT,PULL_UP_FG3M,PULL_UP_FGA,PULL_UP_EFG_PCT,POST_TOUCH_PTS,EFF_FG_PCT,ELBOW_TOUCH_FG_PCT,PAINT_TOUCH_PTS,CATCH_SHOOT_FG_PCT,ELBOW_TOUCH_PTS,CATCH_SHOOT_PTS,POST_TOUCH_FG_PCT,PAINT_TOUCH_FG_PCT,RA_FGA,ITP_FGM,BACKCOURT_FG_PCT,LEFT_CORNER_3_FG_PCT,ITP_FGA,RA_FGM,MID_FGA,RIGHT_CORNER_3_FG_PCT,LEFT_CORNER_3_FGA,RIGHT_CORNER_3_FGM,LEFT_CORNER_3_FGM,BACKCOURT_FGM,CORNER_3_FGA,CORNER_3_FGM,BACKCOURT_FGA,RIGHT_CORNER_3_FGA,ITP_FG_PCT,ABOVE_BREAK_3_FGA,RA_FG_PCT,CORNER_3_FG_PCT,MID_FGM,MID_FG_PCT,ABOVE_BREAK_3_FG_PCT,ABOVE_BREAK_3_FGM,PLUSMINUS,LT_06_PCT,FREQ,NS_LT_06_PCT,PLAYER_POSITION,FGM_LT_06,FGA_LT_06,FGA_35_39,FGA_LT_5,TEAM_ABBR,FGA_25_29,FGM_35_39,FGP_20_24,FGM_5_9,FGA_30_34,FGP_LT_5,FGM_30_34,FGA_20_24,FGP_10_14,FGP_30_34,FGM_LT_5,FGP_35_39,FGM_15_19,FGM_40_PLUS,FGA_10_14,FGP_40_PLUS,FGA_5_9,FGP_5_9,FGM_10_14,FGM_20_24,FGA_15_19,FGP_15_19,FGP_25_29,FGA_40_PLUS,FGM_25_29,CATCH_SHOOT_FG3M,CATCH_SHOOT_EFG_PCT,CATCH_SHOOT_FGA,CATCH_SHOOT_FG3A,CATCH_SHOOT_FG3_PCT,CATCH_SHOOT_FGM,year,date,playoffs,GAME_ID,index,HTM,VTM
2738,Andre Iguodala,Andre,1610612744,GSW,33.0,1,1,0,1.0,30.12,2,6,0.333,0,2,0.0,4,4,1.0,1,5,6,4,4,1,1,0,3,3,8,16,23.2,0,0,22.0,1,1,1,1,44,78,75,84,60,52,60,19,24,1,31,31,30,23,7,25,19,1,83,19,67,15,54,14,2,54,,12,104.4,17,36,25.4,0.105,107.57,129.9,63,75,51,63,57,0.139,40,0.167,25.4,0.333,44,100.0,32.9,129.9,108.75,2.0,69,0.515,6.0,24,24,1.0,22,24,90,0.048,22,0.143,25.0,0.167,25.0,14,77,45,67,0.056,84,104.4,78,89.64,82,25,12,113,114,107.57,132.9,25.4,0.133,27.0,6.0,10.0,0.0,0.133,4.0,0.0,30.0,0.0,0.0,0.0,0.0,0.0,0.0,0.0,0.0,0.0,0.0,0.0,0.0,0.0,0.0,0.0,0.0,0.0,1.94,2.0,1.05,0.0,0.0,1.0,28.0,42.0,0.19,3.0,1.333,8.0,1.4,10.4,1.0,0.0,0.0,0.167,1.0,1.0,0.5,0.5,11.0,0.545,0.0,1.0,5.0,1.0,1.0,5.0,11.1,1.0,12.0,6.9,0.0,0.455,1.0,,,,,,,,,,,,,,,,,,,,,,,,,,,,,,1.0,3.0,0.333,0.0,1.0,0.167,1.0,1.0,2.0,0.5,0.0,0.333,0.333,0.5,1.0,,0.5,0.0,3.0,1.0,0.333,3.0,0.0,0.333,0.0,0.333,,0,0,0.0,0.0,0.0,1,0.0,0.0,0.333,0.0,4.0,0.0,2.0,0.0,0.0,1.0,2.0,0.0,0.0,0.0,0.0,2.0,2.0,0.0,0.0,0.0,0.0,0.0,0.0,0.0,0.0,0.0,0.0,2.0,1.0,0.0,0.0,0.0,0.0,0.0,0.092,0.705,0.252,0.613,G-F,74.0,105.0,,2.0,GSW,2.0,,0.0,0.0,0.0,1.0,0.0,0.0,0.0,0.0,2.0,,0.0,0.0,1.0,0.0,0.0,0.0,0.0,0.0,1.0,0.0,0.0,0.0,0.0,0.0,0.0,3,2.0,0.0,0,2017,20170223,False,21600854,,,
203085,Austin Rivers,Austin,1610612746,LAC,24.0,1,0,1,0.0,36.79333333333334,7,16,0.438,4,9,0.444,1,2,0.5,0,2,2,2,3,2,0,3,1,2,19,-7,27.4,0,0,31.0,1,66,66,66,15,16,17,64,6,7,36,55,39,59,68,70,83,44,12,9,41,125,25,36,19,91,43,14,2,27,,58,117.7,32,68,-10.2,0.025,103.71,107.5,95,17,101,95,90,0.067,57,0.213,13.7,0.563,61,121.4,-22.8,107.5,106.85,7.0,57,0.563,16.0,82,82,0.67,51,98,47,0.0,51,0.095,13.6,0.215,9.1,80,44,104,80,0.066,76,117.7,16,86.43,48,74,58,89,92,103.71,98.6,-10.2,0.029,76.0,7.0,7.0,1.0,0.059,4.0,1.0,68.0,0.5,11.0,0.5,7.0,1.0,1.0,0.091,1.0,3.0,6.0,3.0,0.636,0.0,2.0,0.091,0.0,0.273,4.5,1.0,3.8,0.0,0.0,0.0,38.0,89.0,0.213,1.0,0.0,19.0,6.7,4.7,1.0,0.0,1.0,0.5,0.0,5.0,0.667,0.222,4.0,0.25,0.5,1.0,1.0,0.0,0.0,1.0,4.7,0.0,9.0,0.0,0.0,0.5,1.0,0.308,2.0,4.0,1.0,0.308,2.0,,LAC,0.5,1610612746.0,4.0,0.0,0.0,0.5,0.0,0.5,0.0,1.0,1.0,1.0,0.0,1.0,1.0,0.077,0.0,1.0,0.077,1.0,,0.0,5.0,0.9,3.0,,0.0,0.0,3.0,5.0,0.385,0.6,0.6,0.385,0.0,1.0,0.333,0.231,3.0,0.0,0.0,0.333,3.0,0.231,0.5,1.0,,1.0,2,6,2.0,1.0,2.0,2,1.5,0.0,0.563,0.0,0.0,0.333,0.0,6.0,0.0,0.0,5.0,0.0,0.0,0.0,1.0,2.0,1.0,0.0,0.0,0.0,0.0,0.0,0.0,0.0,0.0,0.0,0.0,9.0,0.4,0.0,1.0,1.0,0.444,4.0,0.023,0.632,0.216,0.609,G,67.0,106.0,0.0,6.0,LAC,7.0,0.0,0.0,0.0,0.0,0.333,0.0,2.0,1.0,0.0,2.0,0.0,0.0,0.0,1.0,0.0,0.0,0.0,1.0,0.0,0.0,0.0,0.571,0.0,4.0,2.0,0.6,5,5.0,0.4,2,2017,20170223,False,21600854,,,
201933,Blake Griffin,Blake,1610612746,LAC,28.0,1,0,1,0.0,34.833333333333336,3,13,0.231,1,2,0.5,5,9,0.556,0,5,5,8,2,1,0,2,2,10,12,-15,31.0,0,0,28.0,1,66,66,66,19,64,29,105,34,52,19,9,4,58,68,31,38,5,22,25,41,113,63,2,43,114,32,14,2,37,,63,126.3,16,68,-19.7,0.068,104.73,106.6,109,29,112,109,36,0.192,9,0.213,7.4,0.269,9,128.9,-32.5,106.6,109.19,3.0,100,0.354,13.0,98,98,4.0,39,106,106,0.0,40,0.333,7.4,0.216,29.6,88,42,76,76,0.048,92,126.3,64,87.27,49,21,63,61,61,104.73,96.4,-19.7,0.099,75.0,18.0,20.0,0.0,0.099,8.0,0.0,81.0,0.5,7.0,0.0,1.0,1.0,0.0,0.143,1.0,2.0,4.0,0.0,0.143,0.0,2.0,0.0,0.0,0.286,2.51,10.0,1.65,0.188,16.0,0.2,68.0,102.0,0.118,3.0,1.333,12.0,4.3,3.9,0.0,0.0,2.0,0.4,0.0,3.0,1.0,0.625,5.0,0.625,0.4,2.0,3.0,0.0,0.0,3.0,3.9,0.0,8.0,0.0,0.0,1.0,0.0,0.091,1.0,1.0,1.0,0.091,1.0,,LAC,1.0,1610612746.0,1.0,0.0,0.0,1.0,0.0,1.0,0.0,0.333,3.0,1.0,0.0,1.0,0.333,0.273,0.0,3.0,0.273,0.333,,5.0,6.0,0.25,1.0,0.0,0.455,0.0,1.0,1.0,0.545,1.0,0.167,0.091,0.0,0.0,0.0,0.091,1.0,0.0,0.0,0.0,1.0,0.091,0.0,0.0,,1.0,1,3,1.0,0.333,1.0,3,0.5,3.0,0.269,0.0,4.0,0.0,2.0,0.0,0.25,1.0,2.0,0.0,,1.0,4.0,2.0,5.0,0.0,1.0,0.0,1.0,,1.0,1.0,,0.0,0.0,1.0,1.0,1.0,0.0,0.0,0.0,0.0,0.039,0.657,0.304,0.618,F,94.0,143.0,0.0,3.0,LAC,0.0,0.0,0.333,0.0,,0.667,,3.0,0.0,,2.0,0.0,0.0,,1.0,,3.0,0.0,0.0,1.0,3.0,0.0,0.0,,0.0,0.0,0.0,3,1.0,0.0,0,2017,20170223,False,21600854,,,
101138,Brandon Bass,Brandon,1610612746,LAC,32.0,1,0,1,0.0,13.166666666666666,3,5,0.6,0,0,0.0,3,4,0.75,1,3,4,0,0,1,0,0,3,2,9,5,16.8,0,0,15.0,1,66,66,66,101,64,84,21,60,90,60,27,24,47,31,51,50,88,90,25,41,1,83,36,61,38,79,14,2,79,,62,87.1,26,28,19.6,0.143,111.19,106.7,15,84,29,15,19,0.25,67,0.192,0.0,0.6,88,93.2,12.4,106.7,107.98,3.0,37,0.666,5.0,32,32,0.0,11,48,41,0.063,11,0.0,0.0,0.194,0.0,66,61,29,30,0.165,27,87.1,64,92.66,67,88,62,1,1,111.19,105.7,19.6,0.0,12.0,1.0,2.0,0.0,0.063,1.0,0.0,16.0,1.0,1.0,0.0,2.0,2.0,0.0,1.0,1.0,0.0,0.0,0.0,2.0,0.0,2.0,0.0,0.0,0.0,1.35,1.0,0.43,0.0,0.0,0.0,12.0,23.0,0.391,5.0,0.8,9.0,0.5,3.5,0.0,0.0,2.0,0.75,1.0,3.0,1.0,0.667,3.0,0.667,0.667,3.0,1.0,1.0,0.333,1.0,3.9,0.333,6.0,2.2,0.0,1.0,0.0,0.4,1.0,2.0,1.0,0.4,1.0,,LAC,0.5,1610612746.0,2.0,0.0,0.0,0.5,0.0,0.5,0.0,0.667,3.0,2.0,0.0,2.0,0.667,0.6,0.0,3.0,0.6,0.667,,,,,,,,,,,,,,,,,,,,,,,,,,,,,0,0,,,,0,,0.0,0.6,0.0,4.0,0.0,0.0,0.0,0.0,1.0,3.0,0.0,0.0,0.0,1.0,3.0,1.0,,0.0,,0.0,0.0,0.0,0.0,0.0,,0.0,0.0,1.0,0.0,0.0,0.0,0.0,0.0,0.089,0.695,0.355,0.606,F,41.0,59.0,,3.0,LAC,0.0,,0.0,0.0,0.0,1.0,0.0,0.0,0.0,0.0,3.0,,0.0,0.0,1.0,0.0,1.0,0.0,0.0,0.0,0.0,0.0,0.0,0.0,0.0,,0.0,1,,,0,2017,20170223,False,21600854,,,
1627744,Brice Johnson,Brice,1610612746,LAC,23.0,1,0,1,0.0,2.8666666666666667,0,1,0.0,0,0,0.0,0,0,0.0,1,1,2,0,1,0,0,0,0,0,0,9,1.4,0,0,2.0,1,66,66,66,118,115,112,115,60,90,60,71,73,71,31,89,83,88,43,60,41,1,1,93,117,27,120,14,2,117,,1,25.0,2,1,132.1,0.25,125.58,157.1,2,112,3,2,32,0.2,67,0.225,50.0,0.0,88,28.6,131.3,157.1,116.2,0.0,117,0.0,1.0,1,1,0.0,1,1,115,0.333,1,0.0,50.0,0.222,0.0,2,37,2,7,-0.042,122,25.0,115,104.65,40,88,1,124,124,125.58,159.9,132.1,0.0,3.0,0.0,0.0,0.0,0.0,0.0,0.0,4.0,0.0,1.0,0.0,0.0,0.0,0.0,0.0,0.0,0.0,1.0,0.0,0.0,0.0,0.0,0.0,0.0,0.0,1.79,0.0,0.83,0.0,0.0,0.0,3.0,6.0,0.0,1.0,0.0,0.0,0.2,2.5,0.0,0.0,0.0,0.5,1.0,1.0,0.5,0.667,2.0,0.667,0.0,1.0,1.0,1.0,1.0,1.0,1.6,1.0,3.0,3.4,0.0,0.5,0.0,1.0,0.0,1.0,1.0,1.0,0.0,,LAC,0.0,1610612746.0,1.0,0.0,0.0,0.0,0.0,0.0,,,,,,,,,,,,,,,,,,,,,,,,,,,,,,,,,,,,,,,,,0,0,,,,0,,0.0,0.0,0.0,0.0,0.0,0.0,0.0,0.0,0.0,0.0,0.0,,,1.0,0.0,0.0,,,,,,,,,,0.0,0.0,0.0,,0.0,0.0,0.0,0.0,-0.179,0.5,0.5,0.679,F,1.0,2.0,,0.0,LAC,0.0,,0.0,0.0,,0.0,,0.0,0.0,,0.0,,,,0.0,,1.0,0.0,0.0,0.0,,,0.0,,0.0,,,0,,,0,2017,20170223,False,21600854,,,
2561,David West,David,1610612744,GSW,36.0,1,1,0,1.0,10.9,2,4,0.5,0,0,0.0,0,0,0.0,1,3,4,4,1,1,2,0,2,1,4,0,22.8,0,0,18.0,1,1,1,1,107,78,91,44,60,90,60,71,73,71,31,51,50,23,43,25,7,1,63,60,89,59,56,14,2,64,,114,88.0,27,18,-3.4,0.19,112.29,84.6,17,91,13,17,19,0.25,9,0.209,11.1,0.5,5,84.4,11.8,84.6,107.8,2.0,72,0.5,4.0,71,71,4.0,10,53,54,0.111,10,0.5,11.1,0.185,44.4,89,67,13,26,0.193,15,88.0,78,93.58,54,6,114,77,77,112.29,96.2,-3.4,0.267,13.0,4.0,8.0,0.0,0.333,5.0,1.0,15.0,0.0,0.0,0.0,0.0,0.0,0.0,0.0,0.0,0.0,0.0,0.0,0.0,0.0,0.0,0.0,0.0,0.0,1.33,2.0,0.2,0.0,2.0,1.0,12.0,20.0,0.2,2.0,0.0,4.0,0.4,6.4,1.0,1.0,2.0,0.5,0.0,1.0,1.0,0.8,4.0,1.0,0.667,2.0,2.0,0.0,1.0,1.0,3.4,1.0,5.0,15.3,0.0,0.75,1.0,,,,,,,,,,,,,,,,,,,,,,,,,,,,,,3.0,3.0,0.333,0.0,0.333,0.75,1.0,1.0,0.0,0.75,,0.333,0.0,0.25,1.0,,0.25,0.0,1.0,1.0,1.0,1.0,0.0,1.0,0.0,1.0,,0,0,,,,0,,0.0,0.5,1.0,0.0,0.333,2.0,2.0,0.0,0.0,1.0,0.0,,,0.0,1.0,3.0,,,,,,,,,,0.0,0.0,1.0,,1.0,0.333,0.0,0.0,0.002,0.604,0.371,0.602,F,58.0,96.0,,1.0,GSW,0.0,,0.0,0.0,,1.0,,0.0,0.0,,1.0,,1.0,,1.0,,0.0,0.0,0.0,0.0,2.0,0.5,0.0,,0.0,,0.333,3,,,1,2017,20170223,False,21600854,,,
201599,DeAndre Jordan,DeAndre,1610612746,LAC,28.0,1,0,1,0.0,31.066666666666663,6,12,0.5,0,0,0.0,5,8,0.625,5,6,11,3,1,1,0,0,3,5,17,-16,36.7,1,0,33.0,1,66,66,66,40,25,32,44,60,90,60,9,6,55,3,19,9,34,43,25,41,1,83,7,26,116,21,1,2,23,,59,135.4,35,16,-27.9,0.172,101.97,107.5,119,32,120,119,16,0.273,15,0.211,5.1,0.5,43,136.5,-38.0,107.5,106.3,6.0,62,0.548,12.0,107,107,3.0,73,110,54,0.119,73,0.167,5.3,0.205,15.8,81,49,19,67,0.112,52,135.4,25,84.98,52,60,59,51,51,101.97,98.5,-27.9,0.067,26.0,2.0,8.0,0.0,0.067,3.0,0.0,45.0,0.0,0.0,0.0,0.0,0.0,0.0,0.0,0.0,0.0,0.0,0.0,0.0,0.0,0.0,0.0,0.0,0.0,1.28,3.0,0.25,0.0,3.0,0.0,31.0,60.0,0.283,11.0,0.818,17.0,1.3,4.4,1.0,1.0,3.0,0.636,4.0,15.0,0.667,0.44,10.0,0.458,0.5,7.0,4.0,0.8,0.333,3.0,3.9,0.333,25.0,5.0,0.0,0.6,1.0,0.333,1.0,4.0,1.0,0.333,1.0,,LAC,0.25,1610612746.0,4.0,0.0,0.0,0.25,0.0,0.25,0.0,0.625,8.0,5.0,0.0,5.0,0.625,0.667,0.0,8.0,0.667,0.625,,,,,,,,,,,,,,,,,,,,,,,,,,,,,0,0,,,,0,,0.0,0.5,0.0,9.0,0.0,0.0,0.0,0.0,0.571,9.0,0.0,,0.0,3.0,6.0,0.0,0.0,0.0,0.0,0.0,,0.0,0.0,,0.0,0.0,0.0,0.667,0.0,0.0,0.0,0.0,0.0,-0.077,0.534,0.386,0.611,C,166.0,311.0,0.0,11.0,LAC,0.0,0.0,0.0,0.0,,0.545,,0.0,0.0,,6.0,0.0,0.0,,0.0,,1.0,0.0,0.0,0.0,0.0,0.0,0.0,,0.0,,,0,,,0,2017,20170223,False,21600854,,,
203110,Draymond Green,Draymond,1610612744,GSW,27.0,1,1,0,1.0,22.541666666666668,2,4,0.5,1,1,1.0,2,2,1.0,0,6,6,4,6,2,0,0,5,1,7,12,20.2,0,0,22.0,1,1,1,1,75,78,91,44,34,72,1,35,39,1,68,19,30,23,2,9,41,1,123,60,75,20,65,14,2,54,,27,98.0,28,68,24.0,0.15,106.47,122.0,35,91,31,35,28,0.222,57,0.206,40.3,0.625,30,93.9,30.8,122.0,107.62,2.0,25,0.717,4.0,29,29,0.67,31,28,36,0.0,31,0.222,40.0,0.204,26.7,25,52,27,50,0.061,81,98.0,78,88.72,57,24,27,120,122,106.47,124.7,24.0,0.114,25.0,9.0,11.0,1.0,0.143,5.0,0.0,35.0,1.0,3.0,0.0,2.0,2.0,0.0,0.333,1.0,0.0,2.0,0.0,0.667,0.0,2.0,0.0,0.0,0.0,2.52,1.0,1.73,0.0,0.0,0.0,21.0,44.0,0.159,1.0,0.0,7.0,1.8,4.4,1.0,0.0,0.0,0.0,0.0,1.0,0.667,0.6,9.0,0.667,0.0,0.0,6.0,0.0,0.0,6.0,4.4,0.0,10.0,0.0,1.0,0.667,0.0,0.25,0.0,1.0,1.0,0.25,0.0,,GSW,0.0,1610612744.0,1.0,0.0,0.0,0.0,0.0,0.0,0.0,0.5,2.0,1.0,0.0,1.0,0.5,0.5,0.0,2.0,0.5,0.5,,,,,,,,,,,,,,,0.0,1.0,1.0,0.25,1.0,0.0,0.0,1.0,1.0,0.25,1.5,1.0,,,0,0,0.0,,0.0,0,,0.0,0.625,0.0,0.0,1.0,0.0,3.0,0.0,0.0,2.0,0.0,,0.0,1.0,1.0,0.0,,0.0,,0.0,,0.0,0.0,,,0.0,1.0,0.5,0.0,0.0,0.0,1.0,1.0,-0.119,0.482,0.377,0.6,F,158.0,328.0,0.0,2.0,GSW,1.0,0.0,0.0,0.0,,0.5,,0.0,0.0,,1.0,0.0,0.0,,0.0,,1.0,0.0,0.0,0.0,0.0,0.0,1.0,,1.0,1.0,1.5,1,1.0,1.0,1,2017,20170223,False,21600854,,,
203546,Ian Clark,Ian,1610612744,GSW,26.0,1,1,0,1.0,9.016666666666667,1,3,0.333,0,1,0.0,0,0,0.0,0,2,2,0,0,0,0,0,0,0,2,3,4.4,0,0,4.0,1,1,1,1,109,93,96,84,60,72,60,71,73,71,68,70,83,88,90,60,41,1,1,93,106,50,107,14,2,107,,14,109.1,15,68,19.5,0.087,114.45,128.6,74,96,86,74,43,0.167,67,0.125,0.0,0.333,88,113.9,21.4,128.6,109.24,1.0,102,0.333,3.0,33,33,0.0,8,35,90,0.0,8,0.0,0.0,0.12,0.0,9,106,57,21,0.045,93,109.1,93,95.38,105,88,14,1,1,114.45,135.3,19.5,0.0,10.0,1.0,0.0,0.0,0.0,0.0,0.0,10.0,0.0,1.0,0.0,0.0,0.0,0.0,0.0,0.0,0.0,1.0,0.0,0.0,0.0,0.0,0.0,0.0,0.0,2.69,0.0,2.23,0.0,0.0,0.0,7.0,13.0,0.154,0.0,0.0,2.0,0.6,10.7,1.0,0.0,0.0,0.0,0.0,3.0,1.0,0.4,2.0,0.5,0.0,0.0,2.0,0.0,0.0,2.0,10.7,0.0,5.0,0.0,1.0,1.0,0.0,,,,,,,,,,,,,,,,,0.0,1.0,1.0,1.0,0.0,1.0,1.0,0.333,0.0,1.0,0.333,1.0,,1.0,1.0,0.0,0.0,0.0,0.333,0.0,0.0,0.0,0.333,,0.0,0.0,0.0,0.0,0.0,0.333,1.0,0.0,0.0,0.0,1.0,0.333,0.0,0.0,,,0,0,0.0,,0.0,0,,0.0,0.333,0.0,0.0,0.0,0.0,0.0,0.0,0.0,2.0,0.0,,0.0,0.0,1.0,0.0,0.0,0.0,0.0,0.0,,1.0,0.0,,1.0,0.0,0.0,0.5,0.0,0.0,0.0,0.0,0.0,0.205,0.795,0.188,0.59,G,31.0,39.0,,2.0,GSW,0.0,,0.0,0.0,0.0,0.5,0.0,1.0,0.0,0.0,1.0,,0.0,,0.0,,0.0,0.0,0.0,0.0,0.0,0.0,0.0,,0.0,0.0,0.0,1,1.0,0.0,0,2017,20170223,False,21600854,,,
200755,JJ Redick,JJ,1610612746,LAC,33.0,1,0,1,0.0,29.756666666666668,4,10,0.4,2,6,0.333,2,2,1.0,0,2,2,1,2,1,0,0,0,0,12,-21,16.9,0,0,19.0,1,66,66,66,46,47,39,70,18,17,43,35,39,1,68,70,83,64,22,25,41,1,1,93,43,124,77,14,2,61,,77,135.4,14,68,-33.9,0.035,105.66,101.5,119,39,123,119,63,0.125,61,0.165,14.4,0.5,81,140.4,-48.6,101.5,109.43,4.0,60,0.551,10.0,111,111,0.5,36,120,54,0.0,36,0.059,15.4,0.154,7.7,102,89,98,66,0.061,81,135.4,47,88.05,83,79,77,96,94,105.66,91.8,-33.9,0.038,36.0,5.0,3.0,1.0,0.077,2.0,0.0,26.0,0.0,4.0,1.0,4.0,0.0,1.0,0.0,0.0,1.0,2.0,2.0,1.0,0.0,0.0,0.25,0.0,0.25,1.54,0.0,0.73,0.0,0.0,0.0,35.0,40.0,0.3,0.0,0.0,12.0,1.0,7.1,0.0,0.0,0.0,0.0,0.0,1.0,0.667,0.5,3.0,0.5,0.0,0.0,2.0,0.0,0.0,2.0,7.1,0.0,4.0,0.0,0.0,0.667,0.0,,,,,,,,,,,,,,,,,0.0,1.0,2.0,2.0,0.0,2.0,1.0,0.2,0.0,2.0,0.2,1.0,,2.0,4.0,0.375,1.0,0.0,0.2,0.0,1.0,2.0,0.4,0.5,0.25,0.2,0.0,1.0,0.25,0.4,4.0,0.0,0.0,0.25,4.0,0.4,0.375,1.0,,0.0,0,0,1.0,0.0,0.0,1,0.0,0.0,0.5,0.0,0.0,0.286,0.0,6.0,0.0,0.0,0.0,2.0,,1.0,2.0,0.0,2.0,0.0,1.0,0.0,1.0,,1.0,1.0,,0.0,1.0,5.0,0.0,1.0,0.0,0.0,0.2,1.0,0.118,0.723,0.208,0.605,G,68.0,94.0,0.0,2.0,LAC,5.0,0.0,0.333,0.0,,1.0,,3.0,0.0,,2.0,0.0,0.0,,0.0,,0.0,0.0,0.0,1.0,0.0,0.0,0.2,,1.0,2.0,0.429,7,5.0,0.4,2,2017,20170223,False,21600854,,,
201580,JaVale McGee,JaVale,1610612744,GSW,29.0,1,1,0,1.0,11.79,1,3,0.333,0,0,0.0,2,2,1.0,3,1,4,0,1,0,0,0,1,1,4,2,7.8,0,0,8.0,1,1,1,1,103,93,96,84,60,90,60,35,39,1,8,89,50,88,43,60,41,1,25,60,89,52,103,14,2,102,,23,113.3,4,2,10.8,0.138,120.1,124.1,86,96,92,86,90,0.067,67,0.149,20.5,0.333,88,116.9,12.4,124.1,115.87,1.0,69,0.515,3.0,48,48,0.0,4,49,90,0.214,4,0.0,20.0,0.147,0.0,15,91,30,29,0.041,95,113.3,93,100.08,91,88,23,106,109,120.1,129.3,10.8,0.0,6.0,1.0,0.0,0.0,0.0,0.0,0.0,11.0,0.0,0.0,0.0,0.0,0.0,0.0,0.0,0.0,0.0,0.0,0.0,0.0,0.0,0.0,0.0,0.0,0.0,1.35,1.0,0.38,0.0,1.0,0.0,10.0,16.0,0.25,4.0,1.0,4.0,0.4,4.6,0.0,1.0,1.0,0.75,2.0,3.0,0.5,0.8,2.0,0.8,1.0,3.0,1.0,0.667,1.0,0.0,1.6,1.0,5.0,5.7,0.0,0.5,0.0,0.333,1.0,1.0,1.0,0.333,1.0,,GSW,1.0,1610612744.0,1.0,0.0,0.0,1.0,0.0,1.0,,,,,,,,,,,,,,2.0,2.0,0.0,0.0,0.0,0.667,0.0,0.0,0.0,0.667,,0.0,0.0,,,,,,,,,,,,,,,0,0,,,,0,,0.0,0.333,0.0,4.0,0.0,0.0,0.0,0.0,0.5,2.0,0.0,,0.0,0.0,1.0,1.0,0.0,0.0,0.0,0.0,,0.0,0.0,,0.0,0.0,0.0,0.5,0.0,0.0,0.0,0.0,0.0,-0.051,0.532,0.496,0.583,C,66.0,124.0,,2.0,GSW,0.0,,0.0,0.0,,0.5,,1.0,0.0,,1.0,,0.0,,0.0,,0.0,0.0,0.0,0.0,0.0,0.0,0.0,,0.0,,0.0,1,,,0,2017,20170223,False,21600854,,,
2037,Jamal Crawford,Jamal,1610612746,LAC,37.0,1,0,1,0.0,34.14666666666667,6,15,0.4,2,4,0.5,5,7,0.714,1,0,1,4,0,2,0,0,1,4,19,-1,32.2,0,0,30.0,1,66,66,66,23,25,22,70,18,30,19,9,10,52,31,111,101,23,90,9,41,1,25,14,19,66,25,14,2,28,,56,110.4,13,62,-2.7,0.014,108.94,107.7,78,22,87,78,111,0.0,67,0.204,0.0,0.467,38,114.1,-11.4,107.7,109.81,6.0,65,0.525,15.0,68,68,0.0,17,84,67,0.023,17,0.182,0.0,0.202,18.2,73,54,110,78,0.088,68,110.4,25,90.78,61,48,56,1,1,108.94,102.7,-2.7,0.125,44.0,5.0,6.0,0.0,0.125,4.0,1.0,32.0,0.75,9.0,0.333,7.0,3.0,0.0,0.222,2.0,0.0,6.0,2.0,0.778,1.0,4.0,0.0,0.111,0.0,4.28,1.0,4.62,0.0,0.0,0.0,28.0,50.0,0.38,0.0,0.0,19.0,3.6,22.7,1.0,1.0,0.0,0.0,0.0,2.0,0.0,0.333,1.0,0.5,0.0,0.0,1.0,0.0,0.5,0.0,0.0,0.5,3.0,22.7,0.0,0.0,1.0,0.133,1.0,2.0,1.0,0.133,1.0,,LAC,0.5,1610612746.0,2.0,0.0,0.0,0.5,0.0,0.5,1.0,0.286,7.0,2.0,0.133,1.0,0.2,0.467,2.0,5.0,0.333,0.357,0.5,3.0,3.0,0.667,0.0,0.667,0.2,2.0,2.0,0.0,0.2,,0.667,0.0,0.067,1.0,0.5,0.2,2.0,1.0,0.0,0.333,3.0,0.133,0.5,1.0,0.0,0.0,3,6,1.0,0.429,0.0,7,0.429,0.0,0.467,0.0,0.0,0.667,0.0,6.0,0.0,0.0,2.0,1.0,0.0,1.0,2.0,0.0,7.0,0.0,1.0,0.0,1.0,0.0,2.0,1.0,0.0,1.0,0.5,2.0,0.0,0.5,3.0,0.429,0.5,1.0,0.091,0.69,0.237,0.599,G,58.0,84.0,,2.0,LAC,2.0,,0.667,1.0,0.0,0.0,0.0,3.0,0.0,0.0,0.0,,2.0,0.0,1.0,0.0,2.0,0.5,0.0,2.0,5.0,0.4,0.5,0.0,1.0,2.0,1.0,3,3.0,0.667,2,2017,20170223,False,21600854,,,
203949,James Michael McAdoo,James Michael,1610612744,GSW,24.0,1,1,0,1.0,8.081666666666667,2,4,0.5,0,0,0.0,0,0,0.0,2,1,3,1,0,1,2,0,2,1,4,-13,18.1,0,0,14.0,1,1,1,1,110,78,91,44,60,90,60,71,73,71,14,89,69,64,90,25,7,1,63,60,89,109,70,14,2,84,,127,115.0,9,5,-62.4,0.136,115.82,52.6,90,91,95,90,80,0.091,67,0.2,0.0,0.5,9,117.8,-62.3,52.6,111.42,2.0,72,0.5,4.0,126,126,0.0,6,124,54,0.182,6,0.333,0.0,0.19,20.0,127,63,31,19,0.175,22,115.0,78,96.51,64,37,127,1,1,115.82,55.6,-62.4,0.048,13.0,4.0,2.0,0.0,0.048,1.0,0.0,21.0,0.0,0.0,0.0,0.0,0.0,0.0,0.0,0.0,0.0,0.0,0.0,0.0,0.0,0.0,0.0,0.0,0.0,1.59,2.0,0.48,0.0,0.0,1.0,15.0,25.0,0.16,6.0,0.667,4.0,0.7,5.0,0.0,0.0,1.0,1.0,2.0,2.0,0.25,0.5,4.0,0.5,1.0,3.0,0.0,1.0,1.0,0.0,2.9,1.0,6.0,6.1,0.0,0.25,0.0,0.25,0.0,1.0,1.0,0.25,0.0,,GSW,0.0,1610612744.0,1.0,0.0,0.0,0.0,0.0,0.0,0.0,0.667,3.0,2.0,0.0,2.0,0.667,0.75,0.0,3.0,0.75,0.667,,,,,,,,,,,,,,,,,,,,,,,,,,,,,0,0,,,,0,,0.0,0.5,1.0,4.0,0.0,2.0,0.0,0.0,0.5,3.0,0.0,0.0,,1.0,2.0,0.0,,,,,0.0,,,0.0,,0.0,0.0,0.667,,0.0,0.0,0.0,0.0,-0.024,0.561,0.462,0.585,F,37.0,66.0,,3.0,GSW,0.0,,0.0,0.0,,0.667,,0.0,0.0,,2.0,,0.0,0.0,0.0,0.0,1.0,0.0,0.0,0.0,0.0,0.0,0.0,0.0,0.0,,,0,,,0,2017,20170223,False,21600854,,,
201142,Kevin Durant,Kevin,1610612744,GSW,28.0,1,1,0,1.0,33.93,8,15,0.533,4,6,0.667,5,6,0.833,1,14,15,7,1,1,1,0,3,3,25,15,58.5,1,0,55.0,1,1,1,1,24,13,22,41,6,17,9,9,13,41,31,1,1,6,43,25,19,1,83,19,9,17,4,1,2,3,,26,104.1,25,47,18.9,0.2,103.98,123.0,62,22,33,62,11,0.286,3,0.232,3.9,0.667,15,94.5,31.3,123.0,108.08,8.0,27,0.709,15.0,34,34,7.0,48,27,23,0.038,48,0.304,3.8,0.232,26.9,19,34,9,74,0.24,7,104.1,13,86.65,39,23,26,42,42,103.98,125.8,18.9,0.206,32.0,7.0,16.0,1.0,0.206,7.0,0.0,34.0,0.0,2.0,0.5,2.0,0.0,0.0,0.0,0.0,0.0,2.0,1.0,1.0,0.0,0.0,0.0,0.0,0.0,2.41,1.0,1.83,0.0,1.0,2.0,31.0,54.0,0.463,2.0,2.0,25.0,2.2,8.2,2.0,1.0,1.0,0.067,0.0,1.0,1.077,0.938,15.0,1.071,0.071,1.0,14.0,0.0,1.0,13.0,7.8,1.0,16.0,13.2,0.0,0.933,2.0,0.133,1.0,2.0,1.0,0.133,1.0,,GSW,0.5,1610612744.0,2.0,0.0,0.0,0.5,0.0,0.5,1.0,0.5,6.0,3.0,0.133,2.0,0.5,0.4,2.0,4.0,0.267,0.583,0.5,1.0,4.0,0.75,2.0,0.0,0.067,0.0,2.0,3.0,0.267,0.667,0.5,0.2,0.133,2.0,1.0,0.2,1.0,2.0,1.0,0.667,3.0,0.067,0.833,1.0,0.5,0.0,0,0,2.0,0.0,0.0,5,0.0,0.0,0.667,1.0,4.0,0.8,2.0,12.0,0.0,1.0,5.0,0.0,0.0,1.0,1.0,4.0,3.0,0.0,1.0,0.0,1.0,0.0,1.0,1.0,0.0,0.0,0.0,5.0,0.8,1.0,0.0,0.0,0.6,3.0,-0.063,0.544,0.364,0.607,F,148.0,272.0,0.0,5.0,GSW,5.0,0.0,1.0,0.0,0.0,0.8,0.0,1.0,0.0,0.0,4.0,0.0,0.0,0.0,1.0,0.0,0.0,0.0,0.0,1.0,3.0,0.0,0.6,0.0,3.0,4.0,1.2,5,4.0,1.0,4,2017,20170223,False,21600854,,,
202691,Klay Thompson,Klay,1610612744,GSW,27.0,1,1,0,1.0,31.226666666666667,7,12,0.583,2,5,0.4,2,2,1.0,0,0,0,4,1,0,0,0,0,1,18,7,23.0,0,0,24.0,1,1,1,1,38,16,32,26,18,25,38,35,39,1,68,111,112,23,43,60,41,1,1,60,22,34,55,14,2,50,,33,106.0,54,68,12.2,0.0,102.22,118.2,65,32,46,65,111,0.0,9,0.202,5.6,0.667,38,98.6,23.8,118.2,104.31,7.0,30,0.699,12.0,45,45,4.0,69,32,23,0.0,69,0.182,5.6,0.197,22.2,32,59,112,66,0.118,47,106.0,16,85.18,63,32,33,53,54,102.22,122.4,12.2,0.182,37.0,4.0,9.0,0.0,0.182,4.0,0.0,22.0,0.0,2.0,0.0,0.0,0.0,1.0,0.0,0.0,1.0,0.0,0.0,0.0,0.0,0.0,0.5,0.0,0.5,1.86,2.0,1.26,0.0,1.0,1.0,32.0,39.0,0.462,2.0,2.0,18.0,1.2,,,,,,,,,,,,,,,,,,,,,,,,,0.25,2.0,3.0,1.0,0.25,2.0,,GSW,0.667,1610612744.0,3.0,0.0,0.0,0.667,0.0,0.667,0.0,0.333,3.0,1.0,0.083,1.0,0.5,0.25,1.0,2.0,0.167,0.333,0.0,2.0,3.0,1.167,1.0,1.0,0.167,2.0,3.0,1.0,0.25,1.0,1.0,0.083,0.0,1.0,0.333,0.25,3.0,0.0,0.0,0.333,3.0,0.25,0.5,1.0,,0.5,2,5,2.0,0.667,1.0,3,0.833,0.0,0.667,0.0,4.0,0.5,2.0,9.0,0.0,1.0,1.0,0.0,0.0,0.0,0.0,1.0,6.0,,0.0,,0.0,0.0,0.0,0.0,0.0,,0.0,5.0,1.0,0.0,4.0,0.667,0.4,2.0,0.036,0.635,0.281,0.599,G,108.0,170.0,0.0,1.0,GSW,5.0,0.0,1.0,0.0,0.0,1.0,0.0,1.0,0.0,0.0,1.0,0.0,3.0,0.0,0.0,0.0,0.0,0.0,0.0,1.0,5.0,0.6,0.4,0.0,2.0,1.0,0.563,8,3.0,0.333,4,2017,20170223,False,21600854,,,
201601,Luc Mbah a Moute,Luc,1610612746,LAC,30.0,1,0,1,0.0,14.13,1,5,0.2,0,1,0.0,0,0,0.0,0,0,0,0,1,0,0,2,2,0,2,-12,1.0,0,0,2.0,1,66,66,66,94,93,84,108,60,72,60,71,73,71,68,111,112,88,43,60,41,113,63,93,106,102,121,14,2,117,,97,136.7,36,68,-40.0,0.0,101.91,96.7,121,84,121,121,111,0.0,67,0.169,16.7,0.2,88,136.8,-47.7,96.7,106.12,1.0,113,0.2,5.0,115,116,0.0,75,119,109,0.0,75,0.0,16.7,0.162,0.0,108,84,112,30,-0.079,124,136.7,93,84.93,80,88,97,99,100,101.91,89.2,-40.0,0.0,10.0,0.0,0.0,0.0,0.0,0.0,0.0,6.0,0.0,5.0,0.5,2.0,0.0,1.0,0.0,0.0,2.0,2.0,1.0,0.4,0.0,0.0,0.2,0.0,0.4,3.6,1.0,2.92,0.0,1.0,0.0,11.0,12.0,0.167,1.0,0.0,2.0,0.7,,,,,,,,,,,,,,,,,,,,,,,,,0.333,1.0,1.0,1.0,0.333,1.0,,LAC,1.0,1610612746.0,1.0,0.0,0.0,1.0,0.0,1.0,,,,,,,,,,,,,,1.0,1.0,0.0,0.0,0.0,0.333,0.0,0.0,0.0,0.333,,0.0,0.0,0.0,0.0,0.0,0.333,1.0,0.0,0.0,0.0,1.0,0.333,0.0,0.0,,0.0,0,0,1.0,0.0,0.0,2,0.0,0.0,0.2,0.0,0.0,0.0,0.0,0.0,0.0,0.0,2.0,0.0,,0.0,1.0,1.0,1.0,,0.0,,0.0,,0.0,0.0,,,0.0,1.0,0.5,0.0,0.0,0.0,0.0,0.0,0.011,0.618,0.252,0.607,F,76.0,123.0,1.0,3.0,LAC,0.0,0.0,0.0,0.0,0.0,0.333,0.0,0.0,0.0,0.0,1.0,0.0,0.0,,0.0,,0.0,0.0,0.0,0.0,1.0,0.0,0.0,,0.0,0.0,,0,0.0,,0,2017,20170223,False,21600854,,,
201578,Marreese Speights,Marreese,1610612746,LAC,29.0,1,0,1,0.0,13.79,3,7,0.429,1,3,0.333,1,1,1.0,0,5,5,0,2,0,0,2,1,2,8,0,12.0,0,0,14.0,1,66,66,66,97,64,64,65,34,40,43,55,67,1,68,31,38,88,22,60,41,113,25,36,67,59,92,14,2,84,,104,88.2,6,68,2.7,0.172,116.61,90.9,18,64,42,18,3,0.455,67,0.253,21.2,0.5,88,96.9,-9.4,90.9,113.54,3.0,63,0.538,7.0,60,60,0.0,5,80,54,0.0,5,0.0,22.2,0.243,0.0,111,26,17,33,0.118,48,88.2,64,97.17,22,88,104,111,110,116.61,87.5,2.7,0.0,13.0,0.0,0.0,0.0,0.0,0.0,0.0,12.0,0.0,1.0,0.0,0.0,0.0,0.0,0.0,0.0,0.0,1.0,0.0,0.0,0.0,0.0,0.0,0.0,0.0,1.72,0.0,0.52,1.5,2.0,0.0,12.0,21.0,0.381,0.0,0.0,8.0,0.6,3.4,0.0,0.0,2.0,0.4,0.0,3.0,0.714,0.5,7.0,0.5,0.4,2.0,3.0,0.0,0.0,3.0,3.4,0.0,10.0,0.0,0.0,0.714,0.0,0.2,1.0,1.0,1.0,0.2,1.0,,LAC,1.0,1610612746.0,1.0,0.0,0.0,1.0,0.0,1.0,1.0,0.5,2.0,1.0,0.4,0.0,,0.4,2.0,0.0,0.0,0.75,0.5,1.0,2.0,0.5,0.0,1.0,0.2,1.0,1.0,1.0,0.4,0.0,0.5,0.2,,,,,,,,,,,,,,,0,0,0.0,,0.0,0,,3.0,0.5,0.0,0.0,0.333,0.0,3.0,0.5,0.0,2.0,1.0,0.0,0.0,2.0,1.0,0.0,,0.0,,0.0,0.0,0.0,0.0,0.0,,0.5,3.0,0.5,0.0,0.0,0.0,0.333,1.0,-0.001,0.612,0.42,0.613,F-C,115.0,188.0,,2.0,LAC,2.0,,0.0,1.0,,0.5,,1.0,0.0,,1.0,,0.0,0.0,1.0,0.0,1.0,1.0,0.0,0.0,0.0,0.0,0.5,0.0,1.0,1.0,0.5,3,3.0,0.333,1,2017,20170223,False,21600854,,,
1627775,Patrick McCaw,Patrick,1610612744,GSW,21.0,1,1,0,1.0,11.83,1,3,0.333,0,0,0.0,0,0,0.0,0,1,1,0,0,0,0,0,1,0,2,-12,3.2,0,0,3.0,1,1,1,1,102,93,96,84,60,90,60,71,73,71,68,89,101,88,90,60,41,1,25,93,106,102,111,14,2,114,,121,116.7,1,68,-40.0,0.034,121.72,76.7,92,96,76,92,94,0.063,67,0.101,0.0,0.333,88,109.1,-26.2,76.7,121.4,1.0,102,0.333,3.0,116,116,0.0,3,101,90,0.0,3,0.0,0.0,0.094,0.0,116,115,99,30,0.0,109,116.7,93,101.44,113,88,121,1,1,121.72,82.9,-40.0,0.0,10.0,1.0,0.0,0.0,0.0,0.0,0.0,8.0,0.0,2.0,0.0,0.0,0.0,0.0,0.0,0.0,1.0,1.0,0.0,0.0,0.0,0.0,0.0,0.0,0.5,1.31,0.0,0.83,0.0,0.0,0.0,10.0,12.0,0.167,1.0,2.0,2.0,0.3,31.1,0.0,0.0,0.0,0.0,0.0,0.0,1.0,1.0,1.0,1.0,0.0,0.0,1.0,0.0,0.0,1.0,31.1,0.0,1.0,0.0,0.0,1.0,0.0,0.333,0.0,1.0,1.0,0.333,0.0,,GSW,0.0,1610612744.0,1.0,0.0,0.0,0.0,0.0,0.0,0.0,0.0,1.0,0.0,0.0,0.0,0.0,0.333,0.0,1.0,0.333,0.0,,,,,,,,,,,,,,,0.333,1.0,,0.333,0.0,1.0,1.0,1.0,1.0,0.0,1.0,0.0,1.0,,0,0,,,,0,,0.0,0.333,0.0,2.0,0.0,0.0,0.0,0.0,1.0,1.0,0.0,,0.0,1.0,1.0,1.0,0.0,0.0,0.0,0.0,,0.0,0.0,,0.0,0.0,0.0,1.0,0.0,0.0,0.0,0.0,0.0,0.068,0.683,0.321,0.616,G,41.0,60.0,,2.0,GSW,0.0,,0.0,0.0,,0.5,,0.0,0.0,,1.0,,0.0,,1.0,,0.0,0.0,0.0,0.0,0.0,0.0,0.0,,0.0,,0.0,1,,,0,2017,20170223,False,21600854,,,
101109,Raymond Felton,Raymond,1610612746,LAC,33.0,1,0,1,0.0,23.816666666666663,4,7,0.571,1,2,0.5,4,4,1.0,1,2,3,5,2,3,0,1,3,2,13,-1,31.1,0,0,28.0,1,66,66,66,67,47,64,30,34,52,19,19,24,1,31,70,69,14,22,5,41,83,83,36,38,66,30,14,2,37,,69,101.7,7,54,1.8,0.058,114.88,103.6,52,64,68,52,84,0.083,21,0.175,12.7,0.643,17,105.9,-3.2,103.6,113.06,4.0,21,0.742,7.0,61,61,2.5,7,69,33,0.036,7,0.294,12.5,0.177,31.3,74,72,86,56,0.143,37,101.7,47,95.73,76,18,69,86,86,114.88,102.7,1.8,0.098,47.0,7.0,12.0,0.0,0.118,6.0,1.0,51.0,1.0,8.0,0.0,2.0,2.0,0.0,0.125,1.0,4.0,2.0,0.0,0.25,1.0,2.0,0.0,0.125,0.5,3.82,1.0,3.57,0.0,0.0,0.0,28.0,61.0,0.213,2.0,2.0,13.0,3.9,3.6,0.0,0.0,0.0,0.333,1.0,1.0,0.667,0.75,3.0,0.75,0.0,1.0,2.0,1.0,1.0,2.0,2.8,1.0,4.0,5.2,0.0,0.667,0.0,,,,,,,,,,,,,,,,,0.0,0.0,1.0,0.0,0.0,0.0,0.0,0.167,0.0,1.0,0.167,0.0,,2.0,2.0,1.0,0.0,1.0,0.333,2.0,2.0,0.0,0.333,,1.0,0.0,0.167,2.0,0.5,0.5,2.0,1.0,1.0,0.667,3.0,0.333,0.833,1.0,1.0,1.0,2,5,1.0,0.667,1.0,3,0.833,0.0,0.643,0.0,4.0,0.5,0.0,2.0,0.0,1.0,2.0,0.0,0.0,0.0,1.0,1.0,2.0,0.0,0.0,0.0,0.0,0.0,0.0,0.0,0.0,0.0,0.0,2.0,0.5,0.0,2.0,1.0,0.5,1.0,0.085,0.679,0.194,0.594,G,57.0,84.0,,2.0,LAC,2.0,,1.0,0.0,0.0,0.5,0.0,1.0,0.5,0.0,1.0,,0.0,0.0,2.0,0.0,0.0,0.0,1.0,1.0,0.0,0.0,0.5,0.0,1.0,0.0,0.5,2,1.0,0.0,1,2017,20170223,False,21600854,,,
2733,Shaun Livingston,Shaun,1610612744,GSW,31.0,1,1,0,1.0,17.38,4,7,0.571,0,0,0.0,0,0,0.0,0,1,1,1,1,0,1,0,0,0,8,-6,12.7,0,0,12.0,1,1,1,1,87,47,64,30,60,90,60,71,73,71,68,89,101,64,43,60,19,1,1,93,67,87,90,14,2,92,,113,100.0,37,68,-13.5,0.026,103.57,86.5,40,64,27,40,101,0.043,40,0.212,11.1,0.571,60,92.6,-3.1,86.5,106.05,4.0,53,0.571,7.0,87,87,1.0,54,68,45,0.0,54,0.1,11.1,0.205,11.1,107,49,103,37,0.106,58,100.0,47,86.31,51,67,113,77,77,103.57,89.5,-13.5,0.04,34.0,2.0,2.0,0.0,0.04,1.0,0.0,25.0,0.0,2.0,0.5,2.0,0.0,0.0,0.0,0.0,0.0,2.0,1.0,1.0,0.0,0.0,0.0,0.0,0.0,4.16,0.0,3.67,2.0,1.0,0.0,15.0,36.0,0.222,3.0,0.667,8.0,2.5,3.2,0.0,0.0,0.0,0.0,0.0,1.0,0.5,0.333,2.0,0.333,0.0,0.0,1.0,0.0,0.0,1.0,3.2,0.0,3.0,0.0,0.0,0.5,0.0,,,,,,,,,,,,,,,,,0.0,0.571,7.0,4.0,0.0,4.0,0.571,1.0,0.0,7.0,1.0,0.571,,,,,,,,,,,,,,,,,,,,,,,,,,,,,1,2,,0.333,,3,0.333,2.0,0.571,0.0,2.0,1.0,0.0,4.0,1.0,1.0,1.0,1.0,0.0,0.0,4.0,1.0,2.0,,0.0,,0.0,0.0,0.0,0.0,0.0,,0.25,0.0,1.0,0.0,2.0,1.0,0.0,0.0,0.072,0.676,0.259,0.604,G,46.0,68.0,,1.0,GSW,0.0,,0.0,0.0,,1.0,,0.0,0.6,,1.0,,0.0,0.0,5.0,0.0,1.0,0.0,3.0,0.0,0.0,0.0,0.0,0.0,0.0,,1.0,1,,,1,2017,20170223,False,21600854,,,
201939,Stephen Curry,Stephen,1610612744,GSW,29.0,1,1,0,1.0,32.18333333333333,10,16,0.625,6,10,0.6,9,10,0.9,1,6,7,5,4,4,0,0,5,5,35,26,58.9,0,0,61.0,1,1,1,1,31,6,17,20,3,5,15,2,2,40,31,19,23,14,7,3,41,1,123,7,1,4,3,14,2,2,,6,101.4,10,39,36.1,0.103,107.38,137.5,51,17,28,51,61,0.13,37,0.311,13.6,0.813,28,92.9,47.4,137.5,111.2,10.0,11,0.858,16.0,12,12,1.25,24,8,15,0.045,24,0.227,13.8,0.3,17.2,6,7,51,72,0.223,11,101.4,6,89.49,7,53,6,90,91,107.38,140.3,36.1,0.128,49.0,12.0,15.0,2.0,0.231,9.0,2.0,39.0,1.0,13.0,0.333,8.0,6.0,2.0,0.231,3.0,2.0,3.0,1.0,0.615,3.0,6.0,0.154,0.231,0.154,4.93,2.0,5.32,0.0,0.0,0.0,18.0,65.0,0.538,1.0,0.0,35.0,5.3,17.2,2.0,1.0,0.0,0.0,0.0,1.0,0.75,0.636,10.0,0.778,0.0,0.0,7.0,0.0,1.0,6.0,18.5,1.0,11.0,9.6,0.0,0.6,2.0,0.063,2.0,1.0,1.0,0.125,1.0,1.0,GSW,1.25,1610612744.0,2.0,1.0,1.0,1.0,0.063,1.0,3.0,0.75,4.0,3.0,0.188,0.0,0.0,0.25,3.0,1.0,0.063,1.125,1.0,2.0,5.0,0.8,2.0,0.5,0.125,1.0,3.0,3.0,0.313,0.667,0.6,0.188,0.125,2.0,0.0,0.313,3.0,2.0,2.0,0.4,5.0,0.188,0.4,0.0,1.0,0.714,8,21,7.0,0.8,5.0,10,1.05,0.0,0.813,0.0,0.0,0.333,0.0,3.0,0.0,0.0,2.0,0.0,,0.0,1.0,1.0,3.0,1.0,0.0,1.0,0.0,,1.0,1.0,,1.0,0.0,9.0,0.5,1.0,3.0,1.0,0.556,5.0,0.103,0.696,0.183,0.593,G,64.0,92.0,0.0,2.0,GSW,7.0,0.0,1.0,0.0,1.0,0.5,1.0,4.0,0.0,1.0,1.0,0.0,1.0,,0.0,,1.0,0.0,0.0,4.0,1.0,1.0,0.429,,3.0,1.0,0.5,3,3.0,0.333,1,2017,20170223,False,21600854,,,
202325,Wesley Johnson,Wesley,1610612746,LAC,29.0,1,0,1,0.0,5.633333333333334,1,2,0.5,0,1,0.0,0,0,0.0,1,2,3,0,0,0,0,1,0,0,2,9,5.6,0,0,5.0,1,66,66,66,114,93,109,44,60,72,60,71,73,71,31,70,69,88,90,60,41,83,1,93,106,27,105,14,2,105,,18,46.2,80,14,78.8,0.214,106.51,125.0,4,109,4,4,6,0.333,67,0.126,0.0,0.5,88,50.5,75.8,125.0,101.23,1.0,72,0.5,2.0,3,3,0.0,30,4,54,0.125,30,0.0,0.0,0.125,0.0,18,104,8,12,0.184,18,46.2,93,88.76,104,88,18,1,1,106.51,126.3,78.8,0.0,5.0,1.0,0.0,0.0,0.0,0.0,0.0,6.0,0.0,0.0,0.0,0.0,0.0,0.0,0.0,0.0,0.0,0.0,0.0,0.0,0.0,0.0,0.0,0.0,0.0,2.27,1.0,1.0,0.0,0.0,0.0,6.0,8.0,0.25,0.0,0.0,2.0,0.3,10.3,0.0,0.0,0.0,0.333,1.0,2.0,1.0,0.75,2.0,0.75,0.0,1.0,2.0,1.0,0.5,2.0,7.2,0.5,4.0,16.5,0.0,1.0,0.0,,,,,,,,,,,,,,,,,,,,,,,,,,,,,,,,,,,,,,,,,,,1.0,1.0,,1.0,0.0,1.0,1.0,1.0,1.0,0.0,1.0,0.0,1.0,,0,0,,,,0,,0.0,0.5,0.0,0.0,0.5,0.0,2.0,0.0,0.0,1.0,0.0,,0.0,0.0,1.0,0.0,,1.0,,0.0,,1.0,0.0,,,0.0,0.0,1.0,0.0,0.0,0.0,0.0,0.0,0.021,0.602,0.352,0.581,F,56.0,93.0,,1.0,LAC,0.0,,0.0,0.0,,1.0,,1.0,0.0,,1.0,,,,0.0,,0.0,0.0,0.0,0.0,,,0.0,,0.0,,1.0,1,,,1,2017,20170223,False,21600854,,,
2585,Zaza Pachulia,Zaza,1610612744,GSW,33.0,1,1,0,1.0,18.133333333333333,3,3,1.0,0,0,0.0,0,0,0.0,1,3,4,1,1,1,4,0,4,0,6,9,26.3,0,0,21.0,1,1,1,1,86,64,96,1,60,90,60,71,73,71,31,51,50,64,43,25,1,1,115,93,80,27,46,14,2,57,,25,102.7,57,21,21.0,0.114,99.26,123.7,58,96,26,58,69,0.12,40,0.1,20.0,1.0,76,91.6,35.6,123.7,103.82,3.0,6,1.0,3.0,31,31,1.0,98,20,4,0.1,98,0.071,20.0,0.098,20.0,17,114,41,38,0.111,53,102.7,64,82.72,115,37,25,106,106,99.26,127.2,21.0,0.056,11.0,3.0,5.0,0.0,0.167,3.0,1.0,18.0,0.0,0.0,0.0,0.0,0.0,0.0,0.0,0.0,0.0,0.0,0.0,0.0,0.0,0.0,0.0,0.0,0.0,1.87,2.0,0.86,0.0,2.0,1.0,10.0,22.0,0.273,4.0,1.0,6.0,0.7,3.9,1.0,1.0,1.0,0.25,0.0,3.0,0.429,0.364,8.0,0.4,0.333,1.0,3.0,0.0,0.333,2.0,2.7,0.333,11.0,7.6,0.0,0.375,1.0,0.333,1.0,1.0,1.0,0.333,1.0,,GSW,1.0,1610612744.0,1.0,0.0,0.0,1.0,0.0,1.0,,,,,,,,,,,,,,,,,,,,,,,,,,,0.667,2.0,,0.667,0.0,2.0,2.0,1.0,2.0,0.0,1.0,0.0,1.0,,0,0,,,,0,,0.0,1.0,1.0,4.0,1.0,2.0,2.0,0.0,1.0,2.0,0.0,,0.0,0.0,2.0,1.0,,0.0,,0.0,,0.0,0.0,,,0.0,0.0,1.0,0.0,1.0,1.0,0.0,0.0,0.012,0.623,0.496,0.611,C,114.0,183.0,0.0,2.0,GSW,0.0,0.0,0.0,0.0,,1.0,,0.0,0.0,,2.0,0.0,1.0,,0.0,,0.0,0.0,0.0,0.0,1.0,1.0,0.0,,0.0,,1.0,1,,,1,2017,20170223,False,21600854,,,
