PLAYER_ID,PLAYER_NAME,NICKNAME,TEAM_ID,TEAM_ABBREVIATION,AGE,GP,W,L,W_PCT,MIN,FGM,FGA,FG_PCT,FG3M,FG3A,FG3_PCT,FTM,FTA,FT_PCT,OREB,DREB,REB,AST,TOV,STL,BLK,BLKA,PF,PFD,PTS,PLUS_MINUS,NBA_FANTASY_PTS,DD2,TD3,WNBA_FANTASY_PTS,GP_RANK,W_RANK,L_RANK,W_PCT_RANK,MIN_RANK,FGM_RANK,FGA_RANK,FG_PCT_RANK,FG3M_RANK,FG3A_RANK,FG3_PCT_RANK,FTM_RANK,FTA_RANK,FT_PCT_RANK,OREB_RANK,DREB_RANK,REB_RANK,AST_RANK,TOV_RANK,STL_RANK,BLK_RANK,BLKA_RANK,PF_RANK,PFD_RANK,PTS_RANK,PLUS_MINUS_RANK,NBA_FANTASY_PTS_RANK,DD2_RANK,TD3_RANK,WNBA_FANTASY_PTS_RANK,TEAM_COUNT,team_poss,PACE,E_NET_RATING,POSS,AST_PCT,DEF_RATING,sp_work_OFF_RATING,DREB_PCT,PACE_PER40,AST_TO_RANK,USG_PCT,EFG_PCT,PIE_RANK,E_DEF_RATING_RANK,REB_PCT,E_USG_PCT_RANK,OFF_RATING,TM_TOV_PCT_RANK,NET_RATING,FGA_PG_RANK,E_OFF_RATING_RANK,OREB_PCT_RANK,sp_work_DEF_RATING_RANK,FGA_PG,sp_work_PACE_RANK,TS_PCT_RANK,REB_PCT_RANK,E_TOV_PCT_RANK,PIE,sp_work_PACE,OREB_PCT,PACE_RANK,OFF_RATING_RANK,FGM_PG_RANK,AST_RATIO_RANK,NET_RATING_RANK,sp_work_NET_RATING,sp_work_NET_RATING_RANK,E_DEF_RATING,AST_RATIO,FGM_PG,E_NET_RATING_RANK,sp_work_DEF_RATING,E_PACE_RANK,EFG_PCT_RANK,USG_PCT_RANK,DEF_RATING_RANK,E_OFF_RATING,TS_PCT,E_USG_PCT,DREB_PCT_RANK,AST_TO,E_TOV_PCT,TM_TOV_PCT,AST_PCT_RANK,sp_work_OFF_RATING_RANK,E_PACE,overall_def_FREQ,overall_def_D_FGA,overall_def_D_FG_PCT,overall_def_NORMAL_FG_PCT,overall_def_D_FGM,overall_def_PCT_PLUSMINUS,three_pt_def_FG3_PCT,three_pt_def_NS_FG3_PCT,three_pt_def_FREQ,three_pt_def_PLUSMINUS,three_pt_def_FG3A,three_pt_def_FG3M,two_pt_def_PLUSMINUS,two_pt_def_FREQ,two_pt_def_FG2A,two_pt_def_FG2M,two_pt_def_NS_FG2_PCT,two_pt_def_FG2_PCT,less_6ft_def_PLUSMINUS,less_6ft_def_FREQ,less_6ft_def_NS_LT_06_PCT,less_6ft_def_FGA_LT_06,less_6ft_def_LT_06_PCT,less_6ft_def_FGM_LT_06,less_10ft_def_FGA_LT_10,less_10ft_def_NS_LT_10_PCT,less_10ft_def_LT_10_PCT,less_10ft_def_FGM_LT_10,less_10ft_def_PLUSMINUS,less_10ft_def_FREQ,more_15ft_def_PLUSMINUS,more_15ft_def_FGA_GT_15,more_15ft_def_GT_15_PCT,more_15ft_def_FREQ,more_15ft_def_FGM_GT_15,more_15ft_def_NS_GT_15_PCT,DRAFT_NUMBER,DRAFT_YEAR,DRAFT_ROUND,PLAYER_HEIGHT_INCHES,PLAYER_WEIGHT,COUNTRY,COLLEGE,year
203407,A'dia Mathies,A'dia,1611661320,LAS,23.0,1,0,1,0.0,3.183333333333333,0,0,0.0,0,0,0.0,0,0,0.0,0,0,0,0,0,0,0,0,1,0,0,2,0.0,0,0,0.0,78,59,12,59,79,71,78,71,34,52,34,61,66,61,60,75,77,67,72,62,45,1,5,72,74,25,78,11,1,78,1,233,98.01,11.2,6,0.0,57.1,100.0,0.0,81.68,62,0.0,0.0,81,13,0.0,81,100.0,1,42.9,78,30,58,3,0.0,11,74,69,1,-0.222,98.01,0.0,11,18,71,67,3,42.9,3,82.0,0.0,0.0,14,57.1,75,71,81,3,93.2,0.0,0.0,70,0.0,0.0,0.0,67,18,85.34,,,,,,,,,,,,,,,,,,,,,,,,,,,,,,,,,,,,,10,2013,1,69,, ,Kentucky,2013
100949,Alana Beard,Alana,1611661320,LAS,32.0,3,1,2,0.333,92.83333333333333,11,27,0.407,0,1,0.0,5,5,1.0,5,8,13,1,5,3,2,1,6,7,27,-18,54.1,0,0,51.0,39,38,20,40,28,30,27,36,34,44,34,30,36,1,19,33,31,56,34,27,18,33,40,29,33,64,32,11,1,32,1,233,93.59,-13.0,182,0.018,107.8,96.7,0.088,77.99,59,0.155,0.407,48,70,0.067,57,96.7,46,-11.1,24,32,30,71,9.0,32,45,36,46,0.058,93.59,0.048,32,25,25,64,57,-11.1,57,105.3,2.9,3.7,57,107.8,15,42,53,71,92.4,0.462,0.156,41,0.2,14.2,14.3,65,25,96.88,,,,,,,,,,,,,,,,,,,,,,,,,,,,,,,,,,,,,2,2004,1,73,160,USA,Duke,2013
203410,Alex Bentley,Alex,1611661330,ATL,23.0,8,4,4,0.5,140.40833333333333,17,60,0.283,4,21,0.19,8,9,0.889,5,9,14,16,8,9,2,1,20,8,46,-8,111.8,0,0,102.0,1,12,75,13,16,19,11,63,8,6,29,21,23,15,19,30,30,8,18,4,18,33,80,24,19,45,17,11,1,19,1,610,96.92,-3.0,281,0.232,86.4,85.1,0.068,80.76,7,0.22,0.317,60,23,0.047,22,85.1,25,-1.3,32,62,41,25,7.5,14,59,52,25,0.037,96.92,0.03,14,60,43,27,34,-1.3,34,86.3,18.4,2.1,37,86.4,11,59,24,25,83.2,0.36,0.224,52,2.0,9.1,9.2,14,60,98.05,,,,,,,,,,,,,,,,,,,,,,,,,,,,,,,,,,,,,13,2013,2,67,152,USA,Penn State,2013
201487,Alexis Hornbuckle,Alexis,1611661317,PHO,28.0,4,1,3,0.25,42.166666666666664,3,10,0.3,0,4,0.0,2,2,1.0,4,5,9,6,5,4,2,0,10,2,8,5,40.8,0,0,35.0,28,38,65,58,52,56,54,60,34,31,34,42,46,1,27,39,38,31,34,19,18,1,56,53,58,18,42,11,1,45,1,389,92.77,4.2,80,0.25,79.5,88.8,0.114,77.31,27,0.163,0.3,56,20,0.1,49,88.8,70,9.2,60,48,11,11,2.5,40,57,18,70,0.047,92.77,0.087,40,48,63,5,16,9.2,16,83.5,27.3,0.8,24,79.5,50,62,49,11,87.6,0.368,0.169,27,1.2,22.9,22.7,10,48,91.14,,,,,,,,,,,,,,,,,,,,,,,,,,,,,,,,,,,,,4,2008,1,70,164,USA,Tennessee,2013
201516,Allie Quigley,Allie,1611661329,CHI,28.0,2,0,2,0.0,25.096666666666668,2,8,0.25,1,2,0.5,0,0,0.0,0,0,0,3,1,0,0,0,2,1,5,-18,8.5,0,0,9.0,58,59,20,59,66,60,60,65,21,41,5,61,66,61,60,75,77,42,61,62,45,1,15,64,63,64,70,11,1,69,1,144,90.85,-32.3,45,0.3,108.0,80.0,0.0,75.71,3,0.17,0.313,67,77,0.0,47,80.0,22,-28.0,48,68,58,72,4.0,52,66,69,23,-0.016,90.85,0.0,52,67,55,10,74,-28.0,74,111.8,25.0,1.0,76,108.0,55,60,47,72,79.5,0.313,0.176,70,3.0,8.3,8.3,4,67,89.47,,,,,,,,,,,,,,,,,,,,,,,,,,,,,,,,,,,,,22,2008,2,70,140,USA,DePaul,2013
202252,Alysha Clark,Alysha,1611661328,SEA,26.0,2,0,2,0.0,36.715,5,11,0.455,2,6,0.333,2,2,1.0,1,9,10,1,1,0,0,0,4,2,14,-4,26.5,0,0,27.0,58,59,20,59,58,46,48,27,16,23,15,42,46,1,49,30,36,56,61,62,45,1,21,53,46,37,53,11,1,51,1,140,84.33,-2.3,65,0.056,95.3,87.7,0.0,70.27,32,0.183,0.545,7,34,0.0,42,87.7,19,-7.6,39,44,35,42,5.5,77,10,69,19,0.163,84.33,0.038,77,54,37,55,50,-7.6,50,90.8,7.1,2.5,34,95.3,74,17,42,42,88.5,0.589,0.191,70,1.0,7.2,7.1,61,54,86.0,,,,,,,,,,,,,,,,,,,,,,,,,,,,,,,,,,,,,17,2010,2,70,167,USA,Middle Tennessee,2013
202644,Amber Harris,Amber,1611661324,MIN,26.0,5,5,0,1.0,14.916666666666666,2,6,0.333,0,0,0.0,0,0,0.0,0,4,4,0,2,0,1,1,1,0,4,-12,9.8,0,0,10.0,16,9,1,1,72,60,63,49,34,52,34,61,66,61,60,43,52,67,51,62,27,33,5,72,66,50,68,11,1,68,1,538,96.54,-32.5,29,0.0,103.2,69.0,0.19,80.45,62,0.222,0.333,55,65,0.108,14,69.0,73,-34.3,69,77,58,65,1.2,17,65,14,73,0.05,96.54,0.0,17,76,66,67,77,-34.3,77,102.3,0.0,0.4,77,103.2,19,56,20,65,69.8,0.333,0.238,10,0.0,25.0,25.0,67,76,96.41,,,,,,,,,,,,,,,,,,,,,,,,,,,,,,,,,,,,,4,2011,1,77,210, ,Xavier (Ohio),2013
202623,Aneika Morello,Aneika,1611661330,ATL,28.0,8,4,4,0.5,181.79833333333335,22,40,0.55,0,0,0.0,5,6,0.833,17,36,53,2,7,5,7,2,15,10,49,7,144.6,2,0,128.0,1,12,75,13,11,14,20,8,34,52,34,30,33,20,3,3,3,47,23,17,3,54,69,21,18,16,11,3,1,12,1,610,93.07,-0.1,354,0.021,86.3,87.6,0.198,77.56,58,0.113,0.55,6,22,0.131,70,87.6,42,1.2,42,59,18,24,5.0,37,15,9,42,0.165,93.07,0.076,37,55,34,62,28,1.2,28,85.4,3.9,2.8,30,86.3,29,14,71,24,85.4,0.575,0.116,9,0.29,13.6,13.7,64,55,94.75,,,,,,,,,,,,,,,,,,,,,,,,,,,,,,,,,,,,,Undrafted,Undrafted,Undrafted,76,205,USA,Florida,2013
201881,Angel McCoughtry,Angel,1611661330,ATL,27.0,8,4,4,0.5,246.36833333333334,48,153,0.314,8,32,0.25,39,47,0.83,15,14,29,30,28,16,8,15,32,46,143,-22,266.8,0,0,258.0,1,12,75,13,1,3,1,57,3,3,24,1,1,22,4,23,14,2,1,1,1,82,82,1,2,70,1,11,1,1,1,610,92.45,-7.5,473,0.259,93.1,89.0,0.06,77.04,31,0.351,0.34,42,37,0.056,1,89.0,34,-4.1,2,57,28,34,19.1,44,53,46,33,0.074,92.45,0.053,44,46,6,42,40,-4.1,40,93.3,13.0,6.0,51,93.1,35,55,1,34,85.8,0.412,0.356,57,1.07,12.1,12.2,9,46,94.05,,,,,,,,,,,,,,,,,,,,,,,,,,,,,,,,,,,,,1,2009,1,73,160,USA,Louisville,2013
201048,Armintie Herrington,Armintie,1611661330,ATL,29.0,8,4,4,0.5,219.18166666666667,25,49,0.51,0,0,0.0,12,19,0.632,13,23,36,18,6,15,1,3,11,17,62,-30,174.2,0,0,148.0,1,12,75,13,8,10,16,15,34,52,34,13,8,39,5,12,6,6,25,2,27,66,62,8,13,78,7,11,1,8,1,610,94.17,-8.9,430,0.15,97.2,90.2,0.111,78.47,3,0.125,0.51,15,52,0.082,65,90.2,20,-7.0,37,40,26,48,6.1,23,24,25,20,0.138,94.17,0.056,23,44,30,14,47,-7.0,47,98.3,22.5,3.1,52,97.2,33,22,63,48,89.4,0.54,0.13,30,3.0,7.4,7.5,28,44,94.1,,,,,,,,,,,,,,,,,,,,,,,,,,,,,,,,,,,,,3,2007,1,69,133, ,Mississippi,2013
100942,Ashley Robinson,Ashley,1611661328,SEA,31.0,2,0,2,0.0,16.751666666666665,0,0,0.0,0,0,0.0,0,0,0.0,0,2,2,0,2,0,1,0,2,0,0,-16,3.4,0,0,4.0,58,59,20,59,69,71,78,71,34,52,34,61,66,61,60,64,67,67,51,62,27,1,15,72,74,59,75,11,1,74,1,140,81.66,-51.1,27,0.0,93.3,44.4,0.0,68.05,62,0.069,0.0,75,39,0.0,79,44.4,80,-48.9,78,82,58,35,0.0,81,74,69,80,-0.086,81.66,0.0,81,82,71,67,79,-48.9,79,93.5,0.0,0.0,81,93.3,80,71,79,35,42.4,0.0,0.071,70,0.0,100.0,100.0,67,82,83.5,,,,,,,,,,,,,,,,,,,,,,,,,,,,,,,,,,,,,14,2004,2,76,180,USA,Tennessee,2013
203069,Avery Warley-Talbert,Avery,1611661329,CHI,27.0,2,0,2,0.0,9.413333333333334,0,3,0.0,0,0,0.0,0,0,0.0,3,1,4,1,0,0,0,0,1,1,0,-9,6.3,0,0,5.0,58,59,20,59,76,71,72,71,34,52,34,61,66,61,32,70,52,56,72,62,45,1,5,64,74,46,73,11,1,73,1,144,86.69,-48.0,17,0.2,123.5,70.6,0.0,72.24,62,0.15,0.0,69,80,0.0,52,70.6,1,-52.9,67,70,1,81,1.5,70,74,69,1,-0.018,86.69,0.3,70,73,71,10,80,-52.9,80,123.5,25.0,0.0,80,123.5,78,71,56,81,75.6,0.0,0.159,70,0.0,0.0,0.0,18,73,83.83,,,,,,,,,,,,,,,,,,,,,,,,,,,,,,,,,,,,,Undrafted,Undrafted,Undrafted,75,202,USA,Liberty,2013
203046,Briana Butler,Briana,1611661317,PHO,23.0,5,2,3,0.4,104.145,6,15,0.4,0,4,0.0,6,8,0.75,7,8,15,8,9,4,2,1,10,4,18,-31,57.0,0,0,53.0,16,19,65,31,25,43,44,37,34,31,34,25,26,27,16,33,27,22,16,19,18,33,56,45,41,79,30,11,1,30,1,389,98.17,-13.6,209,0.116,102.8,91.9,0.073,81.81,39,0.116,0.4,59,64,0.07,71,91.9,73,-10.9,55,46,21,62,3.0,10,41,33,74,0.041,98.17,0.067,10,36,54,15,56,-10.9,56,101.8,22.2,1.2,58,102.8,6,44,68,62,88.2,0.486,0.115,47,0.89,25.3,25.0,37,36,100.68,,,,,,,,,,,,,,,,,,,,,,,,,,,,,,,,,,,,,35,2012,3,72,150, ,USC,2013
201896,Briann January,Briann,1611661325,IND,27.0,4,2,2,0.5,118.56666666666666,10,27,0.37,4,9,0.444,6,7,0.857,2,9,11,14,8,2,0,3,12,14,30,4,62.2,0,0,63.0,28,19,20,13,21,33,27,44,8,15,7,25,31,18,41,30,34,12,18,36,45,66,64,14,28,21,28,11,1,28,1,291,86.43,2.6,213,0.194,102.3,104.7,0.085,72.03,14,0.154,0.444,49,60,0.053,54,104.7,50,2.4,34,10,54,61,6.8,72,37,47,51,0.055,86.43,0.02,72,9,37,7,26,2.4,26,101.6,26.9,2.5,27,102.3,72,35,55,61,104.1,0.499,0.158,44,1.75,15.4,15.4,21,9,86.97,,,,,,,,,,,,,,,,,,,,,,,,,,,,,,,,,,,,,6,2009,1,68,144,USA,Arizona State,2013
203398,Brittney Griner,Brittney,1611661317,PHO,23.0,5,2,3,0.4,132.925,24,45,0.533,0,0,0.0,5,9,0.556,13,19,32,1,8,1,4,3,18,13,53,-14,99.9,0,0,96.0,16,19,65,31,18,13,17,13,34,52,34,30,23,46,5,16,10,56,18,49,11,66,76,16,14,54,21,11,1,20,1,389,94.07,-3.7,258,0.014,99.2,95.7,0.138,78.39,60,0.189,0.533,35,49,0.113,43,95.7,43,-3.5,24,29,9,53,9.0,24,23,13,45,0.083,94.07,0.09,24,27,13,66,39,-3.5,39,96.9,1.7,4.8,38,99.2,18,20,40,53,93.2,0.541,0.19,20,0.13,13.8,13.8,66,27,96.48,,,,,,,,,,,,,,,,,,,,,,,,,,,,,,,,,,,,,1,2013,1,80,199,USA,Baylor,2013
201067,Camille Smith,Camille,1611661328,SEA,29.0,2,0,2,0.0,68.55666666666667,7,19,0.368,2,5,0.4,9,11,0.818,3,4,7,2,6,4,1,3,5,9,25,-16,45.4,0,0,46.0,58,59,20,59,38,40,40,45,16,25,9,19,18,23,32,43,40,47,25,19,27,66,32,23,35,59,39,11,1,37,1,140,83.32,-14.0,119,0.061,95.8,82.4,0.062,69.43,56,0.231,0.421,39,42,0.057,19,82.4,59,-13.4,22,67,29,44,9.5,78,27,43,60,0.076,83.32,0.053,78,62,29,58,59,-13.4,59,94.4,6.3,3.5,59,95.8,77,38,13,44,80.4,0.524,0.233,56,0.33,18.8,18.8,58,62,84.97,,,,,,,,,,,,,,,,,,,,,,,,,,,,,,,,,,,,,17,2007,2,74,180,USA,North Carolina,2013
201496,Candace Parker,Candace,1611661320,LAS,28.0,3,1,2,0.333,111.51666666666667,32,59,0.542,0,9,0.0,13,19,0.684,9,17,26,4,6,3,3,2,5,15,77,-3,126.2,1,0,119.0,39,38,20,40,23,6,12,11,34,15,34,9,8,34,11,18,15,38,25,27,14,54,32,12,7,36,14,7,1,14,1,233,91.47,-6.4,214,0.077,105.2,102.3,0.165,76.22,46,0.275,0.542,4,67,0.114,6,102.3,21,-2.9,1,22,20,68,19.7,50,16,12,21,0.203,91.47,0.071,50,15,1,61,37,-2.9,37,102.6,5.3,10.7,47,105.2,23,18,5,68,96.2,0.572,0.277,14,0.67,7.8,7.9,54,15,95.57,,,,,,,,,,,,,,,,,,,,,,,,,,,,,,,,,,,,,1,2008,1,76,175,USA,Tennessee,2013
200676,Candice Dupree,Candice,1611661317,PHO,29.0,5,2,3,0.4,170.15666666666667,35,71,0.493,0,0,0.0,5,6,0.833,5,27,32,10,10,2,1,3,12,5,75,-24,127.4,0,0,123.0,16,19,65,31,14,5,7,19,34,52,34,30,33,20,19,6,10,13,13,36,27,66,64,39,8,74,13,11,1,13,1,389,92.95,-5.7,327,0.111,101.5,95.7,0.153,77.46,32,0.221,0.493,19,54,0.091,24,95.7,30,-5.8,5,28,44,58,14.2,39,32,22,30,0.121,92.95,0.028,39,28,4,48,43,-5.8,43,98.9,10.6,7.0,40,101.5,27,26,22,58,93.2,0.509,0.221,15,1.0,10.7,10.6,39,28,95.4,,,,,,,,,,,,,,,,,,,,,,,,,,,,,,,,,,,,,6,2006,1,74,175,USA,Temple,2013
201501,Charde Houston,Charde,1611661317,PHO,28.0,5,2,3,0.4,23.135,5,14,0.357,1,5,0.2,0,0,0.0,0,5,5,0,1,1,1,0,5,0,11,-10,22.0,0,0,21.0,16,19,65,31,68,46,45,48,21,25,27,61,66,61,60,39,47,67,61,49,27,1,32,72,51,47,57,11,1,56,1,389,99.59,-17.0,47,0.0,79.6,61.7,0.179,82.99,62,0.283,0.393,33,14,0.0,2,61.7,16,-17.9,59,79,58,12,2.8,8,56,69,16,0.088,99.59,0.0,8,79,55,67,65,-17.9,65,82.0,0.0,1.0,65,79.6,22,47,3,12,65.0,0.393,0.302,12,0.0,6.7,6.7,67,79,95.65,,,,,,,,,,,,,,,,,,,,,,,,,,,,,,,,,,,,,30,2008,3,72,180,USA,Connecticut,2013
203451,Courtney Clements,Courtney,1611661330,ATL,24.0,4,2,2,0.5,10.006666666666666,0,5,0.0,0,1,0.0,1,2,0.5,1,1,2,0,0,1,1,0,0,1,1,3,9.4,0,0,7.0,28,19,20,13,75,71,67,71,34,44,34,49,46,48,49,70,67,67,72,49,27,1,1,64,73,24,69,11,1,72,1,610,107.93,10.8,22,0.0,78.3,95.5,0.1,89.94,62,0.194,0.0,76,11,0.074,34,95.5,1,17.2,68,35,24,9,1.3,1,73,30,1,-0.089,107.93,0.059,1,30,71,67,12,17.2,12,80.6,0.0,0.0,15,78.3,2,71,33,9,91.5,0.085,0.196,38,0.0,0.0,0.0,67,30,108.6,,,,,,,,,,,,,,,,,,,,,,,,,,,,,,,,,,,,,Undrafted,Undrafted,Undrafted,72,155,USA,San Diego State,2013
202664,Courtney Vandersloot,Courtney,1611661329,CHI,25.0,2,0,2,0.0,58.8,6,20,0.3,0,1,0.0,2,2,1.0,0,4,4,9,6,2,1,0,8,3,14,-14,35.3,0,0,33.0,58,59,20,59,44,43,38,60,34,44,34,42,46,1,60,43,52,18,25,36,27,1,50,49,46,54,46,11,1,46,1,144,86.12,-14.4,106,0.375,102.9,88.7,0.082,71.77,17,0.237,0.3,64,66,0.039,15,88.7,55,-14.2,21,45,58,64,10.0,73,64,56,56,0.011,86.12,0.0,73,49,31,10,60,-14.2,60,102.5,25.0,3.0,61,102.9,73,62,12,64,88.2,0.335,0.237,45,1.5,16.7,16.7,2,49,86.5,,,,,,,,,,,,,,,,,,,,,,,,,,,,,,,,,,,,,3,2011,1,68,145,USA,Gonzaga,2013
201518,Crystal Langhorne,Crystal,1611661322,WAS,27.0,3,1,2,0.333,83.60166666666667,8,20,0.4,0,0,0.0,1,3,0.333,8,16,24,6,4,0,0,2,8,6,17,-6,50.8,1,0,47.0,39,38,20,40,32,36,38,37,34,52,34,49,44,59,12,20,20,31,40,62,45,54,50,35,42,40,34,7,1,36,1,223,88.99,-0.1,154,0.133,91.0,88.3,0.151,74.16,17,0.138,0.4,26,24,0.126,62,88.3,39,-2.7,35,56,6,30,6.7,59,54,11,38,0.101,88.99,0.095,59,51,36,23,35,-2.7,35,86.4,19.4,2.7,31,91.0,42,44,60,30,86.3,0.399,0.143,16,1.5,12.8,12.9,32,51,92.45,,,,,,,,,,,,,,,,,,,,,,,,,,,,,,,,,,,,,6,2008,1,74,185,USA,Maryland,2013
201886,DeWanna Bonner,DeWanna,1611661317,PHO,26.0,5,2,3,0.4,178.76,21,63,0.333,4,30,0.133,6,7,0.857,5,21,26,17,11,6,2,2,4,7,52,-21,121.7,0,0,115.0,16,19,65,31,12,17,9,49,8,4,31,25,31,18,19,14,15,7,11,11,18,54,21,29,15,69,15,11,1,16,1,389,93.18,-6.1,347,0.153,101.4,95.4,0.113,77.65,16,0.191,0.365,37,55,0.07,39,95.4,32,-6.1,11,31,49,57,12.6,35,55,34,32,0.082,93.18,0.027,35,31,19,28,44,-6.1,44,99.0,18.1,4.2,44,101.4,24,52,37,57,92.9,0.393,0.193,28,1.55,11.7,11.7,27,31,95.57,,,,,,,,,,,,,,,,,,,,,,,,,,,,,,,,,,,,,5,2009,1,76,137,USA,Auburn,2013
203016,Devereaux Peters,Devereaux,1611661324,MIN,24.0,7,7,0,1.0,115.25333333333333,13,24,0.542,0,0,0.0,1,2,0.5,8,17,25,7,6,7,7,4,17,4,27,31,103.5,0,0,87.0,8,1,1,1,22,25,33,12,34,52,34,49,46,48,12,18,19,28,25,8,3,75,74,45,33,7,20,11,1,22,1,538,92.25,19.4,219,0.097,82.6,98.6,0.132,76.87,29,0.121,0.542,22,10,0.108,67,98.6,53,16.0,54,20,15,17,3.4,47,22,16,53,0.111,92.25,0.078,47,22,44,26,13,16.0,13,80.4,18.4,1.9,11,82.6,41,19,66,17,99.7,0.543,0.125,23,1.17,15.8,15.8,44,22,93.04,,,,,,,,,,,,,,,,,,,,,,,,,,,,,,,,,,,,,3,2012,1,74,167,USA,Notre Dame,2013
100940,Diana Taurasi,Diana,1611661317,PHO,32.0,5,2,3,0.4,185.865,30,90,0.333,6,34,0.176,38,40,0.95,5,21,26,30,15,8,1,5,19,32,104,-24,192.2,1,0,184.0,16,19,65,31,10,8,4,49,4,1,30,2,2,12,19,14,15,2,6,5,27,78,78,4,4,74,6,7,1,6,1,389,94.65,-5.7,367,0.288,99.5,92.6,0.108,78.87,7,0.289,0.367,12,48,0.067,3,92.6,28,-6.8,3,37,51,54,18.0,21,42,36,29,0.139,94.65,0.026,21,35,6,21,46,-6.8,46,96.6,19.6,6.0,41,99.5,14,51,2,54,90.9,0.483,0.293,33,2.0,9.8,9.8,5,35,96.96,,,,,,,,,,,,,,,,,,,,,,,,,,,,,,,,,,,,,1,2004,1,72,163,USA,Connecticut,2013
100928,Ebony Hoffman,Ebony,1611661320,LAS,31.0,1,0,1,0.0,3.033333333333333,0,0,0.0,0,0,0.0,0,0,0.0,0,0,0,0,1,0,0,0,1,0,0,-7,-1.0,0,0,0.0,78,59,12,59,80,71,78,71,34,52,34,61,66,61,60,75,77,67,61,62,45,1,5,72,74,41,81,11,1,78,1,233,102.86,-97.8,7,0.0,183.3,57.1,0.0,85.71,62,0.125,0.0,78,82,0.0,63,57.1,80,-126.2,78,80,58,82,0.0,3,74,69,80,-0.129,102.86,0.0,3,81,71,67,82,-126.2,82,159.9,0.0,0.0,82,183.3,3,71,63,82,62.1,0.0,0.134,70,0.0,100.0,100.0,67,81,105.39,,,,,,,,,,,,,,,,,,,,,,,,,,,,,,,,,,,,,9,2004,1,74,215,USA,USC,2013
203399,Elena Delle Donne,Elena,1611661329,CHI,24.0,2,0,2,0.0,63.288333333333334,8,21,0.381,0,3,0.0,14,14,1.0,3,4,7,4,2,1,4,0,5,8,30,-33,57.4,0,0,51.0,58,59,20,59,42,36,36,43,34,35,34,8,15,1,32,43,40,38,51,49,11,1,32,24,28,80,29,11,1,32,1,144,86.46,-27.9,115,0.16,121.2,90.4,0.085,72.05,7,0.227,0.381,18,78,0.063,20,90.4,14,-30.8,16,41,33,80,10.5,71,19,38,14,0.125,86.46,0.046,71,42,20,47,76,-30.8,76,117.2,12.1,4.0,72,121.2,61,49,17,80,89.3,0.552,0.229,43,2.0,6.0,6.1,26,42,88.49,,,,,,,,,,,,,,,,,,,,,,,,,,,,,,,,,,,,,2,2013,1,77,188,USA,Delaware,2013
203416,Emma Meesseman,Emma,1611661322,WAS,21.0,3,1,2,0.333,37.63333333333333,5,11,0.455,0,0,0.0,2,3,0.667,3,1,4,3,4,0,3,1,2,3,12,-10,26.3,0,0,25.0,39,38,20,40,55,46,48,27,34,52,34,42,44,36,32,70,52,42,40,62,14,33,15,49,49,47,55,11,1,53,1,223,96.94,-12.0,76,0.273,82.9,69.7,0.023,80.78,44,0.19,0.455,30,25,0.048,29,69.7,66,-13.2,50,72,16,18,3.7,13,38,49,67,0.094,96.94,0.077,13,75,46,34,58,-13.2,58,86.7,15.8,1.7,54,82.9,47,34,38,18,74.6,0.487,0.209,68,0.75,20.7,21.1,7,75,91.63,,,,,,,,,,,,,,,,,,,,,,,,,,,,,,,,,,,,,19,2013,2,76,182,Belgium,None,2013
202259,Epiphanny Prince,Epiphanny,1611661329,CHI,26.0,2,0,2,0.0,67.03666666666666,8,24,0.333,2,7,0.286,11,11,1.0,0,3,3,1,0,3,0,2,6,8,29,-34,43.1,0,0,41.0,58,59,20,59,39,36,33,49,16,20,22,16,18,1,60,51,62,56,72,27,45,54,40,24,31,82,41,11,1,41,1,144,87.71,-28.1,123,0.037,119.7,91.1,0.056,73.09,62,0.213,0.375,43,79,0.025,26,91.1,1,-28.6,12,38,58,79,12.0,67,33,65,1,0.073,87.71,0.0,67,39,20,63,75,-28.6,75,118.2,3.3,4.0,73,119.7,58,50,25,79,90.1,0.503,0.215,60,0.0,0.0,0.0,63,39,88.7,,,,,,,,,,,,,,,,,,,,,,,,,,,,,,,,,,,,,4,2010,1,69,167,USA,Rutgers,2013
100812,Erika de Souza,Erika,1611661330,ATL,32.0,8,4,4,0.5,245.78666666666666,39,83,0.47,0,0,0.0,10,17,0.588,26,53,79,10,18,8,6,6,29,16,88,-22,221.8,2,0,205.0,1,12,75,13,2,4,5,24,34,52,34,17,13,44,1,1,1,13,3,5,6,79,81,11,6,70,3,3,1,3,1,610,92.08,-7.1,471,0.082,92.4,87.9,0.232,76.73,50,0.192,0.47,13,36,0.157,38,87.9,49,-4.5,17,58,8,32,10.4,48,40,6,50,0.138,92.08,0.095,48,53,12,52,42,-4.5,42,92.5,8.4,4.9,50,92.4,38,30,35,32,85.4,0.486,0.194,5,0.56,15.2,15.1,49,53,93.37,,,,,,,,,,,,,,,,,,,,,,,,,,,,,,,,,,,,,Undrafted,Undrafted,Undrafted,77,190,USA,None,2013
101039,Erin Phillips,Erin,1611661325,IND,29.0,4,2,2,0.5,86.52333333333333,7,16,0.438,4,10,0.4,4,4,1.0,2,3,5,5,4,3,0,0,6,7,22,0,40.5,0,0,42.0,28,19,20,13,31,40,43,30,8,13,9,37,39,1,41,51,47,35,40,27,45,1,40,29,39,30,43,11,1,40,1,291,88.76,1.4,160,0.114,88.1,88.1,0.034,73.97,25,0.113,0.563,32,27,0.028,72,88.1,48,0.0,48,43,53,26,4.0,60,7,64,49,0.088,88.76,0.022,60,52,45,25,31,0.0,31,87.1,18.5,1.8,28,88.1,57,11,70,26,88.5,0.619,0.115,65,1.25,14.9,14.8,38,52,89.06,,,,,,,,,,,,,,,,,,,,,,,,,,,,,,,,,,,,,21,2005,2,68,165,USA,None,2013
201503,Erlana Larkins,Erlana,1611661325,IND,28.0,4,2,2,0.5,134.09666666666666,17,30,0.567,0,0,0.0,9,9,1.0,13,28,41,5,10,1,6,2,15,7,43,20,110.7,3,0,103.0,28,19,20,13,17,19,26,6,34,52,34,19,23,1,5,5,4,35,13,49,6,54,69,29,20,9,18,1,1,18,1,291,89.13,7.6,250,0.069,94.8,102.0,0.215,74.27,51,0.155,0.567,14,40,0.165,56,102.0,65,7.2,32,14,3,40,7.5,58,6,4,64,0.138,89.13,0.109,58,16,17,49,20,7.2,20,94.0,10.2,4.3,17,94.8,54,10,54,40,101.7,0.633,0.158,7,0.5,20.4,20.4,56,16,89.61,,,,,,,,,,,,,,,,,,,,,,,,,,,,,,,,,,,,,14,2008,1,73,205,USA,North Carolina,2013
201056,Ivory Latta,Ivory,1611661322,WAS,29.0,3,1,2,0.333,93.76666666666667,15,31,0.484,6,15,0.4,2,4,0.5,0,12,12,9,6,2,0,1,4,5,38,-15,65.9,0,0,69.0,39,38,20,40,27,23,24,21,4,8,9,42,39,48,60,27,32,18,25,36,45,33,21,39,23,58,27,11,1,26,1,223,88.3,-6.0,172,0.225,93.6,85.5,0.103,73.59,17,0.193,0.581,5,32,0.057,35,85.5,35,-8.2,18,61,58,36,10.3,63,12,44,36,0.186,88.3,0.0,63,59,11,24,52,-8.2,52,89.5,18.8,5.0,43,93.6,49,9,34,36,83.5,0.58,0.196,36,1.5,12.6,12.5,15,59,91.37,,,,,,,,,,,,,,,,,,,,,,,,,,,,,,,,,,,,,11,2007,1,66,138,USA,North Carolina,2013
101019,Janel McCarville,Janel,1611661324,MIN,31.0,7,7,0,1.0,171.75666666666666,17,35,0.486,1,2,0.5,5,8,0.625,8,27,35,24,17,8,8,4,17,11,40,105,149.0,0,0,132.0,8,1,1,1,13,19,22,20,21,41,5,30,26,40,12,6,8,4,4,5,1,75,74,18,22,2,10,11,1,11,1,538,96.69,30.4,345,0.195,72.3,103.2,0.145,80.58,21,0.147,0.5,20,4,0.104,60,103.2,67,30.9,42,11,27,4,5.0,16,30,17,68,0.115,96.69,0.053,16,13,41,3,5,30.9,5,73.4,30.0,2.4,4,72.3,21,23,58,4,103.8,0.519,0.148,18,1.41,21.4,21.3,20,13,95.71,,,,,,,,,,,,,,,,,,,,,,,,,,,,,,,,,,,,,1,2005,1,74,215, ,Minnesota,2013
202650,Jantel Lavender,Jantel,1611661320,LAS,25.0,3,1,2,0.333,34.92166666666667,5,7,0.714,0,0,0.0,1,2,0.5,3,4,7,0,0,0,0,0,4,2,11,21,19.4,0,0,18.0,39,38,20,40,60,46,61,3,34,52,34,49,46,48,32,43,40,67,72,62,45,1,21,53,51,8,62,11,1,59,1,233,101.71,24.4,73,0.0,78.7,109.6,0.1,84.76,62,0.093,0.714,31,12,0.089,76,109.6,1,30.9,63,7,16,10,2.3,4,3,23,1,0.093,101.71,0.077,4,3,46,67,4,30.9,4,81.0,0.0,1.7,6,78.7,5,4,76,10,105.4,0.698,0.093,38,0.0,0.0,0.0,67,3,102.21,,,,,,,,,,,,,,,,,,,,,,,,,,,,,,,,,,,,,5,2011,1,76,185,USA,Ohio State,2013
203418,Jasmine Hassell,Jasmine,1611661325,IND,23.0,3,2,1,0.667,13.063333333333333,0,3,0.0,0,0,0.0,0,0,0.0,0,2,2,1,2,0,0,2,4,0,0,1,1.9,0,0,3.0,39,19,12,12,73,71,72,71,34,52,34,61,66,61,60,64,67,56,51,62,45,54,21,72,74,28,76,11,1,76,1,291,84.51,-6.3,23,0.111,91.3,95.7,0.0,70.43,51,0.185,0.0,80,73,0.0,41,95.7,77,4.3,70,18,58,31,1.0,76,74,69,77,-0.19,84.51,0.0,76,29,71,32,23,4.3,23,106.3,16.7,0.0,46,91.3,81,71,41,31,100.0,0.0,0.192,70,0.5,33.3,33.3,39,29,76.72,,,,,,,,,,,,,,,,,,,,,,,,,,,,,,,,,,,,,21,2013,2,74,205, ,Georgia,2013
203427,Jasmine James,Jasmine,1611661317,PHO,22.0,5,2,3,0.4,36.595,5,9,0.556,0,0,0.0,0,0,0.0,1,3,4,2,2,1,0,0,4,2,10,-5,18.8,0,0,18.0,16,19,65,31,59,46,58,7,34,52,34,61,66,61,49,51,52,47,51,49,45,1,21,53,54,38,63,11,1,59,1,389,91.82,-3.8,70,0.091,98.6,91.4,0.091,76.51,32,0.134,0.556,41,51,0.056,61,91.4,50,-7.1,66,26,50,50,1.8,49,18,45,52,0.074,91.82,0.026,49,38,55,35,48,-7.1,48,98.0,15.4,1.0,39,98.6,51,13,61,50,94.2,0.556,0.143,40,1.0,15.4,15.4,47,38,90.77,,,,,,,,,,,,,,,,,,,,,,,,,,,,,,,,,,,,,30,2013,3,69,, ,Georgia,2013
202662,Jasmine Thomas,Jasmine,1611661330,ATL,24.0,8,4,4,0.5,231.66833333333332,22,71,0.31,0,11,0.0,7,10,0.7,8,15,23,16,20,7,6,1,10,17,51,-16,121.6,0,0,116.0,1,12,75,13,3,14,7,58,34,12,34,22,22,32,12,21,23,8,2,8,6,33,56,8,16,59,16,11,1,15,1,610,90.03,-6.2,434,0.123,93.8,90.3,0.069,75.02,42,0.177,0.31,62,38,0.048,46,90.3,58,-3.5,27,51,40,37,8.9,53,63,50,58,0.028,90.03,0.03,53,43,34,38,38,-3.5,38,93.3,14.4,2.8,45,93.8,46,61,45,37,87.2,0.338,0.18,50,0.8,18.0,18.0,35,43,91.86,,,,,,,,,,,,,,,,,,,,,,,,,,,,,,,,,,,,,12,2011,1,69,145,USA,Duke,2013
202656,Jeanette Pohlen-Mavunga,Jeanette,1611661325,IND,25.0,3,1,2,0.333,33.17333333333333,4,13,0.308,1,9,0.111,0,0,0.0,1,2,3,1,1,0,1,1,4,2,9,1,16.1,0,0,16.0,39,38,20,40,62,53,46,59,21,15,32,61,66,61,49,64,62,56,61,62,27,33,21,53,57,28,64,11,1,63,1,291,87.54,-2.5,61,0.067,81.7,82.0,0.053,72.95,32,0.189,0.346,70,19,0.041,37,82.0,16,0.3,46,66,42,15,4.3,69,60,55,16,-0.021,87.54,0.029,69,64,51,56,30,0.3,30,83.2,6.7,1.3,36,81.7,70,54,39,15,80.7,0.346,0.195,61,1.0,6.7,6.7,57,64,87.45,,,,,,,,,,,,,,,,,,,,,,,,,,,,,,,,,,,,,9,2011,1,72,171,USA,Stanford,2013
202626,Jenna O'Hea,Jenna,1611661320,LAS,27.0,2,0,2,0.0,23.781666666666666,2,6,0.333,1,4,0.25,1,2,0.5,0,2,2,2,2,1,0,0,2,2,6,8,12.4,0,0,13.0,58,59,20,59,67,60,63,49,21,31,24,49,46,48,60,64,67,47,51,49,45,1,15,53,62,15,66,11,1,66,1,233,96.88,2.9,49,0.111,85.1,98.0,0.105,80.73,32,0.133,0.417,61,29,0.043,59,98.0,62,12.9,55,34,58,21,3.0,15,49,54,59,0.03,96.88,0.0,15,23,55,20,14,12.9,14,88.7,20.0,1.0,25,85.1,10,40,62,21,91.6,0.436,0.149,35,1.0,18.4,20.0,39,23,98.37,,,,,,,,,,,,,,,,,,,,,,,,,,,,,,,,,,,,,Undrafted,Undrafted,Undrafted,73,174,Australia,None,2013
203555,Joslyn Tinkle,Joslyn,1611661328,SEA,23.0,1,0,1,0.0,2.3833333333333333,0,1,0.0,0,0,0.0,0,0,0.0,0,0,0,0,0,0,0,0,0,0,0,4,0.0,0,0,0.0,78,59,12,59,81,71,77,71,34,52,34,61,66,61,60,75,77,67,72,62,45,1,1,72,74,21,78,11,1,78,1,140,100.7,79.4,5,0.0,40.0,120.0,0.0,83.92,62,0.143,0.0,82,2,0.0,53,120.0,1,80.0,70,2,58,2,1.0,7,74,69,1,-0.333,100.7,0.0,7,1,71,67,2,80.0,2,33.3,0.0,0.0,2,40.0,1,71,59,2,112.8,0.0,0.158,70,0.0,0.0,0.0,67,1,113.99,,,,,,,,,,,,,,,,,,,,,,,,,,,,,,,,,,,,,Undrafted,Undrafted,Undrafted,75,,,Stanford,2013
202640,Karima Christmas-Kelly,Karima,1611661325,IND,24.0,4,2,2,0.5,122.60833333333333,18,45,0.4,2,7,0.286,5,8,0.625,12,12,24,9,14,4,2,10,15,10,43,19,89.3,0,0,90.0,28,19,20,13,20,18,17,37,16,20,22,30,26,40,9,27,20,18,7,19,18,81,69,21,20,11,23,11,1,21,1,291,87.69,7.0,223,0.134,95.6,104.9,0.109,73.08,48,0.24,0.422,53,43,0.108,13,104.9,61,9.4,14,13,4,43,11.3,68,48,14,62,0.05,87.69,0.107,68,8,14,43,15,9.4,15,95.0,12.5,4.5,18,95.6,56,37,11,43,102.0,0.443,0.24,32,0.64,19.6,19.4,31,8,89.19,,,,,,,,,,,,,,,,,,,,,,,,,,,,,,,,,,,,,23,2011,2,72,180,USA,Duke,2013
201913,Kia Vaughn,Kia,1611661322,WAS,27.0,3,1,2,0.333,74.68333333333334,12,26,0.462,0,0,0.0,0,0,0.0,2,13,15,2,4,2,2,1,9,1,24,-7,53.0,0,0,49.0,39,38,20,40,34,28,30,25,34,52,34,61,66,61,41,25,27,47,40,36,18,33,55,64,36,41,33,11,1,34,1,223,85.16,-2.4,134,0.061,94.7,87.3,0.14,70.97,51,0.191,0.462,23,31,0.092,33,87.3,35,-7.3,29,52,42,39,8.7,75,46,20,35,0.109,85.16,0.029,75,56,20,58,49,-7.3,49,89.2,6.3,4.0,35,94.7,67,32,36,39,86.8,0.462,0.199,19,0.5,12.5,12.5,58,56,87.97,,,,,,,,,,,,,,,,,,,,,,,,,,,,,,,,,,,,,8,2009,1,76,205,USA,Rutgers,2013
201911,Kristi Toliver,Kristi,1611661320,LAS,27.0,3,1,2,0.333,91.16,13,45,0.289,1,16,0.063,5,5,1.0,5,7,12,9,5,6,1,0,8,2,32,-2,75.9,0,0,68.0,39,38,20,40,29,25,17,62,21,7,33,30,36,1,19,36,32,18,34,11,27,1,50,53,27,33,26,11,1,27,1,233,95.57,-6.8,183,0.161,102.8,100.0,0.078,79.64,13,0.226,0.3,57,63,0.061,16,100.0,23,-2.8,4,23,31,63,15.0,20,62,40,22,0.045,95.57,0.047,20,18,15,36,36,-2.8,36,101.7,15.3,4.3,49,102.8,8,62,18,63,94.9,0.339,0.236,46,1.8,8.2,8.5,25,18,98.67,,,,,,,,,,,,,,,,,,,,,,,,,,,,,,,,,,,,,3,2009,1,67,130,USA,Maryland,2013
202663,Krystal Thomas,Krystal,1611661317,PHO,25.0,5,2,3,0.4,39.31166666666667,2,3,0.667,0,0,0.0,1,2,0.5,3,8,11,0,1,0,1,0,7,2,5,-20,20.2,0,0,18.0,16,19,65,31,54,60,72,4,34,52,34,49,46,48,32,33,34,67,61,62,27,1,46,53,63,68,59,11,1,59,1,389,101.34,-22.5,81,0.0,92.9,72.8,0.19,84.45,62,0.055,0.667,47,46,0.139,80,72.8,62,-20.1,77,73,13,33,0.6,6,5,8,65,0.061,101.34,0.081,6,71,66,67,68,-20.1,68,96.5,0.0,0.4,70,92.9,9,5,80,33,74.0,0.644,0.056,10,0.0,20.5,20.0,67,71,98.63,,,,,,,,,,,,,,,,,,,,,,,,,,,,,,,,,,,,,36,2011,3,77,210,USA,Duke,2013
203406,Layshia Clarendon,Layshia,1611661325,IND,23.0,4,2,2,0.5,61.166666666666664,10,21,0.476,3,5,0.6,1,4,0.25,0,2,2,8,6,2,0,1,6,5,24,10,38.4,0,0,41.0,28,19,20,13,43,33,36,22,14,25,4,49,39,60,60,64,67,22,25,36,45,33,40,39,36,14,44,11,1,41,1,291,89.85,4.9,115,0.308,86.0,93.9,0.033,74.88,22,0.221,0.548,43,26,0.017,23,93.9,54,7.9,41,33,58,23,5.3,54,25,67,54,0.073,89.85,0.0,54,32,37,18,19,7.9,19,87.0,21.6,2.5,22,86.0,52,16,21,23,91.9,0.527,0.222,66,1.33,16.3,16.2,3,32,90.32,,,,,,,,,,,,,,,,,,,,,,,,,,,,,,,,,,,,,9,2013,1,69,140,USA,California,2013
100973,Le'coe Willingham,Le'coe,1611661330,ATL,33.0,4,0,4,0.0,71.44833333333334,1,10,0.1,0,5,0.0,0,2,0.0,3,4,7,4,3,3,1,0,12,3,2,-33,25.4,0,0,21.0,28,59,75,59,35,67,54,70,34,25,34,61,46,61,32,43,40,38,47,27,27,1,64,49,70,80,56,11,1,56,1,610,93.72,-30.2,139,0.093,103.6,80.6,0.069,78.1,22,0.085,0.1,71,71,0.047,77,80.6,55,-23.0,60,71,38,66,2.5,31,72,51,57,-0.062,93.72,0.033,31,66,68,15,71,-23.0,71,105.6,22.2,0.3,75,103.6,20,70,77,66,75.5,0.092,0.083,51,1.33,16.8,16.7,46,66,95.98,,,,,,,,,,,,,,,,,,,,,,,,,,,,,,,,,,,,,Undrafted,Undrafted,Undrafted,72,200,USA,Auburn,2013
100915,Lindsay Whalen,Lindsay,1611661324,MIN,32.0,7,7,0,1.0,204.79833333333335,25,61,0.41,0,1,0.0,18,29,0.621,5,27,32,33,17,6,0,4,12,27,68,89,156.9,0,0,145.0,8,1,1,1,9,10,10,35,34,44,34,6,6,42,19,6,10,1,4,11,45,75,64,6,11,4,9,11,1,9,1,538,93.87,23.3,402,0.237,83.0,104.5,0.129,78.22,11,0.2,0.41,25,16,0.081,30,104.5,44,21.5,28,5,48,19,8.7,28,47,26,43,0.103,93.87,0.027,28,10,27,8,9,21.5,9,82.7,26.8,3.6,7,83.0,39,41,31,19,106.0,0.461,0.206,25,1.94,13.7,13.8,13,10,93.31,,,,,,,,,,,,,,,,,,,,,,,,,,,,,,,,,,,,,4,2004,1,69,161,USA,Minnesota,2013
201046,Lindsey Harding,Lindsey,1611661320,LAS,30.0,3,1,2,0.333,98.75166666666667,11,33,0.333,0,3,0.0,13,17,0.765,3,6,9,10,7,1,0,2,6,14,35,-19,56.8,0,0,56.0,39,38,20,40,26,30,23,49,34,35,34,9,13,26,32,38,38,13,23,49,45,54,40,14,25,67,31,11,1,29,1,233,94.05,-9.4,194,0.169,107.3,96.9,0.067,78.38,20,0.206,0.333,51,69,0.046,31,96.9,33,-10.3,15,25,46,70,11.0,25,50,53,34,0.052,94.05,0.028,25,24,25,30,55,-10.3,55,103.9,17.2,3.7,53,107.3,16,56,30,70,94.5,0.432,0.206,53,1.43,12.2,12.1,22,24,96.76,,,,,,,,,,,,,,,,,,,,,,,,,,,,,,,,,,,,,1,2007,1,68,135,USA,Duke,2013
203409,Lindsey Moore,Lindsey,1611661324,MIN,23.0,6,6,0,1.0,37.27,1,6,0.167,0,2,0.0,0,0,0.0,0,2,2,7,4,2,1,0,4,1,2,-16,19.9,0,0,17.0,15,8,1,1,56,67,63,69,34,41,34,61,66,61,60,64,67,28,40,36,27,1,21,64,70,59,60,11,1,62,1,538,93.37,-18.4,71,0.412,89.2,70.4,0.047,77.81,14,0.115,0.167,65,30,0.024,68,70.4,72,-18.8,70,76,58,28,1.0,33,70,66,72,0.008,93.37,0.0,33,74,70,1,67,-18.8,67,88.9,41.2,0.2,67,89.2,37,69,69,28,70.5,0.167,0.119,62,1.75,23.5,23.5,1,74,93.48,,,,,,,,,,,,,,,,,,,,,,,,,,,,,,,,,,,,,12,2013,1,68,153, ,Nebraska,2013
203041,Lynetta Kizer,Lynetta,1611661317,PHO,24.0,5,2,3,0.4,46.95333333333333,8,11,0.727,0,0,0.0,0,1,0.0,3,3,6,0,2,2,1,1,8,1,16,5,30.2,0,0,28.0,16,19,65,31,49,36,48,2,34,52,34,61,64,61,32,51,45,67,51,36,27,33,50,64,44,18,49,11,1,50,1,389,95.58,6.2,94,0.0,94.6,98.9,0.065,79.65,62,0.121,0.727,45,35,0.069,64,98.9,50,4.3,64,21,19,38,2.2,19,2,35,48,0.071,95.58,0.073,19,21,49,67,24,4.3,24,91.8,0.0,1.6,19,94.6,13,3,65,38,98.0,0.699,0.131,54,0.0,14.9,15.4,67,21,97.53,,,,,,,,,,,,,,,,,,,,,,,,,,,,,,,,,,,,,29,2012,3,76,230,USA,Maryland,2013
201889,Marissa Coleman,Marissa,1611661320,LAS,27.0,3,1,2,0.333,50.29,3,11,0.273,0,4,0.0,4,6,0.667,1,3,4,3,5,4,1,1,1,5,10,20,29.3,0,0,27.0,39,38,20,40,48,56,48,64,34,31,34,37,33,36,49,51,52,42,34,19,27,33,5,39,54,9,51,11,1,51,1,233,92.58,16.7,95,0.081,81.8,106.3,0.058,77.15,49,0.16,0.273,58,18,0.037,55,106.3,70,24.5,50,19,56,16,3.7,42,58,58,71,0.042,92.58,0.018,42,5,55,40,8,24.5,8,83.1,13.6,1.0,12,81.8,28,65,50,16,99.8,0.367,0.158,59,0.6,23.1,22.7,50,5,94.82,,,,,,,,,,,,,,,,,,,,,,,,,,,,,,,,,,,,,2,2009,1,73,160,USA,Maryland,2013
201492,Matee Ajavon,Matee,1611661322,WAS,28.0,3,1,2,0.333,65.81833333333333,4,17,0.235,0,6,0.0,6,8,0.75,5,5,10,7,8,6,0,0,10,6,14,-7,46.5,0,0,43.0,39,38,20,40,40,53,42,67,34,23,34,25,26,27,19,39,36,28,18,11,45,1,56,35,46,41,38,11,1,39,1,223,88.61,-1.4,123,0.206,95.0,87.0,0.064,73.84,40,0.207,0.235,63,28,0.071,28,87.0,69,-8.0,38,54,14,41,5.7,61,61,32,69,0.012,88.61,0.081,61,57,51,22,51,-8.0,51,88.1,19.4,1.3,33,95.0,43,68,29,41,86.6,0.341,0.21,55,0.88,22.5,22.2,16,57,92.24,,,,,,,,,,,,,,,,,,,,,,,,,,,,,,,,,,,,,5,2008,1,68,160,USA,Rutgers,2013
202632,Maya Moore,Maya,1611661324,MIN,25.0,7,7,0,1.0,228.98166666666665,52,98,0.531,12,30,0.4,30,34,0.882,13,24,37,19,10,11,3,1,18,34,146,132,250.9,0,0,242.0,8,1,1,1,4,2,2,14,1,4,9,3,3,16,5,11,5,5,13,3,14,33,76,2,1,1,2,11,1,2,1,538,93.81,30.8,446,0.145,75.3,105.4,0.1,78.17,12,0.249,0.592,2,5,0.084,8,105.4,18,30.1,6,8,22,7,14.0,30,4,24,18,0.223,93.81,0.065,30,7,3,41,6,30.1,6,74.4,13.3,7.4,3,75.3,31,7,7,7,105.3,0.646,0.25,37,1.9,7.0,7.0,30,7,94.39,,,,,,,,,,,,,,,,,,,,,,,,,,,,,,,,,,,,,1,2011,1,72,176,USA,Connecticut,2013
202314,Michelle Campbell,Michelle,1611661329,CHI,30.0,1,0,1,0.0,1.3,0,0,0.0,0,0,0.0,0,0,0.0,0,0,0,0,0,0,0,0,0,0,0,2,0.0,0,0,0.0,78,59,12,59,82,71,78,71,34,52,34,61,66,61,60,75,77,67,72,62,45,1,1,72,74,25,78,11,1,78,1,144,92.31,106.4,2,0.0,0.0,100.0,0.0,76.92,62,0.0,0.0,66,1,0.0,81,100.0,1,100.0,78,4,58,1,0.0,45,74,69,1,0.0,92.31,0.0,45,18,71,67,1,100.0,1,0.0,0.0,0.0,1,0.0,82,71,81,1,106.4,0.0,0.0,70,0.0,0.0,0.0,67,18,71.63,,,,,,,,,,,,,,,,,,,,,,,,,,,,,,,,,,,,,Undrafted,Undrafted,Undrafted,74,183,USA,Rutgers,2013
100729,Michelle Snow,Michelle,1611661322,WAS,34.0,3,1,2,0.333,36.833333333333336,4,11,0.364,0,0,0.0,2,2,1.0,4,13,17,1,3,1,5,1,4,6,10,-2,46.9,0,0,40.0,39,38,20,40,57,53,48,47,34,52,34,42,46,1,27,25,25,56,47,49,10,33,21,35,54,33,37,11,1,43,1,223,97.74,0.6,74,0.071,72.4,71.6,0.26,81.45,56,0.181,0.364,1,3,0.185,45,71.6,59,-0.7,50,75,6,5,3.7,12,52,2,61,0.265,97.74,0.095,12,72,51,58,33,-0.7,33,71.6,6.3,1.3,29,72.4,12,53,43,5,72.2,0.421,0.183,3,0.33,18.9,18.8,55,72,97.84,,,,,,,,,,,,,,,,,,,,,,,,,,,,,,,,,,,,,10,2002,1,77,145, ,Tennessee,2013
202257,Monica Wright,Monica,1611661324,MIN,25.0,7,7,0,1.0,147.49666666666667,25,53,0.472,2,9,0.222,12,18,0.667,4,14,18,8,11,6,1,3,15,15,64,53,107.6,0,0,106.0,8,1,1,1,15,10,14,23,16,15,26,13,11,36,27,23,24,22,11,11,27,66,69,12,12,6,19,11,1,17,1,538,94.05,21.9,286,0.094,80.5,100.7,0.085,78.37,45,0.213,0.491,28,7,0.059,25,100.7,45,20.2,31,17,45,13,7.6,26,26,41,44,0.098,94.05,0.028,26,17,27,50,10,20.2,10,78.4,10.1,3.6,8,80.5,25,27,26,13,100.3,0.525,0.22,42,0.73,13.8,13.9,45,17,95.51,,,,,,,,,,,,,,,,,,,,,,,,,,,,,,,,,,,,,2,2010,1,70,170,USA,Virginia,2013
200673,Monique Currie,Monique,1611661322,WAS,31.0,3,1,2,0.333,76.72333333333333,9,27,0.333,4,10,0.4,13,18,0.722,2,3,5,8,3,0,0,2,11,11,35,6,50.0,0,0,52.0,39,38,20,40,33,35,27,49,8,13,9,9,11,31,41,51,47,22,47,62,45,54,62,18,25,17,35,11,1,31,1,223,89.15,4.9,145,0.205,88.6,89.7,0.031,74.29,6,0.221,0.407,46,17,0.028,21,89.7,15,1.1,24,49,51,27,9.0,57,35,63,15,0.064,89.15,0.026,57,45,31,29,29,1.1,29,82.7,17.4,3.0,23,88.6,40,42,23,27,87.6,0.501,0.227,67,2.67,6.5,6.5,17,45,93.31,,,,,,,,,,,,,,,,,,,,,,,,,,,,,,,,,,,,,3,2006,1,72,173,USA,Duke,2013
203414,Nadirah McKenith,Nadirah,1611661322,WAS,22.0,3,1,2,0.333,27.18166666666667,0,9,0.0,0,5,0.0,2,2,1.0,0,4,4,4,5,2,0,0,2,6,2,5,13.8,0,0,14.0,39,38,20,40,64,71,58,71,34,25,34,42,46,1,60,43,52,38,34,36,45,1,15,35,70,18,65,11,1,65,1,223,98.89,11.4,56,0.25,73.2,82.1,0.121,82.41,42,0.231,0.0,72,6,0.0,12,82.1,76,8.9,55,50,58,6,3.0,9,71,69,76,-0.071,98.89,0.0,9,63,71,19,17,8.9,17,75.9,21.1,0.0,13,73.2,32,71,13,6,87.3,0.101,0.241,26,0.8,26.5,26.3,10,63,94.26,,,,,,,,,,,,,,,,,,,,,,,,,,,,,,,,,,,,,17,2013,2,67,155,USA,St. John's (NY),2013
203014,Nneka Ogwumike,Nneka,1611661320,LAS,23.0,3,1,2,0.333,90.52833333333334,13,31,0.419,0,0,0.0,10,11,0.909,12,23,35,3,6,2,0,3,10,12,36,-17,82.5,2,0,78.0,39,38,20,40,30,25,24,34,34,52,34,17,18,14,9,12,8,42,25,36,45,66,56,17,24,63,24,3,1,24,1,233,93.85,-12.4,176,0.059,102.2,93.8,0.271,78.21,51,0.196,0.419,10,61,0.187,36,93.8,41,-8.5,18,42,2,60,10.3,29,34,1,41,0.149,93.85,0.118,29,33,15,56,53,-8.5,53,101.7,6.7,4.3,55,102.2,17,39,32,60,89.2,0.502,0.196,2,0.5,13.4,13.3,60,33,96.49,,,,,,,,,,,,,,,,,,,,,,,,,,,,,,,,,,,,,1,2012,1,74,188,USA,Stanford,2013
201049,Noelle Quinn,Noelle,1611661328,SEA,29.0,2,0,2,0.0,52.873333333333335,3,7,0.429,1,3,0.333,0,0,0.0,0,7,7,3,1,1,0,0,5,0,7,-5,21.9,0,0,20.0,58,59,20,59,47,56,61,32,21,35,15,61,66,61,60,36,40,42,61,49,45,1,32,72,60,38,58,11,1,58,1,140,82.16,-6.0,91,0.12,85.6,79.1,0.135,68.47,3,0.081,0.5,34,21,0.072,78,79.1,24,-6.4,53,69,58,22,3.5,80,36,31,24,0.086,82.16,0.0,80,70,50,5,45,-6.4,45,83.9,27.3,1.5,42,85.6,79,23,78,22,77.9,0.5,0.083,22,3.0,9.1,9.1,36,70,83.65,,,,,,,,,,,,,,,,,,,,,,,,,,,,,,,,,,,,,4,2007,1,72,175,USA,UCLA,2013
100634,Penny Taylor,Penny,1611661317,PHO,33.0,2,1,1,0.5,39.986666666666665,5,10,0.5,1,3,0.333,1,2,0.5,1,3,4,8,2,2,0,1,1,3,12,4,32.8,0,0,29.0,58,38,12,13,53,46,54,16,21,35,15,49,46,48,49,51,52,22,51,36,45,33,5,49,49,21,48,11,1,49,1,389,94.23,8.6,79,0.286,98.7,102.5,0.071,78.53,2,0.149,0.55,17,47,0.0,58,102.5,27,3.8,42,9,58,52,5.0,22,20,69,27,0.127,94.23,0.0,22,14,37,2,25,3.8,25,96.6,38.1,2.5,16,98.7,34,14,57,52,105.1,0.551,0.151,49,4.0,9.6,9.5,6,14,94.09,,,,,,,,,,,,,,,,,,,,,,,,,,,,,,,,,,,,,11,2001,1,73,165,USA,None,2013
201895,Quanitra Hollingsworth,Quanitra,1611661322,WAS,25.0,2,1,1,0.5,4.016666666666667,0,0,0.0,0,0,0.0,0,0,0.0,0,0,0,0,1,0,0,0,1,0,0,-1,-1.0,0,0,0.0,58,38,12,13,78,71,78,71,34,52,34,61,66,61,60,75,77,67,61,62,45,1,5,72,74,32,81,11,1,78,1,223,101.58,-29.3,9,0.0,112.5,88.9,0.0,84.65,62,0.111,0.0,77,81,0.0,66,88.9,80,-23.6,78,15,58,78,0.0,5,74,69,80,-0.125,101.58,0.0,5,47,71,67,72,-23.6,72,130.8,0.0,0.0,74,112.5,65,71,72,78,101.5,0.0,0.127,70,0.0,100.0,100.0,67,47,88.19,,,,,,,,,,,,,,,,,,,,,,,,,,,,,,,,,,,,,9,2009,1,77,200,USA,Virginia Commonwealth,2013
202647,Rachel Jarry,Rachel,1611661324,MIN,22.0,5,5,0,1.0,16.45,0,4,0.0,0,0,0.0,3,4,0.75,1,3,4,0,4,1,0,1,1,2,3,-13,6.8,0,0,9.0,16,9,1,1,70,71,69,71,34,52,34,39,39,27,49,51,52,67,40,49,45,33,5,53,67,52,72,11,1,69,1,538,96.29,-34.1,33,0.0,106.1,66.7,0.13,80.24,62,0.244,0.0,74,56,0.1,7,66.7,79,-39.4,75,78,24,69,0.8,18,68,18,79,-0.078,96.29,0.059,18,78,71,67,78,-39.4,78,99.5,0.0,0.0,78,106.1,7,71,8,69,65.4,0.26,0.253,24,0.0,41.0,40.0,67,78,100.38,,,,,,,,,,,,,,,,,,,,,,,,,,,,,,,,,,,,,18,2011,2,73,176,Australia,None,2013
100944,Rebekkah Brunson,Rebekkah,1611661324,MIN,32.0,7,7,0,1.0,227.50166666666667,28,56,0.5,0,0,0.0,18,26,0.692,21,50,71,16,12,5,7,0,15,19,74,105,207.2,3,0,185.0,8,1,1,1,5,9,13,16,34,52,34,6,7,33,2,2,2,8,8,17,3,1,69,7,9,2,4,1,1,5,1,538,92.31,26.2,436,0.103,81.1,105.7,0.209,76.92,22,0.159,0.5,9,9,0.162,51,105.7,38,24.6,30,6,5,14,8.0,46,21,5,37,0.156,92.31,0.106,46,6,20,31,7,24.6,7,79.3,17.0,4.0,5,81.1,36,23,51,14,105.5,0.549,0.163,8,1.33,12.6,12.8,43,6,93.48,,,,,,,,,,,,,,,,,,,,,,,,,,,,,,,,,,,,,10,2004,1,74,184,USA,Georgetown,2013
100656,Ruth Riley,Ruth,1611661330,ATL,34.0,4,2,2,0.5,26.221666666666668,3,4,0.75,1,1,1.0,1,2,0.5,2,0,2,1,2,0,0,1,7,2,8,-2,9.9,0,0,12.0,28,19,20,13,65,56,69,1,21,44,1,49,46,48,41,75,67,56,51,62,45,33,46,53,58,33,67,11,1,67,1,610,93.36,-0.2,50,0.083,96.2,96.0,0.0,77.8,51,0.117,0.875,68,41,0.035,69,96.0,73,-0.2,70,27,23,45,1.0,34,1,59,75,-0.016,93.36,0.061,34,26,63,43,32,-0.2,32,94.1,12.5,0.8,32,96.2,26,1,67,45,93.9,0.82,0.116,70,0.5,25.4,25.0,48,26,95.44,,,,,,,,,,,,,,,,,,,,,,,,,,,,,,,,,,,,,5,2001,1,77,198,USA,Notre Dame,2013
200671,Seimone Augustus,Seimone,1611661324,MIN,30.0,7,7,0,1.0,224.24166666666667,53,97,0.546,3,9,0.333,13,19,0.684,1,25,26,10,12,7,6,1,7,17,122,80,195.2,0,0,187.0,8,1,1,1,7,1,3,9,14,15,15,9,8,34,49,10,15,13,8,8,6,33,46,8,3,5,5,11,1,4,1,538,93.11,20.6,434,0.079,84.4,103.2,0.109,77.59,41,0.243,0.562,8,15,0.062,9,103.2,26,18.8,7,12,57,20,13.9,36,13,39,26,0.16,93.11,0.005,36,12,2,54,11,18.8,11,82.3,7.9,7.6,9,84.4,30,12,9,20,102.9,0.579,0.246,31,0.83,9.4,9.4,53,12,94.42,,,,,,,,,,,,,,,,,,,,,,,,,,,,,,,,,,,,,1,2006,1,72,166,USA,Louisiana State,2013
201919,Shavonte Zellous,Shavonte,1611661325,IND,27.0,4,2,2,0.5,106.58333333333333,17,38,0.447,5,12,0.417,12,13,0.923,4,11,15,8,0,1,2,3,12,7,51,11,90.0,0,0,85.0,28,19,20,13,24,19,21,29,6,10,8,13,16,13,27,29,27,22,72,49,18,66,64,29,16,13,22,11,1,23,1,291,88.04,5.9,195,0.145,101.5,107.7,0.111,73.37,62,0.207,0.513,11,59,0.081,32,107.7,1,6.2,22,3,32,59,9.5,64,11,27,1,0.141,88.04,0.047,64,4,17,37,21,6.2,21,101.3,15.1,4.3,20,101.5,63,21,28,59,107.2,0.583,0.205,29,0.0,0.0,0.0,29,4,88.34,,,,,,,,,,,,,,,,,,,,,,,,,,,,,,,,,,,,,11,2009,1,70,155,USA,Pittsburgh,2013
201062,Shay Murphy,Shay,1611661329,CHI,29.0,2,0,2,0.0,16.0,1,2,0.5,1,1,1.0,0,2,0.0,0,3,3,1,0,0,0,0,1,1,3,-7,8.1,0,0,8.0,58,59,20,59,71,67,75,16,21,44,1,61,46,61,60,51,62,56,72,62,45,1,5,64,67,41,71,11,1,71,1,144,93.0,-15.7,30,0.167,96.9,80.0,0.176,77.5,62,0.094,0.75,36,57,0.091,75,80.0,1,-16.9,70,60,58,46,1.0,38,28,21,1,0.082,93.0,0.0,38,67,65,10,64,-16.9,64,100.5,25.0,0.5,63,96.9,59,2,75,46,84.9,0.521,0.095,13,0.0,0.0,0.0,23,67,88.68,,,,,,,,,,,,,,,,,,,,,,,,,,,,,,,,,,,,,Undrafted,Undrafted,Undrafted,71,164, ,USC,2013
203015,Shekinna Stricklen,Shekinna,1611661328,SEA,23.0,2,0,2,0.0,34.778333333333336,2,10,0.2,1,5,0.2,0,2,0.0,0,5,5,5,1,1,2,0,1,2,5,-11,26.5,0,0,22.0,58,59,20,59,61,60,54,68,21,25,27,61,46,61,60,39,47,35,61,49,18,1,5,53,63,49,53,11,1,55,1,140,92.47,-17.2,67,0.238,97.0,80.6,0.147,77.06,1,0.158,0.25,54,53,0.078,50,80.6,13,-16.4,42,65,58,47,5.0,43,69,28,13,0.05,92.47,0.0,43,65,55,4,62,-16.4,62,98.4,29.4,1.0,66,97.0,48,66,52,47,81.2,0.23,0.166,17,5.0,5.9,5.9,12,65,91.51,,,,,,,,,,,,,,,,,,,,,,,,,,,,,,,,,,,,,2,2012,1,74,178,USA,Tennessee,2013
203411,Sugar Rodgers,Sugar,1611661324,MIN,24.0,5,5,0,1.0,11.333333333333334,1,4,0.25,0,1,0.0,1,2,0.5,1,0,1,0,0,0,0,0,3,1,3,-14,4.2,0,0,4.0,16,9,1,1,74,67,69,65,34,44,34,49,46,48,49,75,75,67,72,62,45,1,20,64,67,54,74,11,1,74,1,538,103.76,-44.2,24,0.0,112.0,58.3,0.0,86.47,62,0.179,0.25,79,72,0.033,44,58.3,1,-53.7,75,81,12,77,0.8,2,67,60,1,-0.167,103.76,0.083,2,80,69,67,81,-53.7,81,106.1,0.0,0.2,79,112.0,4,66,44,77,61.8,0.307,0.19,70,0.0,0.0,0.0,67,80,103.85,,,,,,,,,,,,,,,,,,,,,,,,,,,,,,,,,,,,,14,2013,2,69,160,USA,Georgetown,2013
100721,Swin Cash,Swin,1611661329,CHI,34.0,2,0,2,0.0,55.645,2,6,0.333,0,3,0.0,7,8,0.875,0,3,3,2,2,3,1,0,5,5,11,-24,27.6,0,0,24.0,58,59,20,59,45,60,63,49,34,35,34,22,26,17,60,51,62,47,51,27,27,1,32,39,51,74,52,11,1,54,1,144,89.28,-23.6,104,0.08,109.7,85.6,0.059,74.4,32,0.106,0.333,52,76,0.029,74,85.6,46,-24.1,55,53,58,74,3.0,55,14,62,47,0.051,89.28,0.0,55,58,55,39,73,-24.1,73,110.3,14.3,1.0,71,109.7,62,56,74,74,86.7,0.578,0.105,58,1.0,14.8,14.3,51,58,88.43,,,,,,,,,,,,,,,,,,,,,,,,,,,,,,,,,,,,,2,2002,1,73,162,USA,Connecticut,2013
201480,Sylvia Fowles,Sylvia,1611661329,CHI,28.0,2,0,2,0.0,70.58666666666667,12,26,0.462,0,0,0.0,6,11,0.545,6,18,24,1,8,4,4,3,7,11,30,-26,76.3,2,0,71.0,58,59,20,59,36,28,30,25,34,52,34,25,18,47,18,17,20,56,18,19,11,66,46,18,28,77,25,3,1,25,1,144,87.72,-19.4,129,0.042,110.9,90.7,0.286,73.1,60,0.277,0.462,16,75,0.183,5,90.7,62,-20.2,8,39,10,76,13.0,66,39,3,63,0.131,87.72,0.088,66,40,6,65,69,-20.2,69,109.4,2.5,6.0,68,110.9,60,32,4,76,90.0,0.486,0.279,1,0.13,20.1,20.0,62,40,88.65,,,,,,,,,,,,,,,,,,,,,,,,,,,,,,,,,,,,,2,2008,1,78,200,USA,Louisiana State,2013
201477,Tamera Young,Tamera,1611661329,CHI,27.0,2,0,2,0.0,32.833333333333336,2,5,0.4,0,0,0.0,3,4,0.75,0,3,3,2,0,2,0,0,5,4,7,-12,19.6,0,0,16.0,58,59,20,59,63,60,67,37,34,52,34,39,39,27,60,51,62,47,72,36,45,1,32,45,60,50,61,11,1,63,1,144,89.18,-14.2,60,0.111,108.1,91.7,0.107,74.31,62,0.108,0.4,50,74,0.053,73,91.7,1,-16.4,60,24,58,73,2.5,56,31,48,1,0.054,89.18,0.0,56,37,55,15,61,-16.4,61,108.8,22.2,1.0,60,108.1,69,44,73,73,94.6,0.518,0.109,34,0.0,0.0,0.0,39,37,87.54,,,,,,,,,,,,,,,,,,,,,,,,,,,,,,,,,,,,,8,2008,1,74,170,USA,James Madison,2013
100646,Tamika Catchings,Tamika,1611661325,IND,34.0,4,2,2,0.5,124.21833333333333,22,51,0.431,5,15,0.333,25,32,0.781,4,27,31,10,9,6,3,1,10,28,74,14,144.2,1,0,138.0,28,19,20,13,19,14,15,31,6,8,15,4,4,24,27,6,13,13,16,11,14,33,56,5,9,12,12,7,1,10,1,291,87.91,5.3,229,0.167,98.7,103.5,0.221,73.26,30,0.271,0.48,3,45,0.129,4,103.5,31,4.8,10,16,37,51,12.8,65,17,10,31,0.205,87.91,0.034,65,11,9,46,22,4.8,22,96.3,12.2,5.5,21,98.7,53,28,6,51,101.5,0.569,0.28,6,1.11,10.7,11.0,23,11,89.87,,,,,,,,,,,,,,,,,,,,,,,,,,,,,,,,,,,,,3,2001,1,73,167,USA,Tennessee,2013
101030,Tanisha Wright,Tanisha,1611661328,SEA,30.0,2,0,2,0.0,69.88166666666666,14,24,0.583,1,3,0.333,0,1,0.0,1,3,4,6,6,4,0,1,8,4,29,-22,48.8,0,0,48.0,58,59,20,59,37,24,33,5,21,35,15,61,64,61,49,51,52,31,25,19,45,33,50,45,31,70,36,11,1,35,1,140,83.11,-15.2,120,0.2,104.9,88.3,0.045,69.26,32,0.227,0.604,29,62,0.033,18,88.3,55,-16.6,12,55,55,67,12.0,79,9,61,55,0.096,83.11,0.018,79,50,4,32,63,-16.6,63,101.7,16.7,7.0,62,104.9,76,6,16,67,86.5,0.593,0.235,63,1.0,16.5,16.7,18,50,85.34,,,,,,,,,,,,,,,,,,,,,,,,,,,,,,,,,,,,,12,2005,1,71,165,USA,Penn State,2013
203401,Tayler Hill,Tayler,1611661322,WAS,23.0,3,1,2,0.333,54.666666666666664,7,19,0.368,4,12,0.333,1,2,0.5,2,3,5,2,1,3,0,2,4,5,19,0,36.0,0,0,36.0,39,38,20,40,46,40,40,45,8,10,15,49,46,48,41,51,47,47,61,27,45,54,21,39,40,30,45,11,1,44,1,223,93.95,2.6,106,0.08,77.8,79.2,0.043,78.29,7,0.167,0.474,24,8,0.038,48,79.2,12,1.5,36,64,39,8,6.3,27,43,57,12,0.104,93.95,0.032,27,69,42,51,27,1.5,27,78.8,8.7,2.3,26,77.8,44,29,48,8,81.4,0.478,0.174,64,2.0,4.4,4.3,51,69,92.14,,,,,,,,,,,,,,,,,,,,,,,,,,,,,,,,,,,,,4,2013,1,70,145,USA,Ohio State,2013
101024,Temeka Johnson,Temeka,1611661328,SEA,31.0,2,0,2,0.0,46.66166666666667,6,11,0.545,1,1,1.0,3,5,0.6,0,1,1,6,5,3,0,2,5,8,16,-14,30.2,0,0,30.0,58,59,20,59,50,43,48,10,21,44,1,39,36,43,60,70,75,31,34,27,45,54,32,24,44,54,49,11,1,48,1,140,88.47,-21.9,87,0.273,101.2,82.8,0.022,73.72,27,0.175,0.591,38,68,0.011,40,82.8,68,-18.4,39,63,58,56,5.5,62,8,68,66,0.079,88.47,0.0,62,61,31,9,66,-18.4,66,103.4,26.1,3.0,69,101.2,64,8,46,56,81.5,0.606,0.193,69,1.2,20.7,21.7,7,61,88.22,,,,,,,,,,,,,,,,,,,,,,,,,,,,,,,,,,,,,6,2005,1,63,142,USA,Louisiana State,2013
203403,Tianna Hawkins,Tianna,1611661328,SEA,23.0,1,0,1,0.0,6.183333333333334,0,2,0.0,0,0,0.0,0,0,0.0,1,1,2,0,1,0,0,1,0,0,0,2,1.4,0,0,2.0,78,59,12,59,77,71,75,71,34,52,34,61,66,61,49,70,67,67,61,62,45,33,1,72,74,25,77,11,1,77,1,140,81.51,19.9,11,0.0,110.0,118.2,0.0,67.92,62,0.231,0.0,73,44,0.0,10,118.2,77,8.2,65,1,58,75,2.0,82,74,69,77,-0.073,81.51,0.0,82,2,71,67,18,8.2,18,96.2,0.0,0.0,10,110.0,68,71,13,75,116.1,0.0,0.246,70,0.0,33.3,33.3,67,2,87.87,,,,,,,,,,,,,,,,,,,,,,,,,,,,,,,,,,,,,6,2013,1,75,,USA,Maryland,2013
203437,Tierra Ruffin-Pratt,Tierra,1611661322,WAS,23.0,3,1,2,0.333,45.075,5,13,0.385,0,0,0.0,7,12,0.583,2,4,6,2,3,3,0,0,6,8,17,-18,33.2,0,0,31.0,39,38,20,40,51,46,46,42,34,52,34,22,17,45,41,43,45,47,47,27,45,1,40,24,42,64,47,11,1,47,1,223,92.65,-16.7,88,0.125,89.5,67.0,0.073,77.2,46,0.224,0.385,40,33,0.058,17,67.0,35,-22.5,46,74,34,29,4.3,41,44,42,39,0.075,92.65,0.042,41,77,46,53,70,-22.5,70,90.2,8.3,1.7,64,89.5,66,48,19,29,73.5,0.465,0.236,47,0.67,12.9,12.5,33,77,88.15,,,,,,,,,,,,,,,,,,,,,,,,,,,,,,,,,,,,,Undrafted,Undrafted,Undrafted,70,183,USA,North Carolina,2013
203026,Tiffany Hayes,Tiffany,1611661330,ATL,24.0,8,4,4,0.5,227.11166666666668,32,82,0.39,12,34,0.353,23,30,0.767,7,29,36,15,12,4,0,6,19,33,99,-22,164.7,0,0,170.0,1,12,75,13,6,6,6,41,1,1,14,5,5,25,16,4,6,11,8,19,45,79,78,3,5,70,8,11,1,7,1,610,91.09,-6.8,429,0.125,97.5,93.2,0.137,75.91,25,0.208,0.463,21,50,0.078,27,93.2,29,-4.2,20,36,47,49,10.3,51,29,29,28,0.113,91.09,0.028,51,34,20,45,41,-4.2,41,97.7,12.3,4.0,48,97.5,45,31,27,49,91.0,0.52,0.211,21,1.25,9.8,9.8,33,34,92.11,,,,,,,,,,,,,,,,,,,,,,,,,,,,,,,,,,,,,14,2012,2,70,155,USA,Connecticut,2013
100076,Tina Thompson,Tina,1611661328,SEA,39.0,2,0,2,0.0,65.215,11,26,0.423,0,7,0.0,1,2,0.5,2,15,17,0,4,2,0,2,4,7,23,-13,45.4,0,0,44.0,58,59,20,59,41,30,30,33,34,20,34,49,46,48,41,21,25,67,40,36,45,54,21,29,38,52,39,11,1,38,1,140,86.12,-12.9,116,0.0,100.0,90.5,0.238,71.76,62,0.242,0.423,27,58,0.144,11,90.5,39,-9.5,8,47,36,55,13.0,74,51,7,40,0.099,86.12,0.036,74,41,9,67,54,-9.5,54,100.8,0.0,5.5,56,100.0,71,36,10,55,87.9,0.428,0.244,4,0.0,13.0,12.9,67,41,87.07,,,,,,,,,,,,,,,,,,,,,,,,,,,,,,,,,,,,,1,1997,1,74,178,USA,USC,2013
