PLAYER_ID,PLAYER_NAME,NICKNAME,TEAM_ID,TEAM_ABBREVIATION,AGE,GP,W,L,W_PCT,MIN,FGM,FGA,FG_PCT,FG3M,FG3A,FG3_PCT,FTM,FTA,FT_PCT,OREB,DREB,REB,AST,TOV,STL,BLK,BLKA,PF,PFD,PTS,PLUS_MINUS,NBA_FANTASY_PTS,DD2,TD3,WNBA_FANTASY_PTS,GP_RANK,W_RANK,L_RANK,W_PCT_RANK,MIN_RANK,FGM_RANK,FGA_RANK,FG_PCT_RANK,FG3M_RANK,FG3A_RANK,FG3_PCT_RANK,FTM_RANK,FTA_RANK,FT_PCT_RANK,OREB_RANK,DREB_RANK,REB_RANK,AST_RANK,TOV_RANK,STL_RANK,BLK_RANK,BLKA_RANK,PF_RANK,PFD_RANK,PTS_RANK,PLUS_MINUS_RANK,NBA_FANTASY_PTS_RANK,DD2_RANK,TD3_RANK,WNBA_FANTASY_PTS_RANK,TEAM_COUNT,team_poss,TM_TOV_PCT,OFF_RATING_RANK,E_NET_RATING,PACE,DREB_PCT_RANK,NET_RATING,sp_work_OFF_RATING,E_PACE_RANK,AST_RATIO,TS_PCT_RANK,sp_work_PACE_RANK,AST_TO,PIE,USG_PCT,EFG_PCT,REB_PCT,sp_work_OFF_RATING_RANK,EFG_PCT_RANK,DEF_RATING_RANK,sp_work_NET_RATING,DEF_RATING,sp_work_PACE,REB_PCT_RANK,E_TOV_PCT_RANK,TM_TOV_PCT_RANK,FGA_PG_RANK,E_DEF_RATING,E_OFF_RATING_RANK,OFF_RATING,POSS,FGA_PG,E_NET_RATING_RANK,OREB_PCT,E_PACE,E_OFF_RATING,FGM_PG_RANK,TS_PCT,PIE_RANK,E_USG_PCT_RANK,sp_work_DEF_RATING,AST_PCT_RANK,sp_work_NET_RATING_RANK,E_DEF_RATING_RANK,DREB_PCT,AST_RATIO_RANK,FGM_PG,NET_RATING_RANK,AST_PCT,OREB_PCT_RANK,USG_PCT_RANK,PACE_PER40,E_TOV_PCT,E_USG_PCT,PACE_RANK,AST_TO_RANK,sp_work_DEF_RATING_RANK,overall_def_D_FGM,overall_def_D_FG_PCT,overall_def_FREQ,overall_def_D_FGA,overall_def_NORMAL_FG_PCT,overall_def_PCT_PLUSMINUS,three_pt_def_FG3M,three_pt_def_NS_FG3_PCT,three_pt_def_FREQ,three_pt_def_FG3_PCT,three_pt_def_FG3A,three_pt_def_PLUSMINUS,two_pt_def_FG2_PCT,two_pt_def_PLUSMINUS,two_pt_def_NS_FG2_PCT,two_pt_def_FG2A,two_pt_def_FREQ,two_pt_def_FG2M,less_6ft_def_FGM_LT_06,less_6ft_def_LT_06_PCT,less_6ft_def_FGA_LT_06,less_6ft_def_FREQ,less_6ft_def_PLUSMINUS,less_6ft_def_NS_LT_06_PCT,less_10ft_def_FREQ,less_10ft_def_FGA_LT_10,less_10ft_def_LT_10_PCT,less_10ft_def_FGM_LT_10,less_10ft_def_NS_LT_10_PCT,less_10ft_def_PLUSMINUS,more_15ft_def_GT_15_PCT,more_15ft_def_FREQ,more_15ft_def_FGA_GT_15,more_15ft_def_NS_GT_15_PCT,more_15ft_def_PLUSMINUS,more_15ft_def_FGM_GT_15,DRAFT_NUMBER,COLLEGE,COUNTRY,DRAFT_YEAR,DRAFT_ROUND,PLAYER_WEIGHT,PLAYER_HEIGHT_INCHES,year
202249,Abby Bishop,Abby,1611661328,SEA,28.0,13,6,7,0.462,67.26666666666667,4,11,0.364,1,6,0.167,3,4,0.75,0,6,6,8,1,1,1,0,17,3,12,-46,36.2,0,0,31.0,134,126,35,95,139,144,144,122,102,102,106,138,140,100,152,138,140,125,151,141,123,1,30,144,143,123,141,41,1,143,1,2646,4.5,150,-33.6,97.4,88,-35.8,79.7,90,36.4,123,54,8.0,0.008,0.09,0.409,0.048,150,126,156,-35.8,115.6,97.4,121,3,3,155,115.3,151,79.7,138,0.8,155,0.0,96.3,81.7,149,0.47,144,156,115.6,28,155,155,0.1,2,0.3,155,0.222,148,156,81.17,4.6,0.094,54,1,156,,,,,,,,,,,,,,,,,,,,,,,,,,,,,,,,,,,,,Undrafted,None,Australia,Undrafted,Undrafted,180,75.0,2016
1627679,Adut Bulgak,Adut,1611661313,NYL,24.0,7,4,3,0.571,22.911666666666665,5,11,0.455,1,2,0.5,3,4,0.75,3,6,9,0,1,0,0,2,3,3,14,15,23.8,0,0,24.0,146,136,12,41,152,141,144,53,102,112,6,138,140,100,129,138,135,154,151,148,137,24,6,144,142,47,145,41,1,145,1,2760,7.1,23,31.5,102.66,8,30.6,106.1,22,0.0,56,12,0.0,0.175,0.23,0.5,0.161,23,49,1,30.6,75.5,102.66,2,9,7,137,77.7,2,106.1,49,1.6,1,0.107,99.72,109.2,130,0.549,4,23,75.5,154,1,1,0.214,154,0.7,1,0.0,8,23,85.55,7.3,0.235,12,154,1,,,,,,,,,,,,,,,,,,,,,,,,,,,,,,,,,,,,,12,Florida State,,2016,1,156,76.0,2016
1627672,Aerial Powers,Aerial,1611661321,DAL,23.0,32,11,21,0.344,614.36,100,254,0.394,32,87,0.368,101,121,0.835,27,60,87,35,51,33,7,19,74,94,333,-57,558.9,1,0,567.0,61,93,143,129,67,50,39,106,21,27,24,19,22,51,54,75,64,76,34,31,66,133,116,24,33,128,55,29,1,45,1,2760,12.9,84,-5.3,99.85,83,-4.1,100.3,20,8.9,64,29,0.69,0.095,0.24,0.457,0.071,84,93,116,-4.1,104.5,99.85,79,87,87,41,104.9,74,100.3,1276,7.9,102,0.041,100.0,99.6,53,0.542,69,14,104.5,87,98,124,0.104,125,3.1,98,0.111,76,14,83.21,13.0,0.247,29,120,116,,,,,,,,,,,,,,,,,,,,,,,,,,,,,,,,,,,,,5,Michigan State,USA,2016,1,157,72.0,2016
100949,Alana Beard,Alana,1611661320,LAS,35.0,34,26,8,0.765,996.8483333333334,100,214,0.467,13,38,0.342,27,39,0.692,31,80,111,73,43,59,20,7,96,61,240,216,676.7,0,0,595.0,1,9,41,18,17,50,58,46,60,61,43,89,85,122,50,50,48,35,51,2,27,67,148,52,61,5,36,41,1,39,1,2643,12.5,15,11.4,93.49,109,11.1,107.1,126,21.2,83,135,1.7,0.065,0.125,0.498,0.06,15,58,27,11.1,96.0,93.49,92,78,81,67,94.9,16,107.1,1942,6.3,12,0.035,94.29,106.4,58,0.519,104,144,96.0,91,11,22,0.083,37,2.9,11,0.107,82,141,77.91,12.4,0.129,135,39,27,,,,,,,,,,,,,,,,,,,,,,,,,,,,,,,,,,,,,2,Duke,USA,2004,1,160,71.0,2016
203410,Alex Bentley,Alex,1611661323,CON,26.0,34,14,20,0.412,980.8083333333333,169,439,0.385,48,168,0.286,51,65,0.785,10,53,63,85,48,30,3,6,84,54,437,-112,691.1,0,0,699.0,1,67,137,108,22,14,8,111,8,5,79,51,50,83,102,80,90,29,40,38,95,62,132,62,19,149,34,41,1,27,1,2764,8.1,78,-7.3,95.11,133,-5.9,101.0,79,14.4,124,107,1.77,0.064,0.223,0.44,0.033,78,105,138,-5.9,107.0,95.11,139,13,13,9,105.9,88,101.0,1945,12.9,115,0.01,96.76,98.6,15,0.467,108,29,107.0,61,110,134,0.06,81,5.0,110,0.146,136,30,79.26,8.0,0.23,107,32,138,,,,,,,,,,,,,,,,,,,,,,,,,,,,,,,,,,,,,13,Penn State,USA,2013,2,152,67.0,2016
204336,Alex Harden,Alex,1611661317,PHO,24.0,28,15,13,0.536,209.93333333333334,18,40,0.45,3,12,0.25,1,2,0.5,10,12,22,13,9,12,4,0,20,6,40,39,124.9,0,0,110.0,90,57,70,50,119,125,126,56,87,91,88,148,146,146,102,127,125,110,129,92,80,1,35,132,127,37,121,41,1,125,1,2739,14.3,74,8.8,99.46,139,10.7,101.2,34,20.6,110,30,1.44,0.055,0.102,0.488,0.051,74,65,6,10.7,90.4,99.46,113,105,105,142,92.0,57,101.2,431,1.4,19,0.049,98.81,100.8,136,0.489,120,154,90.4,100,13,11,0.054,40,0.6,13,0.096,63,153,82.88,14.3,0.105,30,61,6,,,,,,,,,,,,,,,,,,,,,,,,,,,,,,,,,,,,,18,Wichita State,USA,2015,2,173,72.0,2016
202652,Alex Montgomery,Alex,1611661319,SAN,28.0,25,5,20,0.2,356.775,35,98,0.357,10,32,0.313,9,12,0.75,15,38,53,39,20,10,4,11,37,16,89,-74,233.1,0,0,219.0,104,132,137,151,100,110,104,126,72,67,64,120,119,100,84,97,95,71,103,103,80,87,55,112,109,138,103,41,1,106,1,2617,12.3,139,-11.0,92.36,77,-10.6,88.8,156,24.1,136,150,1.95,0.063,0.156,0.408,0.076,139,128,54,-10.6,99.4,92.36,74,73,74,102,99.0,142,88.8,686,3.9,130,0.042,92.92,88.1,111,0.431,109,112,99.4,42,129,54,0.113,26,1.4,129,0.193,74,113,76.97,12.3,0.162,150,23,54,,,,,,,,,,,,,,,,,,,,,,,,,,,,,,,,,,,,,10,Georgia Tech,USA,2011,1,185,73.0,2016
201516,Allie Quigley,Allie,1611661329,CHI,31.0,34,18,16,0.529,604.22,129,274,0.471,30,82,0.366,34,38,0.895,4,25,29,56,37,17,5,8,35,46,322,-9,469.8,0,0,481.0,1,27,92,53,68,32,34,45,24,31,25,78,87,24,123,112,118,52,64,72,74,73,51,76,36,80,74,41,1,65,1,2737,9.7,43,-1.3,100.73,146,-1.2,103.7,13,14.7,49,22,1.51,0.096,0.223,0.526,0.023,43,38,120,-1.2,104.9,100.73,147,29,29,39,104.7,38,103.7,1271,8.1,77,0.007,101.0,103.4,39,0.554,66,27,104.9,60,82,120,0.04,77,3.8,82,0.149,143,31,83.94,9.6,0.231,22,54,120,,,,,,,,,,,,,,,,,,,,,,,,,,,,,,,,,,,,,22,DePaul,USA,2008,2,140,70.0,2016
204326,Ally Malott,Ally,1611661322,WAS,24.0,23,10,13,0.435,178.65833333333333,15,49,0.306,10,32,0.313,9,11,0.818,6,20,26,10,12,6,3,2,13,8,49,13,110.2,0,0,113.0,114,106,70,102,124,127,123,143,72,67,64,120,123,63,116,119,121,117,120,118,95,24,26,128,124,51,125,41,1,123,1,2663,16.0,59,2.6,96.32,82,3.3,101.9,109,13.3,127,72,0.83,0.05,0.156,0.408,0.07,59,128,49,3.3,98.6,96.32,80,121,124,128,100.1,43,101.9,359,2.1,45,0.033,95.21,102.8,134,0.455,123,107,98.6,108,37,65,0.106,89,0.7,37,0.088,87,114,80.26,15.8,0.165,72,112,49,,,,,,,,,,,,,,,,,,,,,,,,,,,,,,,,,,,,,8,Dayton,,2015,1,183,76.0,2016
202252,Alysha Clark,Alysha,1611661328,SEA,29.0,33,16,17,0.485,910.5266666666666,105,217,0.484,36,93,0.387,50,59,0.847,40,81,121,64,44,24,2,5,87,73,296,76,571.2,0,0,569.0,39,44,106,80,28,45,54,40,16,23,20,53,60,47,33,48,42,46,48,55,110,54,136,40,43,22,52,41,1,44,1,2646,12.6,20,4.5,93.26,100,5.5,106.7,122,18.3,18,138,1.45,0.079,0.146,0.567,0.072,20,17,70,5.5,101.2,93.26,76,82,83,61,100.4,28,106.7,1759,6.6,35,0.052,94.47,104.9,52,0.609,87,125,101.2,88,31,67,0.09,53,3.2,31,0.11,56,123,77.71,12.5,0.149,138,59,70,,,,,,,,,,,,,,,,,,,,,,,,,,,,,,,,,,,,,17,Middle Tennessee,USA,2010,2,167,71.0,2016
203826,Alyssa Thomas,Alyssa,1611661323,CON,25.0,31,13,18,0.419,842.3083333333333,130,267,0.487,0,0,0.0,83,131,0.634,62,125,187,70,75,44,6,35,81,121,343,-57,747.4,2,0,700.0,74,79,117,106,34,31,37,38,114,130,114,26,20,136,12,20,16,42,10,9,71,157,127,18,32,128,27,17,1,26,1,2764,16.0,80,-4.1,95.28,27,-2.6,100.8,55,15.0,72,103,0.93,0.108,0.204,0.487,0.114,80,67,104,-2.6,103.4,95.28,36,122,125,34,101.8,97,100.8,1665,8.6,95,0.07,97.52,97.7,33,0.528,45,53,103.4,71,89,85,0.166,75,4.2,89,0.134,36,48,79.4,16.0,0.206,103,104,104,,,,,,,,,,,,,,,,,,,,,,,,,,,,,,,,,,,,,4,Maryland,USA,2014,1,185,74.0,2016
204320,Amanda Zahui B,Amanda,1611661313,NYL,23.0,33,21,12,0.636,373.82666666666665,57,127,0.449,3,16,0.188,48,61,0.787,42,62,104,12,37,11,22,15,69,52,165,11,369.8,0,0,350.0,39,17,61,29,99,90,91,60,87,86,102,57,57,81,26,71,52,112,64,100,23,110,110,67,87,54,86,41,1,86,1,2760,18.3,97,0.6,100.6,36,2.0,98.0,31,5.9,68,24,0.32,0.084,0.209,0.461,0.131,97,88,26,2.0,95.9,100.6,17,138,139,104,98.2,85,98.0,781,3.8,61,0.109,98.99,98.8,99,0.536,79,38,95.9,134,49,46,0.152,141,1.7,49,0.058,7,41,83.84,18.2,0.218,24,147,26,,,,,,,,,,,,,,,,,,,,,,,,,,,,,,,,,,,,,2,Minnesota,Sweden,2015,1,250,77.0,2016
1627691,Ameryst Alston,Ameryst,1611661313,NYL,23.0,1,1,0,1.0,0.21166666666666667,0,0,0.0,0,0,0.0,0,0,0.0,0,0,0,0,0,0,0,0,0,0,0,-3,0.0,0,0,0.0,158,153,1,1,158,157,158,157,114,130,114,154,154,154,152,157,157,154,158,148,137,1,1,156,157,71,158,41,1,158,1,2760,0.0,158,-300.0,340.16,153,-150.0,0.0,1,0.0,157,1,0.0,0.0,0.0,0.0,0.0,158,157,158,-150.0,150.0,340.16,150,1,1,158,300.0,158,0.0,1,0.0,158,0.0,113.39,0.0,157,0.0,147,158,150.0,154,158,158,0.0,154,0.0,158,0.0,148,158,283.46,0.0,0.0,1,154,158,,,,,,,,,,,,,,,,,,,,,,,,,,,,,,,,,,,,,24,Ohio State,,2016,2,178,69.0,2016
204302,Ana Dabovic,Ana,1611661320,LAS,27.0,22,17,5,0.773,236.09666666666666,20,54,0.37,3,19,0.158,22,29,0.759,6,11,17,29,19,13,0,3,37,30,65,39,148.9,0,0,140.0,115,33,18,17,117,119,120,117,87,83,109,94,97,94,116,128,126,81,106,85,137,37,55,94,118,37,118,41,1,119,1,2643,16.4,124,9.1,96.88,143,9.9,93.6,107,25.0,111,58,1.53,0.041,0.166,0.398,0.037,124,133,2,9.9,83.8,96.88,134,128,128,123,85.5,117,93.6,472,2.5,17,0.028,95.38,94.6,124,0.487,129,99,83.8,40,14,3,0.046,22,0.9,14,0.193,94,98,80.73,16.6,0.17,58,48,2,,,,,,,,,,,,,,,,,,,,,,,,,,,,,,,,,,,,,Undrafted,None, ,Undrafted,Undrafted,157,72.0,2016
202623,Aneika Morello,Aneika,1611661323,CON,31.0,10,2,8,0.2,50.43833333333333,5,13,0.385,0,0,0.0,2,5,0.4,4,10,14,2,6,1,1,1,8,5,12,-27,31.8,0,0,32.0,138,147,41,151,143,141,142,112,114,130,114,143,136,152,123,130,129,143,136,141,123,13,19,134,143,105,142,41,1,142,1,2764,26.1,144,-25.6,107.54,13,-27.4,85.2,3,8.7,141,3,0.33,0.015,0.159,0.385,0.135,144,136,154,-27.4,112.6,107.54,16,153,154,143,110.8,148,85.2,115,1.3,151,0.071,108.41,85.2,141,0.395,141,103,112.6,130,153,152,0.208,128,0.5,153,0.061,30,107,89.61,25.9,0.167,3,145,154,,,,,,,,,,,,,,,,,,,,,,,,,,,,,,,,,,,,,Undrafted,Florida,USA,Undrafted,Undrafted,192,76.0,2016
201881,Angel McCoughtry,Angel,1611661330,ATL,30.0,33,17,16,0.515,989.4933333333333,223,514,0.434,26,86,0.302,171,217,0.788,37,150,187,91,96,52,23,32,79,149,643,-2,1132.9,3,0,1097.0,39,33,92,60,20,3,2,71,35,28,71,1,1,79,38,11,16,24,2,5,21,154,122,6,4,70,7,14,1,6,1,2759,12.1,52,1.6,96.83,47,-0.2,102.2,27,11.5,74,60,0.95,0.149,0.305,0.459,0.092,52,91,92,-0.2,102.4,96.83,58,69,68,4,99.0,62,102.2,1997,15.6,51,0.038,99.32,100.5,4,0.527,13,1,102.4,45,73,51,0.143,105,6.8,73,0.181,79,2,80.69,12.1,0.311,60,103,92,,,,,,,,,,,,,,,,,,,,,,,,,,,,,,,,,,,,,1,Louisville,USA,2009,1,160,73.0,2016
100445,Ann Wauters,Ann,1611661320,LAS,36.0,21,16,5,0.762,97.25,12,22,0.545,0,0,0.0,6,8,0.75,4,19,23,9,7,4,2,1,12,5,30,-10,82.1,0,0,74.0,119,44,18,22,133,128,135,19,114,130,114,130,128,100,123,122,124,121,133,126,110,13,24,134,132,81,131,41,1,131,1,2643,16.7,138,-5.6,95.26,5,-3.3,89.0,143,21.4,29,104,1.29,0.121,0.156,0.545,0.131,138,31,10,-3.3,92.3,95.26,18,130,130,149,95.0,138,89.0,191,1.0,105,0.044,93.69,89.4,139,0.588,31,116,92.3,52,93,23,0.221,34,0.6,93,0.164,71,115,79.38,16.9,0.159,104,76,10,,,,,,,,,,,,,,,,,,,,,,,,,,,,,,,,,,,,,1,None,USA,2000,1,193,76.0,2016
203813,Anna Cruz,Anna,1611661324,MIN,30.0,6,5,1,0.833,59.925,5,11,0.455,1,1,1.0,6,6,1.0,1,5,6,12,2,2,0,0,8,7,17,3,46.2,0,0,40.0,149,132,2,5,141,141,144,53,102,115,1,130,135,1,138,140,140,112,144,134,137,1,19,129,139,65,138,41,1,140,1,2716,7.1,112,6.2,96.52,119,0.1,95.1,131,42.9,13,67,6.0,0.125,0.113,0.5,0.048,112,49,18,0.1,95.0,96.52,117,8,7,131,94.4,61,95.1,122,1.8,30,0.018,94.13,100.6,125,0.623,24,147,95.0,3,68,16,0.075,1,0.8,68,0.308,120,150,80.43,7.2,0.119,67,2,18,,,,,,,,,,,,,,,,,,,,,,,,,,,,,,,,,,,,,Undrafted,None,Spain,Undrafted,Undrafted,136,69.0,2016
203859,Asia Taylor,Asia,1611661323,CON,25.0,4,3,1,0.75,17.28,3,5,0.6,0,0,0.0,6,7,0.857,2,2,4,3,1,0,0,1,3,5,12,8,20.3,0,0,19.0,151,142,2,24,154,147,154,5,114,130,114,130,130,41,133,147,146,140,151,148,137,13,6,134,143,57,147,41,1,147,1,2764,8.3,1,22.4,106.94,153,17.8,123.1,4,25.0,2,4,3.0,0.163,0.191,0.6,0.0,1,7,124,17.8,105.3,106.94,150,15,15,146,106.0,1,123.1,39,1.3,2,0.111,104.28,128.5,128,0.743,7,56,105.3,14,2,136,0.0,22,0.8,2,0.25,5,66,89.12,8.3,0.205,4,4,124,,,,,,,,,,,,,,,,,,,,,,,,,,,,,,,,,,,,,36,Louisville,USA,2014,3,167,73.0,2016
203838,Astou Ndour-Fall,Astou,1611661319,SAN,22.0,30,5,25,0.167,445.815,65,164,0.396,21,61,0.344,29,35,0.829,25,70,95,12,16,13,26,7,48,29,180,-81,413.0,0,0,386.0,82,132,153,154,89,83,73,103,44,45,41,85,91,60,56,60,57,112,112,85,17,67,72,95,82,140,81,41,1,82,1,2617,7.7,136,-10.8,93.72,32,-10.9,89.9,144,5.8,99,132,0.75,0.108,0.197,0.46,0.107,136,89,66,-10.9,100.8,93.72,42,11,11,76,100.8,135,89.9,878,5.5,127,0.055,93.59,90.1,86,0.502,44,57,100.8,138,130,73,0.161,144,2.2,130,0.054,52,58,78.1,7.7,0.203,132,117,66,,,,,,,,,,,,,,,,,,,,,,,,,,,,,,,,,,,,,16,None,Spain,2014,2,,77.0,2016
203069,Avery Warley-Talbert,Avery,1611661319,SAN,30.0,3,1,2,0.333,15.263333333333334,0,3,0.0,0,0,0.0,0,0,0.0,1,2,3,1,1,0,1,1,2,3,0,-7,7.1,0,0,6.0,155,153,5,131,155,157,155,157,114,130,114,154,154,154,138,147,150,149,151,148,123,13,3,144,157,78,153,41,1,155,2,2617,20.0,143,-19.0,94.34,153,-17.0,86.2,155,20.0,157,119,1.0,-0.069,0.103,0.0,0.0,143,157,99,-17.0,103.2,94.34,150,143,143,150,105.7,145,86.2,29,1.0,146,0.0,92.96,86.7,157,0.0,156,153,103.2,77,145,131,0.0,43,0.0,145,0.125,148,152,78.62,20.0,0.112,119,92,99,,,,,,,,,,,,,,,,,,,,,,,,,,,,,,,,,,,,,Undrafted,Liberty,USA,Undrafted,Undrafted,,,2016
1627689,Bashaara Graves,Bashaara,1611661324,MIN,23.0,12,11,1,0.917,41.20166666666667,2,7,0.286,0,0,0.0,0,0,0.0,3,1,4,2,3,0,0,2,4,2,4,-18,8.8,0,0,10.0,135,93,2,2,147,149,152,147,114,130,114,154,154,154,129,153,146,143,140,148,137,24,9,149,151,91,152,41,1,152,1,2716,25.0,149,-8.7,102.52,152,-26.9,81.3,36,16.7,151,13,0.67,-0.025,0.102,0.286,0.0,149,147,147,-26.9,108.2,102.52,150,151,151,157,102.1,124,81.3,91,0.6,120,0.0,98.68,93.3,154,0.286,151,152,108.2,119,152,89,0.022,60,0.2,152,0.077,148,154,85.43,25.0,0.116,13,121,147,,,,,,,,,,,,,,,,,,,,,,,,,,,,,,,,,,,,,22,Tennessee,,2016,2,200,74.0,2016
204335,Betnijah Laney-Hamilton,Betnijah,1611661329,CHI,23.0,8,4,4,0.5,42.11666666666667,2,12,0.167,0,1,0.0,4,4,1.0,1,4,5,1,2,1,0,1,6,4,8,-17,16.5,0,0,16.0,142,136,15,64,146,149,143,152,114,115,114,136,140,1,138,143,143,149,144,141,137,13,15,142,148,89,149,41,1,150,1,2737,11.8,145,-18.1,103.71,90,-25.1,85.1,5,5.9,150,8,0.5,-0.028,0.147,0.167,0.0,145,153,153,-25.1,110.2,103.71,150,65,64,138,105.8,143,85.1,94,1.5,145,0.0,104.26,87.7,151,0.291,152,122,110.2,146,148,133,0.098,142,0.3,148,0.034,148,122,86.43,11.9,0.153,8,135,153,,,,,,,,,,,,,,,,,,,,,,,,,,,,,,,,,,,,,17,Rutgers,USA,2015,2,160,72.0,2016
204355,Blake Dietrick,Blake,1611661319,SAN,23.0,3,1,2,0.333,13.633333333333333,1,2,0.5,0,1,0.0,2,2,1.0,0,3,3,0,1,0,0,0,1,1,4,1,6.6,0,0,7.0,155,153,5,131,156,152,157,33,114,115,114,143,146,1,152,146,150,154,151,148,137,1,2,152,151,69,154,41,1,153,2,2617,25.0,126,-1.6,102.1,153,-3.1,93.3,11,0.0,6,16,0.0,0.113,0.125,0.5,0.0,126,49,30,-3.1,96.4,102.1,150,152,151,156,95.5,120,93.3,30,0.7,79,0.0,102.31,93.8,148,0.694,38,141,96.4,154,92,26,0.0,154,0.3,92,0.0,148,140,85.09,25.8,0.13,16,154,30,,,,,,,,,,,,,,,,,,,,,,,,,,,,,,,,,,,,,Undrafted,Princeton,USA,Undrafted,Undrafted,150,70.0,2016
1627668,Breanna Stewart,Breanna,1611661328,SEA,22.0,34,16,18,0.471,1178.8916666666667,208,455,0.457,45,133,0.338,160,192,0.833,40,277,317,114,81,42,64,24,82,200,621,113,1409.4,12,0,1309.0,1,44,117,86,2,7,4,51,9,10,45,2,3,52,33,1,1,18,7,12,3,142,129,1,5,15,1,3,1,1,1,2646,11.1,26,4.8,93.71,3,5.1,105.9,112,15.6,35,133,1.41,0.175,0.242,0.507,0.143,26,46,65,5.1,100.7,93.71,13,54,54,7,99.3,31,105.9,2299,13.4,34,0.039,95.2,104.1,7,0.576,3,17,100.7,47,33,56,0.233,72,6.1,33,0.173,78,12,78.09,11.0,0.245,133,66,65,,,,,,,,,,,,,,,,,,,,,,,,,,,,,,,,,,,,,1,Connecticut,USA,2016,1,170,76.0,2016
1627688,Brene Moseley,Brene,1611661325,IND,23.0,8,2,6,0.25,76.67833333333333,6,23,0.261,1,5,0.2,2,5,0.4,1,2,3,9,16,4,0,2,6,4,15,-41,28.1,0,0,36.0,142,147,24,142,137,139,132,149,102,106,97,143,136,152,138,147,150,121,112,126,137,24,15,142,141,120,143,41,1,141,1,2661,32.7,147,-25.6,100.78,150,-26.7,82.1,8,18.4,149,21,0.56,-0.059,0.214,0.283,0.019,147,149,149,-26.7,108.8,100.78,148,158,158,119,106.3,154,82.1,162,2.9,152,0.011,102.9,80.6,128,0.298,155,34,108.8,23,151,138,0.031,50,0.8,151,0.231,134,36,83.99,31.9,0.225,21,133,149,,,,,,,,,,,,,,,,,,,,,,,,,,,,,,,,,,,,,21,Maryland,,2016,2,120,67.0,2016
203829,Bria Hartley,Bria,1611661322,WAS,24.0,24,9,15,0.375,405.9216666666667,50,133,0.376,21,58,0.362,36,45,0.8,9,38,47,54,35,10,0,15,44,45,157,2,289.4,0,0,299.0,111,110,85,120,96,95,88,115,44,47,27,75,78,69,107,97,101,53,68,103,137,110,65,78,91,68,94,41,1,94,1,2663,14.5,66,-2.3,93.42,97,0.0,101.5,149,22.3,87,137,1.54,0.078,0.205,0.455,0.059,66,94,76,0.0,101.5,93.42,97,108,108,75,102.8,63,101.5,791,5.5,82,0.023,93.32,100.5,90,0.514,88,45,101.5,16,71,101,0.094,32,2.1,71,0.241,109,46,77.85,14.5,0.212,137,46,76,,,,,,,,,,,,,,,,,,,,,,,,,,,,,,,,,,,,,7,Connecticut,USA,2014,1,148,68.0,2016
1627678,Bria Holmes,Bria,1611661330,ATL,23.0,33,17,16,0.515,701.8716666666667,91,209,0.435,17,62,0.274,48,62,0.774,24,61,85,41,39,30,5,17,26,51,247,-131,476.5,0,0,460.0,39,33,92,60,55,58,59,69,48,44,83,57,54,88,60,74,66,69,62,38,74,126,42,71,59,152,73,41,1,70,1,2759,12.4,94,-8.0,97.11,108,-9.1,98.2,45,13.0,77,55,1.05,0.092,0.166,0.476,0.058,94,73,141,-9.1,107.2,97.11,98,76,78,64,105.6,99,98.2,1419,6.3,118,0.033,98.18,97.6,64,0.523,71,94,107.2,95,122,129,0.084,94,2.8,122,0.101,88,97,80.93,12.3,0.171,55,90,141,,,,,,,,,,,,,,,,,,,,,,,,,,,,,,,,,,,,,11,West Virginia,USA,2016,1,170,73.0,2016
201896,Briann January,Briann,1611661325,IND,30.0,29,15,14,0.517,816.3383333333334,87,217,0.401,29,74,0.392,77,88,0.875,18,34,52,136,51,36,3,9,79,96,280,93,612.4,0,0,575.0,86,57,80,58,37,60,54,97,28,37,19,29,31,33,76,102,96,8,34,25,95,77,122,23,50,20,40,41,1,42,1,2661,11.5,7,5.3,92.11,142,6.1,108.4,154,30.6,57,155,2.67,0.087,0.17,0.468,0.036,7,80,90,6.1,102.3,92.11,136,61,62,52,101.6,12,108.4,1565,7.5,33,0.024,93.1,106.9,55,0.547,76,91,102.3,12,30,82,0.049,8,3.0,30,0.254,106,89,76.76,11.5,0.173,155,8,90,,,,,,,,,,,,,,,,,,,,,,,,,,,,,,,,,,,,,6,Arizona State,USA,2009,1,144,68.0,2016
204331,Brianna Kiesel,Brianna,1611661321,DAL,23.0,14,5,9,0.357,103.42333333333333,4,23,0.174,1,6,0.167,3,4,0.75,1,5,6,18,10,5,0,2,15,7,12,-20,51.2,0,0,47.0,133,132,49,126,131,144,132,151,102,102,106,138,140,100,138,140,140,104,125,120,137,24,28,129,143,92,136,41,1,137,1,2760,18.9,127,-12.8,103.96,141,-8.9,92.9,9,34.0,152,7,1.8,-0.015,0.135,0.196,0.027,127,152,79,-8.9,101.8,103.96,144,141,140,134,104.9,127,92.9,224,1.6,135,0.008,102.85,92.1,150,0.242,150,134,101.8,9,121,122,0.05,4,0.3,121,0.281,140,133,86.63,19.0,0.139,7,28,79,,,,,,,,,,,,,,,,,,,,,,,,,,,,,,,,,,,,,13,Pittsburgh,,2015,2,125,67.0,2016
204327,Brittany Boyd-Jones,Brittany,1611661313,NYL,24.0,33,20,13,0.606,651.33,75,208,0.361,6,36,0.167,59,81,0.728,17,66,83,119,65,52,3,18,82,70,215,3,593.1,0,0,533.0,39,21,70,34,62,74,61,124,78,64,106,45,36,111,79,66,71,14,17,5,95,129,129,44,67,65,49,41,1,53,1,2760,15.3,99,1.0,98.01,94,0.8,97.7,40,27.9,133,43,1.83,0.083,0.201,0.375,0.06,99,139,34,0.8,96.9,98.01,95,115,115,66,96.5,101,97.7,1326,6.3,57,0.025,98.32,97.4,82,0.441,83,52,96.9,2,63,33,0.095,14,2.3,63,0.308,100,52,81.68,15.2,0.207,43,27,34,,,,,,,,,,,,,,,,,,,,,,,,,,,,,,,,,,,,,9,California,USA,2015,1,156,69.0,2016
203398,Brittney Griner,Brittney,1611661317,PHO,26.0,34,16,18,0.471,992.4,178,325,0.548,0,0,0.0,138,166,0.831,47,175,222,35,70,13,107,12,124,136,494,124,1102.9,2,0,991.0,1,44,117,86,19,13,24,17,114,130,114,8,8,57,20,7,10,76,12,85,1,94,158,10,11,13,8,17,1,9,1,2739,14.0,12,7.7,95.02,26,6.2,107.6,74,7.0,14,108,0.5,0.133,0.213,0.548,0.115,12,28,74,6.2,101.5,95.02,33,99,101,28,98.7,18,107.6,1966,9.6,23,0.052,96.94,106.4,14,0.621,19,40,101.5,127,29,49,0.17,136,5.2,29,0.063,55,38,79.18,13.9,0.216,108,135,74,,,,,,,,,,,,,,,,,,,,,,,,,,,,,,,,,,,,,1,Baylor,USA,2013,1,205,81.0,2016
201067,Camille Smith,Camille,1611661323,CON,32.0,33,14,19,0.424,813.7283333333334,96,250,0.384,29,90,0.322,36,57,0.632,25,73,98,66,56,38,9,14,92,56,257,-25,558.6,0,0,544.0,39,67,130,104,38,54,40,113,28,24,58,75,63,137,56,55,55,44,26,20,55,104,144,56,57,98,56,41,1,51,1,2764,14.1,51,-3.0,96.12,91,-0.7,102.2,67,16.6,125,76,1.18,0.05,0.176,0.442,0.062,51,104,94,-0.7,102.9,96.12,89,102,103,48,103.0,66,102.2,1623,7.6,84,0.03,97.13,100.0,59,0.467,122,86,102.9,80,79,104,0.097,62,2.9,79,0.122,92,85,80.1,14.1,0.178,76,83,94,,,,,,,,,,,,,,,,,,,,,,,,,,,,,,,,,,,,,17,North Carolina,USA,2007,2,180,74.0,2016
201496,Candace Parker,Candace,1611661320,LAS,31.0,34,26,8,0.765,1046.1816666666666,190,430,0.442,42,110,0.382,99,140,0.707,33,217,250,166,98,47,33,18,74,142,521,181,1212.0,6,0,1139.0,1,9,41,18,11,9,11,64,11,15,22,21,15,119,46,4,7,3,1,7,12,129,116,7,9,6,5,8,1,5,1,2643,13.0,24,8.8,92.47,11,8.9,106.1,150,22.0,71,149,1.69,0.158,0.263,0.491,0.128,24,64,38,8.9,97.1,92.47,20,88,88,12,96.3,27,106.1,2016,12.6,20,0.036,93.31,105.1,10,0.53,10,7,97.1,11,17,30,0.209,33,5.6,17,0.274,81,7,77.06,13.0,0.267,149,40,38,,,,,,,,,,,,,,,,,,,,,,,,,,,,,,,,,,,,,1,Tennessee,USA,2008,1,175,76.0,2016
200676,Candice Dupree,Candice,1611661317,PHO,32.0,32,15,17,0.469,929.8466666666667,152,281,0.541,0,1,0.0,57,72,0.792,39,132,171,61,34,26,5,11,58,55,361,7,716.7,0,0,655.0,61,57,106,91,26,23,31,22,114,115,114,48,44,77,36,18,23,49,72,50,74,87,91,57,29,59,31,41,1,33,1,2739,8.3,18,2.1,95.32,50,-0.5,106.7,78,14.9,34,101,1.79,0.118,0.169,0.541,0.096,18,33,140,-0.5,107.2,95.32,54,16,14,33,104.4,14,106.7,1854,8.8,48,0.046,96.76,106.4,19,0.577,34,92,107.2,83,77,117,0.141,76,4.8,77,0.113,68,92,79.43,8.3,0.172,101,30,140,,,,,,,,,,,,,,,,,,,,,,,,,,,,,,,,,,,,,6,Temple,USA,2006,1,178,74.0,2016
200665,Cappie Pondexter,Cappie,1611661329,CHI,34.0,33,18,15,0.545,907.2866666666666,163,380,0.429,17,47,0.362,82,93,0.882,13,81,94,90,48,31,3,14,56,74,425,36,726.8,0,0,694.0,39,27,85,47,29,15,15,75,48,55,28,27,29,31,92,48,58,26,40,35,95,104,90,38,23,40,29,41,1,28,1,2737,8.6,14,2.7,95.65,101,1.8,107.5,68,16.2,97,89,1.88,0.097,0.224,0.451,0.052,14,97,130,1.8,105.8,95.65,111,20,20,16,103.7,15,107.5,1810,11.5,44,0.015,97.11,106.4,16,0.505,65,31,105.8,57,51,110,0.089,66,4.9,51,0.156,126,29,79.71,8.6,0.228,89,25,130,,,,,,,,,,,,,,,,,,,,,,,,,,,,,,,,,,,,,2,Rutgers, ,2006,1,160,69.0,2016
1627635,Carla Cortijo,Carla,1611661330,ATL,29.0,27,13,14,0.481,293.5466666666667,45,127,0.354,13,45,0.289,25,32,0.781,4,38,42,43,28,8,1,13,32,24,128,-30,241.9,0,0,244.0,94,79,80,84,109,98,91,127,60,57,78,91,93,84,123,97,108,64,83,109,123,102,47,102,97,107,100,41,1,98,1,2759,13.2,129,-1.7,101.71,72,-3.0,92.2,12,20.3,128,17,1.54,0.087,0.238,0.406,0.065,129,130,19,-3.0,95.2,101.71,84,92,92,90,94.4,126,92.2,616,4.7,80,0.012,101.89,92.7,102,0.454,75,16,95.2,6,91,17,0.118,42,1.7,91,0.287,132,16,84.76,13.2,0.246,17,47,19,,,,,,,,,,,,,,,,,,,,,,,,,,,,,,,,,,,,,Undrafted,None,,Undrafted,Undrafted,135,68.0,2016
202670,Carolyn Swords,Carolyn,1611661313,NYL,27.0,34,21,13,0.618,596.245,76,133,0.571,0,0,0.0,24,35,0.686,55,102,157,23,33,7,21,15,73,38,176,7,449.9,0,0,412.0,1,17,70,32,70,73,88,11,114,130,114,93,91,124,15,35,28,90,74,115,25,110,115,88,84,59,76,41,1,78,1,2760,16.3,89,0.9,96.04,33,0.9,99.3,59,11.3,27,78,0.7,0.088,0.132,0.571,0.126,89,14,47,0.9,98.4,96.04,24,125,126,103,97.0,93,99.3,1191,3.9,58,0.092,97.4,97.9,84,0.593,74,138,98.4,132,62,38,0.158,107,2.2,62,0.059,21,136,80.03,16.1,0.134,78,118,47,,,,,,,,,,,,,,,,,,,,,,,,,,,,,,,,,,,,,15,Boston College,USA,2011,2,209,78.0,2016
203833,Chelsea Gray,Chelsea,1611661320,LAS,24.0,33,25,8,0.758,540.1383333333333,71,157,0.452,14,46,0.304,39,50,0.78,8,50,58,71,40,16,4,6,38,52,195,60,391.1,0,0,378.0,39,15,41,23,77,80,80,55,58,56,68,72,69,85,112,82,92,39,59,77,80,62,58,67,75,25,84,41,1,83,1,2643,13.8,62,7.3,95.44,92,6.3,101.9,127,24.6,61,99,1.78,0.098,0.185,0.497,0.06,62,59,21,6.3,95.5,95.44,91,98,98,87,96.4,35,101.9,1070,4.8,25,0.018,94.22,103.6,88,0.545,63,72,95.5,34,27,32,0.097,24,2.2,27,0.211,117,74,79.54,13.8,0.194,99,31,21,,,,,,,,,,,,,,,,,,,,,,,,,,,,,,,,,,,,,11,Duke,USA,2014,1,170,71.0,2016
204323,Cheyenne Parker-Tyus,Cheyenne,1611661329,CHI,24.0,25,14,11,0.56,315.06666666666666,42,83,0.506,0,1,0.0,17,32,0.531,35,46,81,6,19,12,5,10,42,38,101,15,239.2,1,0,222.0,104,67,57,44,106,101,108,31,114,115,114,102,93,145,44,86,73,131,106,92,74,82,61,88,105,47,101,29,1,104,1,2737,15.8,28,-0.2,98.49,44,3.1,105.3,28,5.0,81,39,0.32,0.065,0.151,0.506,0.128,28,47,86,3.1,102.2,98.49,19,117,119,113,103.0,42,105.3,644,3.3,71,0.111,99.22,102.9,101,0.52,105,119,102.2,148,40,106,0.145,148,1.7,40,0.027,4,120,82.08,15.6,0.156,39,148,86,,,,,,,,,,,,,,,,,,,,,,,,,,,,,,,,,,,,,5,Middle Tennessee,USA,2015,1,190,76.0,2016
203823,Chiney Ogwumike,Chiney,1611661323,CON,25.0,33,14,19,0.424,803.1166666666667,158,269,0.587,0,0,0.0,100,139,0.719,88,133,221,22,48,33,33,30,120,123,416,-6,864.2,8,0,791.0,39,67,130,104,41,17,36,7,114,130,114,20,16,113,3,17,11,93,40,31,12,153,157,16,25,76,20,4,1,24,1,2764,11.9,68,-1.2,95.78,18,-0.1,101.4,61,5.5,12,87,0.46,0.145,0.203,0.587,0.143,68,9,75,-0.1,101.5,95.78,12,66,66,38,100.4,77,101.4,1600,8.2,76,0.106,97.37,99.2,17,0.63,15,55,101.5,142,72,68,0.185,147,4.8,72,0.048,10,49,79.81,12.0,0.205,87,139,75,,,,,,,,,,,,,,,,,,,,,,,,,,,,,,,,,,,,,1,Stanford,USA,2014,1,173,76.0,2016
204332,Cierra Burdick,Cierra,1611661330,ATL,23.0,8,3,5,0.375,29.293333333333333,1,8,0.125,0,0,0.0,1,2,0.5,3,1,4,0,2,0,0,2,6,2,3,-20,5.8,0,0,7.0,142,142,18,120,150,152,150,155,114,130,114,148,146,146,129,153,146,154,144,148,137,24,15,149,153,92,155,41,1,153,1,2759,18.2,156,-28.5,104.87,148,-25.8,74.2,14,0.0,155,6,0.0,-0.149,0.145,0.125,0.057,156,155,61,-25.8,100.0,104.87,103,139,138,150,104.9,156,74.2,62,1.0,153,0.071,100.9,76.4,155,0.169,157,123,100.0,154,150,122,0.036,154,0.1,150,0.0,30,124,87.39,18.4,0.151,6,154,61,,,,,,,,,,,,,,,,,,,,,,,,,,,,,,,,,,,,,14,Tennessee,USA,2015,2,160,74.0,2016
204309,Clarissa Dos Santos,Clarissa,1611661329,CHI,29.0,20,11,9,0.55,186.67833333333334,20,59,0.339,0,1,0.0,17,20,0.85,19,25,44,9,10,5,4,3,31,17,57,13,140.3,0,0,128.0,121,93,49,46,122,119,117,136,114,115,114,102,106,46,73,112,106,121,125,120,80,37,45,111,121,51,120,41,1,120,1,2737,11.4,22,4.1,98.74,62,4.5,106.5,85,10.2,139,36,0.9,0.04,0.175,0.339,0.114,22,142,85,4.5,102.1,98.74,34,62,58,118,104.7,5,106.5,382,3.0,37,0.101,96.46,108.8,122,0.42,130,85,102.1,125,36,119,0.128,113,1.0,36,0.067,11,87,82.28,11.5,0.179,36,107,85,,,,,,,,,,,,,,,,,,,,,,,,,,,,,,,,,,,,,Undrafted,None,France,Undrafted,Undrafted,196,73.0,2016
201907,Courtney Paris,Courtney,1611661321,DAL,29.0,34,11,23,0.324,827.125,119,217,0.548,0,1,0.0,25,45,0.556,94,177,271,38,27,14,29,28,111,39,263,-132,747.2,8,0,658.0,1,93,150,136,35,38,54,16,114,115,114,91,78,142,2,6,6,72,88,83,15,151,154,84,56,153,28,4,1,32,1,2760,8.9,63,-10.0,94.19,1,-8.3,101.7,114,12.6,48,123,1.41,0.112,0.137,0.548,0.169,63,26,152,-8.3,110.0,94.19,1,23,23,63,110.0,71,101.7,1624,6.4,126,0.107,95.04,99.9,43,0.555,40,133,110.0,112,118,150,0.243,96,3.5,118,0.083,9,132,78.49,8.9,0.139,123,66,152,,,,,,,,,,,,,,,,,,,,,,,,,,,,,,,,,,,,,7,Oklahoma,USA,2009,1,250,76.0,2016
202664,Courtney Vandersloot,Courtney,1611661329,CHI,28.0,30,18,12,0.6,727.91,96,229,0.419,26,74,0.351,66,73,0.904,13,67,80,141,48,41,4,16,60,72,284,19,678.5,0,0,621.0,82,27,61,36,52,54,49,82,35,37,33,37,42,22,92,64,75,7,40,15,80,118,95,42,48,44,35,41,1,35,1,2737,10.6,9,1.2,96.24,93,1.2,108.1,65,31.2,62,74,2.94,0.116,0.183,0.476,0.056,9,74,136,1.2,106.9,96.24,106,48,45,47,105.8,11,108.1,1460,7.6,55,0.018,97.26,106.9,51,0.544,36,79,106.9,7,56,132,0.095,7,3.2,56,0.283,118,76,80.2,10.7,0.185,74,5,136,,,,,,,,,,,,,,,,,,,,,,,,,,,,,,,,,,,,,3,Gonzaga,USA,2011,1,145,68.0,2016
1627675,Courtney Williams,Courtney,1611661323,CON,23.0,25,13,12,0.52,350.81166666666667,68,166,0.41,8,27,0.296,12,21,0.571,28,48,76,30,21,12,3,7,30,23,156,101,316.2,0,0,300.0,104,79,61,57,102,81,70,90,77,75,76,111,104,141,51,83,77,80,102,92,95,67,44,103,93,17,91,41,1,93,2,2764,9.3,5,14.0,98.1,49,13.8,109.6,32,13.3,131,42,1.43,0.092,0.227,0.434,0.105,5,109,25,13.8,95.8,98.1,46,26,26,60,94.8,6,109.6,718,6.6,6,0.073,98.97,108.8,69,0.445,70,24,95.8,70,6,21,0.141,93,2.7,6,0.135,29,25,81.75,9.3,0.234,42,64,25,,,,,,,,,,,,,,,,,,,,,,,,,,,,,,,,,,,,,8,South Florida,USA,2016,1,136,68.0,2016
201518,Crystal Langhorne,Crystal,1611661328,SEA,30.0,33,15,18,0.455,843.2183333333334,126,200,0.63,1,1,1.0,60,79,0.759,42,140,182,47,52,23,10,17,61,79,313,88,648.9,2,0,609.0,39,57,117,96,33,34,63,4,102,115,1,41,38,93,26,14,19,60,33,58,48,126,98,32,41,21,39,17,1,38,1,2646,15.8,17,6.1,92.62,30,6.7,106.9,145,14.2,7,148,0.9,0.122,0.158,0.633,0.117,17,6,62,6.7,100.2,92.62,32,118,118,71,99.4,24,106.9,1617,6.1,31,0.059,93.57,105.5,38,0.667,29,111,100.2,103,26,59,0.164,83,3.8,26,0.093,48,109,77.18,15.6,0.163,148,106,62,,,,,,,,,,,,,,,,,,,,,,,,,,,,,,,,,,,,,6,Maryland,USA,2008,1,185,74.0,2016
201886,DeWanna Bonner,DeWanna,1611661317,PHO,29.0,34,16,18,0.471,1063.5,154,363,0.424,50,152,0.329,134,168,0.798,42,140,182,83,56,44,21,16,55,121,492,39,973.9,2,0,937.0,1,44,117,86,9,20,18,80,7,8,57,9,5,74,26,14,19,31,26,9,25,118,87,18,14,37,12,17,1,12,1,2739,9.7,25,3.6,95.91,60,1.9,106.0,58,14.4,42,81,1.48,0.13,0.209,0.493,0.09,25,63,112,1.9,104.0,95.91,60,30,30,21,101.5,26,106.0,2124,10.7,39,0.044,97.47,105.2,24,0.563,21,44,104.0,69,50,80,0.131,79,4.5,50,0.135,72,42,79.92,9.7,0.212,81,57,112,,,,,,,,,,,,,,,,,,,,,,,,,,,,,,,,,,,,,5,Auburn,USA,2009,1,143,76.0,2016
204324,Dearica Hamby,Dearica,1611661319,SAN,23.0,25,6,19,0.24,633.21,81,192,0.422,2,14,0.143,60,83,0.723,36,91,127,25,41,13,12,24,58,74,224,-149,447.9,1,0,428.0,104,126,130,143,66,69,68,81,94,88,110,41,34,112,40,40,37,87,57,85,39,142,91,38,65,154,78,29,1,77,1,2617,13.9,132,-12.6,92.29,37,-12.2,91.2,147,8.4,109,151,0.61,0.08,0.193,0.427,0.101,132,115,103,-12.2,103.4,92.29,49,101,99,46,102.4,136,91.2,1217,7.7,133,0.055,93.48,89.8,49,0.49,86,69,103.4,121,135,97,0.151,130,3.2,135,0.076,53,64,76.91,13.9,0.195,151,129,103,,,,,,,,,,,,,,,,,,,,,,,,,,,,,,,,,,,,,6,Wake Forest,USA,2015,1,189,75.0,2016
203016,Devereaux Peters,Devereaux,1611661325,IND,27.0,30,14,16,0.467,439.995,73,133,0.549,1,3,0.333,10,18,0.556,20,71,91,22,18,12,18,3,60,15,157,-85,371.2,0,0,331.0,82,67,92,93,91,77,88,15,102,110,48,116,109,142,70,57,62,93,109,92,29,37,95,115,91,142,85,41,1,88,1,2661,9.9,116,-9.6,96.33,23,-9.6,94.3,95,12.1,47,71,1.22,0.104,0.16,0.553,0.11,116,24,110,-9.6,104.0,96.33,38,35,33,94,104.1,118,94.3,883,4.4,124,0.048,96.16,94.5,80,0.557,52,108,104.0,102,124,115,0.173,101,2.4,124,0.093,66,106,80.27,9.9,0.164,71,82,110,,,,,,,,,,,,,,,,,,,,,,,,,,,,,,,,,,,,,3,Notre Dame,USA,2012,1,174,74.0,2016
100940,Diana Taurasi,Diana,1611661317,PHO,35.0,33,15,18,0.455,983.9866666666667,180,455,0.396,89,254,0.35,140,154,0.909,6,93,99,128,86,31,4,12,99,159,589,57,918.8,0,0,975.0,39,57,117,96,21,12,4,105,1,1,37,7,10,18,116,38,54,10,3,35,80,94,150,4,7,28,14,41,1,10,1,2739,11.8,13,4.2,96.59,95,2.2,107.6,47,17.6,41,65,1.49,0.112,0.273,0.493,0.053,13,62,125,2.2,105.4,96.59,109,63,65,6,102.8,10,107.6,1986,13.8,36,0.007,98.09,107.0,11,0.563,39,6,105.4,27,46,99,0.094,59,5.5,46,0.225,141,6,80.49,11.7,0.281,65,56,125,,,,,,,,,,,,,,,,,,,,,,,,,,,,,,,,,,,,,1,Connecticut,USA,2004,1,163,72.0,2016
203399,Elena Delle Donne,Elena,1611661329,CHI,27.0,28,14,14,0.5,929.24,214,441,0.485,43,101,0.426,130,139,0.935,48,149,197,53,35,16,43,21,64,125,601,19,1058.9,3,0,1012.0,90,67,80,64,27,5,7,39,10,17,14,11,16,13,17,12,14,55,68,77,5,139,103,15,6,44,10,14,1,8,1,2737,6.0,8,1.4,94.37,31,1.0,108.3,89,9.1,23,118,1.51,0.163,0.25,0.534,0.107,8,37,142,1.0,107.3,94.37,45,5,5,3,104.9,20,108.3,1827,15.8,53,0.052,96.32,106.3,2,0.598,8,12,107.3,99,60,125,0.161,123,7.6,60,0.097,58,11,78.64,5.9,0.256,118,53,142,,,,,,,,,,,,,,,,,,,,,,,,,,,,,,,,,,,,,2,Delaware,USA,2013,1,188,77.0,2016
204322,Elizabeth Williams,Elizabeth,1611661330,ATL,24.0,34,17,17,0.5,1179.2683333333334,157,355,0.442,0,1,0.0,92,133,0.692,106,170,276,42,42,26,79,38,105,99,406,-25,1073.2,5,0,934.0,1,33,106,64,1,18,20,63,114,115,114,22,18,123,1,8,5,66,53,50,2,158,153,22,26,98,9,10,1,14,1,2759,8.4,75,0.3,95.53,51,-0.7,101.1,46,8.4,107,97,1.0,0.099,0.168,0.442,0.114,75,103,80,-0.7,101.8,95.53,37,19,17,24,98.6,84,101.1,2343,10.4,66,0.087,98.16,98.9,23,0.491,62,102,101.8,128,80,48,0.14,131,4.6,80,0.062,24,94,79.61,8.4,0.168,97,92,80,,,,,,,,,,,,,,,,,,,,,,,,,,,,,,,,,,,,,4,Duke,United Kingdom,2015,1,192,75.0,2016
203416,Emma Meesseman,Emma,1611661322,WAS,24.0,34,13,21,0.382,995.915,210,394,0.533,30,67,0.448,68,85,0.8,67,124,191,77,44,41,25,19,88,75,518,40,1016.7,5,0,948.0,1,79,143,117,18,6,13,24,24,41,12,34,32,69,10,21,15,34,48,15,18,133,138,37,10,36,11,10,1,11,1,2663,8.0,39,1.0,92.13,63,3.0,104.5,135,14.0,21,154,1.75,0.157,0.216,0.571,0.097,39,16,73,3.0,101.5,92.13,53,12,12,15,100.4,55,104.5,1903,11.6,56,0.067,94.02,101.4,6,0.6,11,37,101.5,56,42,66,0.127,85,6.2,42,0.158,38,34,76.77,8.0,0.22,154,33,73,,,,,,,,,,,,,,,,,,,,,,,,,,,,,,,,,,,,,19,None,Belgium,2013,2,182,76.0,2016
202259,Epiphanny Prince,Epiphanny,1611661313,NYL,29.0,6,3,3,0.5,83.17,10,25,0.4,4,11,0.364,7,7,1.0,1,8,9,4,2,2,0,2,8,5,31,-25,51.8,0,0,52.0,149,142,12,64,134,133,131,98,83,92,26,125,130,1,138,133,135,136,144,134,137,24,19,134,130,98,135,41,1,135,1,2760,5.9,134,-15.4,97.54,106,-13.6,90.5,54,11.8,53,50,2.0,0.083,0.156,0.48,0.049,134,71,114,-13.6,104.1,97.54,116,4,4,96,105.1,137,90.5,168,4.2,143,0.011,97.54,89.6,102,0.552,82,113,104.1,101,138,126,0.085,102,1.7,138,0.095,134,112,81.28,5.9,0.16,50,19,114,,,,,,,,,,,,,,,,,,,,,,,,,,,,,,,,,,,,,4,Rutgers,USA,2010,1,179,69.0,2016
204365,Erica Wheeler,Erica,1611661325,IND,26.0,34,17,17,0.5,811.1966666666667,114,273,0.418,17,57,0.298,40,48,0.833,18,54,72,95,68,23,1,24,88,54,285,-32,517.9,0,0,517.0,1,33,106,64,40,41,35,85,48,48,74,67,73,52,76,79,81,21,15,58,123,142,138,62,47,108,65,41,1,59,1,2661,14.9,88,-2.6,95.89,120,-1.9,99.6,97,20.8,113,82,1.4,0.059,0.196,0.449,0.048,88,100,77,-1.9,101.5,95.89,119,113,113,40,101.8,78,99.6,1620,8.0,83,0.024,96.0,99.2,47,0.484,116,59,101.5,36,84,84,0.074,38,3.4,84,0.203,108,59,79.91,14.9,0.202,82,68,77,,,,,,,,,,,,,,,,,,,,,,,,,,,,,,,,,,,,,Undrafted,Rutgers,USA,Undrafted,Undrafted,143,67.0,2016
100812,Erika de Souza,Erika,1611661329,CHI,35.0,31,16,15,0.516,515.7133333333334,77,149,0.517,0,0,0.0,27,36,0.75,61,100,161,20,22,17,22,14,63,39,181,-60,499.2,0,0,440.0,74,44,85,59,80,71,84,29,114,130,114,89,89,100,13,37,25,98,101,72,23,104,101,84,81,132,68,41,1,75,1,2737,10.6,60,-4.9,96.61,17,-6.0,101.9,56,9.6,55,64,0.91,0.106,0.157,0.517,0.153,60,43,145,-6.0,107.9,96.61,9,46,44,85,106.4,54,101.9,1039,4.8,99,0.114,97.51,101.5,78,0.549,49,117,107.9,133,111,140,0.193,114,2.5,111,0.059,1,111,80.51,10.6,0.159,64,105,145,,,,,,,,,,,,,,,,,,,,,,,,,,,,,,,,,,,,,Undrafted,None,USA,Undrafted,Undrafted,190,77.0,2016
101039,Erin Phillips,Erin,1611661321,DAL,32.0,32,11,21,0.344,465.8666666666667,49,112,0.438,23,60,0.383,29,32,0.906,15,22,37,38,25,5,3,3,32,40,150,-116,250.4,0,0,264.0,61,93,143,129,86,96,98,68,39,46,21,85,93,21,84,118,113,72,92,120,95,37,47,83,94,150,99,41,1,97,1,2760,13.4,100,-14.4,97.06,140,-12.1,97.7,63,20.4,26,56,1.52,0.072,0.132,0.54,0.039,100,35,151,-12.1,109.8,97.06,131,93,94,110,110.7,109,97.7,941,3.5,142,0.028,97.32,96.3,106,0.595,98,135,109.8,58,133,151,0.051,41,1.5,133,0.152,93,137,80.88,13.2,0.138,56,51,151,,,,,,,,,,,,,,,,,,,,,,,,,,,,,,,,,,,,,21,None,USA,2005,2,165,68.0,2016
201503,Erlana Larkins,Erlana,1611661325,IND,31.0,33,17,16,0.515,879.755,106,166,0.639,0,0,0.0,61,69,0.884,76,168,244,68,54,30,15,20,80,73,273,11,748.8,6,0,675.0,39,33,92,60,30,44,70,3,114,130,114,40,47,29,7,9,8,43,31,38,32,136,126,40,52,54,26,8,1,31,1,2661,16.9,38,0.6,92.78,6,1.1,104.5,124,21.3,5,146,1.26,0.138,0.129,0.639,0.155,38,5,106,1.1,103.5,92.78,5,132,131,83,102.0,46,104.5,1697,5.0,62,0.095,94.36,102.6,50,0.695,18,140,103.5,75,59,87,0.218,35,3.2,59,0.128,18,138,77.32,17.0,0.131,146,78,106,,,,,,,,,,,,,,,,,,,,,,,,,,,,,,,,,,,,,14,North Carolina,USA,2008,1,205,73.0,2016
201502,Essence Carson,Essence,1611661320,LAS,30.0,34,26,8,0.765,791.0983333333334,102,227,0.449,23,64,0.359,49,55,0.891,12,56,68,52,42,37,8,9,46,60,276,115,528.6,0,0,509.0,1,9,41,18,42,46,50,59,39,43,29,54,66,27,97,77,84,57,53,23,59,77,67,53,51,14,63,41,1,62,1,2643,12.2,27,9.0,94.08,122,8.5,105.7,142,15.2,54,127,1.24,0.081,0.171,0.5,0.047,27,49,39,8.5,97.2,94.08,122,71,72,58,97.4,19,105.7,1542,6.7,18,0.018,93.72,106.3,55,0.549,85,88,97.2,97,20,41,0.072,73,3.0,20,0.1,116,88,78.4,12.2,0.177,127,81,39,,,,,,,,,,,,,,,,,,,,,,,,,,,,,,,,,,,,,7,Rutgers,USA,2008,1,163,72.0,2016
1627648,Evgeniia Belyakova,Evgeniia,1611661320,LAS,31.0,20,13,7,0.65,237.62333333333333,16,54,0.296,5,28,0.179,7,16,0.438,2,13,15,15,8,13,1,0,24,10,44,-6,118.5,0,0,107.0,121,79,35,27,116,126,120,145,79,74,105,125,112,151,133,126,128,107,131,85,123,1,38,125,125,76,124,41,1,127,1,2643,9.5,108,-3.7,95.65,129,0.2,96.4,117,17.9,145,91,1.88,0.01,0.133,0.343,0.035,108,141,29,0.2,96.2,95.65,137,28,28,121,99.0,115,96.4,470,2.7,92,0.009,94.82,95.3,126,0.36,143,137,96.2,96,66,53,0.063,58,0.8,66,0.1,139,135,79.71,9.5,0.136,91,25,29,,,,,,,,,,,,,,,,,,,,,,,,,,,,,,,,,,,,,Undrafted,None,,Undrafted,Undrafted,150,72.0,2016
1627645,Frida Eldebrink,Frida,1611661319,SAN,29.0,8,1,7,0.125,44.06666666666667,1,8,0.125,0,6,0.0,1,2,0.5,1,2,3,7,4,1,0,0,2,5,3,-4,16.1,0,0,15.0,142,153,35,156,145,152,150,155,114,102,114,148,146,146,138,147,150,129,138,141,137,1,3,134,153,74,150,41,1,151,1,2617,20.0,154,-3.5,99.12,145,-9.8,76.6,80,35.0,155,33,1.75,-0.006,0.12,0.125,0.031,154,155,3,-9.8,86.4,99.12,142,145,143,150,85.1,152,76.6,94,1.0,89,0.022,96.7,81.6,155,0.169,148,142,86.4,5,125,2,0.04,3,0.1,125,0.292,111,145,82.6,20.1,0.13,33,33,3,,,,,,,,,,,,,,,,,,,,,,,,,,,,,,,,,,,,,Undrafted,None,,Undrafted,Undrafted,,69.0,2016
203017,Glory Johnson,Glory,1611661321,DAL,26.0,18,6,12,0.333,502.385,72,163,0.442,4,14,0.286,55,73,0.753,48,113,161,23,26,17,11,25,39,77,203,-45,488.7,7,0,447.0,126,126,61,131,81,79,74,65,83,88,79,49,42,98,17,26,25,90,90,72,41,146,59,36,72,121,69,7,1,72,1,2760,10.7,72,-5.2,94.45,2,-5.3,101.2,84,9.4,80,116,0.88,0.144,0.186,0.454,0.16,72,95,133,-5.3,106.5,94.45,3,47,48,31,104.2,80,101.2,992,9.1,100,0.089,96.48,99.1,36,0.52,16,75,106.5,111,103,116,0.242,118,4.0,103,0.085,22,72,78.7,10.7,0.19,116,108,133,,,,,,,,,,,,,,,,,,,,,,,,,,,,,,,,,,,,,4,Tennessee,USA,2012,1,170,75.0,2016
203863,Haley Peters,Haley,1611661319,SAN,24.0,34,7,27,0.206,593.7233333333334,75,215,0.349,18,72,0.25,28,37,0.757,16,62,78,27,28,12,7,14,64,39,196,-45,359.1,0,0,357.0,1,120,154,146,71,74,57,129,46,39,88,87,88,95,81,71,76,85,83,92,66,104,103,84,74,121,88,41,1,85,1,2617,9.8,103,-6.0,93.98,80,-4.8,97.1,125,9.4,138,130,0.96,0.039,0.191,0.391,0.067,103,135,82,-4.8,101.9,93.98,81,31,32,65,102.2,111,97.1,1168,6.3,109,0.027,94.3,96.2,85,0.424,132,66,101.9,116,101,93,0.109,117,2.2,101,0.08,95,67,78.32,9.8,0.197,130,102,82,,,,,,,,,,,,,,,,,,,,,,,,,,,,,,,,,,,,,Undrafted,Duke,,Undrafted,Undrafted,178,75.0,2016
1627677,Imani McGee-Stafford,Imani,1611661329,CHI,22.0,31,18,13,0.581,589.2266666666667,87,157,0.554,0,0,0.0,33,50,0.66,54,121,175,18,28,19,42,11,94,51,207,60,599.0,2,0,522.0,74,27,70,39,72,60,80,13,114,130,114,79,69,133,16,23,21,104,83,67,6,87,146,71,70,25,45,17,1,55,1,2737,12.4,11,7.0,96.61,15,6.3,108.0,73,8.0,32,62,0.64,0.1,0.153,0.554,0.15,11,23,78,6.3,101.7,96.61,10,81,80,82,101.0,9,108.0,1179,5.1,26,0.096,96.94,108.0,61,0.578,60,120,101.7,143,28,74,0.199,133,2.8,28,0.044,16,119,80.51,12.4,0.156,62,128,78,,,,,,,,,,,,,,,,,,,,,,,,,,,,,,,,,,,,,10,Texas,USA,2016,1,195,79.0,2016
204330,Isabelle Harrison,Isabelle,1611661317,PHO,23.0,26,14,12,0.538,193.705,32,61,0.525,0,0,0.0,17,25,0.68,17,30,47,1,18,11,2,6,36,22,81,-39,159.9,0,0,155.0,101,67,61,48,121,111,116,26,114,130,114,102,100,129,79,105,101,149,109,100,110,62,53,105,112,117,116,41,1,115,1,2739,19.8,111,-8.8,99.12,20,-10.3,95.3,53,1.1,43,34,0.06,0.072,0.2,0.525,0.136,111,39,127,-10.3,105.5,99.12,15,142,142,126,106.3,100,95.3,401,2.3,121,0.096,97.63,97.5,116,0.563,100,49,105.5,153,128,139,0.179,153,1.2,128,0.01,15,53,82.6,19.8,0.208,34,153,127,,,,,,,,,,,,,,,,,,,,,,,,,,,,,,,,,,,,,12,Tennessee,USA,2015,1,183,75.0,2016
201056,Ivory Latta,Ivory,1611661322,WAS,32.0,22,9,13,0.409,457.575,55,166,0.331,32,105,0.305,40,44,0.909,9,28,37,42,31,8,1,3,34,39,182,-16,285.4,0,0,311.0,115,110,70,112,88,92,70,140,21,16,67,67,81,18,107,109,113,66,78,109,123,37,49,84,80,88,95,41,1,91,1,2663,12.2,42,-5.6,93.47,132,-2.0,104.1,129,16.5,106,136,1.35,0.06,0.207,0.428,0.04,42,114,132,-2.0,106.2,93.47,129,67,70,50,107.2,51,104.1,892,7.5,106,0.02,94.18,101.6,76,0.491,114,41,106.2,53,86,144,0.062,64,2.5,86,0.162,115,43,77.89,12.0,0.214,136,70,132,,,,,,,,,,,,,,,,,,,,,,,,,,,,,,,,,,,,,11,North Carolina,USA,2007,1,138,66.0,2016
1627684,Jamie Weisner,Jamie,1611661322,WAS,22.0,7,3,4,0.429,25.1,4,9,0.444,2,4,0.5,2,2,1.0,1,2,3,2,3,0,0,0,5,1,12,-8,15.6,0,0,19.0,146,142,15,103,151,144,148,62,94,108,6,143,146,1,138,147,150,143,140,148,137,1,11,152,143,79,151,41,1,147,1,2663,20.0,155,-6.9,97.53,126,-12.5,76.0,111,13.3,19,51,0.67,0.061,0.241,0.556,0.058,155,21,5,-12.5,88.5,97.53,100,146,143,144,87.7,153,76.0,50,1.3,112,0.045,95.2,80.7,139,0.607,111,11,88.5,38,136,4,0.067,89,0.6,136,0.2,69,13,81.27,20.2,0.257,51,121,5,,,,,,,,,,,,,,,,,,,,,,,,,,,,,,,,,,,,,17,Oregon State,USA,2016,2,,70.0,2016
203857,Jamierra Faulkner,Jamierra,1611661329,CHI,25.0,34,18,16,0.529,656.9916666666667,102,240,0.425,22,66,0.333,40,52,0.769,10,40,50,156,70,36,4,14,60,55,266,7,610.0,1,0,574.0,1,27,92,53,60,46,46,79,43,42,48,67,68,89,102,95,99,4,12,25,80,104,95,57,55,59,41,29,1,43,1,2737,14.3,41,1.7,96.33,136,0.9,104.2,72,31.8,96,70,2.23,0.101,0.221,0.471,0.037,41,78,100,0.9,103.3,96.33,133,106,105,55,102.1,33,104.2,1316,7.1,50,0.016,97.0,103.9,55,0.506,58,32,103.3,1,61,91,0.058,6,3.0,61,0.355,124,33,80.27,14.3,0.226,70,16,100,,,,,,,,,,,,,,,,,,,,,,,,,,,,,,,,,,,,,34,Southern Mississippi,,2014,3,141,66.0,2016
101019,Janel McCarville,Janel,1611661324,MIN,34.0,33,27,6,0.818,417.18333333333334,48,105,0.457,2,11,0.182,12,20,0.6,22,62,84,54,23,21,11,2,52,26,110,139,364.8,0,0,314.0,39,6,24,12,94,97,102,51,94,92,103,111,106,139,66,71,68,53,97,65,41,24,79,97,102,10,87,41,1,90,1,2716,12.0,16,14.2,97.68,43,15.7,106.9,49,28.3,115,47,2.35,0.1,0.139,0.467,0.102,16,82,8,15.7,91.3,97.68,47,70,67,115,91.7,21,106.9,852,3.2,5,0.056,97.91,105.9,110,0.483,59,129,91.3,44,4,9,0.146,13,1.5,4,0.183,51,129,81.4,12.1,0.142,47,13,8,,,,,,,,,,,,,,,,,,,,,,,,,,,,,,,,,,,,,1,Minnesota, ,2005,1,225,74.0,2016
202650,Jantel Lavender,Jantel,1611661320,LAS,28.0,34,26,8,0.765,658.9366666666666,150,279,0.538,0,1,0.0,28,41,0.683,37,87,124,44,40,10,17,12,42,29,328,97,583.8,1,0,550.0,1,9,41,18,59,24,32,23,114,115,114,87,83,126,38,43,40,63,59,103,31,94,61,95,34,18,50,29,1,49,1,2643,10.5,50,6.9,94.95,57,8.0,102.3,110,11.5,52,110,1.1,0.131,0.231,0.538,0.1,50,36,15,8.0,94.3,94.95,50,40,39,37,94.6,53,102.3,1300,8.2,27,0.063,95.21,101.5,26,0.552,20,21,94.3,79,23,19,0.133,104,4.4,23,0.123,42,21,79.13,10.5,0.236,110,89,15,,,,,,,,,,,,,,,,,,,,,,,,,,,,,,,,,,,,,5,Ohio State,USA,2011,1,185,76.0,2016
202662,Jasmine Thomas,Jasmine,1611661323,CON,27.0,34,14,20,0.412,1093.0383333333334,150,368,0.408,30,101,0.297,68,79,0.861,25,115,140,172,86,43,12,16,88,79,398,-61,903.0,2,0,850.0,1,67,137,108,3,24,16,93,24,17,75,34,38,40,56,25,36,2,3,11,39,118,138,32,27,133,16,17,1,18,1,2764,13.0,79,-3.7,96.13,75,-2.1,101.0,51,26.1,104,75,2.0,0.103,0.191,0.448,0.066,79,101,96,-2.1,103.1,96.13,82,89,89,19,102.3,89,101.0,2182,10.8,94,0.022,97.68,98.6,26,0.494,55,70,103.1,15,88,94,0.116,20,4.4,88,0.249,110,68,80.11,13.0,0.195,75,19,96,,,,,,,,,,,,,,,,,,,,,,,,,,,,,,,,,,,,,12,Duke,USA,2011,1,145,69.0,2016
202251,Jayne Appel Marinelli,Jayne,1611661319,SAN,29.0,34,7,27,0.206,785.555,51,119,0.429,0,4,0.0,36,49,0.735,41,143,184,72,54,30,35,10,113,51,138,-205,607.8,0,0,524.0,1,120,154,146,44,93,95,76,114,108,114,75,72,110,30,13,18,38,31,38,11,82,155,71,96,156,43,41,1,54,1,2617,20.3,135,-14.1,91.26,16,-13.7,90.4,158,27.1,108,158,1.33,0.077,0.114,0.429,0.122,135,112,113,-13.7,104.1,91.26,30,148,148,110,103.1,139,90.4,1493,3.5,141,0.052,92.4,89.0,107,0.491,90,150,104.1,54,139,108,0.199,18,1.5,139,0.159,57,148,76.05,20.3,0.117,158,72,113,,,,,,,,,,,,,,,,,,,,,,,,,,,,,,,,,,,,,5,Stanford,USA,2010,1,210,76.0,2016
1627681,Jazmon Gwathmey,Jazmon,1611661319,SAN,24.0,22,3,19,0.136,351.305,27,78,0.346,9,27,0.333,10,13,0.769,9,29,38,16,11,8,8,5,37,16,73,-58,179.6,0,0,168.0,115,142,130,155,101,113,111,134,74,75,48,116,117,89,107,106,110,106,122,109,59,54,55,112,114,130,112,41,1,113,1,2617,9.9,137,-9.1,93.53,113,-8.3,89.0,137,14.4,135,134,1.45,0.035,0.121,0.404,0.052,137,131,40,-8.3,97.4,93.53,110,33,34,108,97.4,141,89.0,684,3.5,123,0.025,93.95,88.2,117,0.436,135,145,97.4,117,119,42,0.079,80,1.2,119,0.079,99,144,77.94,9.9,0.125,134,59,40,,,,,,,,,,,,,,,,,,,,,,,,,,,,,,,,,,,,,14,James Madison,USA,2016,2,158,74.0,2016
202656,Jeanette Pohlen-Mavunga,Jeanette,1611661325,IND,28.0,12,7,5,0.583,49.291666666666664,6,11,0.545,3,6,0.5,1,1,1.0,0,1,1,5,2,0,0,0,5,0,16,8,22.7,0,0,25.0,135,120,18,38,144,139,144,19,87,102,6,148,152,1,152,153,155,134,144,148,137,1,11,156,140,57,146,41,1,144,1,2661,11.1,44,-4.5,100.79,149,-3.5,103.7,86,27.8,4,20,2.5,0.056,0.111,0.682,0.015,44,3,139,-3.5,107.1,100.79,149,53,55,154,112.5,8,103.7,109,0.9,97,0.0,96.39,108.0,141,0.699,119,146,107.1,62,94,153,0.032,16,0.5,94,0.143,148,151,83.99,10.8,0.125,20,10,139,,,,,,,,,,,,,,,,,,,,,,,,,,,,,,,,,,,,,9,Stanford,USA,2011,1,171,72.0,2016
1627644,Jelena Dubljevic,Jelena,1611661320,LAS,30.0,15,13,2,0.867,78.90333333333334,9,22,0.409,1,3,0.333,3,3,1.0,2,11,13,7,7,1,1,2,10,3,22,-25,47.1,0,0,47.0,130,79,5,3,135,134,135,91,102,110,48,138,144,1,133,128,130,129,133,141,123,24,23,144,136,98,137,41,1,137,1,2643,18.9,148,-17.4,105.85,42,-15.4,81.7,18,18.9,121,5,1.0,0.049,0.157,0.432,0.083,148,110,37,-15.4,97.1,105.85,68,140,141,141,102.9,146,81.7,175,1.5,144,0.025,100.5,85.5,137,0.472,124,101,97.1,64,143,103,0.147,47,0.6,143,0.14,101,110,88.21,18.8,0.168,5,92,37,,,,,,,,,,,,,,,,,,,,,,,,,,,,,,,,,,,,,Undrafted,None,,Undrafted,Undrafted,179,75.0,2016
202626,Jenna O'Hea,Jenna,1611661328,SEA,30.0,22,11,11,0.5,252.15166666666667,23,66,0.348,12,38,0.316,9,10,0.9,8,20,28,19,15,8,3,4,17,12,67,-34,147.1,0,0,148.0,115,93,57,64,114,116,114,130,66,61,63,120,125,23,112,119,120,102,115,109,95,50,30,120,116,111,119,41,1,116,1,2646,14.3,110,-5.4,94.51,117,-7.4,95.6,130,18.1,119,114,1.27,0.061,0.155,0.439,0.058,110,106,95,-7.4,103.0,94.51,102,107,105,116,102.3,105,95.6,498,3.0,103,0.035,94.17,97.0,120,0.476,113,115,103.0,66,114,95,0.077,55,1.0,114,0.137,83,116,78.76,14.4,0.159,114,77,95,,,,,,,,,,,,,,,,,,,,,,,,,,,,,,,,,,,,,Undrafted,None,Australia,Undrafted,Undrafted,174,73.0,2016
202638,Jessica Breland,Jessica,1611661329,CHI,29.0,34,18,16,0.529,584.5566666666666,87,176,0.494,0,0,0.0,31,39,0.795,44,107,151,24,36,17,37,10,75,38,205,6,548.2,2,0,488.0,1,27,92,53,73,60,69,35,114,130,114,82,85,76,22,30,29,89,67,72,10,82,118,88,71,63,59,17,1,63,1,2737,14.2,37,0.5,97.84,22,1.1,104.5,39,9.5,70,45,0.67,0.091,0.168,0.494,0.128,37,61,105,1.1,103.4,97.84,21,104,104,81,103.1,36,104.5,1188,5.2,63,0.077,98.44,103.6,72,0.531,72,93,103.4,129,57,107,0.176,116,2.6,57,0.061,28,93,81.53,14.2,0.172,45,121,105,,,,,,,,,,,,,,,,,,,,,,,,,,,,,,,,,,,,,13,North Carolina,USA,2011,2,170,75.0,2016
204319,Jewell Loyd,Jewell,1611661328,SEA,23.0,34,16,18,0.471,1074.5716666666667,195,452,0.431,40,132,0.303,131,147,0.891,33,84,117,115,76,42,10,24,58,132,561,-13,953.9,2,0,937.0,1,44,117,86,7,8,6,73,13,11,70,10,13,26,46,45,45,17,9,12,48,142,91,13,8,86,13,17,1,12,1,2646,10.7,32,-0.1,94.01,115,-0.3,104.9,115,16.3,63,129,1.51,0.117,0.254,0.476,0.058,32,75,123,-0.3,105.1,94.01,101,50,50,8,103.9,34,104.9,2101,13.3,69,0.034,95.01,103.8,9,0.543,35,9,105.1,41,75,112,0.079,65,5.7,75,0.193,86,10,78.34,10.7,0.258,129,55,123,,,,,,,,,,,,,,,,,,,,,,,,,,,,,,,,,,,,,1,Notre Dame,USA,2015,1,148,70.0,2016
100952,Jia Perkins,Jia,1611661324,MIN,35.0,34,28,6,0.824,705.3416666666667,83,227,0.366,13,57,0.228,40,48,0.833,21,69,90,45,23,31,7,6,47,57,219,97,485.5,0,0,443.0,1,1,24,7,54,68,50,120,60,48,95,67,73,52,68,62,63,62,97,35,66,62,69,55,66,18,70,41,1,74,1,2716,7.3,61,8.0,96.57,89,7.1,101.9,60,14.3,132,66,1.96,0.078,0.165,0.394,0.064,61,134,17,7.1,94.8,96.57,86,10,10,58,93.5,52,101.9,1417,6.7,21,0.03,97.39,101.5,79,0.441,89,96,94.8,98,24,13,0.098,82,2.4,24,0.1,90,99,80.47,7.3,0.17,66,22,17,,,,,,,,,,,,,,,,,,,,,,,,,,,,,,,,,,,,,35,Texas Tech,USA,2004,3,168,68.0,2016
1627673,Jonquel Jones,Jonquel,1611661323,CON,23.0,34,14,20,0.412,479.48,85,160,0.531,11,33,0.333,51,69,0.739,61,65,126,22,25,22,38,16,72,55,232,60,571.2,2,0,511.0,1,67,137,108,85,66,79,25,68,66,48,51,47,109,13,69,38,93,92,62,8,118,114,57,63,25,52,17,1,61,1,2764,10.5,30,5.4,98.16,54,8.5,105.1,25,9.3,17,41,0.88,0.142,0.183,0.566,0.124,30,18,31,8.5,96.6,98.16,26,42,41,89,96.8,48,105.1,969,4.7,32,0.113,99.38,102.2,76,0.609,17,77,96.6,122,21,36,0.137,122,2.5,21,0.072,2,77,81.8,10.5,0.188,41,109,31,,,,,,,,,,,,,,,,,,,,,,,,,,,,,,,,,,,,,6,George Washington,Bahamas,2016,1,190,78.0,2016
203835,Jordan Hooper,Jordan,1611661321,DAL,25.0,32,10,22,0.313,291.25666666666666,42,112,0.375,28,82,0.341,7,8,0.875,8,29,37,5,16,6,2,5,31,13,119,-59,178.9,0,0,205.0,61,106,149,139,110,101,98,116,31,31,44,125,128,33,112,106,113,134,112,118,110,54,45,119,99,131,113,41,1,108,1,2760,11.7,106,-12.9,102.51,76,-7.9,96.8,17,3.6,85,14,0.31,0.05,0.184,0.5,0.063,106,49,117,-7.9,104.6,102.51,88,64,63,110,109.3,108,96.8,617,3.5,136,0.024,100.51,96.4,115,0.515,121,74,104.6,147,117,149,0.114,150,1.3,117,0.031,105,75,85.42,11.7,0.19,14,149,117,,,,,,,,,,,,,,,,,,,,,,,,,,,,,,,,,,,,,13,Nebraska,USA,2014,2,185,74.0,2016
1627674,Kahleah Copper,Kahleah,1611661322,WAS,22.0,30,9,21,0.3,486.6933333333333,65,156,0.417,14,30,0.467,43,63,0.683,13,79,92,23,33,15,2,15,54,63,187,-52,349.9,0,0,350.0,82,110,143,140,84,83,82,86,58,71,11,63,53,127,92,52,61,90,74,80,110,110,85,49,77,126,89,41,1,86,1,2663,13.7,95,-5.2,96.36,29,-5.3,98.2,96,9.5,93,69,0.7,0.077,0.197,0.462,0.096,95,87,107,-5.3,103.5,96.36,55,97,96,78,103.7,91,98.2,977,5.2,101,0.027,96.04,98.6,86,0.509,92,58,103.5,110,104,111,0.165,115,2.2,104,0.085,96,57,80.3,13.8,0.203,69,118,107,,,,,,,,,,,,,,,,,,,,,,,,,,,,,,,,,,,,,7,Rutgers,USA,2016,1,155,73.0,2016
204321,Kaleena Mosqueda-Lewis,Kaleena,1611661328,SEA,23.0,32,15,17,0.469,395.45666666666665,59,151,0.391,35,99,0.354,14,18,0.778,8,18,26,26,26,5,2,13,47,22,167,15,232.2,0,0,268.0,61,57,106,91,98,88,83,107,17,21,32,107,109,86,112,123,121,86,90,120,110,102,69,105,86,47,104,41,1,96,1,2646,12.3,92,3.3,96.01,144,2.1,98.4,98,12.3,75,79,1.0,0.045,0.207,0.507,0.032,92,45,28,2.1,96.2,96.01,140,75,73,88,95.7,81,98.4,790,4.7,41,0.021,95.97,99.0,95,0.525,126,42,96.2,76,48,27,0.044,99,1.8,48,0.127,113,44,80.01,12.3,0.213,79,92,28,,,,,,,,,,,,,,,,,,,,,,,,,,,,,,,,,,,,,3,Connecticut,USA,2015,1,180,71.0,2016
202640,Karima Christmas-Kelly,Karima,1611661321,DAL,27.0,34,11,23,0.324,1075.3166666666666,128,320,0.4,38,120,0.317,129,162,0.796,82,118,200,71,51,41,23,26,93,139,423,-84,910.5,4,0,860.0,1,93,150,136,6,33,26,98,15,13,62,12,9,75,5,24,13,39,34,15,21,148,145,8,24,141,15,13,1,17,1,2760,9.9,47,-5.5,95.61,74,-3.6,103.1,70,13.8,65,93,1.39,0.099,0.176,0.459,0.092,47,90,135,-3.6,106.8,95.61,59,34,35,30,106.1,60,103.1,2139,9.4,104,0.07,97.09,100.6,40,0.541,61,87,106.8,85,95,137,0.117,88,3.8,95,0.113,34,86,79.68,9.9,0.177,93,69,135,,,,,,,,,,,,,,,,,,,,,,,,,,,,,,,,,,,,,23,Duke,USA,2011,2,180,72.0,2016
203405,Kayla Alexander,Kayla,1611661319,SAN,26.0,25,6,19,0.24,488.77166666666665,77,141,0.546,0,0,0.0,46,61,0.754,47,66,113,13,28,11,13,19,55,62,200,-61,399.1,1,0,374.0,104,126,130,143,83,71,86,18,114,130,114,59,57,97,20,66,46,110,83,100,35,133,87,51,73,133,83,29,1,84,1,2617,13.4,128,-7.8,94.23,56,-5.9,92.8,121,6.2,24,122,0.46,0.12,0.177,0.546,0.114,128,29,50,-5.9,98.6,94.23,35,94,93,74,99.3,130,92.8,957,5.6,116,0.094,94.54,91.6,54,0.596,32,82,98.6,140,109,57,0.135,138,3.1,109,0.052,19,84,78.52,13.4,0.181,122,138,50,,,,,,,,,,,,,,,,,,,,,,,,,,,,,,,,,,,,,8,Syracuse,Canada,2013,1,195,76.0,2016
203825,Kayla McBride,Kayla,1611661319,SAN,25.0,17,4,13,0.235,523.02,102,278,0.367,29,95,0.305,58,68,0.853,13,55,68,33,34,18,2,12,22,54,291,-126,448.1,1,0,461.0,127,136,70,145,79,46,33,119,28,22,66,46,49,44,92,78,84,79,72,69,110,94,37,62,44,151,77,29,1,69,1,2617,9.1,123,-12.5,93.01,79,-12.1,93.7,116,8.8,120,141,0.97,0.106,0.294,0.419,0.065,123,120,131,-12.1,105.8,93.01,85,25,25,2,103.9,131,93.7,1012,16.4,132,0.024,94.97,91.5,8,0.473,48,3,105.8,68,134,113,0.11,126,6.0,134,0.135,104,3,77.51,9.1,0.299,141,101,131,,,,,,,,,,,,,,,,,,,,,,,,,,,,,,,,,,,,,3,Notre Dame,USA,2014,1,174,71.0,2016
203034,Keisha Hampton,Keisha,1611661324,MIN,27.0,27,21,6,0.778,181.78833333333333,19,57,0.333,12,36,0.333,20,23,0.87,5,5,10,10,10,8,3,0,24,18,70,-35,120.0,0,0,124.0,94,17,24,16,123,123,118,137,66,64,48,98,103,35,121,140,133,117,125,109,95,1,38,109,115,112,123,41,1,121,1,2716,11.4,121,-4.3,99.15,151,-10.1,93.9,48,11.4,79,32,1.0,0.044,0.182,0.439,0.026,121,107,111,-10.1,104.0,99.15,145,60,58,129,102.1,95,93.9,377,2.1,96,0.026,98.08,97.8,131,0.521,127,73,104.0,104,126,90,0.026,106,0.7,126,0.092,97,79,82.62,11.5,0.191,32,92,111,,,,,,,,,,,,,,,,,,,,,,,,,,,,,,,,,,,,,22,DePaul, ,2012,2,171,73.0,2016
203408,Kelly Faris,Kelly,1611661323,CON,26.0,31,13,18,0.419,316.83666666666664,21,53,0.396,5,20,0.25,14,15,0.933,12,26,38,22,29,22,4,1,45,21,61,-4,188.6,0,0,178.0,74,79,117,106,105,118,122,104,79,82,88,107,114,14,97,110,110,93,81,62,80,13,66,107,119,74,111,41,1,112,1,2764,26.1,85,-0.4,97.79,102,1.1,100.3,23,19.8,90,46,0.76,0.035,0.116,0.443,0.06,85,102,52,1.1,99.2,97.79,96,155,155,133,98.1,98,100.3,640,1.7,74,0.035,99.63,97.7,132,0.512,136,149,99.2,93,58,45,0.089,45,0.7,58,0.102,85,146,81.49,26.2,0.118,46,115,52,,,,,,,,,,,,,,,,,,,,,,,,,,,,,,,,,,,,,11,Connecticut,USA,2013,1,154,71.0,2016
203402,Kelsey Bone,Kelsey,1611661317,PHO,25.0,34,14,20,0.412,527.2233333333334,87,208,0.418,4,17,0.235,30,44,0.682,33,92,125,29,51,13,4,11,77,45,208,-204,401.5,3,0,400.0,1,67,137,108,78,60,61,83,83,84,92,83,81,128,46,39,39,81,34,85,80,87,119,78,69,155,82,14,1,79,2,2739,16.6,141,-20.8,95.6,12,-19.2,87.7,104,9.4,126,95,0.57,0.064,0.232,0.428,0.127,141,113,137,-19.2,106.9,95.6,22,129,129,70,107.8,144,87.7,1049,6.1,148,0.061,95.53,87.1,72,0.457,106,19,106.9,89,147,147,0.209,119,2.6,147,0.109,45,20,79.66,16.6,0.237,95,132,137,,,,,,,,,,,,,,,,,,,,,,,,,,,,,,,,,,,,,5,Texas A&M,USA,2013,1,215,76.0,2016
201913,Kia Vaughn,Kia,1611661322,WAS,30.0,34,13,21,0.382,671.75,97,193,0.503,0,0,0.0,21,28,0.75,41,106,147,21,32,20,18,8,49,37,215,-91,504.9,0,0,459.0,1,79,143,117,57,53,66,32,114,130,114,97,98,100,30,33,32,97,77,66,29,73,74,91,67,143,67,41,1,71,1,2663,12.4,98,-5.7,94.32,34,-5.4,97.9,119,8.1,76,120,0.66,0.105,0.159,0.503,0.109,98,48,101,-5.4,103.3,94.32,39,79,75,73,103.0,103,97.9,1310,5.7,107,0.061,94.75,97.3,60,0.524,51,110,103.3,131,105,105,0.158,132,2.9,105,0.06,44,108,78.6,12.4,0.163,120,126,101,,,,,,,,,,,,,,,,,,,,,,,,,,,,,,,,,,,,,8,Rutgers,USA,2009,1,205,76.0,2016
204329,Kiah Stokes,Kiah,1611661313,NYL,24.0,27,19,8,0.704,649.8333333333334,75,117,0.641,0,0,0.0,37,59,0.627,63,138,201,20,30,18,38,15,77,52,187,-21,596.2,0,0,520.0,94,24,41,25,64,74,97,2,114,130,114,73,60,138,11,16,12,98,80,69,8,110,119,67,77,95,47,41,1,56,1,2760,15.5,96,-1.2,95.25,9,-1.4,98.1,103,10.3,8,105,0.67,0.128,0.116,0.641,0.154,96,4,55,-1.4,99.5,95.25,7,116,116,95,99.0,96,98.1,1288,4.3,75,0.097,95.61,97.8,63,0.654,22,148,99.5,139,83,52,0.211,111,2.8,83,0.053,13,147,79.37,15.5,0.118,105,121,55,,,,,,,,,,,,,,,,,,,,,,,,,,,,,,,,,,,,,11,Connecticut,USA,2015,1,191,75.0,2016
201911,Kristi Toliver,Kristi,1611661320,LAS,30.0,33,26,7,0.788,1059.875,142,333,0.426,81,191,0.424,72,81,0.889,12,73,85,122,45,28,2,4,58,68,437,293,767.0,1,0,785.0,39,9,35,14,10,27,23,77,3,3,15,30,36,28,97,55,66,12,47,47,110,50,91,46,19,2,25,29,1,25,1,2643,8.5,4,11.8,92.91,123,12.9,109.9,134,23.0,28,144,2.71,0.102,0.177,0.548,0.044,4,27,35,12.9,97.0,92.91,128,17,19,26,96.2,7,109.9,2065,10.1,10,0.013,94.08,108.0,29,0.593,56,81,97.0,49,7,29,0.071,30,4.3,7,0.172,131,83,77.42,8.4,0.182,144,7,35,,,,,,,,,,,,,,,,,,,,,,,,,,,,,,,,,,,,,3,Maryland,USA,2009,1,130,67.0,2016
202663,Krystal Thomas,Krystal,1611661328,SEA,28.0,19,11,8,0.579,177.265,11,19,0.579,0,0,0.0,5,7,0.714,19,24,43,2,9,4,13,3,39,10,27,-35,123.6,0,0,106.0,124,93,41,40,125,130,139,8,114,130,114,134,130,116,73,116,107,143,129,126,35,37,59,125,135,112,122,41,1,128,1,2646,27.3,109,-11.0,95.31,53,-9.4,95.7,132,6.1,15,102,0.22,0.029,0.078,0.579,0.124,109,11,121,-9.4,105.1,95.31,28,157,157,150,107.2,110,95.7,351,1.0,129,0.109,94.1,96.3,138,0.611,139,157,105.1,152,123,143,0.138,140,0.6,123,0.018,6,157,79.43,27.2,0.08,102,150,121,,,,,,,,,,,,,,,,,,,,,,,,,,,,,,,,,,,,,36,Duke,USA,2011,3,210,77.0,2016
201506,LaToya Sanders,LaToya,1611661322,WAS,30.0,4,2,2,0.5,69.45333333333333,9,18,0.5,0,0,0.0,11,13,0.846,4,8,12,1,3,3,10,1,12,11,29,-11,80.9,0,0,68.0,151,147,5,64,138,134,140,33,114,130,114,114,117,48,123,133,131,149,140,131,48,13,24,122,133,83,132,41,1,133,1,2663,10.7,70,-0.1,100.21,65,-1.9,101.4,16,3.6,16,27,0.33,0.108,0.167,0.5,0.085,70,49,102,-1.9,103.4,100.21,66,52,49,93,101.9,50,101.4,141,4.5,70,0.051,100.74,101.8,83,0.611,43,100,103.4,149,85,86,0.125,152,2.3,85,0.026,59,95,83.51,10.8,0.169,27,145,102,,,,,,,,,,,,,,,,,,,,,,,,,,,,,,,,,,,,,13,North Carolina,USA,2008,1,170,75.0,2016
203406,Layshia Clarendon,Layshia,1611661330,ATL,26.0,34,17,17,0.5,958.5416666666666,124,266,0.466,18,52,0.346,88,115,0.765,43,104,147,119,75,25,3,17,79,106,354,-14,717.9,0,0,694.0,1,33,106,64,24,36,38,47,46,52,40,25,24,91,24,34,32,14,10,53,95,126,122,21,30,87,30,41,1,28,1,2759,14.6,57,-0.1,95.62,81,-0.3,102.0,52,23.2,45,92,1.59,0.103,0.178,0.5,0.076,57,49,88,-0.3,102.2,95.62,75,111,111,43,100.1,67,102.0,1905,7.8,68,0.045,97.63,100.0,42,0.559,53,84,102.2,35,74,63,0.107,28,3.6,74,0.206,70,82,79.68,14.7,0.179,92,43,88,,,,,,,,,,,,,,,,,,,,,,,,,,,,,,,,,,,,,9,California,USA,2013,1,140,69.0,2016
201507,Leilani Mitchell,Leilani,1611661322,WAS,32.0,10,4,6,0.4,161.27,20,46,0.435,11,31,0.355,8,10,0.8,3,14,17,19,13,1,0,1,17,6,59,15,97.9,0,0,108.0,138,136,24,116,127,119,125,70,68,70,31,124,125,69,129,125,126,102,118,141,137,13,30,132,120,47,129,41,1,126,1,2663,15.9,86,0.3,97.03,103,2.2,100.3,94,23.2,30,57,1.46,0.076,0.164,0.554,0.049,86,22,44,2.2,98.1,97.03,115,120,120,92,100.0,65,100.3,330,4.6,65,0.016,96.16,100.3,91,0.585,93,95,98.1,39,47,61,0.089,29,2.0,47,0.194,123,101,80.86,15.8,0.17,57,58,44,,,,,,,,,,,,,,,,,,,,,,,,,,,,,,,,,,,,,25,Utah,USA,2008,2,138,65.0,2016
100915,Lindsay Whalen,Lindsay,1611661324,MIN,35.0,32,27,5,0.844,785.9183333333333,123,240,0.513,3,11,0.273,66,74,0.892,15,68,83,123,47,19,0,16,50,78,315,175,609.1,0,0,562.0,61,6,18,4,43,37,46,30,87,92,85,37,41,25,84,63,71,11,46,67,137,118,76,34,40,7,42,41,1,47,1,2716,10.6,6,10.0,94.73,105,11.0,108.6,93,27.8,33,113,2.62,0.124,0.178,0.519,0.055,6,41,41,11.0,97.6,94.73,107,45,46,51,96.5,13,108.6,1553,7.5,14,0.021,96.21,106.5,37,0.578,27,83,97.6,22,12,34,0.088,15,3.8,12,0.234,112,81,78.94,10.6,0.181,113,9,41,,,,,,,,,,,,,,,,,,,,,,,,,,,,,,,,,,,,,4,Minnesota,USA,2004,1,166,69.0,2016
201046,Lindsey Harding,Lindsey,1611661317,PHO,33.0,26,14,12,0.538,443.0366666666667,38,106,0.358,2,8,0.25,22,25,0.88,4,46,50,62,25,12,2,3,34,34,100,-22,270.0,0,0,242.0,101,67,61,48,90,104,101,125,94,100,88,94,100,32,123,86,99,48,92,92,110,37,49,92,106,96,97,41,1,99,2,2739,12.2,107,-3.2,96.1,87,-2.0,96.4,101,30.2,137,77,2.48,0.073,0.144,0.368,0.057,107,140,48,-2.0,98.4,96.1,104,72,71,98,99.3,112,96.4,885,4.1,86,0.01,95.79,96.1,109,0.427,96,127,98.4,20,87,58,0.101,10,1.5,87,0.235,137,125,80.08,12.3,0.146,77,11,48,,,,,,,,,,,,,,,,,,,,,,,,,,,,,,,,,,,,,1,Duke,USA,2007,1,139,68.0,2016
203041,Lynetta Kizer,Lynetta,1611661325,IND,27.0,33,16,17,0.485,569.1233333333333,139,250,0.556,0,1,0.0,40,50,0.8,35,71,106,20,35,25,10,12,81,46,318,9,545.2,0,0,514.0,39,44,106,80,76,28,40,12,114,115,114,67,69,69,44,57,49,98,68,53,48,94,127,76,38,56,61,41,1,60,1,2661,10.8,58,-0.4,93.79,52,0.8,102.0,133,6.2,31,131,0.57,0.125,0.239,0.556,0.102,58,20,69,0.8,101.2,93.79,48,49,51,48,101.4,56,102.0,1112,7.6,73,0.066,94.08,101.1,32,0.585,25,15,101.2,124,64,79,0.138,139,4.2,64,0.069,39,15,78.16,10.7,0.246,131,131,69,,,,,,,,,,,,,,,,,,,,,,,,,,,,,,,,,,,,,29,Maryland,USA,2012,3,230,76.0,2016
203843,Maggie Lucas,Maggie,1611661325,IND,25.0,4,2,2,0.5,55.083333333333336,11,21,0.524,2,10,0.2,7,7,1.0,1,7,8,3,5,2,0,3,8,5,31,-38,46.1,0,0,48.0,151,147,5,64,142,130,137,27,94,97,97,125,130,1,138,136,137,140,137,134,137,37,19,134,130,116,139,41,1,136,1,2661,15.6,119,-30.2,103.7,35,-30.1,94.1,6,9.4,10,9,0.6,0.107,0.21,0.571,0.077,119,14,157,-30.1,124.2,103.7,71,119,117,77,124.0,122,94.1,118,5.3,154,0.017,103.96,93.8,66,0.644,47,43,124.2,92,154,157,0.156,120,2.8,154,0.107,121,39,86.41,15.6,0.213,9,130,157,,,,,,,,,,,,,,,,,,,,,,,,,,,,,,,,,,,,,21,Penn State,,2014,2,152,70.0,2016
201889,Marissa Coleman,Marissa,1611661325,IND,30.0,32,16,16,0.5,781.3116666666666,85,246,0.346,33,123,0.268,64,85,0.753,23,82,105,63,56,29,9,9,67,78,267,49,545.5,0,0,544.0,61,44,92,64,45,66,44,135,19,12,87,39,32,99,63,47,50,47,26,44,55,77,108,34,54,33,60,41,1,51,1,2661,13.9,76,1.3,94.46,73,2.9,101.1,102,15.6,122,115,1.13,0.066,0.192,0.413,0.072,76,124,46,2.9,98.2,94.46,77,100,100,45,97.8,79,101.1,1540,7.7,54,0.03,95.65,99.1,70,0.471,103,71,98.2,72,44,43,0.117,71,2.7,44,0.133,91,65,78.71,13.9,0.194,115,87,46,,,,,,,,,,,,,,,,,,,,,,,,,,,,,,,,,,,,,2,Maryland,USA,2009,1,160,73.0,2016
203832,Markeisha Gatling,Markeisha,1611661330,ATL,24.0,27,10,17,0.37,231.44333333333333,26,55,0.473,0,0,0.0,15,16,0.938,21,26,47,8,20,5,8,5,50,11,67,-25,154.4,0,0,148.0,94,106,106,125,118,114,119,43,114,130,114,105,112,11,68,110,101,125,103,120,59,54,76,122,116,98,117,41,1,116,2,2759,22.2,90,-7.0,96.44,69,-4.5,99.1,100,8.9,67,68,0.4,0.029,0.151,0.473,0.108,90,76,108,-4.5,103.6,96.44,40,149,149,130,105.6,90,99.1,463,2.0,114,0.095,95.82,98.6,123,0.54,138,121,103.6,136,99,130,0.121,124,1.0,99,0.056,17,121,80.37,22.2,0.155,68,142,108,,,,,,,,,,,,,,,,,,,,,,,,,,,,,,,,,,,,,10,North Carolina State,USA,2014,1,195,77.0,2016
204300,Marta Xargay,Marta,1611661317,PHO,26.0,15,8,7,0.533,296.45166666666665,30,75,0.4,13,39,0.333,12,17,0.706,10,16,26,41,27,17,3,3,55,25,85,42,210.7,0,0,205.0,130,119,35,51,108,112,112,98,60,59,48,111,111,120,102,124,121,69,88,72,95,37,87,99,111,35,108,41,1,108,1,2739,17.9,49,7.8,98.28,138,6.9,102.5,35,27.2,84,40,1.52,0.035,0.164,0.487,0.045,49,68,22,6.9,95.6,98.28,127,136,135,84,94.6,47,102.5,607,5.0,22,0.036,98.78,102.4,91,0.515,137,105,95.6,31,25,20,0.054,17,2.0,25,0.216,80,102,81.9,17.9,0.166,40,52,22,,,,,,,,,,,,,,,,,,,,,,,,,,,,,,,,,,,,,Undrafted,None,Spain,Undrafted,Undrafted,,71.0,2016
201492,Matee Ajavon,Matee,1611661330,ATL,31.0,32,16,16,0.5,338.27666666666664,36,118,0.305,3,13,0.231,30,40,0.75,19,33,52,38,33,12,8,9,52,44,105,-39,251.4,0,0,238.0,61,44,92,64,103,108,96,144,87,90,94,83,84,100,73,103,96,72,74,92,59,77,79,81,104,117,98,41,1,101,1,2759,15.9,93,-3.6,94.29,98,-5.4,98.3,106,18.4,142,121,1.15,0.027,0.209,0.318,0.071,93,145,109,-5.4,103.8,94.29,78,123,122,106,101.6,92,98.3,663,3.7,91,0.05,95.46,98.0,118,0.387,140,39,103.8,37,106,83,0.093,51,1.1,106,0.201,62,40,78.57,16.0,0.216,121,86,109,,,,,,,,,,,,,,,,,,,,,,,,,,,,,,,,,,,,,5,Rutgers,USA,2008,1,160,68.0,2016
202632,Maya Moore,Maya,1611661324,MIN,28.0,34,28,6,0.824,1009.3916666666667,223,498,0.448,65,161,0.404,145,167,0.868,43,132,175,142,79,53,25,11,88,155,656,362,1234.0,2,0,1194.0,1,1,24,7,15,3,3,61,5,7,17,6,7,37,24,18,21,5,8,4,18,87,138,5,2,1,4,17,1,4,1,2716,10.0,2,17.6,94.8,64,17.8,111.8,66,18.0,37,112,1.8,0.174,0.279,0.513,0.089,2,44,13,17.8,94.0,94.8,61,36,36,5,91.6,3,111.8,1997,14.6,3,0.046,97.18,109.1,5,0.574,5,5,94.0,21,3,8,0.127,57,6.6,3,0.234,67,5,79.0,10.0,0.283,112,29,13,,,,,,,,,,,,,,,,,,,,,,,,,,,,,,,,,,,,,1,Connecticut,USA,2011,1,178,72.0,2016
203848,Meighan Simmons,Meighan,1611661330,ATL,25.0,25,11,14,0.44,147.64666666666668,26,90,0.289,16,56,0.286,10,12,0.833,1,9,10,8,10,2,3,5,17,9,78,-32,107.0,0,0,122.0,104,93,80,101,129,114,106,146,54,50,79,116,119,52,138,132,133,125,125,134,95,54,30,127,113,108,127,41,1,122,1,2759,8.8,140,-12.2,101.43,135,-12.1,88.3,26,7.1,140,18,0.8,0.014,0.281,0.378,0.03,140,138,63,-12.1,100.3,101.43,143,22,22,107,102.4,134,88.3,315,3.6,131,0.005,99.34,90.2,121,0.409,142,4,100.3,86,132,96,0.059,135,1.0,132,0.113,146,4,84.53,8.8,0.297,18,113,63,,,,,,,,,,,,,,,,,,,,,,,,,,,,,,,,,,,,,26,Tennessee,,2014,3,140,69.0,2016
200691,Mistie Bass,Mistie,1611661317,PHO,33.0,33,15,18,0.455,433.86833333333334,37,80,0.463,0,0,0.0,22,27,0.815,28,36,64,25,20,16,11,7,49,25,96,76,271.3,0,0,239.0,39,57,117,96,92,107,110,48,114,130,114,94,99,65,51,100,89,87,103,77,41,67,74,99,107,22,96,41,1,100,1,2739,14.5,33,12.0,97.91,111,9.3,104.8,41,18.1,78,44,1.25,0.061,0.114,0.463,0.076,33,86,20,9.3,95.5,97.91,73,110,109,125,93.9,22,104.8,882,2.4,9,0.071,98.28,105.8,119,0.522,112,151,95.5,107,16,15,0.081,54,1.1,16,0.09,32,149,81.59,14.6,0.117,44,79,20,,,,,,,,,,,,,,,,,,,,,,,,,,,,,,,,,,,,,21,Duke,USA,2006,2,189,75.0,2016
202257,Monica Wright,Monica,1611661328,SEA,28.0,16,6,10,0.375,98.3,8,26,0.308,1,10,0.1,3,5,0.6,1,7,8,11,14,7,1,3,15,5,20,-52,56.1,0,0,56.0,129,126,55,120,132,136,130,142,102,97,112,138,136,139,138,136,137,115,116,115,123,37,28,134,138,126,134,41,1,134,1,2646,26.4,152,-22.9,100.35,114,-25.8,79.1,37,20.8,146,25,0.79,-0.011,0.186,0.327,0.046,152,144,119,-25.8,104.9,100.35,125,156,156,135,104.9,150,79.1,206,1.6,149,0.012,98.58,82.0,141,0.355,149,64,104.9,17,149,121,0.079,39,0.5,149,0.239,133,71,83.62,26.3,0.199,25,114,119,,,,,,,,,,,,,,,,,,,,,,,,,,,,,,,,,,,,,2,Virginia,USA,2010,1,182,70.0,2016
200673,Monique Currie,Monique,1611661319,SAN,34.0,34,7,27,0.206,867.8,125,324,0.386,25,78,0.321,90,98,0.918,36,112,148,73,62,27,13,14,89,92,365,-221,710.1,1,0,691.0,1,120,154,146,31,35,25,110,37,33,60,24,26,15,40,27,31,35,21,48,35,104,143,25,28,157,32,29,1,30,1,2617,12.4,131,-13.8,91.76,55,-13.7,91.8,152,14.6,103,157,1.18,0.097,0.226,0.424,0.087,131,116,126,-13.7,105.5,91.76,64,77,77,29,104.0,133,91.8,1662,9.5,140,0.041,93.28,90.2,41,0.497,64,28,105.5,50,140,114,0.136,78,3.7,140,0.168,77,27,76.47,12.3,0.231,157,84,126,,,,,,,,,,,,,,,,,,,,,,,,,,,,,,,,,,,,,3,Duke,USA,2006,1,173,72.0,2016
1627670,Morgan Tuck,Morgan,1611661323,CON,23.0,26,9,17,0.346,433.3833333333333,67,162,0.414,17,56,0.304,32,45,0.711,23,51,74,29,25,10,2,15,25,42,183,26,326.3,0,0,327.0,101,110,106,128,93,82,75,88,48,50,69,81,78,118,63,81,79,81,92,103,110,110,40,82,79,42,90,41,1,89,1,2764,10.6,87,2.5,97.63,70,3.3,99.9,29,12.3,98,48,1.16,0.101,0.203,0.466,0.084,87,83,32,3.3,96.6,97.63,67,44,47,68,95.5,94,99.9,880,6.2,47,0.05,99.2,97.9,71,0.503,57,51,96.6,84,38,25,0.121,98,2.6,38,0.113,61,51,81.36,10.6,0.207,48,85,32,,,,,,,,,,,,,,,,,,,,,,,,,,,,,,,,,,,,,3,Connecticut,USA,2016,1,200,74.0,2016
1627669,Moriah Jefferson,Moriah,1611661319,SAN,23.0,34,7,27,0.206,1033.73,185,434,0.426,33,88,0.375,69,89,0.775,15,58,73,142,59,55,4,18,71,89,472,-246,890.6,0,0,838.0,1,120,154,146,13,10,9,78,19,26,23,33,30,87,84,76,80,5,22,3,80,129,113,28,18,158,18,41,1,20,1,2617,8.8,118,-13.2,91.89,131,-12.5,94.1,146,21.2,101,156,2.41,0.11,0.234,0.464,0.037,118,84,134,-12.5,106.6,91.89,135,21,21,10,105.2,128,94.1,1980,12.8,137,0.014,93.51,92.1,12,0.499,41,18,106.6,8,137,127,0.062,36,5.4,137,0.282,127,19,76.58,8.8,0.239,156,12,134,,,,,,,,,,,,,,,,,,,,,,,,,,,,,,,,,,,,,2,Connecticut,USA,2016,1,122,66.0,2016
203831,Natalie Achonwa,Natalie,1611661325,IND,24.0,24,9,15,0.375,194.90833333333333,36,66,0.545,0,0,0.0,14,20,0.7,16,31,47,6,12,10,1,11,27,16,86,-29,172.4,0,0,161.0,111,110,85,120,120,108,114,19,114,130,114,107,106,121,81,104,101,131,120,103,123,87,43,112,110,106,114,41,1,114,1,2661,12.9,125,-7.0,98.88,24,-4.6,93.4,42,6.5,36,35,0.5,0.124,0.191,0.545,0.124,125,31,43,-4.6,98.0,98.88,27,86,86,120,99.8,125,93.4,396,2.8,113,0.081,98.27,92.9,107,0.575,26,65,98.0,135,100,60,0.17,137,1.5,100,0.056,27,69,82.4,12.9,0.198,35,135,43,,,,,,,,,,,,,,,,,,,,,,,,,,,,,,,,,,,,,9,Notre Dame,Canada,2014,1,183,76.0,2016
204333,Natasha Cloud,Natasha,1611661322,WAS,25.0,31,11,20,0.355,752.595,56,161,0.348,23,68,0.338,43,57,0.754,5,89,94,118,43,24,3,12,65,49,178,-32,505.8,0,0,467.0,74,93,137,127,51,91,77,132,39,40,46,63,63,96,121,42,58,16,51,55,95,94,106,75,83,108,66,41,1,68,1,2663,12.4,55,-1.5,92.16,68,-0.7,102.0,140,33.9,118,153,2.74,0.082,0.141,0.419,0.063,55,119,93,-0.7,102.7,92.16,87,80,76,79,101.3,72,102.0,1434,5.2,78,0.007,93.84,99.8,96,0.478,84,128,102.7,13,78,78,0.121,5,1.8,78,0.254,142,128,76.8,12.4,0.142,153,6,93,,,,,,,,,,,,,,,,,,,,,,,,,,,,,,,,,,,,,15,St. Joseph's (PA),USA,2015,2,160,72.0,2016
203827,Natasha Howard,Natasha,1611661324,MIN,25.0,34,28,6,0.824,495.2216666666667,93,162,0.574,1,5,0.2,42,62,0.677,41,80,121,28,37,23,27,16,99,52,229,127,529.2,0,0,479.0,1,1,24,7,82,56,75,10,102,106,97,65,54,130,30,50,42,84,64,58,16,118,150,67,64,12,62,41,1,66,1,2716,14.6,31,15.3,99.45,40,13.9,105.0,24,11.0,20,31,0.76,0.115,0.193,0.577,0.119,31,12,7,13.9,91.1,99.45,31,109,110,86,90.5,23,105.0,1018,4.8,4,0.086,99.38,105.8,67,0.605,37,63,91.1,106,5,6,0.148,108,2.7,5,0.091,25,61,82.87,14.6,0.199,31,116,7,,,,,,,,,,,,,,,,,,,,,,,,,,,,,,,,,,,,,5,Florida State,USA,2014,1,171,74.0,2016
1627699,Nirra Fields,Nirra,1611661317,PHO,23.0,4,2,2,0.5,17.295,1,7,0.143,0,1,0.0,1,2,0.5,0,0,0,0,2,0,0,2,2,1,3,-17,1.0,0,0,3.0,151,147,5,64,153,152,152,153,114,115,114,148,146,146,152,157,157,154,144,148,137,24,3,152,153,89,157,41,1,157,1,2739,20.0,157,-52.8,99.91,153,-47.2,58.3,148,0.0,154,28,0.0,-0.157,0.238,0.143,0.0,157,154,128,-47.2,105.6,99.91,150,147,143,132,114.5,157,58.3,36,1.8,157,0.0,93.36,61.6,151,0.19,158,13,105.6,154,157,154,0.0,154,0.3,157,0.0,148,17,83.26,20.2,0.253,28,154,128,,,,,,,,,,,,,,,,,,,,,,,,,,,,,,,,,,,,,32,UCLA,,2016,3,158,69.0,2016
203014,Nneka Ogwumike,Nneka,1611661320,LAS,26.0,33,26,7,0.788,1043.3316666666667,244,367,0.665,16,26,0.615,146,168,0.869,77,222,299,101,70,42,39,27,113,161,650,252,1333.3,16,0,1228.0,39,9,35,14,12,2,17,1,54,77,3,5,5,36,6,3,3,20,12,12,7,149,155,3,3,3,3,2,1,3,1,2643,11.5,3,12.1,93.09,4,12.5,110.5,128,16.6,3,140,1.44,0.215,0.225,0.687,0.16,3,2,42,12.5,98.0,93.09,4,59,61,17,97.0,4,110.5,2023,11.1,8,0.088,94.19,109.0,3,0.737,1,30,98.0,48,8,37,0.222,63,7.4,8,0.173,23,28,77.58,11.4,0.23,140,63,42,,,,,,,,,,,,,,,,,,,,,,,,,,,,,,,,,,,,,1,Stanford,USA,2012,1,174,74.0,2016
201049,Noelle Quinn,Noelle,1611661328,SEA,32.0,33,15,18,0.455,406.78,22,81,0.272,2,22,0.091,11,12,0.917,2,45,47,50,29,14,5,2,36,18,57,-48,216.4,0,0,194.0,39,57,117,96,95,117,109,148,94,80,113,114,119,16,133,89,101,58,81,83,74,24,53,109,121,125,107,41,1,110,2,2646,17.6,117,-3.6,95.23,78,-5.5,94.3,136,30.3,147,106,1.72,0.04,0.128,0.284,0.06,117,148,58,-5.5,99.8,95.23,94,134,134,123,100.1,106,94.3,805,2.5,90,0.005,93.96,96.5,133,0.33,131,139,99.8,32,107,64,0.111,9,0.7,107,0.215,147,139,79.35,17.5,0.133,106,36,58,,,,,,,,,,,,,,,,,,,,,,,,,,,,,,,,,,,,,4,UCLA,USA,2007,1,178,72.0,2016
203824,Odyssey Sims,Odyssey,1611661321,DAL,24.0,34,11,23,0.324,1073.8166666666666,153,433,0.353,42,150,0.28,128,145,0.883,20,66,86,131,86,37,7,34,78,126,476,-110,821.7,0,0,823.0,1,93,150,136,8,21,10,128,11,9,82,13,14,30,70,66,65,9,3,23,66,156,121,14,16,148,23,41,1,21,1,2760,12.1,48,-6.5,95.66,128,-5.1,102.9,64,18.5,116,88,1.52,0.077,0.23,0.402,0.04,48,132,146,-5.1,108.1,95.66,130,68,69,11,107.0,64,102.9,2140,12.7,111,0.018,97.31,100.5,25,0.479,91,22,108.1,30,102,142,0.066,49,4.5,102,0.22,119,22,79.72,12.0,0.235,88,49,146,,,,,,,,,,,,,,,,,,,,,,,,,,,,,,,,,,,,,2,Baylor,USA,2014,1,160,68.0,2016
100634,Penny Taylor,Penny,1611661317,PHO,36.0,25,12,13,0.48,643.2833333333333,102,209,0.488,40,101,0.396,68,75,0.907,10,84,94,89,42,38,11,5,53,67,312,70,663.3,0,0,633.0,104,91,70,85,65,46,59,37,13,17,18,34,40,20,102,45,58,27,53,20,41,54,83,48,42,24,37,41,1,34,1,2739,11.4,21,7.3,95.58,58,5.5,106.6,81,24.1,9,96,2.12,0.159,0.195,0.584,0.077,21,10,68,5.5,101.1,95.58,72,58,60,35,99.1,17,106.6,1281,8.4,24,0.017,96.63,106.4,35,0.645,9,60,101.1,19,32,55,0.132,25,4.1,32,0.235,122,60,79.65,11.3,0.202,96,17,68,,,,,,,,,,,,,,,,,,,,,,,,,,,,,,,,,,,,,11,None,USA,2001,1,165,73.0,2016
100888,Plenette Pierson,Plenette,1611661321,DAL,35.0,27,9,18,0.333,718.3866666666667,116,300,0.387,30,89,0.337,58,70,0.829,36,87,123,53,48,22,10,27,96,81,320,-96,595.1,2,0,590.0,94,110,117,131,53,40,28,109,24,25,47,46,45,60,40,43,41,55,40,62,48,149,148,31,37,145,48,17,1,41,1,2760,11.2,53,-7.9,95.41,59,-5.5,102.1,77,12.4,114,100,1.1,0.072,0.228,0.437,0.087,53,108,144,-5.5,107.7,95.41,63,57,57,18,107.4,75,102.1,1420,11.1,117,0.048,96.82,99.4,30,0.484,97,26,107.7,67,108,145,0.132,97,4.3,108,0.136,64,24,79.51,11.1,0.232,100,88,144,,,,,,,,,,,,,,,,,,,,,,,,,,,,,,,,,,,,,4,Texas Tech,USA,2003,1,178,74.0,2016
1627671,Rachel Banham,Rachel,1611661323,CON,23.0,15,4,11,0.267,164.08333333333334,20,49,0.408,13,37,0.351,2,3,0.667,1,10,11,14,8,8,1,0,19,5,55,4,108.2,0,0,111.0,130,136,57,141,126,119,123,92,60,63,33,143,144,131,138,130,132,109,131,109,123,1,34,134,123,64,126,41,1,124,1,2764,11.1,104,-3.0,101.22,134,0.0,96.8,10,19.4,58,19,1.75,0.068,0.143,0.541,0.032,104,34,33,0.0,96.8,101.22,141,55,55,114,97.3,119,96.8,348,3.3,85,0.006,102.38,94.2,114,0.547,102,126,96.8,74,70,40,0.06,46,1.3,70,0.13,145,126,84.35,11.1,0.147,19,33,33,,,,,,,,,,,,,,,,,,,,,,,,,,,,,,,,,,,,,4,Minnesota,USA,2016,1,168,69.0,2016
1627680,Rachel Hollivay,Rachel,1611661330,ATL,23.0,32,16,16,0.5,283.93833333333333,12,38,0.316,0,0,0.0,15,32,0.469,20,46,66,4,11,3,13,9,51,23,39,-98,161.2,0,0,141.0,61,44,92,64,111,128,127,141,114,130,114,105,93,150,70,86,88,136,122,131,35,77,78,103,128,146,115,41,1,118,1,2759,15.9,133,-13.4,96.61,38,-16.6,90.7,50,5.8,143,63,0.36,0.005,0.097,0.316,0.107,133,146,143,-16.6,107.3,96.61,43,127,122,147,104.5,132,90.7,570,1.2,139,0.064,97.76,91.0,147,0.374,146,155,107.3,151,144,118,0.15,143,0.4,144,0.024,41,155,80.51,16.4,0.098,63,143,143,,,,,,,,,,,,,,,,,,,,,,,,,,,,,,,,,,,,,13,Rutgers,USA,2016,2,210,76.0,2016
204317,Ramu Tokashiki,Ramu,1611661328,SEA,26.0,31,15,16,0.484,404.305,60,127,0.472,0,1,0.0,45,55,0.818,28,48,76,9,25,15,4,12,83,55,165,-67,301.7,0,0,288.0,74,57,92,82,97,87,91,44,114,115,114,60,66,63,51,83,77,121,92,80,80,94,131,57,87,136,93,41,1,95,1,2646,13.7,113,-6.3,97.41,71,-7.3,94.9,76,4.9,59,53,0.36,0.058,0.187,0.472,0.095,113,77,87,-7.3,102.2,97.41,57,95,97,97,102.2,113,94.9,817,4.1,110,0.07,96.9,95.9,94,0.546,117,68,102.2,144,113,92,0.12,149,1.9,113,0.044,35,70,81.18,13.5,0.196,53,144,87,,,,,,,,,,,,,,,,,,,,,,,,,,,,,,,,,,,,,Undrafted,None,,Undrafted,Undrafted,176,75.0,2016
204296,Rebecca Allen,Rebecca,1611661313,NYL,24.0,21,12,9,0.571,279.975,45,98,0.459,17,30,0.567,13,15,0.867,12,23,35,11,13,9,11,4,35,14,120,-26,225.5,0,0,223.0,119,91,49,41,112,98,104,50,48,71,4,110,114,38,97,117,116,115,118,108,41,50,51,117,98,104,105,41,1,103,1,2760,10.2,69,-4.6,96.78,110,-3.7,101.4,71,8.6,38,61,0.85,0.076,0.178,0.546,0.061,69,30,122,-3.7,105.1,96.78,90,37,37,91,105.2,58,101.4,562,4.7,98,0.042,97.09,100.7,89,0.574,94,80,105.1,126,97,128,0.082,129,2.1,97,0.065,75,80,80.65,10.1,0.182,61,111,122,,,,,,,,,,,,,,,,,,,,,,,,,,,,,,,,,,,,,Undrafted,None,Australia,Undrafted,Undrafted,164,74.0,2016
100944,Rebekkah Brunson,Rebekkah,1611661324,MIN,35.0,33,27,6,0.818,812.3466666666667,92,193,0.477,0,1,0.0,60,70,0.857,73,167,240,58,28,30,9,20,84,58,244,129,708.0,2,0,620.0,39,6,24,12,39,57,66,42,114,115,114,41,45,41,9,10,9,51,83,38,55,136,132,54,60,11,33,17,1,36,1,2716,9.0,29,9.1,94.04,14,8.0,105.2,105,18.6,60,128,2.07,0.128,0.138,0.477,0.153,29,72,36,8.0,97.1,94.04,8,24,24,72,95.1,30,105.2,1592,5.8,16,0.096,95.47,104.2,62,0.545,23,130,97.1,90,22,24,0.206,48,2.8,22,0.107,14,130,78.37,9.0,0.141,128,18,36,,,,,,,,,,,,,,,,,,,,,,,,,,,,,,,,,,,,,10,Georgetown,USA,2004,1,185,74.0,2016
201904,Renee Montgomery,Renee,1611661324,MIN,30.0,34,28,6,0.824,656.4466666666667,87,219,0.397,27,84,0.321,53,64,0.828,6,25,31,94,59,33,2,7,47,68,254,160,478.2,0,0,476.0,1,1,24,7,61,60,53,102,33,30,59,50,51,62,116,112,117,22,22,31,110,67,69,46,58,8,71,41,1,67,1,2716,14.8,45,13.6,97.58,147,12.1,103.6,38,23.6,86,49,1.59,0.085,0.199,0.459,0.024,45,92,9,12.1,91.5,97.58,146,112,112,62,89.9,37,103.6,1334,6.4,7,0.009,98.5,103.5,72,0.514,78,54,91.5,26,10,5,0.037,27,2.6,10,0.225,138,54,81.32,14.7,0.205,49,42,9,,,,,,,,,,,,,,,,,,,,,,,,,,,,,,,,,,,,,4,Connecticut,USA,2009,1,143,67.0,2016
204334,Reshanda Gray,Reshanda,1611661330,ATL,24.0,28,14,14,0.5,269.04,38,73,0.521,0,1,0.0,20,36,0.556,24,47,71,4,18,4,4,8,63,25,96,-11,193.2,1,0,187.0,90,67,80,64,113,104,113,28,114,115,114,98,89,142,60,85,82,136,109,126,80,73,101,99,107,83,110,29,1,111,1,2759,16.4,56,-3.7,98.57,21,0.0,102.0,21,3.6,66,38,0.22,0.044,0.16,0.521,0.127,56,40,83,0.0,102.0,98.57,23,126,127,122,102.6,83,102.0,547,2.6,93,0.082,99.81,98.9,112,0.54,128,109,102.0,150,69,98,0.177,151,1.4,69,0.025,26,105,82.14,16.2,0.163,38,150,83,,,,,,,,,,,,,,,,,,,,,,,,,,,,,,,,,,,,,16,California,USA,2015,2,192,74.0,2016
1627685,Ruth Hamblin,Ruth,1611661321,DAL,23.0,20,9,11,0.45,129.86833333333334,8,32,0.25,0,0,0.0,5,7,0.714,9,20,29,4,4,2,9,3,13,7,21,-35,90.8,0,0,76.0,121,110,57,100,130,136,129,150,114,130,114,134,130,116,107,119,118,136,138,134,55,37,26,129,137,112,130,41,1,130,1,2760,9.3,142,-13.3,102.2,48,-11.6,87.6,19,9.3,148,15,1.0,0.036,0.123,0.25,0.098,142,150,53,-11.6,99.3,102.2,51,27,27,136,102.0,140,87.6,275,1.6,138,0.058,100.21,88.7,146,0.299,134,143,99.3,137,131,88,0.142,121,0.4,131,0.056,50,143,85.16,9.3,0.129,15,92,53,,,,,,,,,,,,,,,,,,,,,,,,,,,,,,,,,,,,,18,Oregon State,,2016,2,227,78.0,2016
101023,Sancho Lyttle,Sancho,1611661330,ATL,33.0,19,10,9,0.526,570.9483333333334,62,149,0.416,2,9,0.222,19,25,0.76,42,107,149,35,23,39,19,4,43,26,145,53,527.3,5,0,447.0,124,106,49,56,75,85,84,87,94,99,96,100,100,92,26,30,30,76,97,19,28,50,63,97,95,30,64,10,1,72,1,2759,10.6,91,6.3,95.8,19,4.6,98.9,43,16.1,129,86,1.52,0.122,0.138,0.423,0.125,91,118,16,4.6,94.4,95.8,25,43,42,42,91.1,102,98.9,1140,7.8,29,0.07,98.25,97.4,48,0.453,30,131,94.4,94,35,7,0.179,67,3.3,35,0.102,33,131,79.83,10.6,0.14,86,50,16,,,,,,,,,,,,,,,,,,,,,,,,,,,,,,,,,,,,,5,Houston,USA,2005,1,175,76.0,2016
201058,Sandrine Gruda,Sandrine,1611661320,LAS,30.0,7,4,3,0.571,36.94,3,9,0.333,0,0,0.0,1,1,1.0,2,2,4,2,1,1,1,1,6,2,7,7,19.8,0,0,17.0,146,136,12,41,149,147,148,137,114,130,114,148,152,1,133,147,146,143,151,141,123,13,15,149,149,59,148,41,1,149,1,2643,8.3,101,11.1,97.46,124,9.3,97.3,157,16.7,144,52,2.0,0.005,0.123,0.333,0.066,101,143,4,9.3,88.0,97.46,83,14,15,144,91.9,41,97.3,75,1.3,13,0.063,92.67,103.0,145,0.371,145,132,88.0,119,15,10,0.069,60,0.4,15,0.077,43,142,81.21,8.0,0.139,52,19,4,,,,,,,,,,,,,,,,,,,,,,,,,,,,,,,,,,,,,13,                                   ,France,2007,1,185,76.0,2016
200671,Seimone Augustus,Seimone,1611661324,MIN,33.0,29,24,5,0.828,764.59,138,300,0.46,13,39,0.333,37,46,0.804,14,70,84,71,55,15,11,6,43,45,326,140,556.3,0,0,546.0,86,16,18,6,50,30,28,49,60,59,48,73,76,67,89,60,68,39,29,80,41,62,63,78,35,9,58,41,1,50,1,2716,12.4,40,9.4,95.61,104,8.7,104.3,91,16.0,92,94,1.29,0.095,0.215,0.482,0.056,40,70,23,8.7,95.6,95.61,105,74,79,25,94.5,32,104.3,1527,10.3,15,0.02,96.29,104.0,18,0.509,67,36,95.6,59,18,18,0.088,69,4.8,18,0.15,114,35,79.68,12.3,0.221,94,75,23,,,,,,,,,,,,,,,,,,,,,,,,,,,,,,,,,,,,,1,Louisiana State,USA,2006,1,166,72.0,2016
201919,Shavonte Zellous,Shavonte,1611661313,NYL,30.0,33,20,13,0.606,769.93,91,226,0.403,5,26,0.192,103,121,0.851,18,63,81,73,44,29,6,12,64,87,290,34,557.7,0,0,519.0,39,21,70,34,47,58,52,95,79,77,100,18,22,45,76,70,73,35,48,44,71,94,103,30,46,41,57,41,1,58,1,2760,11.1,77,1.5,95.82,112,1.6,101.1,75,18.3,82,84,1.66,0.089,0.183,0.414,0.052,77,121,56,1.6,99.5,95.82,112,56,53,56,98.4,68,101.1,1542,6.8,52,0.024,96.91,100.0,64,0.519,73,78,99.5,55,54,47,0.079,52,2.8,54,0.158,107,78,79.85,11.1,0.185,84,41,56,,,,,,,,,,,,,,,,,,,,,,,,,,,,,,,,,,,,,11,Pittsburgh,USA,2009,1,188,70.0,2016
203015,Shekinna Stricklen,Shekinna,1611661323,CON,26.0,28,13,15,0.464,306.2,38,104,0.365,27,77,0.351,9,14,0.643,9,29,38,15,3,12,2,3,20,14,112,3,219.1,0,0,220.0,90,79,85,94,107,104,103,121,33,35,36,120,116,134,107,106,110,107,140,92,110,37,35,117,101,65,106,41,1,105,1,2764,2.3,82,0.0,98.6,86,0.8,100.6,44,11.7,94,37,5.0,0.086,0.153,0.495,0.06,82,60,60,0.8,99.8,98.6,93,2,2,105,100.6,59,100.6,628,3.7,67,0.026,98.21,100.6,112,0.508,77,118,99.8,114,65,72,0.101,103,1.4,65,0.082,98,118,82.17,2.3,0.158,37,3,60,,,,,,,,,,,,,,,,,,,,,,,,,,,,,,,,,,,,,2,Tennessee,USA,2012,1,178,74.0,2016
203018,Shenise Johnson,Shenise,1611661325,IND,26.0,29,16,13,0.552,650.9433333333334,98,239,0.41,28,78,0.359,60,64,0.938,27,75,102,60,48,35,10,5,52,70,284,-40,583.4,0,0,564.0,86,44,70,45,63,52,48,89,31,33,30,41,51,11,54,54,53,50,40,27,48,54,79,44,48,119,51,41,1,46,1,2661,12.8,102,-3.4,95.01,61,-3.6,97.2,108,16.0,69,109,1.25,0.12,0.213,0.469,0.085,102,79,67,-3.6,100.9,95.01,65,85,85,36,100.4,104,97.2,1292,8.2,88,0.043,95.3,97.0,46,0.532,33,35,100.9,51,96,69,0.131,68,3.4,96,0.166,73,37,79.18,12.8,0.221,109,79,67,,,,,,,,,,,,,,,,,,,,,,,,,,,,,,,,,,,,,5,Miami,USA,2012,1,172,71.0,2016
203830,Shoni Schimmel,Shoni,1611661313,NYL,25.0,17,11,6,0.647,76.725,11,20,0.55,9,16,0.563,4,5,0.8,0,8,8,10,7,3,1,2,4,3,35,22,64.6,0,0,70.0,127,93,24,28,136,130,138,14,74,86,5,136,136,69,152,133,137,117,133,131,123,24,9,144,129,43,133,41,1,132,1,2760,17.9,73,6.9,103.23,99,8.6,101.2,15,25.6,1,11,1.43,0.148,0.143,0.775,0.046,73,1,12,8.6,92.5,103.23,123,135,136,148,95.7,44,101.2,169,1.2,28,0.0,100.84,102.6,135,0.788,14,124,92.5,28,19,28,0.091,21,0.6,19,0.222,148,127,86.02,17.9,0.15,11,64,12,,,,,,,,,,,,,,,,,,,,,,,,,,,,,,,,,,,,,8,Louisville,USA,2014,1,161,69.0,2016
203400,Skylar Diggins,Skylar,1611661321,DAL,26.0,27,9,18,0.333,764.8216666666667,113,290,0.39,23,77,0.299,104,132,0.788,12,39,51,91,63,29,8,21,53,89,353,-109,598.7,0,0,592.0,94,110,117,131,49,42,30,108,39,35,73,17,19,80,97,96,98,24,18,44,59,139,83,28,31,147,46,41,1,40,1,2760,12.5,67,-8.9,94.8,137,-7.0,101.5,83,18.1,95,111,1.44,0.083,0.235,0.429,0.033,67,111,148,-7.0,108.5,94.8,138,83,82,20,107.6,87,101.5,1509,10.7,122,0.015,96.51,98.7,34,0.507,81,20,108.5,33,112,146,0.055,56,4.2,112,0.213,125,18,79.0,12.5,0.236,111,61,148,,,,,,,,,,,,,,,,,,,,,,,,,,,,,,,,,,,,,3,Notre Dame,USA,2013,1,145,69.0,2016
201909,Sonja Petrovic,Sonja,1611661317,PHO,28.0,31,15,16,0.484,459.455,51,122,0.418,11,32,0.344,45,47,0.957,25,44,69,20,31,18,7,8,68,34,158,-95,314.8,0,0,308.0,74,57,92,82,87,93,94,84,68,67,42,60,75,10,56,91,83,98,78,69,66,73,109,92,90,144,92,41,1,92,1,2739,15.9,120,-5.8,96.01,96,-10.1,94.0,88,10.3,50,80,0.65,0.064,0.17,0.463,0.078,120,85,115,-10.1,104.1,96.01,70,124,121,101,101.6,114,94.0,918,3.9,108,0.059,96.32,95.8,104,0.554,107,89,104.1,115,127,81,0.094,112,1.6,127,0.08,47,90,80.01,16.0,0.176,80,127,115,,,,,,,,,,,,,,,,,,,,,,,,,,,,,,,,,,,,,26,None,Serbia,2009,2,169,74.0,2016
203828,Stefanie Dolson,Stefanie,1611661322,WAS,25.0,34,13,21,0.382,764.8533333333334,119,247,0.482,9,30,0.3,70,83,0.843,48,111,159,38,39,13,32,15,88,111,317,12,660.8,0,0,613.0,1,79,143,117,48,38,43,41,74,71,72,32,34,49,17,28,27,72,62,85,14,110,138,20,39,53,38,41,1,37,1,2663,10.8,35,-0.2,92.22,39,1.6,104.7,151,10.6,46,152,0.97,0.105,0.193,0.5,0.107,35,49,97,1.6,103.1,92.22,44,51,52,53,102.8,45,104.7,1464,7.3,72,0.065,93.3,102.6,43,0.559,50,67,103.1,105,53,102,0.149,109,3.5,53,0.092,40,62,76.85,10.8,0.197,152,100,97,,,,,,,,,,,,,,,,,,,,,,,,,,,,,,,,,,,,,6,Connecticut,USA,2014,1,214,77.0,2016
100720,Sue Bird,Sue,1611661328,SEA,36.0,34,16,18,0.471,1075.885,160,356,0.449,72,162,0.444,44,56,0.786,6,91,97,196,84,34,6,1,46,53,436,102,882.4,1,0,881.0,1,44,117,86,5,16,19,58,4,6,13,62,65,82,116,40,56,1,6,30,71,13,67,66,21,16,19,29,1,15,1,2646,12.8,19,4.0,93.0,107,4.8,106.7,120,29.9,39,142,2.33,0.122,0.198,0.551,0.048,19,25,81,4.8,101.9,93.0,118,84,84,23,100.4,29,106.7,2085,10.5,38,0.006,94.66,104.5,21,0.573,28,61,101.9,4,34,70,0.085,11,4.7,34,0.302,144,56,77.5,12.7,0.201,142,14,81,,,,,,,,,,,,,,,,,,,,,,,,,,,,,,,,,,,,,1,Connecticut,USA,2002,1,150,69.0,2016
203411,Sugar Rodgers,Sugar,1611661313,NYL,27.0,33,21,12,0.636,1007.5866666666667,156,385,0.405,86,208,0.413,80,95,0.842,14,107,121,79,59,35,15,16,87,71,478,50,832.7,0,0,864.0,39,17,61,29,16,19,14,94,2,2,16,28,27,50,89,30,42,32,22,27,32,118,136,43,15,31,21,41,1,16,1,2760,10.6,65,3.2,95.8,85,2.9,101.5,57,14.2,44,85,1.34,0.103,0.206,0.517,0.058,65,42,51,2.9,98.7,95.8,99,39,43,14,96.8,69,101.5,2007,11.7,42,0.014,97.49,100.0,20,0.56,54,46,98.7,73,43,35,0.102,84,4.7,43,0.13,130,45,79.83,10.4,0.211,85,71,51,,,,,,,,,,,,,,,,,,,,,,,,,,,,,,,,,,,,,14,Georgetown,USA,2013,2,166,69.0,2016
100721,Swin Cash,Swin,1611661313,NYL,37.0,31,19,12,0.613,604.0466666666666,61,161,0.379,1,8,0.125,41,60,0.683,38,67,105,43,41,23,14,15,54,55,164,-11,424.5,0,0,387.0,74,24,61,33,69,86,77,114,102,100,111,66,59,125,37,64,50,64,57,58,34,110,85,57,89,83,80,41,1,81,1,2760,15.1,122,0.4,96.27,84,-0.4,93.9,69,15.8,134,73,1.05,0.063,0.163,0.382,0.081,122,137,14,-0.4,94.2,96.27,69,114,114,79,93.1,123,93.9,1208,5.2,64,0.059,97.1,93.5,93,0.438,110,106,94.2,81,76,12,0.102,70,2.0,76,0.119,46,104,80.23,15.1,0.166,73,91,14,,,,,,,,,,,,,,,,,,,,,,,,,,,,,,,,,,,,,2,Connecticut,USA,2002,1,171,73.0,2016
202641,Sydney Colson,Sydney,1611661319,SAN,27.0,34,7,27,0.206,573.1216666666667,59,137,0.431,5,26,0.192,49,59,0.831,14,41,55,87,51,38,1,10,62,63,172,-78,434.5,0,0,397.0,1,120,154,146,74,88,87,74,79,77,100,54,60,58,89,94,94,28,34,20,123,82,100,49,85,139,79,41,1,80,1,2617,16.9,130,-8.1,93.17,121,-7.6,92.2,153,28.9,73,139,1.71,0.095,0.164,0.449,0.048,130,99,59,-7.6,99.8,93.17,120,131,132,99,100.1,129,92.2,1116,4.0,119,0.024,93.22,91.9,98,0.528,68,97,99.8,10,115,62,0.073,12,1.7,115,0.279,103,103,77.64,16.9,0.17,139,38,59,,,,,,,,,,,,,,,,,,,,,,,,,,,,,,,,,,,,,16,Texas A&M,USA,2011,2,140,68.0,2016
201480,Sylvia Fowles,Sylvia,1611661324,MIN,31.0,34,28,6,0.824,970.645,182,306,0.595,0,0,0.0,109,152,0.717,84,206,290,42,63,45,61,29,101,136,473,221,1139.0,8,0,1017.0,1,1,24,7,23,11,27,6,114,130,114,15,12,115,4,5,4,66,18,8,4,152,152,10,17,4,6,4,1,7,1,2716,13.2,10,11.7,94.13,10,12.2,108.0,87,8.8,11,125,0.67,0.171,0.199,0.595,0.154,10,8,24,12.2,95.8,94.13,6,91,91,32,93.7,25,108.0,1898,9.0,11,0.093,96.35,105.4,13,0.634,6,62,95.8,123,9,14,0.21,127,5.4,9,0.071,20,55,78.44,13.2,0.2,125,121,24,,,,,,,,,,,,,,,,,,,,,,,,,,,,,,,,,,,,,2,Louisiana State,USA,2008,1,212,78.0,2016
201477,Tamera Young,Tamera,1611661329,CHI,30.0,32,17,15,0.531,825.9933333333333,112,249,0.45,0,2,0.0,49,62,0.79,44,101,145,46,35,24,4,18,84,51,273,16,565.0,0,0,520.0,61,33,85,52,36,43,42,57,114,112,114,54,54,78,22,36,34,61,68,55,80,129,132,71,52,46,54,41,1,56,1,2737,9.8,34,2.1,95.65,67,1.6,104.8,62,12.8,105,90,1.31,0.072,0.164,0.45,0.088,34,98,98,1.6,103.1,95.65,62,32,31,44,101.1,40,104.8,1641,7.8,49,0.054,97.37,103.1,43,0.494,99,104,103.1,113,52,75,0.122,95,3.5,52,0.082,54,100,79.71,9.8,0.167,90,74,98,,,,,,,,,,,,,,,,,,,,,,,,,,,,,,,,,,,,,8,James Madison,USA,2008,1,170,74.0,2016
100646,Tamika Catchings,Tamika,1611661325,IND,37.0,34,17,17,0.5,844.0033333333333,146,337,0.433,35,100,0.35,106,123,0.862,40,123,163,66,42,62,10,16,70,123,433,50,901.6,0,0,841.0,1,33,106,64,32,26,22,72,17,20,38,16,21,39,33,22,24,44,53,1,48,118,112,16,22,31,17,41,1,19,1,2661,8.5,36,2.7,94.09,28,3.2,104.7,113,13.3,51,126,1.57,0.151,0.227,0.485,0.107,36,69,72,3.2,101.4,94.09,41,18,18,27,100.5,39,104.7,1653,9.9,43,0.051,95.15,103.3,31,0.554,12,25,101.4,63,39,71,0.166,92,4.3,39,0.142,59,26,78.41,8.4,0.233,126,44,72,,,,,,,,,,,,,,,,,,,,,,,,,,,,,,,,,,,,,3,Tennessee,USA,2001,1,167,73.0,2016
101030,Tanisha Wright,Tanisha,1611661313,NYL,33.0,29,19,10,0.655,667.8216666666667,79,197,0.401,4,17,0.235,33,46,0.717,23,44,67,104,67,26,5,10,69,54,195,44,457.4,0,0,432.0,86,24,55,26,58,70,65,96,83,84,92,79,76,114,63,91,86,19,16,50,74,82,110,62,75,34,75,41,1,76,1,2760,17.3,71,3.6,94.41,130,3.1,101.3,99,26.8,130,117,1.55,0.056,0.185,0.411,0.05,71,125,45,3.1,98.2,94.41,114,133,133,57,96.3,70,101.3,1315,6.8,40,0.035,95.95,99.9,68,0.449,118,76,98.2,18,41,31,0.063,19,2.7,41,0.239,84,73,78.67,17.3,0.189,117,45,45,,,,,,,,,,,,,,,,,,,,,,,,,,,,,,,,,,,,,12,Penn State,USA,2005,1,165,71.0,2016
203401,Tayler Hill,Tayler,1611661322,WAS,26.0,32,13,19,0.406,936.5316666666666,139,399,0.348,60,171,0.351,155,187,0.829,13,71,84,93,40,35,4,32,66,139,493,-69,810.3,0,0,808.0,61,79,130,114,25,28,12,131,6,4,35,4,4,59,92,57,68,23,59,27,80,154,107,8,13,137,24,41,1,23,1,2663,6.5,64,-3.4,92.82,116,-3.0,101.7,118,15.1,89,145,2.33,0.108,0.254,0.424,0.046,64,117,118,-3.0,104.7,92.82,126,6,6,13,102.8,76,101.7,1804,12.5,87,0.014,94.79,99.4,28,0.512,46,10,104.7,43,90,100,0.078,74,4.3,90,0.189,128,9,77.35,6.5,0.258,145,15,118,,,,,,,,,,,,,,,,,,,,,,,,,,,,,,,,,,,,,4,Ohio State,USA,2013,1,145,69.0,2016
203849,Theresa Plaisance,Theresa,1611661321,DAL,25.0,27,11,16,0.407,319.49,43,108,0.398,15,45,0.333,7,11,0.636,22,45,67,8,19,7,11,5,61,20,108,-63,235.4,0,0,234.0,94,93,92,113,104,100,100,101,57,57,48,125,123,135,66,89,86,125,106,115,41,54,98,108,103,135,102,41,1,102,1,2760,13.6,115,-9.7,103.51,46,-7.7,94.6,7,5.7,117,10,0.42,0.038,0.166,0.468,0.097,115,81,91,-7.7,102.3,103.51,52,96,95,100,103.5,121,94.6,684,4.0,125,0.059,103.36,93.8,105,0.479,133,98,102.3,141,116,109,0.144,145,1.6,116,0.05,49,96,86.26,13.6,0.17,10,141,91,,,,,,,,,,,,,,,,,,,,,,,,,,,,,,,,,,,,,27,Louisiana State,USA,2014,3,200,77.0,2016
203403,Tianna Hawkins,Tianna,1611661322,WAS,26.0,24,9,15,0.375,251.68,42,85,0.494,11,22,0.5,18,21,0.857,24,35,59,10,23,5,4,11,52,15,113,-47,202.8,0,0,211.0,111,110,85,120,115,101,107,36,68,80,6,101,104,41,60,101,91,117,97,120,80,87,79,115,100,124,109,41,1,107,1,2663,18.0,105,-12.8,95.84,41,-8.7,96.8,123,7.8,22,83,0.43,0.073,0.203,0.559,0.123,105,19,128,-8.7,105.6,95.84,29,137,137,109,109.2,107,96.8,501,3.5,134,0.099,94.38,96.5,97,0.6,95,47,105.6,118,120,148,0.147,134,1.8,120,0.079,12,50,79.86,18.1,0.21,83,140,128,,,,,,,,,,,,,,,,,,,,,,,,,,,,,,,,,,,,,6,Maryland,USA,2013,1,191,75.0,2016
203437,Tierra Ruffin-Pratt,Tierra,1611661322,WAS,26.0,32,13,19,0.406,780.9366666666666,73,198,0.369,16,50,0.32,71,95,0.747,36,108,144,84,49,32,8,7,79,92,233,-3,602.8,0,0,557.0,61,79,130,114,46,77,64,118,54,53,61,31,27,108,40,29,35,30,39,34,59,67,122,25,62,71,44,41,1,48,1,2663,13.1,46,0.8,92.75,45,1.4,103.4,141,22.5,112,147,1.71,0.083,0.17,0.409,0.096,46,126,84,1.4,102.0,92.75,56,90,90,69,101.2,49,103.4,1497,6.2,59,0.048,93.74,102.0,81,0.486,80,90,102.0,46,55,76,0.144,31,2.3,55,0.181,65,91,77.29,13.1,0.173,147,37,84,,,,,,,,,,,,,,,,,,,,,,,,,,,,,,,,,,,,,Undrafted,North Carolina,USA,Undrafted,Undrafted,183,70.0,2016
203839,Tiffany Bias,Tiffany,1611661321,DAL,25.0,10,1,9,0.1,63.88333333333333,8,23,0.348,3,11,0.273,10,12,0.833,1,4,5,6,11,2,0,2,5,12,29,-24,39.0,0,0,47.0,138,153,49,157,140,136,132,132,87,92,85,116,119,52,138,143,143,131,122,134,137,24,11,120,133,97,140,41,1,137,1,2760,24.4,146,-24.0,100.31,126,-18.7,83.6,33,13.3,88,26,0.55,0.048,0.255,0.413,0.038,146,122,89,-18.7,102.3,100.31,132,150,150,127,106.5,149,83.6,134,2.3,150,0.014,98.97,82.5,126,0.513,125,8,102.3,23,146,141,0.067,89,0.8,146,0.231,129,8,83.59,24.3,0.264,26,134,89,,,,,,,,,,,,,,,,,,,,,,,,,,,,,,,,,,,,,17,Oklahoma State,,2014,2,133,68.0,2016
203026,Tiffany Hayes,Tiffany,1611661330,ATL,27.0,33,17,16,0.515,1016.165,153,347,0.441,32,117,0.274,156,194,0.804,33,79,112,78,59,40,8,21,94,169,494,-10,830.4,1,0,812.0,39,33,92,60,14,21,21,66,21,14,84,3,2,68,46,52,47,33,22,18,59,139,146,2,11,81,22,29,1,22,1,2759,10.5,81,0.7,96.86,118,0.2,100.7,30,13.8,40,59,1.32,0.109,0.204,0.487,0.053,81,66,64,0.2,100.6,96.86,108,38,38,22,98.1,86,100.7,2044,10.5,60,0.031,99.03,98.8,22,0.571,42,48,100.6,65,67,44,0.075,87,4.6,67,0.138,89,47,80.72,10.4,0.209,59,73,64,,,,,,,,,,,,,,,,,,,,,,,,,,,,,,,,,,,,,14,Connecticut,USA,2012,2,155,70.0,2016
1627676,Tiffany Mitchell,Tiffany,1611661325,IND,22.0,34,17,17,0.5,681.3716666666667,87,241,0.361,25,85,0.294,92,101,0.911,15,43,58,48,55,30,3,25,85,91,291,-20,476.6,0,0,488.0,1,33,106,64,56,60,45,123,37,29,77,22,25,17,84,93,92,59,29,38,95,146,135,27,44,92,72,41,1,63,1,2661,14.1,83,-2.3,95.52,125,-0.7,100.5,92,12.3,91,98,0.87,0.059,0.221,0.413,0.046,83,123,71,-0.7,101.2,95.52,124,103,102,54,101.2,82,100.5,1351,7.1,81,0.024,96.28,99.0,72,0.51,115,33,101.2,82,81,77,0.068,100,2.6,81,0.118,102,32,79.6,14.2,0.225,98,110,71,,,,,,,,,,,,,,,,,,,,,,,,,,,,,,,,,,,,,9,South Carolina,USA,2016,1,152,69.0,2016
202250,Tina Charles,Tina,1611661313,NYL,28.0,32,20,12,0.625,1076.9,273,622,0.439,17,49,0.347,125,154,0.812,74,243,317,121,63,27,25,20,48,133,688,54,1342.9,20,0,1247.0,61,21,61,31,4,1,1,67,48,54,39,14,10,66,8,2,1,13,18,48,18,136,72,12,1,29,2,1,1,2,1,2760,7.2,54,2.5,94.18,7,2.5,102.1,82,13.9,102,124,1.92,0.192,0.305,0.453,0.143,54,96,57,2.5,99.6,94.18,11,7,9,1,97.1,73,102.1,2114,19.4,46,0.068,96.6,99.6,1,0.499,2,2,99.6,25,45,39,0.218,86,8.5,45,0.229,37,1,78.48,7.2,0.307,124,24,57,,,,,,,,,,,,,,,,,,,,,,,,,,,,,,,,,,,,,1,Connecticut,USA,2010,1,186,76.0,2016
203037,Vicki Baugh,Vicki,1611661319,SAN,28.0,11,2,9,0.182,147.75666666666666,19,33,0.576,0,0,0.0,6,9,0.667,16,25,41,3,14,4,3,3,25,11,44,-36,104.7,0,0,102.0,137,147,49,153,128,123,128,9,114,130,114,130,127,131,81,112,109,140,116,126,95,37,40,122,125,115,128,41,1,129,1,2617,25.9,114,-10.8,92.91,25,-14.0,94.8,139,5.6,25,143,0.21,0.068,0.154,0.576,0.141,114,13,150,-14.0,108.8,92.91,14,154,153,116,106.0,116,94.8,288,3.0,128,0.112,93.88,95.3,99,0.595,101,114,108.8,145,141,135,0.17,146,1.7,141,0.038,3,117,77.42,25.9,0.159,143,152,150,,,,,,,,,,,,,,,,,,,,,,,,,,,,,,,,,,,,,25,Tennessee, ,2012,3,190,76.0,2016
1627682,Whitney Knight,Whitney,1611661319,SAN,24.0,10,6,4,0.6,38.126666666666665,2,15,0.133,2,11,0.182,0,0,0.0,1,4,5,2,2,2,2,1,5,0,6,-25,25.0,0,0,23.0,138,126,15,36,148,149,141,154,94,92,103,154,154,154,138,143,143,143,144,134,110,13,11,156,150,98,144,41,1,146,2,2617,10.5,151,-37.5,100.72,65,-36.1,79.3,138,10.5,153,23,1.0,-0.035,0.193,0.2,0.0,151,151,155,-36.1,115.4,100.72,150,41,40,138,123.0,147,79.3,82,1.5,156,0.0,93.94,85.5,153,0.2,154,50,115.4,109,156,156,0.125,110,0.2,156,0.087,148,63,83.93,10.5,0.207,23,92,155,,,,,,,,,,,,,,,,,,,,,,,,,,,,,,,,,,,,,15,Florida Gulf Coast,,2016,2,156,75.0,2016
1627639,Zoi Dimitrakou,Zoi,1611661322,WAS,30.0,2,0,2,0.0,11.066666666666666,1,3,0.333,1,2,0.5,0,0,0.0,0,1,1,1,1,0,0,0,3,1,3,-3,4.7,0,0,6.0,157,158,5,158,157,152,155,137,102,112,6,154,154,154,152,153,155,149,151,148,137,1,6,152,153,71,156,41,1,155,1,2663,20.0,153,-19.1,114.94,153,-14.5,77.8,2,20.0,100,2,1.0,-0.034,0.133,0.5,0.0,153,49,10,-14.5,92.3,114.94,150,143,143,138,98.8,155,77.8,27,1.5,147,0.0,109.73,79.8,141,0.5,153,136,92.3,77,142,50,0.0,43,0.5,142,0.125,148,134,95.78,20.0,0.136,2,92,10,,,,,,,,,,,,,,,,,,,,,,,,,,,,,,,,,,,,,Undrafted,None,,Undrafted,Undrafted,156,74.0,2016
