PLAYER_ID,PLAYER_NAME,W,GP,year,POSS,TEAM_ABBREVIATION,TEAM_ID,AGE,PLAYER_HEIGHT_INCHES,PLAYER_WEIGHT,COLLEGE,COUNTRY,DRAFT_YEAR,DRAFT_ROUND,DRAFT_NUMBER,MIN,FGM,FGA,FG3M,FG3A,FTM,FTA,OREB,DREB,REB,AST,TOV,STL,BLK,BLKA,PF,PFD,PTS,PLUS_MINUS,DD2,TD3,FGM_PG,sp_work_PACE,sp_work_DEF_RATING,DEF_RATING,sp_work_NET_RATING,E_DEF_RATING,OFF_RATING,PACE_PER40,AST_RATIO,sp_work_OFF_RATING,E_PACE,NET_RATING,E_NET_RATING,PACE,E_OFF_RATING,FGA_PG,AST_TO,NBA_FANTASY_PTS,WNBA_FANTASY_PTS,team_poss,two_pt_def_FG2A,two_pt_def_FG2M,three_pt_def_FG3M,three_pt_def_FG3A,overall_def_D_FGA,overall_def_D_FGM,less_10ft_def_FGM_LT_10,less_10ft_def_FGA_LT_10,less_6ft_def_FGM_LT_06,less_6ft_def_FGA_LT_06,more_15ft_def_FGM_GT_15,more_15ft_def_FGA_GT_15,W_PCT,FG_PCT,FG3_PCT,FT_PCT,TM_TOV_PCT,REB_PCT,AST_PCT,DREB_PCT,E_TOV_PCT,TS_PCT,EFG_PCT,E_USG_PCT,OREB_PCT,USG_PCT,overall_def_NORMAL_FG_PCT,overall_def_D_FG_PCT,overall_def_PCT_PLUSMINUS,less_6ft_def_LT_06_PCT,less_6ft_def_NS_LT_06_PCT,less_6ft_def_FREQ,less_10ft_def_FREQ,less_10ft_def_NS_LT_10_PCT,less_10ft_def_LT_10_PCT,more_15ft_def_GT_15_PCT,more_15ft_def_NS_GT_15_PCT,more_15ft_def_FREQ,two_pt_def_FG2_PCT,two_pt_def_FREQ,two_pt_def_NS_FG2_PCT,three_pt_def_FG3_PCT,three_pt_def_FREQ,three_pt_def_NS_FG3_PCT,TeamId,Name,ShortName,RowId,TeamAbbreviation,SecondsPlayed,GamesPlayed,Minutes,PlusMinus,OffPoss,DefPoss,PenaltyOffPoss,PenaltyDefPoss,SecondChanceOffPoss,TotalPoss,AtRimFGM,AtRimFGA,SecondChanceAtRimFGM,SecondChanceAtRimFGA,PenaltyAtRimFGM,PenaltyAtRimFGA,ShortMidRangeFGM,ShortMidRangeFGA,LongMidRangeFGA,FG2M,FG2A,FtPoints,Points,OpponentPoints,SecondChanceFG2M,SecondChanceFG2A,SecondChanceFtPoints,SecondChancePoints,PenaltyFG2M,PenaltyFG2A,PenaltyFtPoints,PenaltyPoints,PtsAssisted2s,PtsUnassisted2s,PtsPutbacks,Fg2aBlocked,TwoPtAssists,ThreePtAssists,Assists,Arc3Assists,Corner3Assists,AtRimAssists,ShortMidRangeAssists,LongMidRangeAssists,AssistPoints,OffThreePtRebounds,OffTwoPtRebounds,FTOffRebounds,DefThreePtRebounds,DefTwoPtRebounds,FTDefRebounds,DefRebounds,OffRebounds,Rebounds,SelfOReb,Steals,BadPassSteals,LostBallSteals,LiveBallTurnovers,BadPassOutOfBoundsTurnovers,BadPassTurnovers,DeadBallTurnovers,LostBallOutOfBoundsTurnovers,LostBallTurnovers,Travels,Turnovers,SecondChanceTurnovers,PenaltyTurnovers,ShootingFouls,Fouls,Charge Fouls,Loose Ball Fouls,Offensive Fouls,FoulsDrawn,Loose Ball Fouls Drawn,Offensive Fouls Drawn,2pt And 1 Free Throw Trips,TwoPtShootingFoulsDrawn,NonShootingFoulsDrawn,Blocked2s,BlockedAtRim,BlockedShortMidRange,Blocks,RecoveredBlocks,Defensive 3 Seconds Violations,FirstChancePoints,PenaltyPointsExcludingTakeFouls,PenaltyOffPossExcludingTakeFouls,NonShootingPenaltyNonTakeFouls,NonShootingPenaltyNonTakeFoulsDrawn,Period2Fouls2Minutes,Period2Fouls3Minutes,Period3Fouls3Minutes,Period3Fouls4Minutes,Period4Fouls4Minutes,Period4Fouls5Minutes,PeriodOTFouls4Minutes,OnOffRtg,OnDefRtg,Assisted2sPct,NonPutbacksAssisted2sPct,Fg2Pct,SecondChanceFg2Pct,PenaltyFg2Pct,EfgPct,SecondChanceEfgPct,PenaltyEfgPct,TsPct,SecondChanceTsPct,PenaltyTsPct,FG2APctBlocked,AtRimPctBlocked,ShortMidRangePctBlocked,Usage,LiveBallTurnoverPct,DefFTReboundPct,OffFTReboundPct,DefTwoPtReboundPct,OffTwoPtReboundPct,DefThreePtReboundPct,OffThreePtReboundPct,DefFGReboundPct,OffFGReboundPct,OffAtRimReboundPct,OffShortMidRangeReboundPct,OffLongMidRangeReboundPct,OffArc3ReboundPct,OffCorner3ReboundPct,DefAtRimReboundPct,DefShortMidRangeReboundPct,DefLongMidRangeReboundPct,DefArc3ReboundPct,DefCorner3ReboundPct,SelfORebPct,BlocksRecoveredPct,AtRimFrequency,AtRimAccuracy,UnblockedAtRimAccuracy,AtRimPctAssisted,ShortMidRangeFrequency,ShortMidRangeAccuracy,UnblockedShortMidRangeAccuracy,ShortMidRangePctAssisted,LongMidRangeFrequency,SecondChanceAtRimFrequency,SecondChanceAtRimAccuracy,SecondChanceAtRimPctAssisted,PenaltyAtRimFrequency,PenaltyAtRimAccuracy,AtRimFG3AFrequency,ShotQualityAvg,SecondChanceShotQualityAvg,PenaltyShotQualityAvg,ShootingFoulsDrawnPct,TwoPtShootingFoulsDrawnPct,SecondChancePointsPct,PenaltyPointsPct,Avg2ptShotDistance,AtRimOffReboundedPct,ShortMidRangeOffReboundedPct,PenaltyOffPossPct,LongMidRangeFGM,Corner3FGA,Arc3FGM,Arc3FGA,PenaltyArc3FGA,PenaltyFG3A,PtsAssisted3s,NonHeaveArc3FGA,NonHeaveArc3FGM,StepOutOfBoundsTurnovers,Blocked3s,BlockedCorner3,Period1Fouls2Minutes,Assisted3sPct,Fg3Pct,NonHeaveFg3Pct,FG3APct,LongMidRangeAccuracy,UnblockedLongMidRangeAccuracy,LongMidRangePctAssisted,Corner3Frequency,Arc3Frequency,Arc3Accuracy,UnblockedArc3Accuracy,Arc3PctAssisted,PenaltyArc3Frequency,NonHeaveArc3Accuracy,Avg3ptShotDistance,LongMidRangeOffReboundedPct,ThreePtOffReboundedPct,Corner3FGM,PenaltyCorner3FGM,PenaltyCorner3FGA,SecondChanceArc3FGA,PenaltyArc3FGM,SecondChanceFG3A,PenaltyFG3M,PtsUnassisted3s,Fg3aBlocked,Technical Free Throw Trips,BlockedLongMidRange,PenaltyFg3Pct,FG3APctBlocked,Arc3PctBlocked,Corner3Accuracy,UnblockedCorner3Accuracy,Corner3PctAssisted,SecondChanceArc3Frequency,PenaltyCorner3Frequency,PenaltyCorner3Accuracy,PenaltyArc3Accuracy,BlockedArc3,SecondChanceCorner3FGA,LongMidRangePctBlocked,SecondChanceCorner3Frequency,SecondChanceArc3FGM,SecondChanceFG3M,Charge Fouls Drawn,SecondChanceFg3Pct,SecondChanceArc3Accuracy,SecondChanceArc3PctAssisted,SecondChanceCorner3FGM,ThreePtShootingFoulsDrawn,Corner3PctBlocked,SecondChanceCorner3Accuracy,SecondChanceCorner3PctAssisted,ThreePtShootingFoulsDrawnPct,3pt And 1 Free Throw Trips,PeriodOTFouls5Minutes,Stops,adjusted_trueshooting_pct,relative_adjusted_ts_pct
nan,,0,1,2018,6,,,,,,None,,Undrafted,Undrafted,Undrafted,2.833333333333333,0,0,0,0,0,0,0,0,0,0,0,0,0,0,0,0,0,-4,0,0,0.0,101.65,150.0,150.0,-66.7,150.0,83.3,84.71,0.0,83.3,93.18,-66.7,-50.0,101.65,100.0,0.0,0.0,0.0,0.0,,,,,,,,,,,,,,0.0,0.0,0.0,0.0,0.0,0.0,0.0,0.0,0.0,0.0,0.0,0.0,0.0,0.0,,,,,,,,,,,,,,,,,,,,,,,,,,,,,,,,,,,,,,,,,,,,0.0,,0.0,,,,,,,,,,,,,,,,,,,,,,,,,,,,,,,,0.0,,,,,,0.0,,,,,0.0,,,,,,,,,,,0.0,,,,,,,,,,,,,,,,,,,,,,,,,,,,,,,,,,,,,,,,,,,,,,,,,,,,,,,,,,,,,,,,,,,,,,,,,,,,,,,,,,,,,,,,,,,,,,,,,,,,,,,,,,,,,,,,,,,,,,,,,,,,,,,,,,,,,,,,,,,,,,,,,,,,,,,,0.0,,0.0,,
1628327.0,Adaora Elonu,0,1,2018,7,ATL,1611661330.0,29.0,73.0,165.0,Texas A&M,,Undrafted,Undrafted,Undrafted,3.633333333333333,0,0,0,0,1,2,0,0,0,0,0,0,0,0,1,1,1,0,0,0,0.0,92.48,100.0,100.0,0.0,97.2,100.0,77.06,0.0,100.0,86.4,0.0,21.8,92.48,119.0,0.0,0.0,1.0,1.0,394.0,,,,,,,,,,,,,0.0,0.0,0.0,0.5,0.0,0.0,0.0,0.0,0.0,0.568,0.0,0.112,0.0,0.111,,,,,,,,,,,,,,,,,,,,,,,,,,,,,,,,,,,,,,,,,,,,0.0,,0.0,,,,,,,,,,,,,,,,,,,,,,,,,,,,,,,,0.0,,,,,,0.0,,,,,0.0,,,,,,,,,,,0.0,,,,,,,,,,,,,,,,,,,,,,,,,,,,,,,,,,,,,,,,,,,,,,,,,,,,,,,,,,,,,,,,,,,,,,,,,,,,,,,,,,,,,,,,,,,,,,,,,,,,,,,,,,,,,,,,,,,,,,,,,,,,,,,,,,,,,,,,,,,,,,,,,,,,,,,,0.0,,0.0,0.0,0.0
1627672.0,Aerial Powers,4,9,2018,183,WAS,1611661322.0,25.0,72.0,157.0,Michigan State,USA,2016,1,5,90.23833333333332,14,41,0,10,18,18,12,9,21,3,7,3,3,1,11,13,46,5,0,0,1.6,98.14,92.5,92.5,4.2,95.8,96.7,81.78,5.0,96.7,95.63,4.2,2.5,98.14,98.3,4.6,0.43,86.7,82.0,701.0,,,,,,,,,,,,,0.444,0.341,0.0,1.0,11.7,0.101,0.063,0.087,11.9,0.47,0.341,0.27,0.114,0.261,,,,,,,,,,,,,,,,,,,,,,,,,,,,,,,,,,,,,,,,,,,,0.0,,0.0,,,,,,,,,,,,,,,,,,,,,,,,,,,,,,,,0.0,,,,,,0.0,,,,,0.0,,,,,,,,,,,0.0,,,,,,,,,,,,,,,,,,,,,,,,,,,,,,,,,,,,,,,,,,,,,,,,,,,,,,,,,,,,,,,,,,,,,,,,,,,,,,,,,,,,,,,,,,,,,,,,,,,,,,,,,,,,,,,,,,,,,,,,,,,,,,,,,,,,,,,,,,,,,,,,,,,,,,,,0.0,,0.0,0.0,0.0
100949.0,Alana Beard,1,2,2018,105,LAS,1611661320.0,37.0,71.0,160.0,Duke,USA,2004,1,2,53.04166666666666,4,9,0,0,2,2,3,3,6,3,3,3,0,0,5,4,10,-6,0,0,2.0,93.21,99.0,99.0,-9.5,99.3,89.5,77.67,18.8,89.5,92.79,-9.5,-9.2,93.21,90.1,4.5,1.0,27.7,25.0,155.0,,,,,,,,,,,,,0.5,0.444,0.0,1.0,18.8,0.058,0.1,0.063,18.9,0.506,0.444,0.114,0.055,0.11,,,,,,,,,,,,,,,,,,,,,,,,,,,,,,,,,,,,,,,,,,,,0.0,,0.0,,,,,,,,,,,,,,,,,,,,,,,,,,,,,,,,0.0,,,,,,0.0,,,,,0.0,,,,,,,,,,,0.0,,,,,,,,,,,,,,,,,,,,,,,,,,,,,,,,,,,,,,,,,,,,,,,,,,,,,,,,,,,,,,,,,,,,,,,,,,,,,,,,,,,,,,,,,,,,,,,,,,,,,,,,,,,,,,,,,,,,,,,,,,,,,,,,,,,,,,,,,,,,,,,,,,,,,,,,0.0,,0.0,0.0,0.0
203410.0,Alex Bentley,2,5,2018,248,ATL,1611661330.0,28.0,67.0,152.0,Penn State,USA,2013,2,13,120.3,32,72,8,25,6,8,2,8,10,10,14,3,0,2,11,7,78,-15,0,0,6.4,98.95,108.5,108.5,-6.0,107.6,102.4,82.46,10.0,102.4,99.69,-6.0,-5.9,98.95,101.7,14.4,0.71,100.0,112.0,394.0,,,,,,,,,,,,,0.4,0.444,0.32,0.75,14.0,0.038,0.167,0.059,14.1,0.516,0.5,0.327,0.016,0.317,,,,,,,,,,,,,,,,,,,,,,,,,,,,,,,,,,,,,,,,,,,,0.0,,0.0,,,,,,,,,,,,,,,,,,,,,,,,,,,,,,,,0.0,,,,,,0.0,,,,,0.0,,,,,,,,,,,0.0,,,,,,,,,,,,,,,,,,,,,,,,,,,,,,,,,,,,,,,,,,,,,,,,,,,,,,,,,,,,,,,,,,,,,,,,,,,,,,,,,,,,,,,,,,,,,,,,,,,,,,,,,,,,,,,,,,,,,,,,,,,,,,,,,,,,,,,,,,,,,,,,,,,,,,,,0.0,,0.0,0.0,0.0
1628283.0,Alexis Jones,0,1,2018,2,MIN,1611661324.0,25.0,69.0,166.0,Baylor,USA,2017,1,12,0.225,0,0,0,0,0,0,0,0,0,0,1,0,0,0,1,0,0,-2,0,0,0.0,426.67,100.0,100.0,-100.0,227.3,0.0,355.56,0.0,0.0,307.2,-100.0,-227.3,426.67,0.0,0.0,0.0,-1.0,0.0,74.0,,,,,,,,,,,,,0.0,0.0,0.0,0.0,100.0,0.0,0.0,0.0,100.0,0.0,0.0,0.5,0.0,0.5,,,,,,,,,,,,,,,,,,,,,,,,,,,,,,,,,,,,,,,,,,,,0.0,,0.0,,,,,,,,,,,,,,,,,,,,,,,,,,,,,,,,0.0,,,,,,0.0,,,,,0.0,,,,,,,,,,,0.0,,,,,,,,,,,,,,,,,,,,,,,,,,,,,,,,,,,,,,,,,,,,,,,,,,,,,,,,,,,,,,,,,,,,,,,,,,,,,,,,,,,,,,,,,,,,,,,,,,,,,,,,,,,,,,,,,,,,,,,,,,,,,,,,,,,,,,,,,,,,,,,,,,,,,,,,0.0,,0.0,,
1628277.0,Allisha Gray,0,1,2018,70,DAL,1611661321.0,24.0,72.0,167.0,South Carolina,USA,2017,1,4,36.55,0,7,0,4,3,3,2,2,4,1,0,1,0,1,4,2,3,-21,0,0,0.0,92.59,136.6,136.6,-28.0,133.6,108.6,77.15,11.1,108.6,94.24,-28.0,-26.4,92.59,107.2,7.0,0.0,12.3,10.0,76.0,,,,,,,,,,,,,0.0,0.0,0.0,1.0,0.0,0.058,0.036,0.061,0.0,0.18,0.0,0.103,0.056,0.099,,,,,,,,,,,,,,,,,,,,,,,,,,,,,,,,,,,,,,,,,,,,0.0,,0.0,,,,,,,,,,,,,,,,,,,,,,,,,,,,,,,,0.0,,,,,,0.0,,,,,0.0,,,,,,,,,,,0.0,,,,,,,,,,,,,,,,,,,,,,,,,,,,,,,,,,,,,,,,,,,,,,,,,,,,,,,,,,,,,,,,,,,,,,,,,,,,,,,,,,,,,,,,,,,,,,,,,,,,,,,,,,,,,,,,,,,,,,,,,,,,,,,,,,,,,,,,,,,,,,,,,,,,,,,,0.0,,0.0,0.0,0.0
202252.0,Alysha Clark,6,8,2018,545,SEA,1611661328.0,31.0,71.0,167.0,Middle Tennessee,USA,2010,2,17,279.8066666666667,25,50,11,24,7,8,16,31,47,21,5,4,2,1,20,14,68,43,1,0,3.1,93.84,103.5,103.5,8.6,103.3,112.1,78.2,26.3,112.1,94.23,8.6,8.2,93.84,111.4,6.3,4.2,168.9,159.0,634.0,,,,,,,,,,,,,0.75,0.5,0.458,0.875,6.3,0.088,0.104,0.115,6.3,0.635,0.61,0.096,0.061,0.095,,,,,,,,,,,,,,,,,,,,,,,,,,,,,,,,,,,,,,,,,,,,0.0,,0.0,,,,,,,,,,,,,,,,,,,,,,,,,,,,,,,,0.0,,,,,,0.0,,,,,0.0,,,,,,,,,,,0.0,,,,,,,,,,,,,,,,,,,,,,,,,,,,,,,,,,,,,,,,,,,,,,,,,,,,,,,,,,,,,,,,,,,,,,,,,,,,,,,,,,,,,,,,,,,,,,,,,,,,,,,,,,,,,,,,,,,,,,,,,,,,,,,,,,,,,,,,,,,,,,,,,,,,,,,,0.0,,0.0,0.0,0.0
203826.0,Alyssa Thomas,0,1,2018,69,CON,1611661323.0,27.0,74.0,185.0,Maryland,USA,2014,1,4,34.733333333333334,7,13,0,0,3,3,1,2,3,3,1,0,0,2,3,2,17,-8,0,0,7.0,95.36,123.2,123.2,-11.6,127.4,111.6,79.46,16.7,111.6,93.92,-11.6,-16.1,95.36,111.3,13.0,3.0,24.1,23.0,79.0,,,,,,,,,,,,,0.0,0.538,0.0,1.0,5.6,0.046,0.12,0.077,5.5,0.594,0.538,0.198,0.026,0.192,,,,,,,,,,,,,,,,,,,,,,,,,,,,,,,,,,,,,,,,,,,,0.0,,0.0,,,,,,,,,,,,,,,,,,,,,,,,,,,,,,,,0.0,,,,,,0.0,,,,,0.0,,,,,,,,,,,0.0,,,,,,,,,,,,,,,,,,,,,,,,,,,,,,,,,,,,,,,,,,,,,,,,,,,,,,,,,,,,,,,,,,,,,,,,,,,,,,,,,,,,,,,,,,,,,,,,,,,,,,,,,,,,,,,,,,,,,,,,,,,,,,,,,,,,,,,,,,,,,,,,,,,,,,,,0.0,,0.0,0.0,0.0
202657.0,Angel Robinson,2,4,2018,63,PHO,1611661317.0,32.0,78.0,193.0,None,USA,2010,2,20,32.248333333333335,7,11,1,1,2,2,2,4,6,1,2,0,3,2,8,1,17,-20,0,0,1.8,92.28,121.3,121.3,-35.6,115.6,85.7,76.9,6.7,85.7,92.7,-35.6,-26.3,92.28,89.2,2.8,0.5,32.7,31.0,562.0,,,,,,,,,,,,,0.5,0.636,1.0,1.0,13.3,0.09,0.067,0.111,13.4,0.715,0.682,0.212,0.065,0.197,,,,,,,,,,,,,,,,,,,,,,,,,,,,,,,,,,,,,,,,,,,,0.0,,0.0,,,,,,,,,,,,,,,,,,,,,,,,,,,,,,,,0.0,,,,,,0.0,,,,,0.0,,,,,,,,,,,0.0,,,,,,,,,,,,,,,,,,,,,,,,,,,,,,,,,,,,,,,,,,,,,,,,,,,,,,,,,,,,,,,,,,,,,,,,,,,,,,,,,,,,,,,,,,,,,,,,,,,,,,,,,,,,,,,,,,,,,,,,,,,,,,,,,,,,,,,,,,,,,,,,,,,,,,,,0.0,,0.0,0.0,0.0
1628878.0,Ariel Atkins,4,9,2018,487,WAS,1611661322.0,22.0,71.0,160.0,Texas-Austin,USA,2018,1,7,250.77166666666668,47,98,14,33,29,33,14,19,33,17,8,10,1,6,24,32,137,41,0,0,5.2,93.6,103.5,103.5,9.3,103.8,112.7,78.0,12.4,112.7,94.01,9.3,7.6,93.6,111.4,10.9,2.13,227.1,223.0,701.0,,,,,,,,,,,,,0.444,0.48,0.424,0.879,5.8,0.065,0.108,0.075,5.8,0.609,0.551,0.217,0.056,0.213,,,,,,,,,,,,,,,,,,,,,,,,,,,,,,,,,,,,,,,,,,,,0.0,,0.0,,,,,,,,,,,,,,,,,,,,,,,,,,,,,,,,0.0,,,,,,0.0,,,,,0.0,,,,,,,,,,,0.0,,,,,,,,,,,,,,,,,,,,,,,,,,,,,,,,,,,,,,,,,,,,,,,,,,,,,,,,,,,,,,,,,,,,,,,,,,,,,,,,,,,,,,,,,,,,,,,,,,,,,,,,,,,,,,,,,,,,,,,,,,,,,,,,,,,,,,,,,,,,,,,,,,,,,,,,0.0,,0.0,0.0,0.0
1628922.0,Azura Stevens,0,1,2018,24,DAL,1611661321.0,23.0,78.0,180.0,Connecticut,USA,2018,1,6,12.533333333333331,3,3,1,1,0,0,1,1,2,0,0,0,0,0,2,1,7,-10,0,0,3.0,97.66,140.7,140.7,-24.1,164.6,116.7,81.38,0.0,116.7,87.55,-24.1,-41.0,97.66,123.7,3.0,0.0,9.4,10.0,76.0,,,,,,,,,,,,,0.0,1.0,1.0,0.0,0.0,0.105,0.0,0.125,0.0,1.167,1.167,0.117,0.091,0.111,,,,,,,,,,,,,,,,,,,,,,,,,,,,,,,,,,,,,,,,,,,,0.0,,0.0,,,,,,,,,,,,,,,,,,,,,,,,,,,,,,,,0.0,,,,,,0.0,,,,,0.0,,,,,,,,,,,0.0,,,,,,,,,,,,,,,,,,,,,,,,,,,,,,,,,,,,,,,,,,,,,,,,,,,,,,,,,,,,,,,,,,,,,,,,,,,,,,,,,,,,,,,,,,,,,,,,,,,,,,,,,,,,,,,,,,,,,,,,,,,,,,,,,,,,,,,,,,,,,,,,,,,,,,,,0.0,,0.0,0.0,0.0
204355.0,Blake Dietrick,1,3,2018,30,ATL,1611661330.0,25.0,70.0,157.0,Princeton,USA,Undrafted,Undrafted,Undrafted,15.218333333333334,0,1,0,1,0,0,1,3,4,2,0,0,0,0,1,0,0,-3,0,0,0.0,96.2,119.4,119.4,-6.0,115.0,113.3,80.17,66.7,113.3,92.54,-6.0,13.2,96.2,128.2,0.3,0.0,7.8,6.0,394.0,,,,,,,,,,,,,0.333,0.0,0.0,0.0,0.0,0.125,0.154,0.188,0.0,0.0,0.0,0.031,0.063,0.028,,,,,,,,,,,,,,,,,,,,,,,,,,,,,,,,,,,,,,,,,,,,0.0,,0.0,,,,,,,,,,,,,,,,,,,,,,,,,,,,,,,,0.0,,,,,,0.0,,,,,0.0,,,,,,,,,,,0.0,,,,,,,,,,,,,,,,,,,,,,,,,,,,,,,,,,,,,,,,,,,,,,,,,,,,,,,,,,,,,,,,,,,,,,,,,,,,,,,,,,,,,,,,,,,,,,,,,,,,,,,,,,,,,,,,,,,,,,,,,,,,,,,,,,,,,,,,,,,,,,,,,,,,,,,,0.0,,0.0,0.0,0.0
1627668.0,Breanna Stewart,6,8,2018,584,SEA,1611661328.0,24.0,76.0,170.0,Connecticut,USA,2016,1,1,296.6483333333333,70,150,15,36,42,51,9,46,55,20,18,10,7,12,16,42,197,28,1,0,8.8,94.58,105.8,105.8,5.0,105.5,110.8,78.81,9.6,110.8,95.02,5.0,4.5,94.58,110.1,18.8,1.11,326.0,321.0,634.0,,,,,,,,,,,,,0.75,0.467,0.417,0.824,8.7,0.097,0.117,0.164,8.6,0.571,0.517,0.292,0.031,0.28,,,,,,,,,,,,,,,,,,,,,,,,,,,,,,,,,,,,,,,,,,,,0.0,,0.0,,,,,,,,,,,,,,,,,,,,,,,,,,,,,,,,0.0,,,,,,0.0,,,,,0.0,,,,,,,,,,,0.0,,,,,,,,,,,,,,,,,,,,,,,,,,,,,,,,,,,,,,,,,,,,,,,,,,,,,,,,,,,,,,,,,,,,,,,,,,,,,,,,,,,,,,,,,,,,,,,,,,,,,,,,,,,,,,,,,,,,,,,,,,,,,,,,,,,,,,,,,,,,,,,,,,,,,,,,0.0,,0.0,0.0,0.0
201896.0,Briann January,4,7,2018,492,PHO,1611661317.0,32.0,68.0,144.0,Arizona State,USA,2009,1,6,248.16166666666663,19,54,8,29,4,6,5,15,20,26,7,5,0,3,14,14,50,28,0,0,2.7,94.97,105.7,105.7,5.3,104.8,111.0,79.14,29.2,111.0,95.11,5.3,6.9,94.97,111.7,7.7,3.71,121.0,114.0,562.0,,,,,,,,,,,,,0.571,0.352,0.276,0.667,7.9,0.041,0.133,0.059,7.8,0.441,0.426,0.12,0.022,0.116,,,,,,,,,,,,,,,,,,,,,,,,,,,,,,,,,,,,,,,,,,,,0.0,,0.0,,,,,,,,,,,,,,,,,,,,,,,,,,,,,,,,0.0,,,,,,0.0,,,,,0.0,,,,,,,,,,,0.0,,,,,,,,,,,,,,,,,,,,,,,,,,,,,,,,,,,,,,,,,,,,,,,,,,,,,,,,,,,,,,,,,,,,,,,,,,,,,,,,,,,,,,,,,,,,,,,,,,,,,,,,,,,,,,,,,,,,,,,,,,,,,,,,,,,,,,,,,,,,,,,,,,,,,,,,0.0,,0.0,0.0,0.0
203398.0,Brittney Griner,4,7,2018,503,PHO,1611661317.0,28.0,81.0,205.0,Baylor,USA,2013,1,1,255.11666666666667,65,103,0,0,21,28,12,44,56,22,12,5,16,5,28,27,151,42,3,0,9.3,94.64,106.6,106.6,8.3,105.6,114.9,78.87,14.8,114.9,94.68,8.3,10.2,94.64,115.8,14.7,1.83,302.2,271.0,562.0,,,,,,,,,,,,,0.571,0.631,0.0,0.75,8.1,0.115,0.134,0.169,8.0,0.655,0.631,0.233,0.052,0.228,,,,,,,,,,,,,,,,,,,,,,,,,,,,,,,,,,,,,,,,,,,,0.0,,0.0,,,,,,,,,,,,,,,,,,,,,,,,,,,,,,,,0.0,,,,,,0.0,,,,,0.0,,,,,,,,,,,0.0,,,,,,,,,,,,,,,,,,,,,,,,,,,,,,,,,,,,,,,,,,,,,,,,,,,,,,,,,,,,,,,,,,,,,,,,,,,,,,,,,,,,,,,,,,,,,,,,,,,,,,,,,,,,,,,,,,,,,,,,,,,,,,,,,,,,,,,,,,,,,,,,,,,,,,,,0.0,,0.0,0.0,0.0
1628279.0,Brittney Sykes,2,5,2018,273,ATL,1611661330.0,25.0,69.0,155.0,Syracuse,USA,2017,1,7,135.2483333333333,26,55,7,17,4,8,1,17,18,8,9,4,1,3,15,15,63,-21,0,0,5.2,97.24,103.3,103.3,-6.9,103.9,96.3,81.04,10.5,96.3,97.7,-6.9,-9.1,97.24,94.8,11.0,0.89,102.6,106.0,394.0,,,,,,,,,,,,,0.4,0.473,0.412,0.5,11.8,0.059,0.104,0.114,11.9,0.538,0.536,0.211,0.006,0.207,,,,,,,,,,,,,,,,,,,,,,,,,,,,,,,,,,,,,,,,,,,,0.0,,0.0,,,,,,,,,,,,,,,,,,,,,,,,,,,,,,,,0.0,,,,,,0.0,,,,,0.0,,,,,,,,,,,0.0,,,,,,,,,,,,,,,,,,,,,,,,,,,,,,,,,,,,,,,,,,,,,,,,,,,,,,,,,,,,,,,,,,,,,,,,,,,,,,,,,,,,,,,,,,,,,,,,,,,,,,,,,,,,,,,,,,,,,,,,,,,,,,,,,,,,,,,,,,,,,,,,,,,,,,,,0.0,,0.0,0.0,0.0
201067.0,Camille Smith,3,5,2018,126,PHO,1611661317.0,34.0,74.0,180.0,North Carolina,USA,2007,2,17,61.78333333333333,3,10,0,2,1,2,8,6,14,3,2,1,0,2,10,1,7,16,0,0,0.6,97.89,91.3,91.3,12.7,92.4,104.0,81.58,18.8,104.0,95.72,12.7,15.1,97.89,107.5,2.0,1.5,29.3,26.0,562.0,,,,,,,,,,,,,0.6,0.3,0.0,0.5,12.5,0.116,0.063,0.094,12.6,0.322,0.3,0.096,0.14,0.092,,,,,,,,,,,,,,,,,,,,,,,,,,,,,,,,,,,,,,,,,,,,0.0,,0.0,,,,,,,,,,,,,,,,,,,,,,,,,,,,,,,,0.0,,,,,,0.0,,,,,0.0,,,,,,,,,,,0.0,,,,,,,,,,,,,,,,,,,,,,,,,,,,,,,,,,,,,,,,,,,,,,,,,,,,,,,,,,,,,,,,,,,,,,,,,,,,,,,,,,,,,,,,,,,,,,,,,,,,,,,,,,,,,,,,,,,,,,,,,,,,,,,,,,,,,,,,,,,,,,,,,,,,,,,,0.0,,0.0,0.0,0.0
201496.0,Candace Parker,1,2,2018,118,LAS,1611661320.0,33.0,76.0,175.0,Tennessee,USA,2008,1,1,60.90833333333333,8,22,1,4,1,1,4,10,14,6,5,5,0,1,4,4,18,-20,0,0,4.0,91.81,109.6,109.6,-19.7,111.3,89.8,76.51,18.2,89.8,90.12,-19.7,-19.6,91.81,91.7,11.0,1.2,53.8,49.0,155.0,,,,,,,,,,,,,0.5,0.364,0.25,1.0,15.2,0.128,0.194,0.233,15.0,0.401,0.386,0.213,0.061,0.201,,,,,,,,,,,,,,,,,,,,,,,,,,,,,,,,,,,,,,,,,,,,0.0,,0.0,,,,,,,,,,,,,,,,,,,,,,,,,,,,,,,,0.0,,,,,,0.0,,,,,0.0,,,,,,,,,,,0.0,,,,,,,,,,,,,,,,,,,,,,,,,,,,,,,,,,,,,,,,,,,,,,,,,,,,,,,,,,,,,,,,,,,,,,,,,,,,,,,,,,,,,,,,,,,,,,,,,,,,,,,,,,,,,,,,,,,,,,,,,,,,,,,,,,,,,,,,,,,,,,,,,,,,,,,,0.0,,0.0,0.0,0.0
204297.0,Cayla George,0,1,2018,11,DAL,1611661321.0,30.0,76.0,192.0,None,Australia,Undrafted,Undrafted,Undrafted,5.05,2,4,0,0,0,0,0,1,1,0,1,0,0,0,1,0,4,-1,0,0,2.0,104.55,127.3,127.3,-9.1,148.3,118.2,87.13,0.0,118.2,96.0,-9.1,-27.5,104.55,120.8,4.0,0.0,4.2,5.0,76.0,,,,,,,,,,,,,0.0,0.5,0.0,0.0,20.0,0.143,0.0,0.333,20.0,0.5,0.5,0.465,0.0,0.455,,,,,,,,,,,,,,,,,,,,,,,,,,,,,,,,,,,,,,,,,,,,0.0,,0.0,,,,,,,,,,,,,,,,,,,,,,,,,,,,,,,,0.0,,,,,,0.0,,,,,0.0,,,,,,,,,,,0.0,,,,,,,,,,,,,,,,,,,,,,,,,,,,,,,,,,,,,,,,,,,,,,,,,,,,,,,,,,,,,,,,,,,,,,,,,,,,,,,,,,,,,,,,,,,,,,,,,,,,,,,,,,,,,,,,,,,,,,,,,,,,,,,,,,,,,,,,,,,,,,,,,,,,,,,,0.0,,0.0,,
1628508.0,Cecilia Zandalasini,0,1,2018,48,MIN,1611661324.0,23.0,74.0,175.0,None,Italy,Undrafted,Undrafted,Undrafted,25.20833333333333,1,4,1,3,0,0,0,1,1,0,2,1,1,1,2,0,3,-17,0,0,1.0,92.35,108.2,108.2,-33.2,104.7,75.0,76.96,0.0,75.0,95.47,-33.2,-32.1,92.35,72.5,4.0,0.0,8.2,9.0,74.0,,,,,,,,,,,,,0.0,0.25,0.333,0.0,33.3,0.021,0.0,0.045,33.3,0.375,0.375,0.11,0.0,0.107,,,,,,,,,,,,,,,,,,,,,,,,,,,,,,,,,,,,,,,,,,,,0.0,,0.0,,,,,,,,,,,,,,,,,,,,,,,,,,,,,,,,0.0,,,,,,0.0,,,,,0.0,,,,,,,,,,,0.0,,,,,,,,,,,,,,,,,,,,,,,,,,,,,,,,,,,,,,,,,,,,,,,,,,,,,,,,,,,,,,,,,,,,,,,,,,,,,,,,,,,,,,,,,,,,,,,,,,,,,,,,,,,,,,,,,,,,,,,,,,,,,,,,,,,,,,,,,,,,,,,,,,,,,,,,0.0,,0.0,0.0,0.0
203833.0,Chelsea Gray,1,2,2018,125,LAS,1611661320.0,26.0,71.0,170.0,Duke,USA,2014,1,11,63.406666666666666,11,28,6,14,5,6,0,8,8,9,4,0,1,2,3,5,33,-15,0,0,5.5,93.49,108.2,108.2,-14.6,108.8,93.6,77.91,20.5,93.6,92.83,-14.6,-14.3,93.49,94.4,14.0,2.25,55.1,58.0,155.0,,,,,,,,,,,,,0.5,0.393,0.429,0.833,9.1,0.068,0.29,0.157,9.2,0.539,0.5,0.255,0.0,0.248,,,,,,,,,,,,,,,,,,,,,,,,,,,,,,,,,,,,,,,,,,,,0.0,,0.0,,,,,,,,,,,,,,,,,,,,,,,,,,,,,,,,0.0,,,,,,0.0,,,,,0.0,,,,,,,,,,,0.0,,,,,,,,,,,,,,,,,,,,,,,,,,,,,,,,,,,,,,,,,,,,,,,,,,,,,,,,,,,,,,,,,,,,,,,,,,,,,,,,,,,,,,,,,,,,,,,,,,,,,,,,,,,,,,,,,,,,,,,,,,,,,,,,,,,,,,,,,,,,,,,,,,,,,,,,0.0,,0.0,0.0,0.0
203823.0,Chiney Ogwumike,0,1,2018,39,CON,1611661323.0,27.0,76.0,173.0,Stanford,USA,2014,1,1,19.1,1,5,0,0,0,0,0,3,3,1,0,2,0,2,3,1,2,-8,0,0,1.0,99.27,97.5,97.5,-18.0,100.3,79.5,82.72,16.7,79.5,97.41,-18.0,-20.1,99.27,80.2,5.0,0.0,13.1,10.0,79.0,,,,,,,,,,,,,0.0,0.2,0.0,0.0,0.0,0.068,0.091,0.176,0.0,0.2,0.2,0.115,0.0,0.111,,,,,,,,,,,,,,,,,,,,,,,,,,,,,,,,,,,,,,,,,,,,0.0,,0.0,,,,,,,,,,,,,,,,,,,,,,,,,,,,,,,,0.0,,,,,,0.0,,,,,0.0,,,,,,,,,,,0.0,,,,,,,,,,,,,,,,,,,,,,,,,,,,,,,,,,,,,,,,,,,,,,,,,,,,,,,,,,,,,,,,,,,,,,,,,,,,,,,,,,,,,,,,,,,,,,,,,,,,,,,,,,,,,,,,,,,,,,,,,,,,,,,,,,,,,,,,,,,,,,,,,,,,,,,,0.0,,0.0,,
201907.0,Courtney Paris,3,4,2018,27,SEA,1611661328.0,31.0,76.0,250.0,Oklahoma,USA,2009,1,7,15.398333333333332,0,3,0,0,0,0,5,3,8,2,0,0,0,0,4,0,0,4,0,0,0.0,87.28,62.1,62.1,19.4,73.1,81.5,72.74,40.0,81.5,77.18,19.4,15.4,87.28,88.4,0.8,0.0,12.6,10.0,634.0,,,,,,,,,,,,,0.75,0.0,0.0,0.0,0.0,0.229,0.222,0.2,0.0,0.0,0.0,0.086,0.25,0.081,,,,,,,,,,,,,,,,,,,,,,,,,,,,,,,,,,,,,,,,,,,,0.0,,0.0,,,,,,,,,,,,,,,,,,,,,,,,,,,,,,,,0.0,,,,,,0.0,,,,,0.0,,,,,,,,,,,0.0,,,,,,,,,,,,,,,,,,,,,,,,,,,,,,,,,,,,,,,,,,,,,,,,,,,,,,,,,,,,,,,,,,,,,,,,,,,,,,,,,,,,,,,,,,,,,,,,,,,,,,,,,,,,,,,,,,,,,,,,,,,,,,,,,,,,,,,,,,,,,,,,,,,,,,,,0.0,,0.0,,
1627675.0,Courtney Williams,0,1,2018,66,CON,1611661323.0,25.0,68.0,136.0,South Florida,USA,2016,1,8,32.8,11,23,4,5,1,3,3,5,8,3,1,0,0,2,3,2,27,-12,0,0,11.0,96.59,133.3,133.3,-18.2,138.1,115.2,80.49,10.7,115.2,94.89,-18.2,-22.9,96.59,115.2,23.0,3.0,40.1,42.0,79.0,,,,,,,,,,,,,0.0,0.478,0.8,0.333,3.6,0.133,0.158,0.208,3.5,0.555,0.565,0.347,0.083,0.338,,,,,,,,,,,,,,,,,,,,,,,,,,,,,,,,,,,,,,,,,,,,0.0,,0.0,,,,,,,,,,,,,,,,,,,,,,,,,,,,,,,,0.0,,,,,,0.0,,,,,0.0,,,,,,,,,,,0.0,,,,,,,,,,,,,,,,,,,,,,,,,,,,,,,,,,,,,,,,,,,,,,,,,,,,,,,,,,,,,,,,,,,,,,,,,,,,,,,,,,,,,,,,,,,,,,,,,,,,,,,,,,,,,,,,,,,,,,,,,,,,,,,,,,,,,,,,,,,,,,,,,,,,,,,,0.0,,0.0,0.0,0.0
201518.0,Crystal Langhorne,6,8,2018,162,SEA,1611661328.0,32.0,74.0,185.0,Maryland,USA,2008,1,6,82.79,13,25,0,1,4,8,5,18,23,4,2,1,1,3,7,7,30,-26,0,0,1.6,94.79,105.5,105.5,-14.1,107.6,91.4,79.0,11.4,91.4,93.02,-14.1,-14.6,94.79,93.0,3.1,2.0,67.6,61.0,634.0,,,,,,,,,,,,,0.75,0.52,0.0,0.5,5.7,0.14,0.087,0.247,5.8,0.526,0.52,0.17,0.055,0.165,,,,,,,,,,,,,,,,,,,,,,,,,,,,,,,,,,,,,,,,,,,,0.0,,0.0,,,,,,,,,,,,,,,,,,,,,,,,,,,,,,,,0.0,,,,,,0.0,,,,,0.0,,,,,,,,,,,0.0,,,,,,,,,,,,,,,,,,,,,,,,,,,,,,,,,,,,,,,,,,,,,,,,,,,,,,,,,,,,,,,,,,,,,,,,,,,,,,,,,,,,,,,,,,,,,,,,,,,,,,,,,,,,,,,,,,,,,,,,,,,,,,,,,,,,,,,,,,,,,,,,,,,,,,,,0.0,,0.0,0.0,0.0
201886.0,DeWanna Bonner,4,7,2018,536,PHO,1611661317.0,31.0,76.0,143.0,Auburn,USA,2009,1,5,270.31666666666666,68,127,12,39,20,22,9,69,78,17,15,11,6,10,17,23,168,36,4,0,9.7,94.91,106.0,106.0,6.1,104.4,112.1,79.09,10.2,112.1,95.54,6.1,8.0,94.91,112.4,18.1,1.13,323.1,309.0,562.0,,,,,,,,,,,,,0.571,0.535,0.308,0.909,9.0,0.148,0.101,0.242,8.9,0.615,0.583,0.259,0.037,0.251,,,,,,,,,,,,,,,,,,,,,,,,,,,,,,,,,,,,,,,,,,,,0.0,,0.0,,,,,,,,,,,,,,,,,,,,,,,,,,,,,,,,0.0,,,,,,0.0,,,,,0.0,,,,,,,,,,,0.0,,,,,,,,,,,,,,,,,,,,,,,,,,,,,,,,,,,,,,,,,,,,,,,,,,,,,,,,,,,,,,,,,,,,,,,,,,,,,,,,,,,,,,,,,,,,,,,,,,,,,,,,,,,,,,,,,,,,,,,,,,,,,,,,,,,,,,,,,,,,,,,,,,,,,,,,0.0,,0.0,0.0,0.0
203016.0,Devereaux Peters,1,2,2018,25,PHO,1611661317.0,29.0,74.0,174.0,Notre Dame,USA,2012,1,3,12.55,1,4,0,0,0,0,0,2,2,0,1,1,1,0,1,1,2,-2,0,0,0.5,91.79,117.4,117.4,-17.4,116.0,100.0,76.49,0.0,100.0,88.27,-17.4,-6.7,91.79,109.3,2.0,0.0,9.4,8.0,562.0,,,,,,,,,,,,,0.5,0.25,0.0,0.0,20.0,0.105,0.0,0.25,20.0,0.25,0.25,0.193,0.0,0.172,,,,,,,,,,,,,,,,,,,,,,,,,,,,,,,,,,,,,,,,,,,,0.0,,0.0,,,,,,,,,,,,,,,,,,,,,,,,,,,,,,,,0.0,,,,,,0.0,,,,,0.0,,,,,,,,,,,0.0,,,,,,,,,,,,,,,,,,,,,,,,,,,,,,,,,,,,,,,,,,,,,,,,,,,,,,,,,,,,,,,,,,,,,,,,,,,,,,,,,,,,,,,,,,,,,,,,,,,,,,,,,,,,,,,,,,,,,,,,,,,,,,,,,,,,,,,,,,,,,,,,,,,,,,,,0.0,,0.0,,
100940.0,Diana Taurasi,4,7,2018,491,PHO,1611661317.0,37.0,72.0,163.0,Connecticut,USA,2004,1,1,247.11333333333332,51,107,26,62,19,22,3,28,31,42,16,6,4,1,22,35,147,45,1,0,7.3,95.28,107.1,107.1,8.9,105.2,116.1,79.4,24.1,116.1,96.17,8.9,10.8,95.28,116.0,15.3,2.63,261.2,266.0,562.0,,,,,,,,,,,,,0.571,0.477,0.419,0.864,9.2,0.066,0.243,0.111,9.2,0.63,0.598,0.247,0.014,0.242,,,,,,,,,,,,,,,,,,,,,,,,,,,,,,,,,,,,,,,,,,,,0.0,,0.0,,,,,,,,,,,,,,,,,,,,,,,,,,,,,,,,0.0,,,,,,0.0,,,,,0.0,,,,,,,,,,,0.0,,,,,,,,,,,,,,,,,,,,,,,,,,,,,,,,,,,,,,,,,,,,,,,,,,,,,,,,,,,,,,,,,,,,,,,,,,,,,,,,,,,,,,,,,,,,,,,,,,,,,,,,,,,,,,,,,,,,,,,,,,,,,,,,,,,,,,,,,,,,,,,,,,,,,,,,0.0,,0.0,0.0,0.0
203399.0,Elena Delle Donne,4,8,2018,540,WAS,1611661322.0,29.0,77.0,187.0,Delaware,USA,2013,1,2,276.005,58,128,9,26,32,32,20,56,76,23,14,5,7,9,15,32,157,34,5,0,7.3,94.0,103.1,103.1,6.5,102.0,109.6,78.33,12.8,109.6,95.06,6.5,6.4,94.0,108.4,16.0,1.64,304.7,289.0,701.0,,,,,,,,,,,,,0.5,0.453,0.346,1.0,7.8,0.135,0.144,0.196,7.8,0.553,0.488,0.258,0.072,0.254,,,,,,,,,,,,,,,,,,,,,,,,,,,,,,,,,,,,,,,,,,,,0.0,,0.0,,,,,,,,,,,,,,,,,,,,,,,,,,,,,,,,0.0,,,,,,0.0,,,,,0.0,,,,,,,,,,,0.0,,,,,,,,,,,,,,,,,,,,,,,,,,,,,,,,,,,,,,,,,,,,,,,,,,,,,,,,,,,,,,,,,,,,,,,,,,,,,,,,,,,,,,,,,,,,,,,,,,,,,,,,,,,,,,,,,,,,,,,,,,,,,,,,,,,,,,,,,,,,,,,,,,,,,,,,0.0,,0.0,0.0,0.0
204322.0,Elizabeth Williams,2,5,2018,313,ATL,1611661330.0,26.0,75.0,199.0,Duke,United Kingdom,2015,1,4,156.70166666666665,24,47,0,0,6,11,17,27,44,5,5,3,6,9,12,11,54,-21,2,0,4.8,96.49,104.1,104.1,-5.4,105.9,98.7,80.41,8.1,98.7,97.07,-5.4,-10.0,96.49,95.9,9.4,1.0,136.3,121.0,394.0,,,,,,,,,,,,,0.4,0.511,0.0,0.545,8.1,0.128,0.053,0.167,8.1,0.521,0.511,0.154,0.094,0.152,,,,,,,,,,,,,,,,,,,,,,,,,,,,,,,,,,,,,,,,,,,,0.0,,0.0,,,,,,,,,,,,,,,,,,,,,,,,,,,,,,,,0.0,,,,,,0.0,,,,,0.0,,,,,,,,,,,0.0,,,,,,,,,,,,,,,,,,,,,,,,,,,,,,,,,,,,,,,,,,,,,,,,,,,,,,,,,,,,,,,,,,,,,,,,,,,,,,,,,,,,,,,,,,,,,,,,,,,,,,,,,,,,,,,,,,,,,,,,,,,,,,,,,,,,,,,,,,,,,,,,,,,,,,,,0.0,,0.0,0.0,0.0
201502.0,Essence Carson,1,2,2018,72,LAS,1611661320.0,32.0,72.0,163.0,Rutgers,USA,2008,1,7,35.81,3,13,1,7,1,2,1,3,4,4,1,1,1,0,1,2,8,-18,0,0,1.5,93.83,108.8,108.8,-31.0,110.9,77.8,78.19,21.1,77.8,89.51,-31.0,-27.1,93.83,83.8,6.5,4.0,23.8,21.0,155.0,,,,,,,,,,,,,0.5,0.231,0.143,0.5,5.3,0.059,0.211,0.111,5.3,0.288,0.269,0.202,0.024,0.185,,,,,,,,,,,,,,,,,,,,,,,,,,,,,,,,,,,,,,,,,,,,0.0,,0.0,,,,,,,,,,,,,,,,,,,,,,,,,,,,,,,,0.0,,,,,,0.0,,,,,0.0,,,,,,,,,,,0.0,,,,,,,,,,,,,,,,,,,,,,,,,,,,,,,,,,,,,,,,,,,,,,,,,,,,,,,,,,,,,,,,,,,,,,,,,,,,,,,,,,,,,,,,,,,,,,,,,,,,,,,,,,,,,,,,,,,,,,,,,,,,,,,,,,,,,,,,,,,,,,,,,,,,,,,,0.0,,0.0,0.0,0.0
203017.0,Glory Johnson,0,1,2018,45,DAL,1611661321.0,28.0,75.0,170.0,Tennessee,USA,2012,1,4,22.066666666666663,3,6,1,3,0,0,2,3,5,2,1,1,0,0,0,1,7,-2,0,0,3.0,96.8,122.7,122.7,-7.2,124.1,115.6,80.66,22.2,115.6,95.14,-7.2,-5.8,96.8,118.3,6.0,2.0,18.0,17.0,76.0,,,,,,,,,,,,,0.0,0.5,0.333,0.0,11.1,0.122,0.111,0.158,11.1,0.583,0.583,0.14,0.091,0.137,,,,,,,,,,,,,,,,,,,,,,,,,,,,,,,,,,,,,,,,,,,,0.0,,0.0,,,,,,,,,,,,,,,,,,,,,,,,,,,,,,,,0.0,,,,,,0.0,,,,,0.0,,,,,,,,,,,0.0,,,,,,,,,,,,,,,,,,,,,,,,,,,,,,,,,,,,,,,,,,,,,,,,,,,,,,,,,,,,,,,,,,,,,,,,,,,,,,,,,,,,,,,,,,,,,,,,,,,,,,,,,,,,,,,,,,,,,,,,,,,,,,,,,,,,,,,,,,,,,,,,,,,,,,,,0.0,,0.0,0.0,0.0
1627677.0,Imani McGee-Stafford,2,4,2018,43,ATL,1611661330.0,24.0,79.0,200.0,Texas,USA,2016,1,10,23.05,2,6,0,0,1,2,4,4,8,0,0,0,1,1,2,1,5,6,0,0,0.5,93.71,91.5,91.5,22.5,92.9,114.0,78.09,0.0,114.0,91.17,22.5,25.8,93.71,118.7,1.5,0.0,17.6,15.0,394.0,,,,,,,,,,,,,0.5,0.333,0.0,0.5,0.0,0.157,0.0,0.129,0.0,0.363,0.333,0.146,0.2,0.14,,,,,,,,,,,,,,,,,,,,,,,,,,,,,,,,,,,,,,,,,,,,0.0,,0.0,,,,,,,,,,,,,,,,,,,,,,,,,,,,,,,,0.0,,,,,,0.0,,,,,0.0,,,,,,,,,,,0.0,,,,,,,,,,,,,,,,,,,,,,,,,,,,,,,,,,,,,,,,,,,,,,,,,,,,,,,,,,,,,,,,,,,,,,,,,,,,,,,,,,,,,,,,,,,,,,,,,,,,,,,,,,,,,,,,,,,,,,,,,,,,,,,,,,,,,,,,,,,,,,,,,,,,,,,,0.0,,0.0,0.0,0.0
202650.0,Jantel Lavender,1,2,2018,64,LAS,1611661320.0,30.0,76.0,185.0,Ohio State,USA,2011,1,5,32.05,5,10,1,2,0,0,2,4,6,1,2,0,2,1,1,0,11,-6,0,0,2.5,95.1,93.7,93.7,-10.8,94.1,82.8,79.25,7.7,82.8,94.68,-10.8,-10.9,95.1,83.2,5.0,0.5,23.7,23.0,155.0,,,,,,,,,,,,,0.5,0.5,0.5,0.0,15.4,0.088,0.071,0.125,15.4,0.55,0.55,0.177,0.056,0.167,,,,,,,,,,,,,,,,,,,,,,,,,,,,,,,,,,,,,,,,,,,,0.0,,0.0,,,,,,,,,,,,,,,,,,,,,,,,,,,,,,,,0.0,,,,,,0.0,,,,,0.0,,,,,,,,,,,0.0,,,,,,,,,,,,,,,,,,,,,,,,,,,,,,,,,,,,,,,,,,,,,,,,,,,,,,,,,,,,,,,,,,,,,,,,,,,,,,,,,,,,,,,,,,,,,,,,,,,,,,,,,,,,,,,,,,,,,,,,,,,,,,,,,,,,,,,,,,,,,,,,,,,,,,,,0.0,,0.0,0.0,0.0
202662.0,Jasmine Thomas,0,1,2018,70,CON,1611661323.0,29.0,69.0,145.0,Duke,USA,2011,1,12,35.13333333333333,5,14,2,4,2,2,1,4,5,2,2,1,1,0,2,4,14,-13,0,0,5.0,97.0,122.2,122.2,-15.1,124.4,107.1,80.83,10.5,107.1,96.1,-15.1,-17.2,97.0,107.2,14.0,1.0,27.0,27.0,79.0,,,,,,,,,,,,,0.0,0.357,0.5,1.0,10.5,0.074,0.08,0.143,10.6,0.47,0.429,0.217,0.025,0.215,,,,,,,,,,,,,,,,,,,,,,,,,,,,,,,,,,,,,,,,,,,,0.0,,0.0,,,,,,,,,,,,,,,,,,,,,,,,,,,,,,,,0.0,,,,,,0.0,,,,,0.0,,,,,,,,,,,0.0,,,,,,,,,,,,,,,,,,,,,,,,,,,,,,,,,,,,,,,,,,,,,,,,,,,,,,,,,,,,,,,,,,,,,,,,,,,,,,,,,,,,,,,,,,,,,,,,,,,,,,,,,,,,,,,,,,,,,,,,,,,,,,,,,,,,,,,,,,,,,,,,,,,,,,,,0.0,,0.0,0.0,0.0
202638.0,Jessica Breland,2,5,2018,304,ATL,1611661330.0,31.0,75.0,164.0,North Carolina,USA,2011,2,13,155.21833333333333,20,54,0,1,5,6,14,40,54,14,8,4,14,3,18,3,45,-10,1,0,4.0,94.78,103.6,103.6,-1.6,103.2,102.0,78.99,17.7,102.0,96.14,-1.6,-3.7,94.78,99.5,10.8,1.75,176.8,149.0,394.0,,,,,,,,,,,,,0.4,0.37,0.0,0.833,10.1,0.158,0.136,0.234,10.2,0.397,0.37,0.18,0.082,0.177,,,,,,,,,,,,,,,,,,,,,,,,,,,,,,,,,,,,,,,,,,,,0.0,,0.0,,,,,,,,,,,,,,,,,,,,,,,,,,,,,,,,0.0,,,,,,0.0,,,,,0.0,,,,,,,,,,,0.0,,,,,,,,,,,,,,,,,,,,,,,,,,,,,,,,,,,,,,,,,,,,,,,,,,,,,,,,,,,,,,,,,,,,,,,,,,,,,,,,,,,,,,,,,,,,,,,,,,,,,,,,,,,,,,,,,,,,,,,,,,,,,,,,,,,,,,,,,,,,,,,,,,,,,,,,0.0,,0.0,0.0,0.0
204319.0,Jewell Loyd,6,8,2018,492,SEA,1611661328.0,25.0,70.0,148.0,Notre Dame,USA,2015,1,1,250.22,34,90,7,29,22,29,5,35,40,26,15,6,3,6,18,35,97,26,0,0,4.3,94.38,102.0,102.0,5.3,102.7,107.3,78.65,17.9,107.3,94.05,5.3,4.7,94.38,107.4,11.3,1.73,196.0,188.0,634.0,,,,,,,,,,,,,0.75,0.378,0.241,0.759,10.3,0.08,0.159,0.142,10.4,0.472,0.417,0.214,0.02,0.21,,,,,,,,,,,,,,,,,,,,,,,,,,,,,,,,,,,,,,,,,,,,0.0,,0.0,,,,,,,,,,,,,,,,,,,,,,,,,,,,,,,,0.0,,,,,,0.0,,,,,0.0,,,,,,,,,,,0.0,,,,,,,,,,,,,,,,,,,,,,,,,,,,,,,,,,,,,,,,,,,,,,,,,,,,,,,,,,,,,,,,,,,,,,,,,,,,,,,,,,,,,,,,,,,,,,,,,,,,,,,,,,,,,,,,,,,,,,,,,,,,,,,,,,,,,,,,,,,,,,,,,,,,,,,,0.0,,0.0,0.0,0.0
1627673.0,Jonquel Jones,0,1,2018,50,CON,1611661323.0,25.0,78.0,190.0,George Washington,Bahamas,2016,1,6,26.166666666666668,6,9,0,2,1,1,2,5,7,7,0,0,0,0,2,2,13,-4,0,0,6.0,93.55,130.8,130.8,-2.8,136.4,128.0,77.96,43.8,128.0,93.48,-2.8,-13.5,93.55,122.9,9.0,0.0,31.9,27.0,79.0,,,,,,,,,,,,,0.0,0.667,0.0,1.0,0.0,0.143,0.35,0.217,0.0,0.689,0.667,0.165,0.077,0.158,,,,,,,,,,,,,,,,,,,,,,,,,,,,,,,,,,,,,,,,,,,,0.0,,0.0,,,,,,,,,,,,,,,,,,,,,,,,,,,,,,,,0.0,,,,,,0.0,,,,,0.0,,,,,,,,,,,0.0,,,,,,,,,,,,,,,,,,,,,,,,,,,,,,,,,,,,,,,,,,,,,,,,,,,,,,,,,,,,,,,,,,,,,,,,,,,,,,,,,,,,,,,,,,,,,,,,,,,,,,,,,,,,,,,,,,,,,,,,,,,,,,,,,,,,,,,,,,,,,,,,,,,,,,,,0.0,,0.0,0.0,0.0
1628886.0,Jordin Canada,6,8,2018,221,SEA,1611661328.0,23.0,66.0,,UCLA,USA,2018,1,5,108.63666666666668,21,44,4,11,3,5,1,8,9,18,12,3,0,1,7,6,49,-27,0,0,2.6,98.31,98.2,98.2,-10.9,99.1,87.3,81.92,23.7,87.3,96.78,-10.9,-9.8,98.31,89.3,5.5,1.5,83.8,86.0,634.0,,,,,,,,,,,,,0.75,0.477,0.364,0.6,15.8,0.041,0.321,0.076,15.7,0.53,0.523,0.245,0.009,0.231,,,,,,,,,,,,,,,,,,,,,,,,,,,,,,,,,,,,,,,,,,,,0.0,,0.0,,,,,,,,,,,,,,,,,,,,,,,,,,,,,,,,0.0,,,,,,0.0,,,,,0.0,,,,,,,,,,,0.0,,,,,,,,,,,,,,,,,,,,,,,,,,,,,,,,,,,,,,,,,,,,,,,,,,,,,,,,,,,,,,,,,,,,,,,,,,,,,,,,,,,,,,,,,,,,,,,,,,,,,,,,,,,,,,,,,,,,,,,,,,,,,,,,,,,,,,,,,,,,,,,,,,,,,,,,0.0,,0.0,0.0,0.0
204321.0,Kaleena Mosqueda-Lewis,4,6,2018,51,SEA,1611661328.0,25.0,71.0,180.0,Connecticut,USA,2015,1,3,25.596666666666668,1,7,0,5,2,2,1,3,4,0,1,1,0,1,2,1,4,-15,0,0,0.2,95.64,102.0,102.0,-29.4,112.1,72.5,79.7,0.0,72.5,88.59,-29.4,-35.1,95.64,77.0,1.2,0.0,10.8,10.0,634.0,,,,,,,,,,,,,0.667,0.143,0.0,1.0,11.1,0.075,0.0,0.136,11.3,0.254,0.143,0.156,0.032,0.145,,,,,,,,,,,,,,,,,,,,,,,,,,,,,,,,,,,,,,,,,,,,0.0,,0.0,,,,,,,,,,,,,,,,,,,,,,,,,,,,,,,,0.0,,,,,,0.0,,,,,0.0,,,,,,,,,,,0.0,,,,,,,,,,,,,,,,,,,,,,,,,,,,,,,,,,,,,,,,,,,,,,,,,,,,,,,,,,,,,,,,,,,,,,,,,,,,,,,,,,,,,,,,,,,,,,,,,,,,,,,,,,,,,,,,,,,,,,,,,,,,,,,,,,,,,,,,,,,,,,,,,,,,,,,,0.0,,0.0,0.0,0.0
1628317.0,Karlie Samuelson,0,1,2018,6,LAS,1611661320.0,24.0,72.0,,Stanford,USA,Undrafted,Undrafted,Undrafted,2.5,0,0,0,0,0,0,0,1,1,0,0,0,0,0,0,0,0,-2,0,0,0.0,105.6,140.0,140.0,-56.7,140.0,83.3,88.0,0.0,83.3,96.0,-56.7,-40.0,105.6,100.0,0.0,0.0,1.2,1.0,155.0,,,,,,,,,,,,,0.0,0.0,0.0,0.0,0.0,0.25,0.0,0.5,0.0,0.0,0.0,0.0,0.0,0.0,,,,,,,,,,,,,,,,,,,,,,,,,,,,,,,,,,,,,,,,,,,,0.0,,0.0,,,,,,,,,,,,,,,,,,,,,,,,,,,,,,,,0.0,,,,,,0.0,,,,,0.0,,,,,,,,,,,0.0,,,,,,,,,,,,,,,,,,,,,,,,,,,,,,,,,,,,,,,,,,,,,,,,,,,,,,,,,,,,,,,,,,,,,,,,,,,,,,,,,,,,,,,,,,,,,,,,,,,,,,,,,,,,,,,,,,,,,,,,,,,,,,,,,,,,,,,,,,,,,,,,,,,,,,,,0.0,,0.0,,
203866.0,Kayla Thornton,0,1,2018,56,DAL,1611661321.0,26.0,73.0,190.0,Texas-El Paso,USA,Undrafted,Undrafted,Undrafted,29.53333333333333,4,7,0,2,0,0,0,3,3,0,0,0,0,0,4,0,8,-21,0,0,4.0,92.64,129.3,129.3,-32.9,130.4,96.4,77.2,0.0,96.4,91.93,-32.9,-33.3,92.64,97.1,7.0,0.0,11.6,11.0,76.0,,,,,,,,,,,,,0.0,0.571,0.0,0.0,0.0,0.055,0.0,0.107,0.0,0.571,0.571,0.11,0.0,0.108,,,,,,,,,,,,,,,,,,,,,,,,,,,,,,,,,,,,,,,,,,,,0.0,,0.0,,,,,,,,,,,,,,,,,,,,,,,,,,,,,,,,0.0,,,,,,0.0,,,,,0.0,,,,,,,,,,,0.0,,,,,,,,,,,,,,,,,,,,,,,,,,,,,,,,,,,,,,,,,,,,,,,,,,,,,,,,,,,,,,,,,,,,,,,,,,,,,,,,,,,,,,,,,,,,,,,,,,,,,,,,,,,,,,,,,,,,,,,,,,,,,,,,,,,,,,,,,,,,,,,,,,,,,,,,0.0,,0.0,0.0,0.0
201911.0,Kristi Toliver,4,9,2018,649,WAS,1611661322.0,32.0,67.0,130.0,Maryland,USA,2009,1,3,330.34166666666664,47,121,15,64,16,19,4,19,23,40,21,10,0,7,16,22,125,7,0,0,5.2,93.94,104.5,104.5,0.3,102.9,104.8,78.28,20.9,104.8,95.01,0.3,1.1,93.94,104.0,13.4,1.9,221.6,223.0,701.0,,,,,,,,,,,,,0.444,0.388,0.234,0.842,11.0,0.034,0.198,0.055,11.0,0.483,0.45,0.207,0.012,0.203,,,,,,,,,,,,,,,,,,,,,,,,,,,,,,,,,,,,,,,,,,,,0.0,,0.0,,,,,,,,,,,,,,,,,,,,,,,,,,,,,,,,0.0,,,,,,0.0,,,,,0.0,,,,,,,,,,,0.0,,,,,,,,,,,,,,,,,,,,,,,,,,,,,,,,,,,,,,,,,,,,,,,,,,,,,,,,,,,,,,,,,,,,,,,,,,,,,,,,,,,,,,,,,,,,,,,,,,,,,,,,,,,,,,,,,,,,,,,,,,,,,,,,,,,,,,,,,,,,,,,,,,,,,,,,0.0,,0.0,0.0,0.0
202663.0,Krystal Thomas,1,3,2018,13,WAS,1611661322.0,30.0,77.0,210.0,Duke,USA,2011,3,36,7.116666666666666,0,2,0,0,0,0,0,4,4,1,0,0,0,0,0,0,0,3,0,0,0.0,94.43,80.0,80.0,35.4,102.0,115.4,78.69,33.3,115.4,81.88,35.4,17.8,94.43,119.8,0.7,0.0,6.3,5.0,701.0,,,,,,,,,,,,,0.333,0.0,0.0,0.0,0.0,0.308,0.25,0.667,0.0,0.0,0.0,0.138,0.0,0.133,,,,,,,,,,,,,,,,,,,,,,,,,,,,,,,,,,,,,,,,,,,,0.0,,0.0,,,,,,,,,,,,,,,,,,,,,,,,,,,,,,,,0.0,,,,,,0.0,,,,,0.0,,,,,,,,,,,0.0,,,,,,,,,,,,,,,,,,,,,,,,,,,,,,,,,,,,,,,,,,,,,,,,,,,,,,,,,,,,,,,,,,,,,,,,,,,,,,,,,,,,,,,,,,,,,,,,,,,,,,,,,,,,,,,,,,,,,,,,,,,,,,,,,,,,,,,,,,,,,,,,,,,,,,,,0.0,,0.0,,
201506.0,LaToya Sanders,4,9,2018,457,WAS,1611661322.0,32.0,75.0,170.0,North Carolina,USA,2008,1,13,238.4833333333333,27,58,0,0,15,19,16,36,52,20,5,11,23,5,26,21,69,-24,0,0,3.0,92.28,106.1,106.1,-4.6,105.6,101.5,76.9,22.0,101.5,92.91,-4.6,-4.9,92.28,100.7,6.4,4.0,258.4,209.0,701.0,,,,,,,,,,,,,0.444,0.466,0.0,0.789,5.5,0.105,0.14,0.145,5.5,0.52,0.466,0.138,0.065,0.134,,,,,,,,,,,,,,,,,,,,,,,,,,,,,,,,,,,,,,,,,,,,0.0,,0.0,,,,,,,,,,,,,,,,,,,,,,,,,,,,,,,,0.0,,,,,,0.0,,,,,0.0,,,,,,,,,,,0.0,,,,,,,,,,,,,,,,,,,,,,,,,,,,,,,,,,,,,,,,,,,,,,,,,,,,,,,,,,,,,,,,,,,,,,,,,,,,,,,,,,,,,,,,,,,,,,,,,,,,,,,,,,,,,,,,,,,,,,,,,,,,,,,,,,,,,,,,,,,,,,,,,,,,,,,,0.0,,0.0,0.0,0.0
203406.0,Layshia Clarendon,0,1,2018,19,CON,1611661323.0,28.0,69.0,158.0,California,USA,2013,1,9,10.1,1,2,0,0,0,0,0,0,0,0,0,1,0,1,0,1,2,2,0,0,1.0,87.92,111.1,111.1,4.7,111.1,115.8,73.27,0.0,115.8,90.77,4.7,-2.2,87.92,108.9,2.0,0.0,5.0,4.0,79.0,,,,,,,,,,,,,0.0,0.5,0.0,0.0,0.0,0.0,0.0,0.0,0.0,0.5,0.5,0.09,0.0,0.091,,,,,,,,,,,,,,,,,,,,,,,,,,,,,,,,,,,,,,,,,,,,0.0,,0.0,,,,,,,,,,,,,,,,,,,,,,,,,,,,,,,,0.0,,,,,,0.0,,,,,0.0,,,,,,,,,,,0.0,,,,,,,,,,,,,,,,,,,,,,,,,,,,,,,,,,,,,,,,,,,,,,,,,,,,,,,,,,,,,,,,,,,,,,,,,,,,,,,,,,,,,,,,,,,,,,,,,,,,,,,,,,,,,,,,,,,,,,,,,,,,,,,,,,,,,,,,,,,,,,,,,,,,,,,,0.0,,0.0,,
201507.0,Leilani Mitchell,4,7,2018,99,PHO,1611661317.0,34.0,65.0,138.0,Utah,USA,2008,2,25,48.77333333333333,6,14,0,5,0,0,1,1,2,6,3,1,1,1,1,2,12,-15,0,0,0.9,96.45,107.2,107.2,-17.3,109.3,89.9,80.37,26.1,89.9,93.32,-17.3,-15.1,96.45,94.2,2.0,2.0,26.4,24.0,562.0,,,,,,,,,,,,,0.571,0.429,0.0,0.0,13.0,0.02,0.2,0.018,13.0,0.429,0.429,0.164,0.021,0.15,,,,,,,,,,,,,,,,,,,,,,,,,,,,,,,,,,,,,,,,,,,,0.0,,0.0,,,,,,,,,,,,,,,,,,,,,,,,,,,,,,,,0.0,,,,,,0.0,,,,,0.0,,,,,,,,,,,0.0,,,,,,,,,,,,,,,,,,,,,,,,,,,,,,,,,,,,,,,,,,,,,,,,,,,,,,,,,,,,,,,,,,,,,,,,,,,,,,,,,,,,,,,,,,,,,,,,,,,,,,,,,,,,,,,,,,,,,,,,,,,,,,,,,,,,,,,,,,,,,,,,,,,,,,,,0.0,,0.0,0.0,0.0
1628285.0,Leticia Romero,0,1,2018,5,DAL,1611661321.0,24.0,68.0,143.0,Florida State,Spain,2017,2,16,2.4166666666666665,0,0,0,0,2,2,0,0,0,0,0,0,0,0,0,1,2,2,0,0,0.0,99.31,80.0,80.0,40.0,100.0,120.0,82.76,0.0,120.0,88.19,40.0,23.0,99.31,123.0,0.0,0.0,2.0,2.0,76.0,,,,,,,,,,,,,0.0,0.0,0.0,1.0,0.0,0.0,0.0,0.0,0.0,1.136,0.0,0.18,0.0,0.2,,,,,,,,,,,,,,,,,,,,,,,,,,,,,,,,,,,,,,,,,,,,0.0,,0.0,,,,,,,,,,,,,,,,,,,,,,,,,,,,,,,,0.0,,,,,,0.0,,,,,0.0,,,,,,,,,,,0.0,,,,,,,,,,,,,,,,,,,,,,,,,,,,,,,,,,,,,,,,,,,,,,,,,,,,,,,,,,,,,,,,,,,,,,,,,,,,,,,,,,,,,,,,,,,,,,,,,,,,,,,,,,,,,,,,,,,,,,,,,,,,,,,,,,,,,,,,,,,,,,,,,,,,,,,,0.0,,0.0,0.0,0.0
100915.0,Lindsay Whalen,0,1,2018,58,MIN,1611661324.0,37.0,69.0,170.0,Minnesota,USA,2004,1,4,30.425,4,12,1,5,0,0,1,4,5,5,2,2,1,0,0,0,9,-1,0,0,4.0,91.5,93.1,93.1,-1.7,97.9,91.4,76.25,26.3,91.4,88.44,-1.7,-4.8,91.5,93.0,12.0,2.5,29.5,26.0,74.0,,,,,,,,,,,,,0.0,0.333,0.2,0.0,10.5,0.094,0.263,0.143,10.5,0.375,0.375,0.219,0.04,0.206,,,,,,,,,,,,,,,,,,,,,,,,,,,,,,,,,,,,,,,,,,,,0.0,,0.0,,,,,,,,,,,,,,,,,,,,,,,,,,,,,,,,0.0,,,,,,0.0,,,,,0.0,,,,,,,,,,,0.0,,,,,,,,,,,,,,,,,,,,,,,,,,,,,,,,,,,,,,,,,,,,,,,,,,,,,,,,,,,,,,,,,,,,,,,,,,,,,,,,,,,,,,,,,,,,,,,,,,,,,,,,,,,,,,,,,,,,,,,,,,,,,,,,,,,,,,,,,,,,,,,,,,,,,,,,0.0,,0.0,0.0,0.0
202633.0,Liz Cambage,0,1,2018,65,DAL,1611661321.0,27.0,80.0,216.0,None,Australia,2011,1,2,34.95,8,16,0,1,6,9,4,8,12,6,3,0,3,1,3,7,22,-17,1,0,8.0,90.64,129.9,129.9,-22.2,125.8,107.7,75.54,20.7,107.7,92.84,-22.2,-19.8,90.64,106.0,16.0,2.0,51.4,46.0,76.0,,,,,,,,,,,,,0.0,0.5,0.0,0.667,10.3,0.179,0.316,0.242,10.4,0.551,0.5,0.302,0.118,0.303,,,,,,,,,,,,,,,,,,,,,,,,,,,,,,,,,,,,,,,,,,,,0.0,,0.0,,,,,,,,,,,,,,,,,,,,,,,,,,,,,,,,0.0,,,,,,0.0,,,,,0.0,,,,,,,,,,,0.0,,,,,,,,,,,,,,,,,,,,,,,,,,,,,,,,,,,,,,,,,,,,,,,,,,,,,,,,,,,,,,,,,,,,,,,,,,,,,,,,,,,,,,,,,,,,,,,,,,,,,,,,,,,,,,,,,,,,,,,,,,,,,,,,,,,,,,,,,,,,,,,,,,,,,,,,0.0,,0.0,0.0,0.0
203843.0,Maggie Lucas,0,1,2018,37,DAL,1611661321.0,27.0,70.0,158.0,Penn State,,2014,2,21,19.316666666666663,3,6,1,2,0,0,0,0,0,1,0,0,0,0,2,1,7,0,0,0,3.0,91.94,105.4,105.4,0.0,99.8,105.4,76.62,14.3,105.4,94.87,0.0,4.8,91.94,104.6,6.0,0.0,8.5,9.0,76.0,,,,,,,,,,,,,0.0,0.5,0.5,0.0,0.0,0.0,0.091,0.0,0.0,0.583,0.583,0.149,0.0,0.15,,,,,,,,,,,,,,,,,,,,,,,,,,,,,,,,,,,,,,,,,,,,0.0,,0.0,,,,,,,,,,,,,,,,,,,,,,,,,,,,,,,,0.0,,,,,,0.0,,,,,0.0,,,,,,,,,,,0.0,,,,,,,,,,,,,,,,,,,,,,,,,,,,,,,,,,,,,,,,,,,,,,,,,,,,,,,,,,,,,,,,,,,,,,,,,,,,,,,,,,,,,,,,,,,,,,,,,,,,,,,,,,,,,,,,,,,,,,,,,,,,,,,,,,,,,,,,,,,,,,,,,,,,,,,,0.0,,0.0,0.0,0.0
1628926.0,Maria Kliundikova,0,1,2018,8,LAS,1611661320.0,20.0,76.0,,None,Russia,2018,1,11,3.4,1,1,0,0,0,0,0,0,0,0,0,0,0,0,0,0,2,-4,0,0,1.0,105.88,128.6,128.6,-66.1,128.6,62.5,88.24,0.0,62.5,98.82,-66.1,-57.1,105.88,71.4,1.0,0.0,2.0,2.0,155.0,,,,,,,,,,,,,0.0,1.0,0.0,0.0,0.0,0.0,0.0,0.0,0.0,1.0,1.0,0.143,0.0,0.125,,,,,,,,,,,,,,,,,,,,,,,,,,,,,,,,,,,,,,,,,,,,0.0,,0.0,,,,,,,,,,,,,,,,,,,,,,,,,,,,,,,,0.0,,,,,,0.0,,,,,0.0,,,,,,,,,,,0.0,,,,,,,,,,,,,,,,,,,,,,,,,,,,,,,,,,,,,,,,,,,,,,,,,,,,,,,,,,,,,,,,,,,,,,,,,,,,,,,,,,,,,,,,,,,,,,,,,,,,,,,,,,,,,,,,,,,,,,,,,,,,,,,,,,,,,,,,,,,,,,,,,,,,,,,,0.0,,0.0,,
202632.0,Maya Moore,0,1,2018,67,MIN,1611661324.0,30.0,72.0,175.0,Connecticut,USA,2011,1,1,35.233333333333334,6,15,1,4,1,5,0,4,4,3,2,2,0,1,2,3,14,-10,0,0,6.0,91.96,100.0,100.0,-13.4,102.8,86.6,76.63,13.6,86.6,91.28,-13.4,-17.3,91.96,85.5,15.0,1.5,27.3,26.0,74.0,,,,,,,,,,,,,0.0,0.4,0.25,0.2,9.1,0.059,0.167,0.125,9.0,0.407,0.433,0.247,0.0,0.241,,,,,,,,,,,,,,,,,,,,,,,,,,,,,,,,,,,,,,,,,,,,0.0,,0.0,,,,,,,,,,,,,,,,,,,,,,,,,,,,,,,,0.0,,,,,,0.0,,,,,0.0,,,,,,,,,,,0.0,,,,,,,,,,,,,,,,,,,,,,,,,,,,,,,,,,,,,,,,,,,,,,,,,,,,,,,,,,,,,,,,,,,,,,,,,,,,,,,,,,,,,,,,,,,,,,,,,,,,,,,,,,,,,,,,,,,,,,,,,,,,,,,,,,,,,,,,,,,,,,,,,,,,,,,,0.0,,0.0,0.0,0.0
1628920.0,Mercedes Russell,1,1,2018,7,SEA,1611661328.0,23.0,78.0,,Tennessee,USA,2018,2,22,3.55,0,0,0,0,0,0,0,1,1,0,0,0,0,0,2,0,0,-7,0,0,0.0,87.89,116.7,116.7,-116.7,121.5,0.0,73.24,0.0,0.0,79.5,-116.7,-121.5,87.89,0.0,0.0,0.0,1.2,1.0,634.0,,,,,,,,,,,,,1.0,0.0,0.0,0.0,0.0,0.125,0.0,0.333,0.0,0.0,0.0,0.0,0.0,0.0,,,,,,,,,,,,,,,,,,,,,,,,,,,,,,,,,,,,,,,,,,,,0.0,,0.0,,,,,,,,,,,,,,,,,,,,,,,,,,,,,,,,0.0,,,,,,0.0,,,,,0.0,,,,,,,,,,,0.0,,,,,,,,,,,,,,,,,,,,,,,,,,,,,,,,,,,,,,,,,,,,,,,,,,,,,,,,,,,,,,,,,,,,,,,,,,,,,,,,,,,,,,,,,,,,,,,,,,,,,,,,,,,,,,,,,,,,,,,,,,,,,,,,,,,,,,,,,,,,,,,,,,,,,,,,0.0,,0.0,,
1628881.0,Monique Billings,2,5,2018,130,ATL,1611661330.0,23.0,76.0,176.0,UCLA,USA,2018,2,15,64.43166666666667,9,19,0,0,11,19,4,9,13,4,2,0,3,1,10,15,29,-17,0,0,1.8,96.1,114.8,114.8,-14.8,113.5,100.0,80.08,12.1,100.0,96.64,-14.8,-13.5,96.1,100.0,3.8,2.0,57.6,52.0,394.0,,,,,,,,,,,,,0.4,0.474,0.0,0.579,6.1,0.093,0.108,0.129,6.0,0.53,0.474,0.207,0.057,0.195,,,,,,,,,,,,,,,,,,,,,,,,,,,,,,,,,,,,,,,,,,,,0.0,,0.0,,,,,,,,,,,,,,,,,,,,,,,,,,,,,,,,0.0,,,,,,0.0,,,,,0.0,,,,,,,,,,,0.0,,,,,,,,,,,,,,,,,,,,,,,,,,,,,,,,,,,,,,,,,,,,,,,,,,,,,,,,,,,,,,,,,,,,,,,,,,,,,,,,,,,,,,,,,,,,,,,,,,,,,,,,,,,,,,,,,,,,,,,,,,,,,,,,,,,,,,,,,,,,,,,,,,,,,,,,0.0,,0.0,0.0,0.0
200673.0,Monique Currie,2,5,2018,59,WAS,1611661322.0,36.0,72.0,175.0,Duke,USA,2006,1,3,28.73333333333333,1,8,0,2,2,4,0,5,5,2,2,1,0,1,3,4,4,6,0,0,0.2,99.4,101.7,101.7,11.9,108.2,113.6,82.83,14.3,113.6,97.63,11.9,2.6,99.4,110.8,1.6,1.0,14.0,13.0,701.0,,,,,,,,,,,,,0.4,0.125,0.0,0.5,14.3,0.091,0.087,0.208,14.5,0.205,0.125,0.177,0.0,0.176,,,,,,,,,,,,,,,,,,,,,,,,,,,,,,,,,,,,,,,,,,,,0.0,,0.0,,,,,,,,,,,,,,,,,,,,,,,,,,,,,,,,0.0,,,,,,0.0,,,,,0.0,,,,,,,,,,,0.0,,,,,,,,,,,,,,,,,,,,,,,,,,,,,,,,,,,,,,,,,,,,,,,,,,,,,,,,,,,,,,,,,,,,,,,,,,,,,,,,,,,,,,,,,,,,,,,,,,,,,,,,,,,,,,,,,,,,,,,,,,,,,,,,,,,,,,,,,,,,,,,,,,,,,,,,0.0,,0.0,0.0,0.0
1627670.0,Morgan Tuck,0,1,2018,17,CON,1611661323.0,25.0,74.0,200.0,Connecticut,USA,2016,1,3,9.283333333333331,1,5,0,1,0,0,1,1,2,0,0,0,0,1,0,0,2,3,0,0,1.0,90.48,66.7,66.7,21.6,70.6,88.2,75.4,0.0,88.2,90.48,21.6,12.7,90.48,83.3,5.0,0.0,4.4,4.0,79.0,,,,,,,,,,,,,0.0,0.2,0.0,0.0,0.0,0.087,0.0,0.1,0.0,0.2,0.2,0.238,0.077,0.238,,,,,,,,,,,,,,,,,,,,,,,,,,,,,,,,,,,,,,,,,,,,0.0,,0.0,,,,,,,,,,,,,,,,,,,,,,,,,,,,,,,,0.0,,,,,,0.0,,,,,0.0,,,,,,,,,,,0.0,,,,,,,,,,,,,,,,,,,,,,,,,,,,,,,,,,,,,,,,,,,,,,,,,,,,,,,,,,,,,,,,,,,,,,,,,,,,,,,,,,,,,,,,,,,,,,,,,,,,,,,,,,,,,,,,,,,,,,,,,,,,,,,,,,,,,,,,,,,,,,,,,,,,,,,,0.0,,0.0,0.0,0.0
1628899.0,Myisha Hines-Allen,2,6,2018,139,WAS,1611661322.0,24.0,74.0,200.0,Louisville,USA,2018,2,19,68.45333333333333,15,18,1,1,0,0,4,12,16,3,0,1,0,1,11,3,31,28,0,0,2.5,97.47,94.2,94.2,20.1,93.7,114.4,81.22,14.3,114.4,98.08,20.1,20.0,97.47,113.7,3.0,0.0,57.7,53.0,701.0,,,,,,,,,,,,,0.333,0.833,1.0,0.0,0.0,0.11,0.063,0.154,0.0,0.861,0.861,0.116,0.06,0.112,,,,,,,,,,,,,,,,,,,,,,,,,,,,,,,,,,,,,,,,,,,,0.0,,0.0,,,,,,,,,,,,,,,,,,,,,,,,,,,,,,,,0.0,,,,,,0.0,,,,,0.0,,,,,,,,,,,0.0,,,,,,,,,,,,,,,,,,,,,,,,,,,,,,,,,,,,,,,,,,,,,,,,,,,,,,,,,,,,,,,,,,,,,,,,,,,,,,,,,,,,,,,,,,,,,,,,,,,,,,,,,,,,,,,,,,,,,,,,,,,,,,,,,,,,,,,,,,,,,,,,,,,,,,,,0.0,,0.0,0.0,0.0
204333.0,Natasha Cloud,4,9,2018,455,WAS,1611661322.0,27.0,72.0,160.0,St. Joseph's (PA),USA,2015,2,15,231.09,26,65,12,29,10,13,1,30,31,37,17,7,1,0,16,13,74,-26,0,0,2.9,94.3,107.9,107.9,-6.2,106.5,101.8,78.58,29.6,101.8,94.21,-6.2,-3.2,94.3,103.3,7.2,2.18,173.7,170.0,701.0,,,,,,,,,,,,,0.444,0.4,0.414,0.769,13.6,0.064,0.255,0.121,13.6,0.523,0.492,0.175,0.004,0.17,,,,,,,,,,,,,,,,,,,,,,,,,,,,,,,,,,,,,,,,,,,,0.0,,0.0,,,,,,,,,,,,,,,,,,,,,,,,,,,,,,,,0.0,,,,,,0.0,,,,,0.0,,,,,,,,,,,0.0,,,,,,,,,,,,,,,,,,,,,,,,,,,,,,,,,,,,,,,,,,,,,,,,,,,,,,,,,,,,,,,,,,,,,,,,,,,,,,,,,,,,,,,,,,,,,,,,,,,,,,,,,,,,,,,,,,,,,,,,,,,,,,,,,,,,,,,,,,,,,,,,,,,,,,,,0.0,,0.0,0.0,0.0
203827.0,Natasha Howard,6,8,2018,502,SEA,1611661328.0,27.0,74.0,165.0,Florida State,USA,2014,1,5,251.61333333333332,51,89,7,14,17,20,26,40,66,12,18,8,11,4,30,21,126,55,2,0,6.4,94.81,102.4,102.4,8.9,102.2,111.4,79.01,9.4,111.4,94.64,8.9,9.9,94.81,112.0,11.1,0.67,262.2,249.0,634.0,,,,,,,,,,,,,0.75,0.573,0.5,0.85,14.1,0.136,0.078,0.162,14.1,0.644,0.612,0.21,0.11,0.203,,,,,,,,,,,,,,,,,,,,,,,,,,,,,,,,,,,,,,,,,,,,0.0,,0.0,,,,,,,,,,,,,,,,,,,,,,,,,,,,,,,,0.0,,,,,,0.0,,,,,0.0,,,,,,,,,,,0.0,,,,,,,,,,,,,,,,,,,,,,,,,,,,,,,,,,,,,,,,,,,,,,,,,,,,,,,,,,,,,,,,,,,,,,,,,,,,,,,,,,,,,,,,,,,,,,,,,,,,,,,,,,,,,,,,,,,,,,,,,,,,,,,,,,,,,,,,,,,,,,,,,,,,,,,,0.0,,0.0,0.0,0.0
203014.0,Nneka Ogwumike,1,2,2018,133,LAS,1611661320.0,28.0,74.0,174.0,Stanford,USA,2012,1,1,67.50833333333334,8,20,0,0,11,15,3,5,8,3,5,3,1,2,8,13,27,-13,0,0,4.0,93.14,105.4,105.4,-12.9,105.2,92.5,77.62,8.6,92.5,91.96,-12.9,-10.2,93.14,95.0,10.0,0.6,48.1,46.0,155.0,,,,,,,,,,,,,0.5,0.4,0.0,0.733,14.3,0.064,0.081,0.089,14.5,0.508,0.4,0.223,0.043,0.216,,,,,,,,,,,,,,,,,,,,,,,,,,,,,,,,,,,,,,,,,,,,0.0,,0.0,,,,,,,,,,,,,,,,,,,,,,,,,,,,,,,,0.0,,,,,,0.0,,,,,0.0,,,,,,,,,,,0.0,,,,,,,,,,,,,,,,,,,,,,,,,,,,,,,,,,,,,,,,,,,,,,,,,,,,,,,,,,,,,,,,,,,,,,,,,,,,,,,,,,,,,,,,,,,,,,,,,,,,,,,,,,,,,,,,,,,,,,,,,,,,,,,,,,,,,,,,,,,,,,,,,,,,,,,,0.0,,0.0,0.0,0.0
201049.0,Noelle Quinn,1,2,2018,17,SEA,1611661328.0,34.0,72.0,178.0,UCLA,USA,2007,1,4,8.461666666666666,0,1,0,1,0,0,1,0,1,0,0,0,0,0,0,0,0,-10,0,0,0.0,90.76,120.0,120.0,-72.9,123.0,47.1,75.64,0.0,47.1,83.39,-72.9,-68.8,90.76,54.2,0.5,0.0,1.2,1.0,634.0,,,,,,,,,,,,,0.5,0.0,0.0,0.0,0.0,0.056,0.0,0.0,0.0,0.0,0.0,0.06,0.111,0.053,,,,,,,,,,,,,,,,,,,,,,,,,,,,,,,,,,,,,,,,,,,,0.0,,0.0,,,,,,,,,,,,,,,,,,,,,,,,,,,,,,,,0.0,,,,,,0.0,,,,,0.0,,,,,,,,,,,0.0,,,,,,,,,,,,,,,,,,,,,,,,,,,,,,,,,,,,,,,,,,,,,,,,,,,,,,,,,,,,,,,,,,,,,,,,,,,,,,,,,,,,,,,,,,,,,,,,,,,,,,,,,,,,,,,,,,,,,,,,,,,,,,,,,,,,,,,,,,,,,,,,,,,,,,,,0.0,,0.0,0.0,0.0
203824.0,Odyssey Sims,1,2,2018,59,LAS,1611661320.0,26.0,68.0,160.0,Baylor,USA,2014,1,2,28.775,3,8,1,2,2,2,0,5,5,3,0,2,0,2,1,3,9,-4,0,0,1.5,94.25,101.9,101.9,-15.4,100.3,86.4,78.54,25.0,86.4,92.11,-15.4,-8.6,94.25,91.7,4.0,0.0,25.5,22.0,155.0,,,,,,,,,,,,,0.5,0.375,0.5,1.0,0.0,0.091,0.2,0.192,0.0,0.507,0.438,0.149,0.0,0.138,,,,,,,,,,,,,,,,,,,,,,,,,,,,,,,,,,,,,,,,,,,,0.0,,0.0,,,,,,,,,,,,,,,,,,,,,,,,,,,,,,,,0.0,,,,,,0.0,,,,,0.0,,,,,,,,,,,0.0,,,,,,,,,,,,,,,,,,,,,,,,,,,,,,,,,,,,,,,,,,,,,,,,,,,,,,,,,,,,,,,,,,,,,,,,,,,,,,,,,,,,,,,,,,,,,,,,,,,,,,,,,,,,,,,,,,,,,,,,,,,,,,,,,,,,,,,,,,,,,,,,,,,,,,,,0.0,,0.0,0.0,0.0
1627671.0,Rachel Banham,0,1,2018,19,CON,1611661323.0,25.0,69.0,168.0,Minnesota,USA,2016,1,4,9.466666666666669,1,4,1,1,0,0,1,0,1,2,0,1,1,0,1,0,3,-2,0,0,1.0,98.87,75.0,75.0,-6.6,75.5,68.4,82.39,33.3,68.4,98.57,-6.6,-7.0,98.87,68.4,4.0,0.0,13.2,11.0,79.0,,,,,,,,,,,,,0.0,0.25,1.0,0.0,0.0,0.04,0.4,0.0,0.0,0.375,0.375,0.182,0.067,0.174,,,,,,,,,,,,,,,,,,,,,,,,,,,,,,,,,,,,,,,,,,,,0.0,,0.0,,,,,,,,,,,,,,,,,,,,,,,,,,,,,,,,0.0,,,,,,0.0,,,,,0.0,,,,,,,,,,,0.0,,,,,,,,,,,,,,,,,,,,,,,,,,,,,,,,,,,,,,,,,,,,,,,,,,,,,,,,,,,,,,,,,,,,,,,,,,,,,,,,,,,,,,,,,,,,,,,,,,,,,,,,,,,,,,,,,,,,,,,,,,,,,,,,,,,,,,,,,,,,,,,,,,,,,,,,0.0,,0.0,0.0,0.0
201904.0,Renee Montgomery,2,5,2018,304,ATL,1611661330.0,32.0,67.0,141.0,Connecticut,USA,2009,1,4,158.31166666666667,12,41,8,28,11,13,1,9,10,21,9,1,1,3,17,10,43,5,1,0,2.4,92.63,103.3,103.3,2.7,104.0,105.9,77.19,27.6,105.9,93.79,2.7,-1.4,92.63,102.6,8.2,2.33,83.5,86.0,394.0,,,,,,,,,,,,,0.4,0.293,0.286,0.846,11.8,0.029,0.189,0.051,11.7,0.46,0.39,0.154,0.006,0.149,,,,,,,,,,,,,,,,,,,,,,,,,,,,,,,,,,,,,,,,,,,,0.0,,0.0,,,,,,,,,,,,,,,,,,,,,,,,,,,,,,,,0.0,,,,,,0.0,,,,,0.0,,,,,,,,,,,0.0,,,,,,,,,,,,,,,,,,,,,,,,,,,,,,,,,,,,,,,,,,,,,,,,,,,,,,,,,,,,,,,,,,,,,,,,,,,,,,,,,,,,,,,,,,,,,,,,,,,,,,,,,,,,,,,,,,,,,,,,,,,,,,,,,,,,,,,,,,,,,,,,,,,,,,,,0.0,,0.0,0.0,0.0
203029.0,Riquna Williams,1,2,2018,99,LAS,1611661320.0,29.0,67.0,165.0,Miami,USA,2012,2,17,49.766666666666666,8,21,3,12,2,2,1,3,4,1,3,3,2,0,3,1,21,-33,0,0,4.0,94.52,116.5,116.5,-35.7,117.7,80.8,78.77,3.8,80.8,91.94,-35.7,-33.1,94.52,84.6,10.5,0.33,39.3,39.0,155.0,,,,,,,,,,,,,0.5,0.381,0.25,1.0,11.5,0.044,0.045,0.086,11.6,0.48,0.452,0.24,0.018,0.225,,,,,,,,,,,,,,,,,,,,,,,,,,,,,,,,,,,,,,,,,,,,0.0,,0.0,,,,,,,,,,,,,,,,,,,,,,,,,,,,,,,,0.0,,,,,,0.0,,,,,0.0,,,,,,,,,,,0.0,,,,,,,,,,,,,,,,,,,,,,,,,,,,,,,,,,,,,,,,,,,,,,,,,,,,,,,,,,,,,,,,,,,,,,,,,,,,,,,,,,,,,,,,,,,,,,,,,,,,,,,,,,,,,,,,,,,,,,,,,,,,,,,,,,,,,,,,,,,,,,,,,,,,,,,,0.0,,0.0,0.0,0.0
1628244.0,Sami Whitcomb,4,6,2018,152,SEA,1611661328.0,30.0,70.0,145.0,Washington,Australia,Undrafted,Undrafted,Undrafted,74.86833333333334,13,28,8,16,3,4,2,5,7,7,3,4,1,1,12,2,37,9,0,0,2.2,95.85,107.5,107.5,2.4,110.6,109.9,79.87,17.5,109.9,92.81,2.4,3.2,95.85,113.9,4.7,2.33,67.9,69.0,634.0,,,,,,,,,,,,,0.667,0.464,0.5,0.75,7.5,0.052,0.137,0.081,7.5,0.622,0.607,0.197,0.027,0.185,,,,,,,,,,,,,,,,,,,,,,,,,,,,,,,,,,,,,,,,,,,,0.0,,0.0,,,,,,,,,,,,,,,,,,,,,,,,,,,,,,,,0.0,,,,,,0.0,,,,,0.0,,,,,,,,,,,0.0,,,,,,,,,,,,,,,,,,,,,,,,,,,,,,,,,,,,,,,,,,,,,,,,,,,,,,,,,,,,,,,,,,,,,,,,,,,,,,,,,,,,,,,,,,,,,,,,,,,,,,,,,,,,,,,,,,,,,,,,,,,,,,,,,,,,,,,,,,,,,,,,,,,,,,,,0.0,,0.0,0.0,0.0
200671.0,Seimone Augustus,0,1,2018,47,MIN,1611661324.0,35.0,72.0,172.0,Louisiana State,USA,2006,1,1,24.016666666666666,2,7,0,1,1,2,1,2,3,2,1,0,0,1,1,4,5,-12,0,0,2.0,93.93,104.3,104.3,-25.5,105.6,78.7,78.28,18.2,78.7,92.1,-25.5,-24.7,93.93,80.9,7.0,2.0,10.6,10.0,74.0,,,,,,,,,,,,,0.0,0.286,0.0,0.5,9.1,0.077,0.133,0.095,9.2,0.317,0.286,0.182,0.056,0.17,,,,,,,,,,,,,,,,,,,,,,,,,,,,,,,,,,,,,,,,,,,,0.0,,0.0,,,,,,,,,,,,,,,,,,,,,,,,,,,,,,,,0.0,,,,,,0.0,,,,,0.0,,,,,,,,,,,0.0,,,,,,,,,,,,,,,,,,,,,,,,,,,,,,,,,,,,,,,,,,,,,,,,,,,,,,,,,,,,,,,,,,,,,,,,,,,,,,,,,,,,,,,,,,,,,,,,,,,,,,,,,,,,,,,,,,,,,,,,,,,,,,,,,,,,,,,,,,,,,,,,,,,,,,,,0.0,,0.0,0.0,0.0
1628278.0,Shatori Walker-Kimbrough,2,4,2018,16,WAS,1611661322.0,24.0,71.0,142.0,Maryland,USA,2017,1,6,8.716666666666667,3,3,0,0,0,0,0,1,1,0,1,1,0,0,0,0,6,9,0,0,0.8,96.37,57.9,57.9,67.1,79.3,125.0,80.31,0.0,125.0,81.28,67.1,48.6,96.37,127.9,0.8,0.0,9.2,9.0,701.0,,,,,,,,,,,,,0.5,1.0,0.0,0.0,25.0,0.063,0.0,0.125,25.0,1.0,1.0,0.227,0.0,0.222,,,,,,,,,,,,,,,,,,,,,,,,,,,,,,,,,,,,,,,,,,,,0.0,,0.0,,,,,,,,,,,,,,,,,,,,,,,,,,,,,,,,0.0,,,,,,0.0,,,,,0.0,,,,,,,,,,,0.0,,,,,,,,,,,,,,,,,,,,,,,,,,,,,,,,,,,,,,,,,,,,,,,,,,,,,,,,,,,,,,,,,,,,,,,,,,,,,,,,,,,,,,,,,,,,,,,,,,,,,,,,,,,,,,,,,,,,,,,,,,,,,,,,,,,,,,,,,,,,,,,,,,,,,,,,0.0,,0.0,,
203015.0,Shekinna Stricklen,0,1,2018,46,CON,1611661323.0,28.0,74.0,178.0,Tennessee,USA,2012,1,2,23.216666666666665,2,5,2,5,0,0,0,1,1,2,1,0,0,0,4,0,6,-8,0,0,2.0,95.1,141.3,141.3,-17.4,148.3,123.9,79.25,25.0,123.9,93.66,-17.4,-26.4,95.1,121.9,5.0,2.0,9.2,11.0,79.0,,,,,,,,,,,,,0.0,0.4,0.4,0.0,12.5,0.026,0.091,0.059,12.5,0.6,0.6,0.118,0.0,0.118,,,,,,,,,,,,,,,,,,,,,,,,,,,,,,,,,,,,,,,,,,,,0.0,,0.0,,,,,,,,,,,,,,,,,,,,,,,,,,,,,,,,0.0,,,,,,0.0,,,,,0.0,,,,,,,,,,,0.0,,,,,,,,,,,,,,,,,,,,,,,,,,,,,,,,,,,,,,,,,,,,,,,,,,,,,,,,,,,,,,,,,,,,,,,,,,,,,,,,,,,,,,,,,,,,,,,,,,,,,,,,,,,,,,,,,,,,,,,,,,,,,,,,,,,,,,,,,,,,,,,,,,,,,,,,0.0,,0.0,0.0,0.0
203400.0,Skylar Diggins,0,1,2018,71,DAL,1611661321.0,28.0,69.0,145.0,Notre Dame,USA,2013,1,3,37.583333333333336,8,19,1,6,6,6,1,3,4,7,5,0,0,0,3,5,23,-20,0,0,8.0,91.96,132.9,132.9,-24.4,130.0,108.5,76.63,20.6,108.5,93.56,-24.4,-23.0,91.96,107.1,19.0,1.4,33.3,35.0,76.0,,,,,,,,,,,,,0.0,0.421,0.167,1.0,14.7,0.057,0.333,0.088,14.9,0.531,0.447,0.325,0.028,0.329,,,,,,,,,,,,,,,,,,,,,,,,,,,,,,,,,,,,,,,,,,,,0.0,,0.0,,,,,,,,,,,,,,,,,,,,,,,,,,,,,,,,0.0,,,,,,0.0,,,,,0.0,,,,,,,,,,,0.0,,,,,,,,,,,,,,,,,,,,,,,,,,,,,,,,,,,,,,,,,,,,,,,,,,,,,,,,,,,,,,,,,,,,,,,,,,,,,,,,,,,,,,,,,,,,,,,,,,,,,,,,,,,,,,,,,,,,,,,,,,,,,,,,,,,,,,,,,,,,,,,,,,,,,,,,0.0,,0.0,0.0,0.0
203855.0,Stephanie Talbot,2,4,2018,216,PHO,1611661317.0,25.0,74.0,192.0,None,Australia,2014,3,33,108.26833333333332,9,19,4,12,3,5,9,12,21,11,9,4,0,0,9,5,25,24,1,0,2.3,94.43,110.5,110.5,8.0,109.2,118.5,78.69,26.8,118.5,93.53,8.0,13.1,94.43,122.3,4.8,1.22,69.7,69.0,562.0,,,,,,,,,,,,,0.5,0.474,0.333,0.6,22.0,0.1,0.122,0.102,21.8,0.59,0.579,0.131,0.098,0.124,,,,,,,,,,,,,,,,,,,,,,,,,,,,,,,,,,,,,,,,,,,,0.0,,0.0,,,,,,,,,,,,,,,,,,,,,,,,,,,,,,,,0.0,,,,,,0.0,,,,,0.0,,,,,,,,,,,0.0,,,,,,,,,,,,,,,,,,,,,,,,,,,,,,,,,,,,,,,,,,,,,,,,,,,,,,,,,,,,,,,,,,,,,,,,,,,,,,,,,,,,,,,,,,,,,,,,,,,,,,,,,,,,,,,,,,,,,,,,,,,,,,,,,,,,,,,,,,,,,,,,,,,,,,,,0.0,,0.0,0.0,0.0
100720.0,Sue Bird,6,8,2018,451,SEA,1611661328.0,38.0,69.0,150.0,Connecticut,USA,2002,1,1,227.41,29,75,16,44,6,8,3,19,22,55,11,6,2,3,13,9,80,55,2,0,3.6,94.56,104.5,104.5,10.8,104.9,115.3,78.8,37.9,115.3,94.21,10.8,10.8,94.56,115.7,9.4,5.0,201.9,189.0,634.0,,,,,,,,,,,,,0.75,0.387,0.364,0.75,7.6,0.051,0.342,0.089,7.6,0.509,0.493,0.178,0.014,0.174,,,,,,,,,,,,,,,,,,,,,,,,,,,,,,,,,,,,,,,,,,,,0.0,,0.0,,,,,,,,,,,,,,,,,,,,,,,,,,,,,,,,0.0,,,,,,0.0,,,,,0.0,,,,,,,,,,,0.0,,,,,,,,,,,,,,,,,,,,,,,,,,,,,,,,,,,,,,,,,,,,,,,,,,,,,,,,,,,,,,,,,,,,,,,,,,,,,,,,,,,,,,,,,,,,,,,,,,,,,,,,,,,,,,,,,,,,,,,,,,,,,,,,,,,,,,,,,,,,,,,,,,,,,,,,0.0,,0.0,0.0,0.0
201480.0,Sylvia Fowles,0,1,2018,70,MIN,1611661324.0,33.0,78.0,220.0,Louisiana State,USA,2008,1,2,37.766666666666666,7,11,0,0,4,4,3,9,12,3,5,0,1,1,4,5,18,-7,1,0,7.0,89.6,97.2,97.2,-8.6,98.3,88.6,74.67,14.3,88.6,89.6,-8.6,-10.8,89.6,87.5,11.0,0.6,34.9,35.0,74.0,,,,,,,,,,,,,0.0,0.636,0.0,1.0,23.8,0.169,0.158,0.257,24.1,0.705,0.636,0.22,0.083,0.217,,,,,,,,,,,,,,,,,,,,,,,,,,,,,,,,,,,,,,,,,,,,0.0,,0.0,,,,,,,,,,,,,,,,,,,,,,,,,,,,,,,,0.0,,,,,,0.0,,,,,0.0,,,,,,,,,,,0.0,,,,,,,,,,,,,,,,,,,,,,,,,,,,,,,,,,,,,,,,,,,,,,,,,,,,,,,,,,,,,,,,,,,,,,,,,,,,,,,,,,,,,,,,,,,,,,,,,,,,,,,,,,,,,,,,,,,,,,,,,,,,,,,,,,,,,,,,,,,,,,,,,,,,,,,,0.0,,0.0,0.0,0.0
101030.0,Tanisha Wright,0,1,2018,43,MIN,1611661324.0,35.0,71.0,166.0,Penn State,USA,2005,1,12,23.3,2,6,0,1,0,0,2,1,3,2,2,0,0,2,1,0,4,0,0,0,2.0,87.55,97.6,97.6,-2.3,101.5,95.3,72.96,20.0,95.3,82.9,-2.3,0.8,87.55,102.3,6.0,1.0,8.6,9.0,74.0,,,,,,,,,,,,,0.0,0.333,0.0,0.0,20.0,0.063,0.133,0.042,20.0,0.333,0.333,0.166,0.083,0.157,,,,,,,,,,,,,,,,,,,,,,,,,,,,,,,,,,,,,,,,,,,,0.0,,0.0,,,,,,,,,,,,,,,,,,,,,,,,,,,,,,,,0.0,,,,,,0.0,,,,,0.0,,,,,,,,,,,0.0,,,,,,,,,,,,,,,,,,,,,,,,,,,,,,,,,,,,,,,,,,,,,,,,,,,,,,,,,,,,,,,,,,,,,,,,,,,,,,,,,,,,,,,,,,,,,,,,,,,,,,,,,,,,,,,,,,,,,,,,,,,,,,,,,,,,,,,,,,,,,,,,,,,,,,,,0.0,,0.0,0.0,0.0
1627701.0,Temi Fagbenle,0,1,2018,41,MIN,1611661324.0,26.0,76.0,180.0,Harvard,United Kingdom,2016,3,35,23.825,7,8,1,1,0,0,3,1,4,1,0,1,0,0,4,0,15,14,0,0,7.0,82.6,95.1,95.1,34.1,96.5,129.3,68.84,11.1,129.3,82.08,34.1,32.5,82.6,129.0,8.0,0.0,24.3,23.0,74.0,,,,,,,,,,,,,0.0,0.875,1.0,0.0,0.0,0.093,0.063,0.043,0.0,0.938,0.938,0.166,0.15,0.163,,,,,,,,,,,,,,,,,,,,,,,,,,,,,,,,,,,,,,,,,,,,0.0,,0.0,,,,,,,,,,,,,,,,,,,,,,,,,,,,,,,,0.0,,,,,,0.0,,,,,0.0,,,,,,,,,,,0.0,,,,,,,,,,,,,,,,,,,,,,,,,,,,,,,,,,,,,,,,,,,,,,,,,,,,,,,,,,,,,,,,,,,,,,,,,,,,,,,,,,,,,,,,,,,,,,,,,,,,,,,,,,,,,,,,,,,,,,,,,,,,,,,,,,,,,,,,,,,,,,,,,,,,,,,,0.0,,0.0,0.0,0.0
203403.0,Tianna Hawkins,4,9,2018,232,WAS,1611661322.0,28.0,75.0,193.0,Maryland,USA,2013,1,6,113.535,16,36,7,21,13,15,8,18,26,5,5,2,2,2,11,10,52,-19,0,0,1.8,98.51,101.3,101.3,-7.3,104.4,94.0,82.09,9.4,94.0,95.62,-7.3,-7.7,98.51,96.8,4.0,1.0,97.7,98.0,701.0,,,,,,,,,,,,,0.444,0.444,0.333,0.867,9.4,0.11,0.081,0.153,9.5,0.61,0.542,0.192,0.067,0.184,,,,,,,,,,,,,,,,,,,,,,,,,,,,,,,,,,,,,,,,,,,,0.0,,0.0,,,,,,,,,,,,,,,,,,,,,,,,,,,,,,,,0.0,,,,,,0.0,,,,,0.0,,,,,,,,,,,0.0,,,,,,,,,,,,,,,,,,,,,,,,,,,,,,,,,,,,,,,,,,,,,,,,,,,,,,,,,,,,,,,,,,,,,,,,,,,,,,,,,,,,,,,,,,,,,,,,,,,,,,,,,,,,,,,,,,,,,,,,,,,,,,,,,,,,,,,,,,,,,,,,,,,,,,,,0.0,,0.0,0.0,0.0
203437.0,Tierra Ruffin-Pratt,4,9,2018,315,WAS,1611661322.0,28.0,71.0,180.0,North Carolina,USA,Undrafted,Undrafted,Undrafted,156.515,20,52,4,17,3,3,3,17,20,7,9,7,3,1,21,11,47,46,0,0,2.2,97.37,90.6,90.6,16.0,92.7,106.7,81.14,10.1,106.7,95.89,16.0,14.7,97.37,107.5,5.8,0.78,102.5,98.0,701.0,,,,,,,,,,,,,0.444,0.385,0.235,1.0,13.0,0.063,0.07,0.103,13.0,0.441,0.423,0.18,0.019,0.171,,,,,,,,,,,,,,,,,,,,,,,,,,,,,,,,,,,,,,,,,,,,0.0,,0.0,,,,,,,,,,,,,,,,,,,,,,,,,,,,,,,,0.0,,,,,,0.0,,,,,0.0,,,,,,,,,,,0.0,,,,,,,,,,,,,,,,,,,,,,,,,,,,,,,,,,,,,,,,,,,,,,,,,,,,,,,,,,,,,,,,,,,,,,,,,,,,,,,,,,,,,,,,,,,,,,,,,,,,,,,,,,,,,,,,,,,,,,,,,,,,,,,,,,,,,,,,,,,,,,,,,,,,,,,,0.0,,0.0,0.0,0.0
203026.0,Tiffany Hayes,2,5,2018,332,ATL,1611661330.0,29.0,70.0,155.0,Connecticut,USA,2012,2,14,167.88666666666666,28,63,6,16,20,25,12,19,31,17,10,7,1,4,10,27,82,-29,1,0,5.6,95.64,104.2,104.2,-7.2,105.1,97.0,79.7,16.8,97.0,96.14,-7.2,-10.0,95.64,95.1,12.6,1.7,158.7,152.0,394.0,,,,,,,,,,,,,0.4,0.444,0.375,0.8,9.9,0.083,0.175,0.106,9.9,0.554,0.492,0.218,0.062,0.211,,,,,,,,,,,,,,,,,,,,,,,,,,,,,,,,,,,,,,,,,,,,0.0,,0.0,,,,,,,,,,,,,,,,,,,,,,,,,,,,,,,,0.0,,,,,,0.0,,,,,0.0,,,,,,,,,,,0.0,,,,,,,,,,,,,,,,,,,,,,,,,,,,,,,,,,,,,,,,,,,,,,,,,,,,,,,,,,,,,,,,,,,,,,,,,,,,,,,,,,,,,,,,,,,,,,,,,,,,,,,,,,,,,,,,,,,,,,,,,,,,,,,,,,,,,,,,,,,,,,,,,,,,,,,,0.0,,0.0,0.0,0.0
203389.0,Yvonne Turner,4,7,2018,283,PHO,1611661317.0,31.0,70.0,131.0,Nebraska,USA,Undrafted,Undrafted,Undrafted,140.66833333333332,19,44,5,24,5,9,3,10,13,14,6,7,2,3,10,9,48,6,0,0,2.7,95.37,101.1,101.1,-0.4,100.1,100.7,79.48,20.9,100.7,94.98,-0.4,2.5,95.37,102.5,6.3,2.33,105.6,98.0,562.0,,,,,,,,,,,,,0.571,0.432,0.208,0.556,9.0,0.046,0.143,0.066,8.8,0.5,0.489,0.179,0.023,0.17,,,,,,,,,,,,,,,,,,,,,,,,,,,,,,,,,,,,,,,,,,,,0.0,,0.0,,,,,,,,,,,,,,,,,,,,,,,,,,,,,,,,0.0,,,,,,0.0,,,,,0.0,,,,,,,,,,,0.0,,,,,,,,,,,,,,,,,,,,,,,,,,,,,,,,,,,,,,,,,,,,,,,,,,,,,,,,,,,,,,,,,,,,,,,,,,,,,,,,,,,,,,,,,,,,,,,,,,,,,,,,,,,,,,,,,,,,,,,,,,,,,,,,,,,,,,,,,,,,,,,,,,,,,,,,0.0,,0.0,0.0,0.0
