label,url,status,rows,cols,mostly_null_cols,error
base_stats,https://stats.nba.com/stats/leaguedashplayerstats?College=&Conference=&Country=&DateFrom=&DateTo=&Division=&DraftPick=&DraftYear=&GameScope=&GameSegment=&Height=&ISTRound=&LastNGames=0&LeagueID=10&Location=&MeasureType=Base&Month=0&OpponentTeamID=0&Outcome=&PORound=&PaceAdjust=N&PerMode=Totals&Period=0&PlayerExperience=&PlayerPosition=&PlusMinus=N&Rank=N&Season=2009&SeasonSegment=&SeasonType=Playoffs&ShotClockRange=&StarterBench=&TeamID=0&VsConference=&VsDivision=&Weight=,PARTIAL_NULL,81,67,TD3,
advanced_stats,https://stats.nba.com/stats/leaguedashplayerstats?College=&Conference=&Country=&DateFrom=&DateTo=&Division=&DraftPick=&DraftYear=&GameScope=&GameSegment=&Height=&ISTRound=&LastNGames=0&LeagueID=10&Location=&MeasureType=Advanced&Month=0&OpponentTeamID=0&Outcome=&PORound=&PaceAdjust=N&PerMode=Totals&Period=0&PlayerExperience=&PlayerPosition=&PlusMinus=N&Rank=N&Season=2009&SeasonSegment=&SeasonType=Playoffs&ShotClockRange=&StarterBench=&TeamID=0&VsConference=&VsDivision=&Weight=,OK,81,79,,
team_advanced_poss,https://stats.nba.com/stats/leaguedashteamstats?College=&Conference=&Country=&DateFrom=&DateTo=&Division=&DraftPick=&DraftYear=&GameScope=&GameSegment=&Height=&ISTRound=&LastNGames=0&LeagueID=10&Location=&MeasureType=Advanced&Month=0&OpponentTeamID=0&Outcome=&PORound=&PaceAdjust=N&PerMode=Totals&Period=0&PlayerExperience=&PlayerPosition=&PlusMinus=N&Rank=N&Season=2009&SeasonSegment=&SeasonType=Playoffs&ShotClockRange=&StarterBench=&TeamID=0&VsConference=&VsDivision=&Weight=,OK,8,46,,
defend_overall,https://stats.nba.com/stats/leaguedashptdefend?College=&Conference=&Country=&DateFrom=&DateTo=&DefenseCategory=Overall&Division=&DraftPick=&DraftYear=&GameSegment=&Height=&ISTRound=&LastNGames=0&LeagueID=10&Location=&Month=0&OpponentTeamID=0&Outcome=&PORound=0&PerMode=Totals&Period=0&PlayerExperience=&PlayerPosition=&Season=2009&SeasonSegment=&SeasonType=Playoffs&StarterBench=&TeamID=0&VsConference=&VsDivision=&Weight=,EMPTY,0,14,,
defend_3pt,https://stats.nba.com/stats/leaguedashptdefend?College=&Conference=&Country=&DateFrom=&DateTo=&DefenseCategory=3%20Pointers&Division=&DraftPick=&DraftYear=&GameSegment=&Height=&ISTRound=&LastNGames=0&LeagueID=10&Location=&Month=0&OpponentTeamID=0&Outcome=&PORound=0&PerMode=Totals&Period=0&PlayerExperience=&PlayerPosition=&Season=2009&SeasonSegment=&SeasonType=Playoffs&StarterBench=&TeamID=0&VsConference=&VsDivision=&Weight=,EMPTY,0,14,,
defend_2pt,https://stats.nba.com/stats/leaguedashptdefend?College=&Conference=&Country=&DateFrom=&DateTo=&DefenseCategory=2%20Pointers&Division=&DraftPick=&DraftYear=&GameSegment=&Height=&ISTRound=&LastNGames=0&LeagueID=10&Location=&Month=0&OpponentTeamID=0&Outcome=&PORound=0&PerMode=Totals&Period=0&PlayerExperience=&PlayerPosition=&Season=2009&SeasonSegment=&SeasonType=Playoffs&StarterBench=&TeamID=0&VsConference=&VsDivision=&Weight=,EMPTY,0,14,,
defend_lt_6ft_v2,https://stats.nba.com/stats/leaguedashptdefend?College=&Conference=&Country=&DateFrom=&DateTo=&DefenseCategory=Less%20Than%206Ft&Division=&DraftPick=&DraftYear=&GameSegment=&Height=&ISTRound=&LastNGames=0&LeagueID=10&Location=&Month=0&OpponentTeamID=0&Outcome=&PORound=0&PerMode=Totals&Period=0&PlayerExperience=&PlayerPosition=&Season=2009&SeasonSegment=&SeasonType=Playoffs&StarterBench=&TeamID=0&VsConference=&VsDivision=&Weight=,EMPTY,0,14,,
defend_lt_10ft,https://stats.nba.com/stats/leaguedashptdefend?College=&Conference=&Country=&DateFrom=&DateTo=&DefenseCategory=Less%20Than%2010Ft&Division=&DraftPick=&DraftYear=&GameSegment=&Height=&ISTRound=&LastNGames=0&LeagueID=10&Location=&Month=0&OpponentTeamID=0&Outcome=&PORound=0&PerMode=Totals&Period=0&PlayerExperience=&PlayerPosition=&Season=2009&SeasonSegment=&SeasonType=Playoffs&StarterBench=&TeamID=0&VsConference=&VsDivision=&Weight=,EMPTY,0,14,,
defend_gt_15ft,https://stats.nba.com/stats/leaguedashptdefend?College=&Conference=&Country=&DateFrom=&DateTo=&DefenseCategory=Greater%20Than%2015Ft&Division=&DraftPick=&DraftYear=&GameSegment=&Height=&ISTRound=&LastNGames=0&LeagueID=10&Location=&Month=0&OpponentTeamID=0&Outcome=&PORound=0&PerMode=Totals&Period=0&PlayerExperience=&PlayerPosition=&Season=2009&SeasonSegment=&SeasonType=Playoffs&StarterBench=&TeamID=0&VsConference=&VsDivision=&Weight=,EMPTY,0,14,,
bio_stats,https://stats.nba.com/stats/leaguedashplayerbiostats?College=&Conference=&Country=&DateFrom=&DateTo=&Division=&DraftPick=&DraftYear=&GameScope=&GameSegment=&Height=&ISTRound=&LastNGames=0&LeagueID=10&Location=&Month=0&OpponentTeamID=0&Outcome=&PORound=0&PerMode=PerGame&Period=0&PlayerExperience=&PlayerPosition=&Season=2009&SeasonSegment=&SeasonType=Playoffs&ShotClockRange=&StarterBench=&TeamID=0&VsConference=&VsDivision=&Weight=,OK,81,23,,
base_stats,https://stats.nba.com/stats/leaguedashplayerstats?College=&Conference=&Country=&DateFrom=&DateTo=&Division=&DraftPick=&DraftYear=&GameScope=&GameSegment=&Height=&ISTRound=&LastNGames=0&LeagueID=10&Location=&MeasureType=Base&Month=0&OpponentTeamID=0&Outcome=&PORound=&PaceAdjust=N&PerMode=Totals&Period=0&PlayerExperience=&PlayerPosition=&PlusMinus=N&Rank=N&Season=2010&SeasonSegment=&SeasonType=Playoffs&ShotClockRange=&StarterBench=&TeamID=0&VsConference=&VsDivision=&Weight=,PARTIAL_NULL,81,67,TD3,
advanced_stats,https://stats.nba.com/stats/leaguedashplayerstats?College=&Conference=&Country=&DateFrom=&DateTo=&Division=&DraftPick=&DraftYear=&GameScope=&GameSegment=&Height=&ISTRound=&LastNGames=0&LeagueID=10&Location=&MeasureType=Advanced&Month=0&OpponentTeamID=0&Outcome=&PORound=&PaceAdjust=N&PerMode=Totals&Period=0&PlayerExperience=&PlayerPosition=&PlusMinus=N&Rank=N&Season=2010&SeasonSegment=&SeasonType=Playoffs&ShotClockRange=&StarterBench=&TeamID=0&VsConference=&VsDivision=&Weight=,OK,81,79,,
team_advanced_poss,https://stats.nba.com/stats/leaguedashteamstats?College=&Conference=&Country=&DateFrom=&DateTo=&Division=&DraftPick=&DraftYear=&GameScope=&GameSegment=&Height=&ISTRound=&LastNGames=0&LeagueID=10&Location=&MeasureType=Advanced&Month=0&OpponentTeamID=0&Outcome=&PORound=&PaceAdjust=N&PerMode=Totals&Period=0&PlayerExperience=&PlayerPosition=&PlusMinus=N&Rank=N&Season=2010&SeasonSegment=&SeasonType=Playoffs&ShotClockRange=&StarterBench=&TeamID=0&VsConference=&VsDivision=&Weight=,OK,8,46,,
defend_overall,https://stats.nba.com/stats/leaguedashptdefend?College=&Conference=&Country=&DateFrom=&DateTo=&DefenseCategory=Overall&Division=&DraftPick=&DraftYear=&GameSegment=&Height=&ISTRound=&LastNGames=0&LeagueID=10&Location=&Month=0&OpponentTeamID=0&Outcome=&PORound=0&PerMode=Totals&Period=0&PlayerExperience=&PlayerPosition=&Season=2010&SeasonSegment=&SeasonType=Playoffs&StarterBench=&TeamID=0&VsConference=&VsDivision=&Weight=,EMPTY,0,14,,
defend_3pt,https://stats.nba.com/stats/leaguedashptdefend?College=&Conference=&Country=&DateFrom=&DateTo=&DefenseCategory=3%20Pointers&Division=&DraftPick=&DraftYear=&GameSegment=&Height=&ISTRound=&LastNGames=0&LeagueID=10&Location=&Month=0&OpponentTeamID=0&Outcome=&PORound=0&PerMode=Totals&Period=0&PlayerExperience=&PlayerPosition=&Season=2010&SeasonSegment=&SeasonType=Playoffs&StarterBench=&TeamID=0&VsConference=&VsDivision=&Weight=,EMPTY,0,14,,
defend_2pt,https://stats.nba.com/stats/leaguedashptdefend?College=&Conference=&Country=&DateFrom=&DateTo=&DefenseCategory=2%20Pointers&Division=&DraftPick=&DraftYear=&GameSegment=&Height=&ISTRound=&LastNGames=0&LeagueID=10&Location=&Month=0&OpponentTeamID=0&Outcome=&PORound=0&PerMode=Totals&Period=0&PlayerExperience=&PlayerPosition=&Season=2010&SeasonSegment=&SeasonType=Playoffs&StarterBench=&TeamID=0&VsConference=&VsDivision=&Weight=,EMPTY,0,14,,
defend_lt_6ft_v2,https://stats.nba.com/stats/leaguedashptdefend?College=&Conference=&Country=&DateFrom=&DateTo=&DefenseCategory=Less%20Than%206Ft&Division=&DraftPick=&DraftYear=&GameSegment=&Height=&ISTRound=&LastNGames=0&LeagueID=10&Location=&Month=0&OpponentTeamID=0&Outcome=&PORound=0&PerMode=Totals&Period=0&PlayerExperience=&PlayerPosition=&Season=2010&SeasonSegment=&SeasonType=Playoffs&StarterBench=&TeamID=0&VsConference=&VsDivision=&Weight=,EMPTY,0,14,,
defend_lt_10ft,https://stats.nba.com/stats/leaguedashptdefend?College=&Conference=&Country=&DateFrom=&DateTo=&DefenseCategory=Less%20Than%2010Ft&Division=&DraftPick=&DraftYear=&GameSegment=&Height=&ISTRound=&LastNGames=0&LeagueID=10&Location=&Month=0&OpponentTeamID=0&Outcome=&PORound=0&PerMode=Totals&Period=0&PlayerExperience=&PlayerPosition=&Season=2010&SeasonSegment=&SeasonType=Playoffs&StarterBench=&TeamID=0&VsConference=&VsDivision=&Weight=,EMPTY,0,14,,
defend_gt_15ft,https://stats.nba.com/stats/leaguedashptdefend?College=&Conference=&Country=&DateFrom=&DateTo=&DefenseCategory=Greater%20Than%2015Ft&Division=&DraftPick=&DraftYear=&GameSegment=&Height=&ISTRound=&LastNGames=0&LeagueID=10&Location=&Month=0&OpponentTeamID=0&Outcome=&PORound=0&PerMode=Totals&Period=0&PlayerExperience=&PlayerPosition=&Season=2010&SeasonSegment=&SeasonType=Playoffs&StarterBench=&TeamID=0&VsConference=&VsDivision=&Weight=,EMPTY,0,14,,
bio_stats,https://stats.nba.com/stats/leaguedashplayerbiostats?College=&Conference=&Country=&DateFrom=&DateTo=&Division=&DraftPick=&DraftYear=&GameScope=&GameSegment=&Height=&ISTRound=&LastNGames=0&LeagueID=10&Location=&Month=0&OpponentTeamID=0&Outcome=&PORound=0&PerMode=PerGame&Period=0&PlayerExperience=&PlayerPosition=&Season=2010&SeasonSegment=&SeasonType=Playoffs&ShotClockRange=&StarterBench=&TeamID=0&VsConference=&VsDivision=&Weight=,OK,81,23,,
base_stats,https://stats.nba.com/stats/leaguedashplayerstats?College=&Conference=&Country=&DateFrom=&DateTo=&Division=&DraftPick=&DraftYear=&GameScope=&GameSegment=&Height=&ISTRound=&LastNGames=0&LeagueID=10&Location=&MeasureType=Base&Month=0&OpponentTeamID=0&Outcome=&PORound=&PaceAdjust=N&PerMode=Totals&Period=0&PlayerExperience=&PlayerPosition=&PlusMinus=N&Rank=N&Season=2011&SeasonSegment=&SeasonType=Playoffs&ShotClockRange=&StarterBench=&TeamID=0&VsConference=&VsDivision=&Weight=,PARTIAL_NULL,84,67,TD3,
advanced_stats,https://stats.nba.com/stats/leaguedashplayerstats?College=&Conference=&Country=&DateFrom=&DateTo=&Division=&DraftPick=&DraftYear=&GameScope=&GameSegment=&Height=&ISTRound=&LastNGames=0&LeagueID=10&Location=&MeasureType=Advanced&Month=0&OpponentTeamID=0&Outcome=&PORound=&PaceAdjust=N&PerMode=Totals&Period=0&PlayerExperience=&PlayerPosition=&PlusMinus=N&Rank=N&Season=2011&SeasonSegment=&SeasonType=Playoffs&ShotClockRange=&StarterBench=&TeamID=0&VsConference=&VsDivision=&Weight=,OK,84,79,,
team_advanced_poss,https://stats.nba.com/stats/leaguedashteamstats?College=&Conference=&Country=&DateFrom=&DateTo=&Division=&DraftPick=&DraftYear=&GameScope=&GameSegment=&Height=&ISTRound=&LastNGames=0&LeagueID=10&Location=&MeasureType=Advanced&Month=0&OpponentTeamID=0&Outcome=&PORound=&PaceAdjust=N&PerMode=Totals&Period=0&PlayerExperience=&PlayerPosition=&PlusMinus=N&Rank=N&Season=2011&SeasonSegment=&SeasonType=Playoffs&ShotClockRange=&StarterBench=&TeamID=0&VsConference=&VsDivision=&Weight=,OK,8,46,,
defend_overall,https://stats.nba.com/stats/leaguedashptdefend?College=&Conference=&Country=&DateFrom=&DateTo=&DefenseCategory=Overall&Division=&DraftPick=&DraftYear=&GameSegment=&Height=&ISTRound=&LastNGames=0&LeagueID=10&Location=&Month=0&OpponentTeamID=0&Outcome=&PORound=0&PerMode=Totals&Period=0&PlayerExperience=&PlayerPosition=&Season=2011&SeasonSegment=&SeasonType=Playoffs&StarterBench=&TeamID=0&VsConference=&VsDivision=&Weight=,EMPTY,0,14,,
defend_3pt,https://stats.nba.com/stats/leaguedashptdefend?College=&Conference=&Country=&DateFrom=&DateTo=&DefenseCategory=3%20Pointers&Division=&DraftPick=&DraftYear=&GameSegment=&Height=&ISTRound=&LastNGames=0&LeagueID=10&Location=&Month=0&OpponentTeamID=0&Outcome=&PORound=0&PerMode=Totals&Period=0&PlayerExperience=&PlayerPosition=&Season=2011&SeasonSegment=&SeasonType=Playoffs&StarterBench=&TeamID=0&VsConference=&VsDivision=&Weight=,EMPTY,0,14,,
defend_2pt,https://stats.nba.com/stats/leaguedashptdefend?College=&Conference=&Country=&DateFrom=&DateTo=&DefenseCategory=2%20Pointers&Division=&DraftPick=&DraftYear=&GameSegment=&Height=&ISTRound=&LastNGames=0&LeagueID=10&Location=&Month=0&OpponentTeamID=0&Outcome=&PORound=0&PerMode=Totals&Period=0&PlayerExperience=&PlayerPosition=&Season=2011&SeasonSegment=&SeasonType=Playoffs&StarterBench=&TeamID=0&VsConference=&VsDivision=&Weight=,EMPTY,0,14,,
defend_lt_6ft_v2,https://stats.nba.com/stats/leaguedashptdefend?College=&Conference=&Country=&DateFrom=&DateTo=&DefenseCategory=Less%20Than%206Ft&Division=&DraftPick=&DraftYear=&GameSegment=&Height=&ISTRound=&LastNGames=0&LeagueID=10&Location=&Month=0&OpponentTeamID=0&Outcome=&PORound=0&PerMode=Totals&Period=0&PlayerExperience=&PlayerPosition=&Season=2011&SeasonSegment=&SeasonType=Playoffs&StarterBench=&TeamID=0&VsConference=&VsDivision=&Weight=,EMPTY,0,14,,
defend_lt_10ft,https://stats.nba.com/stats/leaguedashptdefend?College=&Conference=&Country=&DateFrom=&DateTo=&DefenseCategory=Less%20Than%2010Ft&Division=&DraftPick=&DraftYear=&GameSegment=&Height=&ISTRound=&LastNGames=0&LeagueID=10&Location=&Month=0&OpponentTeamID=0&Outcome=&PORound=0&PerMode=Totals&Period=0&PlayerExperience=&PlayerPosition=&Season=2011&SeasonSegment=&SeasonType=Playoffs&StarterBench=&TeamID=0&VsConference=&VsDivision=&Weight=,EMPTY,0,14,,
defend_gt_15ft,https://stats.nba.com/stats/leaguedashptdefend?College=&Conference=&Country=&DateFrom=&DateTo=&DefenseCategory=Greater%20Than%2015Ft&Division=&DraftPick=&DraftYear=&GameSegment=&Height=&ISTRound=&LastNGames=0&LeagueID=10&Location=&Month=0&OpponentTeamID=0&Outcome=&PORound=0&PerMode=Totals&Period=0&PlayerExperience=&PlayerPosition=&Season=2011&SeasonSegment=&SeasonType=Playoffs&StarterBench=&TeamID=0&VsConference=&VsDivision=&Weight=,EMPTY,0,14,,
bio_stats,https://stats.nba.com/stats/leaguedashplayerbiostats?College=&Conference=&Country=&DateFrom=&DateTo=&Division=&DraftPick=&DraftYear=&GameScope=&GameSegment=&Height=&ISTRound=&LastNGames=0&LeagueID=10&Location=&Month=0&OpponentTeamID=0&Outcome=&PORound=0&PerMode=PerGame&Period=0&PlayerExperience=&PlayerPosition=&Season=2011&SeasonSegment=&SeasonType=Playoffs&ShotClockRange=&StarterBench=&TeamID=0&VsConference=&VsDivision=&Weight=,OK,84,23,,
base_stats,https://stats.nba.com/stats/leaguedashplayerstats?College=&Conference=&Country=&DateFrom=&DateTo=&Division=&DraftPick=&DraftYear=&GameScope=&GameSegment=&Height=&ISTRound=&LastNGames=0&LeagueID=10&Location=&MeasureType=Base&Month=0&OpponentTeamID=0&Outcome=&PORound=&PaceAdjust=N&PerMode=Totals&Period=0&PlayerExperience=&PlayerPosition=&PlusMinus=N&Rank=N&Season=2012&SeasonSegment=&SeasonType=Playoffs&ShotClockRange=&StarterBench=&TeamID=0&VsConference=&VsDivision=&Weight=,PARTIAL_NULL,80,67,TD3,
advanced_stats,https://stats.nba.com/stats/leaguedashplayerstats?College=&Conference=&Country=&DateFrom=&DateTo=&Division=&DraftPick=&DraftYear=&GameScope=&GameSegment=&Height=&ISTRound=&LastNGames=0&LeagueID=10&Location=&MeasureType=Advanced&Month=0&OpponentTeamID=0&Outcome=&PORound=&PaceAdjust=N&PerMode=Totals&Period=0&PlayerExperience=&PlayerPosition=&PlusMinus=N&Rank=N&Season=2012&SeasonSegment=&SeasonType=Playoffs&ShotClockRange=&StarterBench=&TeamID=0&VsConference=&VsDivision=&Weight=,OK,80,79,,
team_advanced_poss,https://stats.nba.com/stats/leaguedashteamstats?College=&Conference=&Country=&DateFrom=&DateTo=&Division=&DraftPick=&DraftYear=&GameScope=&GameSegment=&Height=&ISTRound=&LastNGames=0&LeagueID=10&Location=&MeasureType=Advanced&Month=0&OpponentTeamID=0&Outcome=&PORound=&PaceAdjust=N&PerMode=Totals&Period=0&PlayerExperience=&PlayerPosition=&PlusMinus=N&Rank=N&Season=2012&SeasonSegment=&SeasonType=Playoffs&ShotClockRange=&StarterBench=&TeamID=0&VsConference=&VsDivision=&Weight=,OK,8,46,,
defend_overall,https://stats.nba.com/stats/leaguedashptdefend?College=&Conference=&Country=&DateFrom=&DateTo=&DefenseCategory=Overall&Division=&DraftPick=&DraftYear=&GameSegment=&Height=&ISTRound=&LastNGames=0&LeagueID=10&Location=&Month=0&OpponentTeamID=0&Outcome=&PORound=0&PerMode=Totals&Period=0&PlayerExperience=&PlayerPosition=&Season=2012&SeasonSegment=&SeasonType=Playoffs&StarterBench=&TeamID=0&VsConference=&VsDivision=&Weight=,EMPTY,0,14,,
defend_3pt,https://stats.nba.com/stats/leaguedashptdefend?College=&Conference=&Country=&DateFrom=&DateTo=&DefenseCategory=3%20Pointers&Division=&DraftPick=&DraftYear=&GameSegment=&Height=&ISTRound=&LastNGames=0&LeagueID=10&Location=&Month=0&OpponentTeamID=0&Outcome=&PORound=0&PerMode=Totals&Period=0&PlayerExperience=&PlayerPosition=&Season=2012&SeasonSegment=&SeasonType=Playoffs&StarterBench=&TeamID=0&VsConference=&VsDivision=&Weight=,EMPTY,0,14,,
defend_2pt,https://stats.nba.com/stats/leaguedashptdefend?College=&Conference=&Country=&DateFrom=&DateTo=&DefenseCategory=2%20Pointers&Division=&DraftPick=&DraftYear=&GameSegment=&Height=&ISTRound=&LastNGames=0&LeagueID=10&Location=&Month=0&OpponentTeamID=0&Outcome=&PORound=0&PerMode=Totals&Period=0&PlayerExperience=&PlayerPosition=&Season=2012&SeasonSegment=&SeasonType=Playoffs&StarterBench=&TeamID=0&VsConference=&VsDivision=&Weight=,EMPTY,0,14,,
defend_lt_6ft_v2,https://stats.nba.com/stats/leaguedashptdefend?College=&Conference=&Country=&DateFrom=&DateTo=&DefenseCategory=Less%20Than%206Ft&Division=&DraftPick=&DraftYear=&GameSegment=&Height=&ISTRound=&LastNGames=0&LeagueID=10&Location=&Month=0&OpponentTeamID=0&Outcome=&PORound=0&PerMode=Totals&Period=0&PlayerExperience=&PlayerPosition=&Season=2012&SeasonSegment=&SeasonType=Playoffs&StarterBench=&TeamID=0&VsConference=&VsDivision=&Weight=,EMPTY,0,14,,
defend_lt_10ft,https://stats.nba.com/stats/leaguedashptdefend?College=&Conference=&Country=&DateFrom=&DateTo=&DefenseCategory=Less%20Than%2010Ft&Division=&DraftPick=&DraftYear=&GameSegment=&Height=&ISTRound=&LastNGames=0&LeagueID=10&Location=&Month=0&OpponentTeamID=0&Outcome=&PORound=0&PerMode=Totals&Period=0&PlayerExperience=&PlayerPosition=&Season=2012&SeasonSegment=&SeasonType=Playoffs&StarterBench=&TeamID=0&VsConference=&VsDivision=&Weight=,EMPTY,0,14,,
defend_gt_15ft,https://stats.nba.com/stats/leaguedashptdefend?College=&Conference=&Country=&DateFrom=&DateTo=&DefenseCategory=Greater%20Than%2015Ft&Division=&DraftPick=&DraftYear=&GameSegment=&Height=&ISTRound=&LastNGames=0&LeagueID=10&Location=&Month=0&OpponentTeamID=0&Outcome=&PORound=0&PerMode=Totals&Period=0&PlayerExperience=&PlayerPosition=&Season=2012&SeasonSegment=&SeasonType=Playoffs&StarterBench=&TeamID=0&VsConference=&VsDivision=&Weight=,EMPTY,0,14,,
bio_stats,https://stats.nba.com/stats/leaguedashplayerbiostats?College=&Conference=&Country=&DateFrom=&DateTo=&Division=&DraftPick=&DraftYear=&GameScope=&GameSegment=&Height=&ISTRound=&LastNGames=0&LeagueID=10&Location=&Month=0&OpponentTeamID=0&Outcome=&PORound=0&PerMode=PerGame&Period=0&PlayerExperience=&PlayerPosition=&Season=2012&SeasonSegment=&SeasonType=Playoffs&ShotClockRange=&StarterBench=&TeamID=0&VsConference=&VsDivision=&Weight=,OK,80,23,,
base_stats,https://stats.nba.com/stats/leaguedashplayerstats?College=&Conference=&Country=&DateFrom=&DateTo=&Division=&DraftPick=&DraftYear=&GameScope=&GameSegment=&Height=&ISTRound=&LastNGames=0&LeagueID=10&Location=&MeasureType=Base&Month=0&OpponentTeamID=0&Outcome=&PORound=&PaceAdjust=N&PerMode=Totals&Period=0&PlayerExperience=&PlayerPosition=&PlusMinus=N&Rank=N&Season=2013&SeasonSegment=&SeasonType=Playoffs&ShotClockRange=&StarterBench=&TeamID=0&VsConference=&VsDivision=&Weight=,PARTIAL_NULL,82,67,TD3,
advanced_stats,https://stats.nba.com/stats/leaguedashplayerstats?College=&Conference=&Country=&DateFrom=&DateTo=&Division=&DraftPick=&DraftYear=&GameScope=&GameSegment=&Height=&ISTRound=&LastNGames=0&LeagueID=10&Location=&MeasureType=Advanced&Month=0&OpponentTeamID=0&Outcome=&PORound=&PaceAdjust=N&PerMode=Totals&Period=0&PlayerExperience=&PlayerPosition=&PlusMinus=N&Rank=N&Season=2013&SeasonSegment=&SeasonType=Playoffs&ShotClockRange=&StarterBench=&TeamID=0&VsConference=&VsDivision=&Weight=,OK,82,79,,
team_advanced_poss,https://stats.nba.com/stats/leaguedashteamstats?College=&Conference=&Country=&DateFrom=&DateTo=&Division=&DraftPick=&DraftYear=&GameScope=&GameSegment=&Height=&ISTRound=&LastNGames=0&LeagueID=10&Location=&MeasureType=Advanced&Month=0&OpponentTeamID=0&Outcome=&PORound=&PaceAdjust=N&PerMode=Totals&Period=0&PlayerExperience=&PlayerPosition=&PlusMinus=N&Rank=N&Season=2013&SeasonSegment=&SeasonType=Playoffs&ShotClockRange=&StarterBench=&TeamID=0&VsConference=&VsDivision=&Weight=,OK,8,46,,
defend_overall,https://stats.nba.com/stats/leaguedashptdefend?College=&Conference=&Country=&DateFrom=&DateTo=&DefenseCategory=Overall&Division=&DraftPick=&DraftYear=&GameSegment=&Height=&ISTRound=&LastNGames=0&LeagueID=10&Location=&Month=0&OpponentTeamID=0&Outcome=&PORound=0&PerMode=Totals&Period=0&PlayerExperience=&PlayerPosition=&Season=2013&SeasonSegment=&SeasonType=Playoffs&StarterBench=&TeamID=0&VsConference=&VsDivision=&Weight=,EMPTY,0,14,,
defend_3pt,https://stats.nba.com/stats/leaguedashptdefend?College=&Conference=&Country=&DateFrom=&DateTo=&DefenseCategory=3%20Pointers&Division=&DraftPick=&DraftYear=&GameSegment=&Height=&ISTRound=&LastNGames=0&LeagueID=10&Location=&Month=0&OpponentTeamID=0&Outcome=&PORound=0&PerMode=Totals&Period=0&PlayerExperience=&PlayerPosition=&Season=2013&SeasonSegment=&SeasonType=Playoffs&StarterBench=&TeamID=0&VsConference=&VsDivision=&Weight=,EMPTY,0,14,,
defend_2pt,https://stats.nba.com/stats/leaguedashptdefend?College=&Conference=&Country=&DateFrom=&DateTo=&DefenseCategory=2%20Pointers&Division=&DraftPick=&DraftYear=&GameSegment=&Height=&ISTRound=&LastNGames=0&LeagueID=10&Location=&Month=0&OpponentTeamID=0&Outcome=&PORound=0&PerMode=Totals&Period=0&PlayerExperience=&PlayerPosition=&Season=2013&SeasonSegment=&SeasonType=Playoffs&StarterBench=&TeamID=0&VsConference=&VsDivision=&Weight=,EMPTY,0,14,,
defend_lt_6ft_v2,https://stats.nba.com/stats/leaguedashptdefend?College=&Conference=&Country=&DateFrom=&DateTo=&DefenseCategory=Less%20Than%206Ft&Division=&DraftPick=&DraftYear=&GameSegment=&Height=&ISTRound=&LastNGames=0&LeagueID=10&Location=&Month=0&OpponentTeamID=0&Outcome=&PORound=0&PerMode=Totals&Period=0&PlayerExperience=&PlayerPosition=&Season=2013&SeasonSegment=&SeasonType=Playoffs&StarterBench=&TeamID=0&VsConference=&VsDivision=&Weight=,EMPTY,0,14,,
defend_lt_10ft,https://stats.nba.com/stats/leaguedashptdefend?College=&Conference=&Country=&DateFrom=&DateTo=&DefenseCategory=Less%20Than%2010Ft&Division=&DraftPick=&DraftYear=&GameSegment=&Height=&ISTRound=&LastNGames=0&LeagueID=10&Location=&Month=0&OpponentTeamID=0&Outcome=&PORound=0&PerMode=Totals&Period=0&PlayerExperience=&PlayerPosition=&Season=2013&SeasonSegment=&SeasonType=Playoffs&StarterBench=&TeamID=0&VsConference=&VsDivision=&Weight=,EMPTY,0,14,,
defend_gt_15ft,https://stats.nba.com/stats/leaguedashptdefend?College=&Conference=&Country=&DateFrom=&DateTo=&DefenseCategory=Greater%20Than%2015Ft&Division=&DraftPick=&DraftYear=&GameSegment=&Height=&ISTRound=&LastNGames=0&LeagueID=10&Location=&Month=0&OpponentTeamID=0&Outcome=&PORound=0&PerMode=Totals&Period=0&PlayerExperience=&PlayerPosition=&Season=2013&SeasonSegment=&SeasonType=Playoffs&StarterBench=&TeamID=0&VsConference=&VsDivision=&Weight=,EMPTY,0,14,,
bio_stats,https://stats.nba.com/stats/leaguedashplayerbiostats?College=&Conference=&Country=&DateFrom=&DateTo=&Division=&DraftPick=&DraftYear=&GameScope=&GameSegment=&Height=&ISTRound=&LastNGames=0&LeagueID=10&Location=&Month=0&OpponentTeamID=0&Outcome=&PORound=0&PerMode=PerGame&Period=0&PlayerExperience=&PlayerPosition=&Season=2013&SeasonSegment=&SeasonType=Playoffs&ShotClockRange=&StarterBench=&TeamID=0&VsConference=&VsDivision=&Weight=,OK,82,23,,
base_stats,https://stats.nba.com/stats/leaguedashplayerstats?College=&Conference=&Country=&DateFrom=&DateTo=&Division=&DraftPick=&DraftYear=&GameScope=&GameSegment=&Height=&ISTRound=&LastNGames=0&LeagueID=10&Location=&MeasureType=Base&Month=0&OpponentTeamID=0&Outcome=&PORound=&PaceAdjust=N&PerMode=Totals&Period=0&PlayerExperience=&PlayerPosition=&PlusMinus=N&Rank=N&Season=2014&SeasonSegment=&SeasonType=Playoffs&ShotClockRange=&StarterBench=&TeamID=0&VsConference=&VsDivision=&Weight=,PARTIAL_NULL,89,67,TD3,
advanced_stats,https://stats.nba.com/stats/leaguedashplayerstats?College=&Conference=&Country=&DateFrom=&DateTo=&Division=&DraftPick=&DraftYear=&GameScope=&GameSegment=&Height=&ISTRound=&LastNGames=0&LeagueID=10&Location=&MeasureType=Advanced&Month=0&OpponentTeamID=0&Outcome=&PORound=&PaceAdjust=N&PerMode=Totals&Period=0&PlayerExperience=&PlayerPosition=&PlusMinus=N&Rank=N&Season=2014&SeasonSegment=&SeasonType=Playoffs&ShotClockRange=&StarterBench=&TeamID=0&VsConference=&VsDivision=&Weight=,OK,89,79,,
team_advanced_poss,https://stats.nba.com/stats/leaguedashteamstats?College=&Conference=&Country=&DateFrom=&DateTo=&Division=&DraftPick=&DraftYear=&GameScope=&GameSegment=&Height=&ISTRound=&LastNGames=0&LeagueID=10&Location=&MeasureType=Advanced&Month=0&OpponentTeamID=0&Outcome=&PORound=&PaceAdjust=N&PerMode=Totals&Period=0&PlayerExperience=&PlayerPosition=&PlusMinus=N&Rank=N&Season=2014&SeasonSegment=&SeasonType=Playoffs&ShotClockRange=&StarterBench=&TeamID=0&VsConference=&VsDivision=&Weight=,OK,8,46,,
defend_overall,https://stats.nba.com/stats/leaguedashptdefend?College=&Conference=&Country=&DateFrom=&DateTo=&DefenseCategory=Overall&Division=&DraftPick=&DraftYear=&GameSegment=&Height=&ISTRound=&LastNGames=0&LeagueID=10&Location=&Month=0&OpponentTeamID=0&Outcome=&PORound=0&PerMode=Totals&Period=0&PlayerExperience=&PlayerPosition=&Season=2014&SeasonSegment=&SeasonType=Playoffs&StarterBench=&TeamID=0&VsConference=&VsDivision=&Weight=,EMPTY,0,14,,
defend_3pt,https://stats.nba.com/stats/leaguedashptdefend?College=&Conference=&Country=&DateFrom=&DateTo=&DefenseCategory=3%20Pointers&Division=&DraftPick=&DraftYear=&GameSegment=&Height=&ISTRound=&LastNGames=0&LeagueID=10&Location=&Month=0&OpponentTeamID=0&Outcome=&PORound=0&PerMode=Totals&Period=0&PlayerExperience=&PlayerPosition=&Season=2014&SeasonSegment=&SeasonType=Playoffs&StarterBench=&TeamID=0&VsConference=&VsDivision=&Weight=,EMPTY,0,14,,
defend_2pt,https://stats.nba.com/stats/leaguedashptdefend?College=&Conference=&Country=&DateFrom=&DateTo=&DefenseCategory=2%20Pointers&Division=&DraftPick=&DraftYear=&GameSegment=&Height=&ISTRound=&LastNGames=0&LeagueID=10&Location=&Month=0&OpponentTeamID=0&Outcome=&PORound=0&PerMode=Totals&Period=0&PlayerExperience=&PlayerPosition=&Season=2014&SeasonSegment=&SeasonType=Playoffs&StarterBench=&TeamID=0&VsConference=&VsDivision=&Weight=,EMPTY,0,14,,
defend_lt_6ft_v2,https://stats.nba.com/stats/leaguedashptdefend?College=&Conference=&Country=&DateFrom=&DateTo=&DefenseCategory=Less%20Than%206Ft&Division=&DraftPick=&DraftYear=&GameSegment=&Height=&ISTRound=&LastNGames=0&LeagueID=10&Location=&Month=0&OpponentTeamID=0&Outcome=&PORound=0&PerMode=Totals&Period=0&PlayerExperience=&PlayerPosition=&Season=2014&SeasonSegment=&SeasonType=Playoffs&StarterBench=&TeamID=0&VsConference=&VsDivision=&Weight=,EMPTY,0,14,,
defend_lt_10ft,https://stats.nba.com/stats/leaguedashptdefend?College=&Conference=&Country=&DateFrom=&DateTo=&DefenseCategory=Less%20Than%2010Ft&Division=&DraftPick=&DraftYear=&GameSegment=&Height=&ISTRound=&LastNGames=0&LeagueID=10&Location=&Month=0&OpponentTeamID=0&Outcome=&PORound=0&PerMode=Totals&Period=0&PlayerExperience=&PlayerPosition=&Season=2014&SeasonSegment=&SeasonType=Playoffs&StarterBench=&TeamID=0&VsConference=&VsDivision=&Weight=,EMPTY,0,14,,
defend_gt_15ft,https://stats.nba.com/stats/leaguedashptdefend?College=&Conference=&Country=&DateFrom=&DateTo=&DefenseCategory=Greater%20Than%2015Ft&Division=&DraftPick=&DraftYear=&GameSegment=&Height=&ISTRound=&LastNGames=0&LeagueID=10&Location=&Month=0&OpponentTeamID=0&Outcome=&PORound=0&PerMode=Totals&Period=0&PlayerExperience=&PlayerPosition=&Season=2014&SeasonSegment=&SeasonType=Playoffs&StarterBench=&TeamID=0&VsConference=&VsDivision=&Weight=,EMPTY,0,14,,
bio_stats,https://stats.nba.com/stats/leaguedashplayerbiostats?College=&Conference=&Country=&DateFrom=&DateTo=&Division=&DraftPick=&DraftYear=&GameScope=&GameSegment=&Height=&ISTRound=&LastNGames=0&LeagueID=10&Location=&Month=0&OpponentTeamID=0&Outcome=&PORound=0&PerMode=PerGame&Period=0&PlayerExperience=&PlayerPosition=&Season=2014&SeasonSegment=&SeasonType=Playoffs&ShotClockRange=&StarterBench=&TeamID=0&VsConference=&VsDivision=&Weight=,OK,89,23,,
base_stats,https://stats.nba.com/stats/leaguedashplayerstats?College=&Conference=&Country=&DateFrom=&DateTo=&Division=&DraftPick=&DraftYear=&GameScope=&GameSegment=&Height=&ISTRound=&LastNGames=0&LeagueID=10&Location=&MeasureType=Base&Month=0&OpponentTeamID=0&Outcome=&PORound=&PaceAdjust=N&PerMode=Totals&Period=0&PlayerExperience=&PlayerPosition=&PlusMinus=N&Rank=N&Season=2015&SeasonSegment=&SeasonType=Playoffs&ShotClockRange=&StarterBench=&TeamID=0&VsConference=&VsDivision=&Weight=,PARTIAL_NULL,87,67,TD3,
advanced_stats,https://stats.nba.com/stats/leaguedashplayerstats?College=&Conference=&Country=&DateFrom=&DateTo=&Division=&DraftPick=&DraftYear=&GameScope=&GameSegment=&Height=&ISTRound=&LastNGames=0&LeagueID=10&Location=&MeasureType=Advanced&Month=0&OpponentTeamID=0&Outcome=&PORound=&PaceAdjust=N&PerMode=Totals&Period=0&PlayerExperience=&PlayerPosition=&PlusMinus=N&Rank=N&Season=2015&SeasonSegment=&SeasonType=Playoffs&ShotClockRange=&StarterBench=&TeamID=0&VsConference=&VsDivision=&Weight=,OK,87,79,,
team_advanced_poss,https://stats.nba.com/stats/leaguedashteamstats?College=&Conference=&Country=&DateFrom=&DateTo=&Division=&DraftPick=&DraftYear=&GameScope=&GameSegment=&Height=&ISTRound=&LastNGames=0&LeagueID=10&Location=&MeasureType=Advanced&Month=0&OpponentTeamID=0&Outcome=&PORound=&PaceAdjust=N&PerMode=Totals&Period=0&PlayerExperience=&PlayerPosition=&PlusMinus=N&Rank=N&Season=2015&SeasonSegment=&SeasonType=Playoffs&ShotClockRange=&StarterBench=&TeamID=0&VsConference=&VsDivision=&Weight=,OK,8,46,,
defend_overall,https://stats.nba.com/stats/leaguedashptdefend?College=&Conference=&Country=&DateFrom=&DateTo=&DefenseCategory=Overall&Division=&DraftPick=&DraftYear=&GameSegment=&Height=&ISTRound=&LastNGames=0&LeagueID=10&Location=&Month=0&OpponentTeamID=0&Outcome=&PORound=0&PerMode=Totals&Period=0&PlayerExperience=&PlayerPosition=&Season=2015&SeasonSegment=&SeasonType=Playoffs&StarterBench=&TeamID=0&VsConference=&VsDivision=&Weight=,EMPTY,0,14,,
defend_3pt,https://stats.nba.com/stats/leaguedashptdefend?College=&Conference=&Country=&DateFrom=&DateTo=&DefenseCategory=3%20Pointers&Division=&DraftPick=&DraftYear=&GameSegment=&Height=&ISTRound=&LastNGames=0&LeagueID=10&Location=&Month=0&OpponentTeamID=0&Outcome=&PORound=0&PerMode=Totals&Period=0&PlayerExperience=&PlayerPosition=&Season=2015&SeasonSegment=&SeasonType=Playoffs&StarterBench=&TeamID=0&VsConference=&VsDivision=&Weight=,EMPTY,0,14,,
defend_2pt,https://stats.nba.com/stats/leaguedashptdefend?College=&Conference=&Country=&DateFrom=&DateTo=&DefenseCategory=2%20Pointers&Division=&DraftPick=&DraftYear=&GameSegment=&Height=&ISTRound=&LastNGames=0&LeagueID=10&Location=&Month=0&OpponentTeamID=0&Outcome=&PORound=0&PerMode=Totals&Period=0&PlayerExperience=&PlayerPosition=&Season=2015&SeasonSegment=&SeasonType=Playoffs&StarterBench=&TeamID=0&VsConference=&VsDivision=&Weight=,EMPTY,0,14,,
defend_lt_6ft_v2,https://stats.nba.com/stats/leaguedashptdefend?College=&Conference=&Country=&DateFrom=&DateTo=&DefenseCategory=Less%20Than%206Ft&Division=&DraftPick=&DraftYear=&GameSegment=&Height=&ISTRound=&LastNGames=0&LeagueID=10&Location=&Month=0&OpponentTeamID=0&Outcome=&PORound=0&PerMode=Totals&Period=0&PlayerExperience=&PlayerPosition=&Season=2015&SeasonSegment=&SeasonType=Playoffs&StarterBench=&TeamID=0&VsConference=&VsDivision=&Weight=,EMPTY,0,14,,
defend_lt_10ft,https://stats.nba.com/stats/leaguedashptdefend?College=&Conference=&Country=&DateFrom=&DateTo=&DefenseCategory=Less%20Than%2010Ft&Division=&DraftPick=&DraftYear=&GameSegment=&Height=&ISTRound=&LastNGames=0&LeagueID=10&Location=&Month=0&OpponentTeamID=0&Outcome=&PORound=0&PerMode=Totals&Period=0&PlayerExperience=&PlayerPosition=&Season=2015&SeasonSegment=&SeasonType=Playoffs&StarterBench=&TeamID=0&VsConference=&VsDivision=&Weight=,EMPTY,0,14,,
defend_gt_15ft,https://stats.nba.com/stats/leaguedashptdefend?College=&Conference=&Country=&DateFrom=&DateTo=&DefenseCategory=Greater%20Than%2015Ft&Division=&DraftPick=&DraftYear=&GameSegment=&Height=&ISTRound=&LastNGames=0&LeagueID=10&Location=&Month=0&OpponentTeamID=0&Outcome=&PORound=0&PerMode=Totals&Period=0&PlayerExperience=&PlayerPosition=&Season=2015&SeasonSegment=&SeasonType=Playoffs&StarterBench=&TeamID=0&VsConference=&VsDivision=&Weight=,EMPTY,0,14,,
bio_stats,https://stats.nba.com/stats/leaguedashplayerbiostats?College=&Conference=&Country=&DateFrom=&DateTo=&Division=&DraftPick=&DraftYear=&GameScope=&GameSegment=&Height=&ISTRound=&LastNGames=0&LeagueID=10&Location=&Month=0&OpponentTeamID=0&Outcome=&PORound=0&PerMode=PerGame&Period=0&PlayerExperience=&PlayerPosition=&Season=2015&SeasonSegment=&SeasonType=Playoffs&ShotClockRange=&StarterBench=&TeamID=0&VsConference=&VsDivision=&Weight=,OK,87,23,,
base_stats,https://stats.nba.com/stats/leaguedashplayerstats?College=&Conference=&Country=&DateFrom=&DateTo=&Division=&DraftPick=&DraftYear=&GameScope=&GameSegment=&Height=&ISTRound=&LastNGames=0&LeagueID=10&Location=&MeasureType=Base&Month=0&OpponentTeamID=0&Outcome=&PORound=&PaceAdjust=N&PerMode=Totals&Period=0&PlayerExperience=&PlayerPosition=&PlusMinus=N&Rank=N&Season=2016&SeasonSegment=&SeasonType=Playoffs&ShotClockRange=&StarterBench=&TeamID=0&VsConference=&VsDivision=&Weight=,PARTIAL_NULL,82,67,TD3,
advanced_stats,https://stats.nba.com/stats/leaguedashplayerstats?College=&Conference=&Country=&DateFrom=&DateTo=&Division=&DraftPick=&DraftYear=&GameScope=&GameSegment=&Height=&ISTRound=&LastNGames=0&LeagueID=10&Location=&MeasureType=Advanced&Month=0&OpponentTeamID=0&Outcome=&PORound=&PaceAdjust=N&PerMode=Totals&Period=0&PlayerExperience=&PlayerPosition=&PlusMinus=N&Rank=N&Season=2016&SeasonSegment=&SeasonType=Playoffs&ShotClockRange=&StarterBench=&TeamID=0&VsConference=&VsDivision=&Weight=,OK,82,79,,
team_advanced_poss,https://stats.nba.com/stats/leaguedashteamstats?College=&Conference=&Country=&DateFrom=&DateTo=&Division=&DraftPick=&DraftYear=&GameScope=&GameSegment=&Height=&ISTRound=&LastNGames=0&LeagueID=10&Location=&MeasureType=Advanced&Month=0&OpponentTeamID=0&Outcome=&PORound=&PaceAdjust=N&PerMode=Totals&Period=0&PlayerExperience=&PlayerPosition=&PlusMinus=N&Rank=N&Season=2016&SeasonSegment=&SeasonType=Playoffs&ShotClockRange=&StarterBench=&TeamID=0&VsConference=&VsDivision=&Weight=,OK,8,46,,
defend_overall,https://stats.nba.com/stats/leaguedashptdefend?College=&Conference=&Country=&DateFrom=&DateTo=&DefenseCategory=Overall&Division=&DraftPick=&DraftYear=&GameSegment=&Height=&ISTRound=&LastNGames=0&LeagueID=10&Location=&Month=0&OpponentTeamID=0&Outcome=&PORound=0&PerMode=Totals&Period=0&PlayerExperience=&PlayerPosition=&Season=2016&SeasonSegment=&SeasonType=Playoffs&StarterBench=&TeamID=0&VsConference=&VsDivision=&Weight=,EMPTY,0,14,,
defend_3pt,https://stats.nba.com/stats/leaguedashptdefend?College=&Conference=&Country=&DateFrom=&DateTo=&DefenseCategory=3%20Pointers&Division=&DraftPick=&DraftYear=&GameSegment=&Height=&ISTRound=&LastNGames=0&LeagueID=10&Location=&Month=0&OpponentTeamID=0&Outcome=&PORound=0&PerMode=Totals&Period=0&PlayerExperience=&PlayerPosition=&Season=2016&SeasonSegment=&SeasonType=Playoffs&StarterBench=&TeamID=0&VsConference=&VsDivision=&Weight=,EMPTY,0,14,,
defend_2pt,https://stats.nba.com/stats/leaguedashptdefend?College=&Conference=&Country=&DateFrom=&DateTo=&DefenseCategory=2%20Pointers&Division=&DraftPick=&DraftYear=&GameSegment=&Height=&ISTRound=&LastNGames=0&LeagueID=10&Location=&Month=0&OpponentTeamID=0&Outcome=&PORound=0&PerMode=Totals&Period=0&PlayerExperience=&PlayerPosition=&Season=2016&SeasonSegment=&SeasonType=Playoffs&StarterBench=&TeamID=0&VsConference=&VsDivision=&Weight=,EMPTY,0,14,,
defend_lt_6ft_v2,https://stats.nba.com/stats/leaguedashptdefend?College=&Conference=&Country=&DateFrom=&DateTo=&DefenseCategory=Less%20Than%206Ft&Division=&DraftPick=&DraftYear=&GameSegment=&Height=&ISTRound=&LastNGames=0&LeagueID=10&Location=&Month=0&OpponentTeamID=0&Outcome=&PORound=0&PerMode=Totals&Period=0&PlayerExperience=&PlayerPosition=&Season=2016&SeasonSegment=&SeasonType=Playoffs&StarterBench=&TeamID=0&VsConference=&VsDivision=&Weight=,EMPTY,0,14,,
defend_lt_10ft,https://stats.nba.com/stats/leaguedashptdefend?College=&Conference=&Country=&DateFrom=&DateTo=&DefenseCategory=Less%20Than%2010Ft&Division=&DraftPick=&DraftYear=&GameSegment=&Height=&ISTRound=&LastNGames=0&LeagueID=10&Location=&Month=0&OpponentTeamID=0&Outcome=&PORound=0&PerMode=Totals&Period=0&PlayerExperience=&PlayerPosition=&Season=2016&SeasonSegment=&SeasonType=Playoffs&StarterBench=&TeamID=0&VsConference=&VsDivision=&Weight=,EMPTY,0,14,,
defend_gt_15ft,https://stats.nba.com/stats/leaguedashptdefend?College=&Conference=&Country=&DateFrom=&DateTo=&DefenseCategory=Greater%20Than%2015Ft&Division=&DraftPick=&DraftYear=&GameSegment=&Height=&ISTRound=&LastNGames=0&LeagueID=10&Location=&Month=0&OpponentTeamID=0&Outcome=&PORound=0&PerMode=Totals&Period=0&PlayerExperience=&PlayerPosition=&Season=2016&SeasonSegment=&SeasonType=Playoffs&StarterBench=&TeamID=0&VsConference=&VsDivision=&Weight=,EMPTY,0,14,,
bio_stats,https://stats.nba.com/stats/leaguedashplayerbiostats?College=&Conference=&Country=&DateFrom=&DateTo=&Division=&DraftPick=&DraftYear=&GameScope=&GameSegment=&Height=&ISTRound=&LastNGames=0&LeagueID=10&Location=&Month=0&OpponentTeamID=0&Outcome=&PORound=0&PerMode=PerGame&Period=0&PlayerExperience=&PlayerPosition=&Season=2016&SeasonSegment=&SeasonType=Playoffs&ShotClockRange=&StarterBench=&TeamID=0&VsConference=&VsDivision=&Weight=,OK,82,23,,
base_stats,https://stats.nba.com/stats/leaguedashplayerstats?College=&Conference=&Country=&DateFrom=&DateTo=&Division=&DraftPick=&DraftYear=&GameScope=&GameSegment=&Height=&ISTRound=&LastNGames=0&LeagueID=10&Location=&MeasureType=Base&Month=0&OpponentTeamID=0&Outcome=&PORound=&PaceAdjust=N&PerMode=Totals&Period=0&PlayerExperience=&PlayerPosition=&PlusMinus=N&Rank=N&Season=2017&SeasonSegment=&SeasonType=Playoffs&ShotClockRange=&StarterBench=&TeamID=0&VsConference=&VsDivision=&Weight=,PARTIAL_NULL,86,67,TD3,
advanced_stats,https://stats.nba.com/stats/leaguedashplayerstats?College=&Conference=&Country=&DateFrom=&DateTo=&Division=&DraftPick=&DraftYear=&GameScope=&GameSegment=&Height=&ISTRound=&LastNGames=0&LeagueID=10&Location=&MeasureType=Advanced&Month=0&OpponentTeamID=0&Outcome=&PORound=&PaceAdjust=N&PerMode=Totals&Period=0&PlayerExperience=&PlayerPosition=&PlusMinus=N&Rank=N&Season=2017&SeasonSegment=&SeasonType=Playoffs&ShotClockRange=&StarterBench=&TeamID=0&VsConference=&VsDivision=&Weight=,OK,86,79,,
team_advanced_poss,https://stats.nba.com/stats/leaguedashteamstats?College=&Conference=&Country=&DateFrom=&DateTo=&Division=&DraftPick=&DraftYear=&GameScope=&GameSegment=&Height=&ISTRound=&LastNGames=0&LeagueID=10&Location=&MeasureType=Advanced&Month=0&OpponentTeamID=0&Outcome=&PORound=&PaceAdjust=N&PerMode=Totals&Period=0&PlayerExperience=&PlayerPosition=&PlusMinus=N&Rank=N&Season=2017&SeasonSegment=&SeasonType=Playoffs&ShotClockRange=&StarterBench=&TeamID=0&VsConference=&VsDivision=&Weight=,OK,8,46,,
defend_overall,https://stats.nba.com/stats/leaguedashptdefend?College=&Conference=&Country=&DateFrom=&DateTo=&DefenseCategory=Overall&Division=&DraftPick=&DraftYear=&GameSegment=&Height=&ISTRound=&LastNGames=0&LeagueID=10&Location=&Month=0&OpponentTeamID=0&Outcome=&PORound=0&PerMode=Totals&Period=0&PlayerExperience=&PlayerPosition=&Season=2017&SeasonSegment=&SeasonType=Playoffs&StarterBench=&TeamID=0&VsConference=&VsDivision=&Weight=,EMPTY,0,14,,
defend_3pt,https://stats.nba.com/stats/leaguedashptdefend?College=&Conference=&Country=&DateFrom=&DateTo=&DefenseCategory=3%20Pointers&Division=&DraftPick=&DraftYear=&GameSegment=&Height=&ISTRound=&LastNGames=0&LeagueID=10&Location=&Month=0&OpponentTeamID=0&Outcome=&PORound=0&PerMode=Totals&Period=0&PlayerExperience=&PlayerPosition=&Season=2017&SeasonSegment=&SeasonType=Playoffs&StarterBench=&TeamID=0&VsConference=&VsDivision=&Weight=,EMPTY,0,14,,
defend_2pt,https://stats.nba.com/stats/leaguedashptdefend?College=&Conference=&Country=&DateFrom=&DateTo=&DefenseCategory=2%20Pointers&Division=&DraftPick=&DraftYear=&GameSegment=&Height=&ISTRound=&LastNGames=0&LeagueID=10&Location=&Month=0&OpponentTeamID=0&Outcome=&PORound=0&PerMode=Totals&Period=0&PlayerExperience=&PlayerPosition=&Season=2017&SeasonSegment=&SeasonType=Playoffs&StarterBench=&TeamID=0&VsConference=&VsDivision=&Weight=,EMPTY,0,14,,
defend_lt_6ft_v2,https://stats.nba.com/stats/leaguedashptdefend?College=&Conference=&Country=&DateFrom=&DateTo=&DefenseCategory=Less%20Than%206Ft&Division=&DraftPick=&DraftYear=&GameSegment=&Height=&ISTRound=&LastNGames=0&LeagueID=10&Location=&Month=0&OpponentTeamID=0&Outcome=&PORound=0&PerMode=Totals&Period=0&PlayerExperience=&PlayerPosition=&Season=2017&SeasonSegment=&SeasonType=Playoffs&StarterBench=&TeamID=0&VsConference=&VsDivision=&Weight=,EMPTY,0,14,,
defend_lt_10ft,https://stats.nba.com/stats/leaguedashptdefend?College=&Conference=&Country=&DateFrom=&DateTo=&DefenseCategory=Less%20Than%2010Ft&Division=&DraftPick=&DraftYear=&GameSegment=&Height=&ISTRound=&LastNGames=0&LeagueID=10&Location=&Month=0&OpponentTeamID=0&Outcome=&PORound=0&PerMode=Totals&Period=0&PlayerExperience=&PlayerPosition=&Season=2017&SeasonSegment=&SeasonType=Playoffs&StarterBench=&TeamID=0&VsConference=&VsDivision=&Weight=,EMPTY,0,14,,
defend_gt_15ft,https://stats.nba.com/stats/leaguedashptdefend?College=&Conference=&Country=&DateFrom=&DateTo=&DefenseCategory=Greater%20Than%2015Ft&Division=&DraftPick=&DraftYear=&GameSegment=&Height=&ISTRound=&LastNGames=0&LeagueID=10&Location=&Month=0&OpponentTeamID=0&Outcome=&PORound=0&PerMode=Totals&Period=0&PlayerExperience=&PlayerPosition=&Season=2017&SeasonSegment=&SeasonType=Playoffs&StarterBench=&TeamID=0&VsConference=&VsDivision=&Weight=,EMPTY,0,14,,
bio_stats,https://stats.nba.com/stats/leaguedashplayerbiostats?College=&Conference=&Country=&DateFrom=&DateTo=&Division=&DraftPick=&DraftYear=&GameScope=&GameSegment=&Height=&ISTRound=&LastNGames=0&LeagueID=10&Location=&Month=0&OpponentTeamID=0&Outcome=&PORound=0&PerMode=PerGame&Period=0&PlayerExperience=&PlayerPosition=&Season=2017&SeasonSegment=&SeasonType=Playoffs&ShotClockRange=&StarterBench=&TeamID=0&VsConference=&VsDivision=&Weight=,OK,86,23,,
base_stats,https://stats.nba.com/stats/leaguedashplayerstats?College=&Conference=&Country=&DateFrom=&DateTo=&Division=&DraftPick=&DraftYear=&GameScope=&GameSegment=&Height=&ISTRound=&LastNGames=0&LeagueID=10&Location=&MeasureType=Base&Month=0&OpponentTeamID=0&Outcome=&PORound=&PaceAdjust=N&PerMode=Totals&Period=0&PlayerExperience=&PlayerPosition=&PlusMinus=N&Rank=N&Season=2018&SeasonSegment=&SeasonType=Playoffs&ShotClockRange=&StarterBench=&TeamID=0&VsConference=&VsDivision=&Weight=,PARTIAL_NULL,81,67,TD3,
advanced_stats,https://stats.nba.com/stats/leaguedashplayerstats?College=&Conference=&Country=&DateFrom=&DateTo=&Division=&DraftPick=&DraftYear=&GameScope=&GameSegment=&Height=&ISTRound=&LastNGames=0&LeagueID=10&Location=&MeasureType=Advanced&Month=0&OpponentTeamID=0&Outcome=&PORound=&PaceAdjust=N&PerMode=Totals&Period=0&PlayerExperience=&PlayerPosition=&PlusMinus=N&Rank=N&Season=2018&SeasonSegment=&SeasonType=Playoffs&ShotClockRange=&StarterBench=&TeamID=0&VsConference=&VsDivision=&Weight=,OK,81,79,,
team_advanced_poss,https://stats.nba.com/stats/leaguedashteamstats?College=&Conference=&Country=&DateFrom=&DateTo=&Division=&DraftPick=&DraftYear=&GameScope=&GameSegment=&Height=&ISTRound=&LastNGames=0&LeagueID=10&Location=&MeasureType=Advanced&Month=0&OpponentTeamID=0&Outcome=&PORound=&PaceAdjust=N&PerMode=Totals&Period=0&PlayerExperience=&PlayerPosition=&PlusMinus=N&Rank=N&Season=2018&SeasonSegment=&SeasonType=Playoffs&ShotClockRange=&StarterBench=&TeamID=0&VsConference=&VsDivision=&Weight=,OK,8,46,,
defend_overall,https://stats.nba.com/stats/leaguedashptdefend?College=&Conference=&Country=&DateFrom=&DateTo=&DefenseCategory=Overall&Division=&DraftPick=&DraftYear=&GameSegment=&Height=&ISTRound=&LastNGames=0&LeagueID=10&Location=&Month=0&OpponentTeamID=0&Outcome=&PORound=0&PerMode=Totals&Period=0&PlayerExperience=&PlayerPosition=&Season=2018&SeasonSegment=&SeasonType=Playoffs&StarterBench=&TeamID=0&VsConference=&VsDivision=&Weight=,EMPTY,0,14,,
defend_3pt,https://stats.nba.com/stats/leaguedashptdefend?College=&Conference=&Country=&DateFrom=&DateTo=&DefenseCategory=3%20Pointers&Division=&DraftPick=&DraftYear=&GameSegment=&Height=&ISTRound=&LastNGames=0&LeagueID=10&Location=&Month=0&OpponentTeamID=0&Outcome=&PORound=0&PerMode=Totals&Period=0&PlayerExperience=&PlayerPosition=&Season=2018&SeasonSegment=&SeasonType=Playoffs&StarterBench=&TeamID=0&VsConference=&VsDivision=&Weight=,EMPTY,0,14,,
defend_2pt,https://stats.nba.com/stats/leaguedashptdefend?College=&Conference=&Country=&DateFrom=&DateTo=&DefenseCategory=2%20Pointers&Division=&DraftPick=&DraftYear=&GameSegment=&Height=&ISTRound=&LastNGames=0&LeagueID=10&Location=&Month=0&OpponentTeamID=0&Outcome=&PORound=0&PerMode=Totals&Period=0&PlayerExperience=&PlayerPosition=&Season=2018&SeasonSegment=&SeasonType=Playoffs&StarterBench=&TeamID=0&VsConference=&VsDivision=&Weight=,EMPTY,0,14,,
defend_lt_6ft_v2,https://stats.nba.com/stats/leaguedashptdefend?College=&Conference=&Country=&DateFrom=&DateTo=&DefenseCategory=Less%20Than%206Ft&Division=&DraftPick=&DraftYear=&GameSegment=&Height=&ISTRound=&LastNGames=0&LeagueID=10&Location=&Month=0&OpponentTeamID=0&Outcome=&PORound=0&PerMode=Totals&Period=0&PlayerExperience=&PlayerPosition=&Season=2018&SeasonSegment=&SeasonType=Playoffs&StarterBench=&TeamID=0&VsConference=&VsDivision=&Weight=,EMPTY,0,14,,
defend_lt_10ft,https://stats.nba.com/stats/leaguedashptdefend?College=&Conference=&Country=&DateFrom=&DateTo=&DefenseCategory=Less%20Than%2010Ft&Division=&DraftPick=&DraftYear=&GameSegment=&Height=&ISTRound=&LastNGames=0&LeagueID=10&Location=&Month=0&OpponentTeamID=0&Outcome=&PORound=0&PerMode=Totals&Period=0&PlayerExperience=&PlayerPosition=&Season=2018&SeasonSegment=&SeasonType=Playoffs&StarterBench=&TeamID=0&VsConference=&VsDivision=&Weight=,EMPTY,0,14,,
defend_gt_15ft,https://stats.nba.com/stats/leaguedashptdefend?College=&Conference=&Country=&DateFrom=&DateTo=&DefenseCategory=Greater%20Than%2015Ft&Division=&DraftPick=&DraftYear=&GameSegment=&Height=&ISTRound=&LastNGames=0&LeagueID=10&Location=&Month=0&OpponentTeamID=0&Outcome=&PORound=0&PerMode=Totals&Period=0&PlayerExperience=&PlayerPosition=&Season=2018&SeasonSegment=&SeasonType=Playoffs&StarterBench=&TeamID=0&VsConference=&VsDivision=&Weight=,EMPTY,0,14,,
bio_stats,https://stats.nba.com/stats/leaguedashplayerbiostats?College=&Conference=&Country=&DateFrom=&DateTo=&Division=&DraftPick=&DraftYear=&GameScope=&GameSegment=&Height=&ISTRound=&LastNGames=0&LeagueID=10&Location=&Month=0&OpponentTeamID=0&Outcome=&PORound=0&PerMode=PerGame&Period=0&PlayerExperience=&PlayerPosition=&Season=2018&SeasonSegment=&SeasonType=Playoffs&ShotClockRange=&StarterBench=&TeamID=0&VsConference=&VsDivision=&Weight=,OK,81,23,,
